feedback_id,atendimento_id,data_feedback,socorrista_id,nps_score,feedback_texto,tipo_problema
FB001,AT0001,15/05/2026,SOC001,9,Atendimento rápido e equipe bem preparada.,Nenhum problema
FB002,AT0002,15/01/2026,SOC002,8,Comunicação eficiente durante a ocorrência.,Nenhum problema
FB003,AT0003,25/07/2026,SOC003,10,Equipe ágil e excelente suporte hospitalar.,Nenhum problema
FB004,AT0004,04/03/2026,SOC004,6,Houve pequena demora para localizar o hospital.,Demora no atendimento
FB005,AT0005,27/05/2026,SOC005,9,Procedimento realizado de forma segura.,Nenhum problema
FB006,AT0006,20/02/2026,SOC006,7,Atendimento adequado apesar da espera.,Demora no atendimento
FB007,AT0007,13/08/2026,SOC007,10,Resposta rápida e comunicação clara.,Nenhum problema
FB008,AT0008,16/05/2026,SOC008,5,Faltou equipamento durante o atendimento.,Falta de equipamento
FB009,AT0009,14/06/2026,SOC009,8,Equipe preparada para situação crítica.,Nenhum problema
FB010,AT0010,29/04/2026,SOC010,9,Encaminhamento hospitalar foi eficiente.,Nenhum problema
FB011,AT0011,22/08/2026,SOC011,3,Ocorrência apresentou atraso significativo.,Demora no atendimento
FB012,AT0012,28/07/2026,SOC012,9,Boa integração entre as equipes.,Nenhum problema
FB013,AT0013,27/07/2026,SOC013,8,Atendimento organizado e seguro.,Nenhum problema
FB014,AT0014,15/08/2026,SOC014,4,Houve dificuldade de comunicação com o hospital.,Falha de comunicação
FB015,AT0015,29/05/2026,SOC015,10,Equipe demonstrou excelente preparo.,Nenhum problema
FB016,AT0016,11/06/2026,SOC016,7,Atendimento ocorreu sem complicações.,Nenhum problema
FB017,AT0017,28/05/2026,SOC017,9,Tempo de resposta foi satisfatório.,Nenhum problema
FB018,AT0018,13/02/2026,SOC018,2,Paciente não resistiu aos ferimentos.,Morte acidental
FB019,AT0019,09/07/2026,SOC019,8,Suporte adequado durante todo o atendimento.,Nenhum problema
FB020,AT0020,22/07/2026,SOC020,6,Demora para liberar leito hospitalar.,Demora no atendimento
FB021,AT0021,28/04/2026,SOC021,9,Equipe atuou rapidamente no local.,Nenhum problema
FB022,AT0022,21/04/2026,SOC022,8,Comunicação entre socorristas foi boa.,Nenhum problema
FB023,AT0023,13/03/2026,SOC023,5,Equipamento necessário não estava disponível.,Falta de equipamento
FB024,AT0024,07/03/2026,SOC024,10,Atendimento excelente do início ao fim.,Nenhum problema
FB025,AT0025,22/06/2026,SOC025,7,Houve espera moderada no hospital.,Demora no atendimento
FB026,AT0026,17/04/2026,SOC026,9,Equipe demonstrou grande eficiência.,Nenhum problema
FB027,AT0027,28/04/2026,SOC027,4,Informações do chamado estavam incompletas.,Falha de comunicação
FB028,AT0028,19/05/2026,SOC028,8,Procedimento ocorreu conforme planejado.,Nenhum problema
FB029,AT0029,02/06/2026,SOC029,1,Paciente sofreu morte acidental no local.,Morte acidental
FB030,AT0030,24/02/2026,SOC030,9,Atendimento rápido e organizado.,Nenhum problema
FB031,AT0031,18/02/2026,SOC031,8,Equipe chegou dentro do tempo esperado.,Nenhum problema
FB032,AT0032,20/07/2026,SOC032,6,Deslocamento apresentou atraso.,Demora no atendimento
FB033,AT0033,21/08/2026,SOC033,10,Excelente coordenação da ocorrência.,Nenhum problema
FB034,AT0034,25/02/2026,SOC034,7,Atendimento foi adequado ao caso.,Nenhum problema
FB035,AT0035,07/06/2026,SOC035,5,Houve problema com equipamento médico.,Falta de equipamento
FB036,AT0036,16/05/2026,SOC036,9,Boa resposta da equipe de emergência.,Nenhum problema
FB037,AT0037,03/06/2026,SOC037,8,Encaminhamento ocorreu sem dificuldades.,Nenhum problema
FB038,AT0038,18/02/2026,SOC038,3,Comunicação com a central foi prejudicada.,Falha de comunicação
FB039,AT0039,07/04/2026,SOC039,10,Equipe muito eficiente durante a ocorrência.,Nenhum problema
FB040,AT0040,18/08/2026,SOC040,7,Pequena espera na entrada hospitalar.,Demora no atendimento
FB041,AT0041,23/08/2026,SOC041,9,Atendimento realizado com segurança.,Nenhum problema
FB042,AT0042,01/02/2026,SOC042,6,Faltaram informações sobre o paciente.,Falha de comunicação
FB043,AT0043,08/06/2026,SOC043,8,Boa atuação em situação de emergência.,Nenhum problema
FB044,AT0044,08/07/2026,SOC044,2,Paciente não resistiu ao trauma.,Morte acidental
FB045,AT0045,16/06/2026,SOC045,9,Equipe conseguiu estabilizar o paciente.,Nenhum problema
FB046,AT0046,18/06/2026,SOC046,8,Resposta rápida ao chamado.,Nenhum problema
FB047,AT0047,02/07/2026,SOC047,5,A ambulância apresentou falta de material.,Falta de equipamento
FB048,AT0048,16/06/2026,SOC048,10,Excelente atendimento e suporte.,Nenhum problema
FB049,AT0049,08/04/2026,SOC049,7,Tempo de chegada poderia ser menor.,Demora no atendimento
FB050,AT0050,29/07/2026,SOC050,9,Equipe demonstrou ótimo preparo.,Nenhum problema
FB051,AT0051,12/06/2026,SOC051,8,Atendimento organizado e tranquilo.,Nenhum problema
FB052,AT0052,07/08/2026,SOC052,4,Houve ruído na comunicação com o hospital.,Falha de comunicação
FB053,AT0053,04/04/2026,SOC053,9,Equipe chegou rapidamente ao local.,Nenhum problema
FB054,AT0054,18/02/2026,SOC054,6,Espera hospitalar acima do esperado.,Demora no atendimento
FB055,AT0055,28/08/2026,SOC055,10,Excelente resposta em caso grave.,Nenhum problema
FB056,AT0056,27/08/2026,SOC056,7,Atendimento ocorreu conforme protocolo.,Nenhum problema
FB057,AT0057,19/02/2026,SOC057,3,Houve atraso na chegada da equipe.,Demora no atendimento
FB058,AT0058,12/08/2026,SOC058,8,Boa comunicação durante o transporte.,Nenhum problema
FB059,AT0059,20/01/2026,SOC059,1,Paciente faleceu após acidente grave.,Morte acidental
FB060,AT0060,15/08/2026,SOC060,9,Equipe conseguiu agir rapidamente.,Nenhum problema
FB061,AT0061,27/06/2026,SOC061,8,Atendimento satisfatório e seguro.,Nenhum problema
FB062,AT0062,23/02/2026,SOC062,6,Houve demora para receber o paciente.,Demora no atendimento
FB063,AT0063,06/04/2026,SOC063,10,Excelente coordenação da equipe.,Nenhum problema
FB064,AT0064,02/04/2026,SOC064,5,Material necessário estava indisponível.,Falta de equipamento
FB065,AT0065,21/08/2026,SOC065,9,Paciente encaminhado rapidamente.,Nenhum problema
FB066,AT0066,06/04/2026,SOC066,7,Atendimento adequado ao quadro clínico.,Nenhum problema
FB067,AT0067,02/03/2026,SOC067,8,Boa comunicação com a central.,Nenhum problema
FB068,AT0068,01/02/2026,SOC068,4,Informações do hospital demoraram a chegar.,Falha de comunicação
FB069,AT0069,19/02/2026,SOC069,9,Equipe muito bem preparada.,Nenhum problema
FB070,AT0070,09/06/2026,SOC070,6,Transporte demorou mais que o esperado.,Demora no atendimento
FB071,AT0071,04/02/2026,SOC071,10,Atendimento excelente e rápido.,Nenhum problema
FB072,AT0072,16/05/2026,SOC072,8,Boa atuação durante o resgate.,Nenhum problema
FB073,AT0073,14/02/2026,SOC073,5,Faltou um equipamento específico.,Falta de equipamento
FB074,AT0074,17/02/2026,SOC074,9,Ocorrência resolvida com eficiência.,Nenhum problema
FB075,AT0075,20/05/2026,SOC075,2,Paciente faleceu devido aos ferimentos.,Morte acidental
FB076,AT0076,20/02/2026,SOC076,7,Equipe prestou atendimento adequado.,Nenhum problema
FB077,AT0077,12/02/2026,SOC077,9,Resposta rápida ao chamado.,Nenhum problema
FB078,AT0078,31/01/2026,SOC078,6,Houve espera para liberação do leito.,Demora no atendimento
FB079,AT0079,09/06/2026,SOC079,8,Boa integração entre socorristas.,Nenhum problema
FB080,AT0080,28/02/2026,SOC080,10,Atendimento muito eficiente.,Nenhum problema
FB081,AT0081,29/07/2026,SOC081,4,Central passou informação incorreta.,Falha de comunicação
FB082,AT0082,11/01/2026,SOC082,9,Equipe atuou com rapidez.,Nenhum problema
FB083,AT0083,29/05/2026,SOC083,8,Transporte ocorreu normalmente.,Nenhum problema
FB084,AT0084,21/07/2026,SOC084,3,Atraso prejudicou o atendimento inicial.,Demora no atendimento
FB085,AT0085,23/05/2026,SOC085,10,Excelente atendimento da equipe.,Nenhum problema
FB086,AT0086,14/03/2026,SOC086,7,Atendimento ocorreu sem intercorrências.,Nenhum problema
FB087,AT0087,04/07/2026,SOC087,5,Faltaram alguns materiais básicos.,Falta de equipamento
FB088,AT0088,09/05/2026,SOC088,9,Equipe demonstrou profissionalismo.,Nenhum problema
FB089,AT0089,23/03/2026,SOC089,1,Paciente faleceu antes do transporte.,Morte acidental
FB090,AT0090,25/03/2026,SOC090,8,Boa resposta no atendimento.,Nenhum problema
FB091,AT0091,02/06/2026,SOC091,9,Atendimento rápido e eficiente.,Nenhum problema
FB092,AT0092,09/04/2026,SOC092,6,Houve atraso no recebimento hospitalar.,Demora no atendimento
FB093,AT0093,14/05/2026,SOC093,8,Comunicação clara durante a ocorrência.,Nenhum problema
FB094,AT0094,29/03/2026,SOC094,4,Contato com a central foi instável.,Falha de comunicação
FB095,AT0095,01/07/2026,SOC095,10,Excelente trabalho da equipe.,Nenhum problema
FB096,AT0096,06/05/2026,SOC096,7,Atendimento dentro do esperado.,Nenhum problema
FB097,AT0097,22/06/2026,SOC097,5,Equipamento apresentou problema durante o atendimento.,Falta de equipamento
FB098,AT0098,05/08/2026,SOC098,9,Paciente recebeu suporte adequado.,Nenhum problema
FB099,AT0099,21/01/2026,SOC099,2,Ocorrência terminou com morte acidental.,Morte acidental
FB100,AT0100,15/04/2026,SOC100,8,Boa condução do atendimento.,Nenhum problema
FB101,AT0101,17/01/2026,SOC101,10,Equipe chegou rapidamente ao local.,Nenhum problema
FB102,AT0102,06/08/2026,SOC102,7,Houve pequena demora no deslocamento.,Demora no atendimento
FB103,AT0103,14/02/2026,SOC103,9,Excelente comunicação entre as equipes.,Nenhum problema
FB104,AT0104,04/04/2026,SOC104,6,Atendimento poderia ter sido mais rápido.,Demora no atendimento
FB105,AT0105,14/08/2026,SOC105,8,Procedimentos realizados corretamente.,Nenhum problema
FB106,AT0106,05/04/2026,SOC106,5,Faltou material para imobilização.,Falta de equipamento
FB107,AT0107,21/04/2026,SOC107,9,Equipe muito preparada.,Nenhum problema
FB108,AT0108,15/06/2026,SOC108,3,Houve falha no repasse de informações.,Falha de comunicação
FB109,AT0109,07/06/2026,SOC109,10,Atendimento excelente.,Nenhum problema
FB110,AT0110,30/04/2026,SOC110,8,Transporte realizado sem problemas.,Nenhum problema
FB111,AT0111,03/04/2026,SOC111,6,Hospital demorou para receber o paciente.,Demora no atendimento
FB112,AT0112,03/06/2026,SOC112,9,Boa atuação durante toda a ocorrência.,Nenhum problema
FB113,AT0113,01/02/2026,SOC113,7,Equipe conseguiu controlar a situação.,Nenhum problema
FB114,AT0114,21/08/2026,SOC114,1,Paciente sofreu morte acidental.,Morte acidental
FB115,AT0115,22/05/2026,SOC115,10,Resposta muito rápida e eficiente.,Nenhum problema
FB116,AT0116,12/06/2026,SOC116,8,Atendimento bem coordenado.,Nenhum problema
FB117,AT0117,06/07/2026,SOC117,5,Houve falta de equipamento no veículo.,Falta de equipamento
FB118,AT0118,02/07/2026,SOC118,9,Boa comunicação durante o transporte.,Nenhum problema
FB119,AT0119,24/07/2026,SOC119,4,Informações chegaram com atraso.,Falha de comunicação
FB120,AT0120,15/01/2026,SOC120,7,Atendimento satisfatório.,Nenhum problema
FB121,AT0121,29/03/2026,SOC121,9,Equipe realizou ótimo atendimento.,Nenhum problema
FB122,AT0122,08/08/2026,SOC122,8,Ocorrência resolvida rapidamente.,Nenhum problema
FB123,AT0123,24/08/2026,SOC123,6,Tempo de espera hospitalar elevado.,Demora no atendimento
FB124,AT0124,12/04/2026,SOC124,10,Excelente suporte durante o caso.,Nenhum problema
FB125,AT0125,02/07/2026,SOC125,3,Houve falha na comunicação com a central.,Falha de comunicação
FB126,AT0126,25/02/2026,SOC126,9,Equipe bem preparada para o atendimento.,Nenhum problema
FB127,AT0127,28/08/2026,SOC127,7,Atendimento ocorreu normalmente.,Nenhum problema
FB128,AT0128,22/07/2026,SOC128,2,Paciente não resistiu ao acidente.,Morte acidental
FB129,AT0129,22/08/2026,SOC129,8,Boa resposta da equipe.,Nenhum problema
FB130,AT0130,21/06/2026,SOC130,5,Equipamento necessário estava indisponível.,Falta de equipamento
FB131,AT0131,20/06/2026,SOC131,10,Atendimento rápido e preciso.,Nenhum problema
FB132,AT0132,15/05/2026,SOC132,6,Houve atraso no deslocamento.,Demora no atendimento
FB133,AT0133,30/03/2026,SOC133,9,Boa integração com o hospital.,Nenhum problema
FB134,AT0134,16/07/2026,SOC134,8,Equipe manteve boa comunicação.,Nenhum problema
FB135,AT0135,05/04/2026,SOC135,4,Chamado apresentou informações insuficientes.,Falha de comunicação
FB136,AT0136,26/04/2026,SOC136,9,Atendimento eficiente e seguro.,Nenhum problema
FB137,AT0137,24/01/2026,SOC137,7,Procedimento realizado adequadamente.,Nenhum problema
FB138,AT0138,14/07/2026,SOC138,1,Paciente faleceu no local da ocorrência.,Morte acidental
FB139,AT0139,02/02/2026,SOC139,8,Equipe chegou dentro do prazo.,Nenhum problema
FB140,AT0140,07/02/2026,SOC140,5,Faltaram materiais durante o atendimento.,Falta de equipamento
FB141,AT0141,11/03/2026,SOC141,10,Excelente atuação dos socorristas.,Nenhum problema
FB142,AT0142,29/05/2026,SOC142,8,Atendimento ocorreu sem dificuldades.,Nenhum problema
FB143,AT0143,19/03/2026,SOC143,6,Houve espera para atendimento hospitalar.,Demora no atendimento
FB144,AT0144,02/01/2026,SOC144,9,Comunicação eficiente com a central.,Nenhum problema
FB145,AT0145,11/04/2026,SOC145,3,Informações do hospital estavam desencontradas.,Falha de comunicação
FB146,AT0146,17/08/2026,SOC146,7,Equipe prestou suporte adequado.,Nenhum problema
FB147,AT0147,07/07/2026,SOC147,9,Resposta rápida e organizada.,Nenhum problema
FB148,AT0148,16/01/2026,SOC148,2,Morte decorrente de acidente grave.,Morte acidental
FB149,AT0149,02/03/2026,SOC149,8,Transporte realizado corretamente.,Nenhum problema
FB150,AT0150,30/06/2026,SOC150,5,Faltou equipamento de suporte.,Falta de equipamento
FB151,AT0151,07/03/2026,SOC151,9,Equipe demonstrou excelente preparo.,Nenhum problema
FB152,AT0152,07/01/2026,SOC152,7,Atendimento foi satisfatório.,Nenhum problema
FB153,AT0153,16/03/2026,SOC153,6,Tempo de resposta poderia melhorar.,Demora no atendimento
FB154,AT0154,20/02/2026,SOC154,10,Excelente coordenação da ocorrência.,Nenhum problema
FB155,AT0155,05/05/2026,SOC155,4,Houve dificuldade para contato com o hospital.,Falha de comunicação
FB156,AT0156,06/07/2026,SOC156,8,Atendimento seguro e organizado.,Nenhum problema
FB157,AT0157,17/02/2026,SOC157,9,Equipe respondeu rapidamente.,Nenhum problema
FB158,AT0158,28/01/2026,SOC158,5,Faltou material médico durante a ocorrência.,Falta de equipamento
FB159,AT0159,22/04/2026,SOC159,2,Paciente morreu após acidente grave.,Morte acidental
FB160,AT0160,16/08/2026,SOC160,7,Atendimento dentro do esperado.,Nenhum problema
FB161,AT0161,07/06/2026,SOC161,10,Equipe muito eficiente no atendimento.,Nenhum problema
FB162,AT0162,11/06/2026,SOC162,8,Boa comunicação durante o transporte.,Nenhum problema
FB163,AT0163,26/08/2026,SOC163,6,Houve demora para chegada ao hospital.,Demora no atendimento
FB164,AT0164,15/01/2026,SOC164,9,Paciente recebeu atendimento adequado.,Nenhum problema
FB165,AT0165,04/02/2026,SOC165,4,Falha no repasse de informações.,Falha de comunicação
FB166,AT0166,15/04/2026,SOC166,8,Equipe atuou de forma profissional.,Nenhum problema
FB167,AT0167,25/01/2026,SOC167,7,Ocorrência conduzida corretamente.,Nenhum problema
FB168,AT0168,06/06/2026,SOC168,1,Paciente não resistiu aos ferimentos.,Morte acidental
FB169,AT0169,25/07/2026,SOC169,9,Resposta rápida ao chamado.,Nenhum problema
FB170,AT0170,21/06/2026,SOC170,5,Equipamento apresentou indisponibilidade.,Falta de equipamento
FB171,AT0171,16/06/2026,SOC171,10,Atendimento excelente e organizado.,Nenhum problema
FB172,AT0172,06/04/2026,SOC172,8,Equipe chegou rapidamente.,Nenhum problema
FB173,AT0173,19/07/2026,SOC173,6,Tempo de espera hospitalar elevado.,Demora no atendimento
FB174,AT0174,10/07/2026,SOC174,9,Boa comunicação entre as equipes.,Nenhum problema
FB175,AT0175,14/07/2026,SOC175,3,Informação incorreta dificultou o atendimento.,Falha de comunicação
FB176,AT0176,23/08/2026,SOC176,7,Atendimento adequado ao caso.,Nenhum problema
FB177,AT0177,16/05/2026,SOC177,9,Equipe preparada para emergência.,Nenhum problema
FB178,AT0178,06/01/2026,SOC178,2,Paciente faleceu durante a ocorrência.,Morte acidental
FB179,AT0179,19/04/2026,SOC179,8,Boa atuação dos socorristas.,Nenhum problema
FB180,AT0180,29/06/2026,SOC180,5,Faltou equipamento para atendimento.,Falta de equipamento
FB181,AT0181,20/07/2026,SOC181,9,Atendimento rápido e seguro.,Nenhum problema
FB182,AT0182,28/03/2026,SOC182,6,Houve atraso no deslocamento.,Demora no atendimento
FB183,AT0183,06/07/2026,SOC183,10,Excelente resposta da equipe.,Nenhum problema
FB184,AT0184,29/08/2026,SOC184,8,Procedimento realizado corretamente.,Nenhum problema
FB185,AT0185,29/04/2026,SOC185,4,Comunicação com a central apresentou falhas.,Falha de comunicação
FB186,AT0186,26/01/2026,SOC186,9,Equipe realizou ótimo atendimento.,Nenhum problema
FB187,AT0187,27/05/2026,SOC187,7,Atendimento satisfatório.,Nenhum problema
FB188,AT0188,09/07/2026,SOC188,1,Morte acidental após trauma grave.,Morte acidental
FB189,AT0189,26/04/2026,SOC189,8,Transporte realizado sem intercorrências.,Nenhum problema
FB190,AT0190,02/08/2026,SOC190,5,Material necessário não estava disponível.,Falta de equipamento
FB191,AT0191,12/01/2026,SOC191,10,Equipe demonstrou excelente preparo.,Nenhum problema
FB192,AT0192,18/02/2026,SOC192,9,Atendimento muito eficiente.,Nenhum problema
FB193,AT0193,13/02/2026,SOC193,6,Hospital demorou para receber o paciente.,Demora no atendimento
FB194,AT0194,08/01/2026,SOC194,8,Boa coordenação da ocorrência.,Nenhum problema
FB195,AT0195,24/07/2026,SOC195,3,Houve falha no contato com o hospital.,Falha de comunicação
FB196,AT0196,25/01/2026,SOC196,7,Equipe conseguiu controlar a situação.,Nenhum problema
FB197,AT0197,10/03/2026,SOC197,9,Resposta rápida ao chamado.,Nenhum problema
FB198,AT0198,01/08/2026,SOC198,2,Paciente morreu antes do transporte.,Morte acidental
FB199,AT0199,20/05/2026,SOC199,8,Atendimento realizado corretamente.,Nenhum problema
FB200,AT0200,13/06/2026,SOC200,5,Falta de material prejudicou o atendimento.,Falta de equipamento
FB201,AT0201,31/01/2026,SOC201,10,Excelente atuação da equipe.,Nenhum problema
FB202,AT0202,28/01/2026,SOC202,7,Atendimento ocorreu normalmente.,Nenhum problema
FB203,AT0203,16/04/2026,SOC203,6,Tempo de resposta foi elevado.,Demora no atendimento
FB204,AT0204,09/06/2026,SOC204,9,Boa comunicação durante o caso.,Nenhum problema
FB205,AT0205,12/02/2026,SOC205,4,Informações do chamado estavam incompletas.,Falha de comunicação
FB206,AT0206,03/04/2026,SOC206,8,Equipe bem preparada.,Nenhum problema
FB207,AT0207,04/06/2026,SOC207,9,Atendimento rápido e seguro.,Nenhum problema
FB208,AT0208,10/06/2026,SOC208,1,Paciente não resistiu ao acidente.,Morte acidental
FB209,AT0209,12/04/2026,SOC209,7,Atendimento dentro do esperado.,Nenhum problema
FB210,AT0210,31/07/2026,SOC210,5,Equipamento apresentou falha.,Falta de equipamento
FB211,AT0211,07/05/2026,SOC211,9,Excelente resposta ao chamado.,Nenhum problema
FB212,AT0212,03/06/2026,SOC212,8,Equipe atuou com segurança.,Nenhum problema
FB213,AT0213,07/07/2026,SOC213,6,Houve espera no hospital.,Demora no atendimento
FB214,AT0214,27/05/2026,SOC214,10,Atendimento excelente.,Nenhum problema
FB215,AT0215,15/01/2026,SOC215,3,Comunicação entre equipes foi prejudicada.,Falha de comunicação
FB216,AT0216,27/07/2026,SOC216,7,Procedimento realizado adequadamente.,Nenhum problema
FB217,AT0217,21/07/2026,SOC217,9,Equipe demonstrou profissionalismo.,Nenhum problema
FB218,AT0218,01/04/2026,SOC218,2,Morte decorrente de acidente grave.,Morte acidental
FB219,AT0219,24/07/2026,SOC219,8,Paciente recebeu suporte adequado.,Nenhum problema
FB220,AT0220,26/07/2026,SOC220,5,Faltou material durante o atendimento.,Falta de equipamento
FB221,AT0221,26/05/2026,SOC221,10,Equipe chegou rapidamente ao local.,Nenhum problema
FB222,AT0222,05/06/2026,SOC222,8,Atendimento organizado.,Nenhum problema
FB223,AT0223,02/07/2026,SOC223,6,Deslocamento apresentou atraso.,Demora no atendimento
FB224,AT0224,15/07/2026,SOC224,9,Boa comunicação com a central.,Nenhum problema
FB225,AT0225,22/02/2026,SOC225,4,Houve dificuldade no repasse de informações.,Falha de comunicação
FB226,AT0226,09/04/2026,SOC226,7,Atendimento satisfatório.,Nenhum problema
FB227,AT0227,21/08/2026,SOC227,9,Equipe respondeu rapidamente.,Nenhum problema
FB228,AT0228,28/08/2026,SOC228,1,Paciente faleceu no local.,Morte acidental
FB229,AT0229,22/05/2026,SOC229,8,Boa condução da ocorrência.,Nenhum problema
FB230,AT0230,16/06/2026,SOC230,5,Equipamento necessário não estava disponível.,Falta de equipamento
FB231,AT0231,16/06/2026,SOC231,10,Atendimento excelente e rápido.,Nenhum problema
FB232,AT0232,03/07/2026,SOC232,7,Equipe realizou atendimento adequado.,Nenhum problema
FB233,AT0233,12/01/2026,SOC233,6,Houve demora para liberação do leito.,Demora no atendimento
FB234,AT0234,21/05/2026,SOC234,9,Atendimento seguro e eficiente.,Nenhum problema
FB235,AT0235,27/07/2026,SOC235,3,Central forneceu informações inconsistentes.,Falha de comunicação
FB236,AT0236,10/08/2026,SOC236,8,Equipe muito preparada.,Nenhum problema
FB237,AT0237,08/08/2026,SOC237,9,Boa resposta durante a emergência.,Nenhum problema
FB238,AT0238,05/06/2026,SOC238,2,Paciente não resistiu aos ferimentos.,Morte acidental
FB239,AT0239,16/06/2026,SOC239,7,Atendimento ocorreu sem complicações.,Nenhum problema
FB240,AT0240,02/07/2026,SOC240,5,Faltaram materiais para atendimento.,Falta de equipamento
FB241,AT0241,02/07/2026,SOC241,9,Excelente atuação dos socorristas.,Nenhum problema
FB242,AT0242,15/01/2026,SOC242,8,Boa comunicação no transporte.,Nenhum problema
FB243,AT0243,08/05/2026,SOC243,6,Espera hospitalar acima do esperado.,Demora no atendimento
FB244,AT0244,17/03/2026,SOC244,10,Equipe muito eficiente.,Nenhum problema
FB245,AT0245,04/07/2026,SOC245,4,Comunicação com hospital apresentou dificuldade.,Falha de comunicação
FB246,AT0246,16/05/2026,SOC246,7,Atendimento adequado ao quadro.,Nenhum problema
FB247,AT0247,17/08/2026,SOC247,9,Resposta rápida e organizada.,Nenhum problema
FB248,AT0248,27/05/2026,SOC248,1,Morte acidental durante a ocorrência.,Morte acidental
FB249,AT0249,04/03/2026,SOC249,8,Equipe realizou bom atendimento.,Nenhum problema
FB250,AT0250,11/01/2026,SOC250,5,Houve falta de equipamento.,Falta de equipamento
FB251,AT0251,21/04/2026,SOC251,10,Excelente atendimento da equipe.,Nenhum problema
FB252,AT0252,29/01/2026,SOC252,7,Atendimento realizado conforme protocolo.,Nenhum problema
FB253,AT0253,12/04/2026,SOC253,6,Atraso na chegada ao local.,Demora no atendimento
FB254,AT0254,03/07/2026,SOC254,9,Boa integração entre as equipes.,Nenhum problema
FB255,AT0255,09/07/2026,SOC255,3,Falha no repasse de informações.,Falha de comunicação
FB256,AT0256,19/07/2026,SOC256,8,Atendimento seguro e organizado.,Nenhum problema
FB257,AT0257,30/01/2026,SOC257,9,Equipe chegou rapidamente.,Nenhum problema
FB258,AT0258,04/08/2026,SOC258,2,Paciente faleceu devido ao acidente.,Morte acidental
FB259,AT0259,06/03/2026,SOC259,7,Atendimento satisfatório.,Nenhum problema
FB260,AT0260,20/08/2026,SOC260,5,Material médico estava indisponível.,Falta de equipamento
FB261,AT0261,11/04/2026,SOC261,9,Equipe atuou com eficiência.,Nenhum problema
FB262,AT0262,11/05/2026,SOC262,8,Boa comunicação durante o atendimento.,Nenhum problema
FB263,AT0263,27/07/2026,SOC263,6,Houve demora no hospital.,Demora no atendimento
FB264,AT0264,20/08/2026,SOC264,10,Excelente trabalho da equipe.,Nenhum problema
FB265,AT0265,28/05/2026,SOC265,4,Informações do chamado estavam incompletas.,Falha de comunicação
FB266,AT0266,04/04/2026,SOC266,7,Atendimento dentro do esperado.,Nenhum problema
FB267,AT0267,07/05/2026,SOC267,9,Resposta rápida ao chamado.,Nenhum problema
FB268,AT0268,04/01/2026,SOC268,1,Paciente faleceu no local da ocorrência.,Morte acidental
FB269,AT0269,07/02/2026,SOC269,8,Boa atuação dos socorristas.,Nenhum problema
FB270,AT0270,21/06/2026,SOC270,5,Faltou equipamento durante o atendimento.,Falta de equipamento
FB271,AT0271,16/03/2026,SOC271,10,Atendimento rápido e eficiente.,Nenhum problema
FB272,AT0272,05/04/2026,SOC272,7,Equipe prestou suporte adequado.,Nenhum problema
FB273,AT0273,05/04/2026,SOC273,6,Tempo de resposta poderia melhorar.,Demora no atendimento
FB274,AT0274,03/05/2026,SOC274,9,Boa comunicação entre equipes.,Nenhum problema
FB275,AT0275,08/07/2026,SOC275,3,Houve dificuldade de comunicação.,Falha de comunicação
FB276,AT0276,18/05/2026,SOC276,8,Atendimento realizado com segurança.,Nenhum problema
FB277,AT0277,03/07/2026,SOC277,9,Equipe demonstrou bom preparo.,Nenhum problema
FB278,AT0278,19/06/2026,SOC278,2,Paciente não resistiu ao trauma.,Morte acidental
FB279,AT0279,24/01/2026,SOC279,7,Atendimento adequado ao caso.,Nenhum problema
FB280,AT0280,02/07/2026,SOC280,5,Faltaram materiais importantes.,Falta de equipamento
FB281,AT0281,10/03/2026,SOC281,10,Excelente coordenação da ocorrência.,Nenhum problema
FB282,AT0282,15/03/2026,SOC282,8,Atendimento ocorreu normalmente.,Nenhum problema
FB283,AT0283,09/02/2026,SOC283,6,Houve espera para entrada hospitalar.,Demora no atendimento
FB284,AT0284,14/03/2026,SOC284,9,Equipe atuou rapidamente.,Nenhum problema
FB285,AT0285,30/06/2026,SOC285,4,Comunicação com a central foi prejudicada.,Falha de comunicação
FB286,AT0286,24/03/2026,SOC286,7,Procedimento realizado corretamente.,Nenhum problema
FB287,AT0287,31/07/2026,SOC287,9,Atendimento eficiente.,Nenhum problema
FB288,AT0288,15/04/2026,SOC288,1,Paciente faleceu após acidente.,Morte acidental
FB289,AT0289,07/08/2026,SOC289,8,Boa resposta da equipe.,Nenhum problema
FB290,AT0290,15/07/2026,SOC290,5,Equipamento apresentou indisponibilidade.,Falta de equipamento
FB291,AT0291,17/05/2026,SOC291,10,Equipe muito bem preparada.,Nenhum problema
FB292,AT0292,13/08/2026,SOC292,7,Atendimento satisfatório.,Nenhum problema
FB293,AT0293,31/07/2026,SOC293,6,Demora no recebimento hospitalar.,Demora no atendimento
FB294,AT0294,13/03/2026,SOC294,9,Excelente comunicação durante o caso.,Nenhum problema
FB295,AT0295,18/06/2026,SOC295,3,Houve falha no contato com o hospital.,Falha de comunicação
FB296,AT0296,12/01/2026,SOC296,8,Atendimento realizado corretamente.,Nenhum problema
FB297,AT0297,11/02/2026,SOC297,9,Equipe respondeu rapidamente.,Nenhum problema
FB298,AT0298,19/02/2026,SOC298,2,Paciente sofreu morte acidental.,Morte acidental
FB299,AT0299,21/08/2026,SOC299,7,Atendimento ocorreu sem problemas.,Nenhum problema
FB300,AT0300,02/07/2026,SOC300,5,Faltou material durante a ocorrência.,Falta de equipamento
FB301,AT0319,23/01/2026,SOC132,5,Houve pequena demora para localizar o hospital.,Demora no atendimento
FB302,AT0519,11/01/2025,SOC022,5,Ambulância sem parte do material necessário.,Falta de equipamento
FB303,AT0604,08/04/2025,SOC075,9,Atendimento organizado e seguro.,Nenhum problema
FB304,AT0436,08/10/2024,SOC122,6,Houve espera moderada no hospital.,Demora no atendimento
FB305,AT0689,14/06/2025,SOC083,3,Houve dificuldade de comunicação com o hospital.,Falha de comunicação
FB306,AT0686,29/06/2025,SOC007,7,Atendimento ocorreu sem complicações.,Nenhum problema
FB307,AT0400,12/01/2026,SOC293,10,Ocorrência conduzida com muita competência.,Nenhum problema
FB308,AT0702,08/06/2025,SOC176,7,Boa integração entre as equipes.,Nenhum problema
FB309,AT0493,04/12/2024,SOC032,8,Equipe atuou rapidamente no local.,Nenhum problema
FB310,AT0791,27/09/2025,SOC068,8,Resposta rápida e comunicação clara.,Nenhum problema
FB311,AT0440,18/10/2024,SOC082,10,Equipe preparada para situação crítica.,Nenhum problema
FB312,AT0842,08/11/2025,SOC089,4,Comunicação com a central apresentou ruído.,Falha de comunicação
FB313,AT0538,05/02/2025,SOC238,4,Demora para liberar leito hospitalar.,Demora no atendimento
FB314,AT0648,05/05/2025,SOC055,9,Comunicação entre socorristas foi boa.,Nenhum problema
FB315,AT0742,21/07/2025,SOC269,6,Atendimento adequado apesar da espera.,Demora no atendimento
FB316,AT0620,30/04/2025,SOC040,10,Ótima triagem e encaminhamento adequado.,Nenhum problema
FB317,AT0414,28/09/2024,SOC173,7,Tempo de deslocamento acima do esperado.,Demora no atendimento
FB318,AT0984,06/08/2026,SOC103,9,Equipe preparada para situação crítica.,Nenhum problema
FB319,AT0253,17/04/2026,SOC213,9,Atendimento excelente do início ao fim.,Nenhum problema
FB320,AT0467,07/11/2024,SOC117,5,Falha no repasse de dados entre equipes.,Falha de comunicação
FB321,AT0644,21/05/2025,SOC119,1,Paciente sofreu morte acidental no local.,Morte acidental
FB322,AT0076,23/02/2026,SOC136,10,Equipe demonstrou excelente preparo.,Nenhum problema
FB323,AT0333,20/03/2026,SOC264,5,Ambulância sem parte do material necessário.,Falta de equipamento
FB324,AT0842,09/11/2025,SOC189,3,Demora para liberar leito hospitalar.,Demora no atendimento
FB325,AT0830,14/11/2025,SOC167,2,Comunicação com a central apresentou ruído.,Falha de comunicação
FB326,AT0714,29/07/2025,SOC158,10,Atendimento excelente do início ao fim.,Nenhum problema
FB327,AT0923,04/05/2026,SOC183,4,Tempo de deslocamento acima do esperado.,Demora no atendimento
FB328,AT0807,14/10/2025,SOC152,9,Equipe preparada para situação crítica.,Nenhum problema
FB329,AT0447,16/11/2024,SOC139,3,Houve dificuldade de comunicação com o hospital.,Falha de comunicação
FB330,AT0720,10/07/2025,SOC077,8,Paciente estabilizado rapidamente pela equipe.,Nenhum problema
FB331,AT0479,11/12/2024,SOC261,10,Equipe ágil e excelente suporte hospitalar.,Nenhum problema
FB332,AT0803,09/10/2025,SOC050,2,Paciente sofreu morte acidental no local.,Morte acidental
FB333,AT0514,20/01/2025,SOC171,6,Ambulância sem parte do material necessário.,Falta de equipamento
FB334,AT0332,27/04/2026,SOC135,6,Houve espera moderada no hospital.,Demora no atendimento
FB335,AT0903,05/02/2026,SOC007,9,Procedimento ocorreu conforme planejado.,Nenhum problema
FB336,AT0756,08/08/2025,SOC272,9,Procedimento ocorreu conforme planejado.,Nenhum problema
FB337,AT0799,02/10/2025,SOC296,4,Falta de insumo básico dificultou o procedimento.,Falta de equipamento
FB338,AT0653,02/06/2025,SOC048,2,Paciente não resistiu aos ferimentos.,Morte acidental
FB339,AT0829,16/11/2025,SOC109,7,Atendimento organizado e seguro.,Nenhum problema
FB340,AT0564,27/03/2025,SOC006,7,Equipe demonstrou grande eficiência.,Nenhum problema
FB341,AT0657,04/05/2025,SOC188,10,Equipe demonstrou grande eficiência.,Nenhum problema
FB342,AT0165,03/02/2026,SOC242,5,Equipamento necessário não estava disponível.,Falta de equipamento
FB343,AT0649,01/06/2025,SOC030,8,Atendimento ocorreu sem complicações.,Nenhum problema
FB344,AT0854,08/11/2025,SOC093,8,Ocorrência conduzida com muita competência.,Nenhum problema
FB345,AT0768,23/08/2025,SOC100,8,Atendimento organizado e seguro.,Nenhum problema
FB346,AT0845,24/11/2025,SOC004,3,Houve dificuldade de comunicação com o hospital.,Falha de comunicação
FB347,AT0602,16/04/2025,SOC260,7,Resposta rápida e comunicação clara.,Nenhum problema
FB348,AT0907,09/02/2026,SOC288,5,Faltou equipamento durante o atendimento.,Falta de equipamento
FB349,AT0286,24/03/2026,SOC073,1,Paciente não resistiu aos ferimentos.,Morte acidental
FB350,AT0902,06/02/2026,SOC240,5,Houve espera moderada no hospital.,Demora no atendimento
FB351,AT0504,01/01/2025,SOC014,7,Atendimento rápido e equipe bem preparada.,Nenhum problema
FB352,AT0240,02/07/2026,SOC272,1,Paciente não resistiu aos ferimentos.,Morte acidental
FB353,AT0700,10/06/2025,SOC271,5,Faltou equipamento durante o atendimento.,Falta de equipamento
FB354,AT0570,20/03/2025,SOC135,1,Paciente não resistiu aos ferimentos.,Morte acidental
FB355,AT0549,21/02/2025,SOC179,7,Atendimento rápido e equipe bem preparada.,Nenhum problema
FB356,AT0884,17/12/2025,SOC013,6,Fila no pronto-socorro atrasou o atendimento.,Demora no atendimento
FB357,AT0319,23/01/2026,SOC202,2,Paciente sofreu morte acidental no local.,Morte acidental
FB358,AT0698,27/06/2025,SOC244,10,Atendimento rápido e organizado.,Nenhum problema
FB359,AT0537,08/02/2025,SOC131,2,Informações do chamado estavam incompletas.,Falha de comunicação
FB360,AT0628,25/05/2025,SOC188,10,Comunicação eficiente durante a ocorrência.,Nenhum problema
FB361,AT0605,25/04/2025,SOC186,7,Atendimento adequado apesar da espera.,Demora no atendimento
FB362,AT0316,15/08/2026,SOC031,10,Resposta rápida e comunicação clara.,Nenhum problema
FB363,AT0615,26/04/2025,SOC206,2,Paciente não resistiu aos ferimentos.,Morte acidental
FB364,AT0892,08/12/2025,SOC135,8,Boa integração entre as equipes.,Nenhum problema
FB365,AT0346,14/04/2026,SOC186,8,Resposta rápida e comunicação clara.,Nenhum problema
FB366,AT0031,16/02/2026,SOC087,3,Comunicação com a central apresentou ruído.,Falha de comunicação
FB367,AT0178,10/01/2026,SOC281,7,Procedimento realizado de forma segura.,Nenhum problema
FB368,AT0574,22/03/2025,SOC278,7,Comunicação entre socorristas foi boa.,Nenhum problema
FB369,AT0980,08/07/2026,SOC014,3,Informações do chamado estavam incompletas.,Falha de comunicação
FB370,AT0117,07/07/2026,SOC055,10,Paciente estabilizado rapidamente pela equipe.,Nenhum problema
FB371,AT0993,20/08/2026,SOC288,2,Óbito constatado apesar dos esforços da equipe.,Morte acidental
FB372,AT0634,18/05/2025,SOC297,2,Óbito constatado apesar dos esforços da equipe.,Morte acidental
FB373,AT0305,29/01/2026,SOC255,9,Equipe atuou rapidamente no local.,Nenhum problema
FB374,AT0541,03/03/2025,SOC151,8,Atendimento rápido e equipe bem preparada.,Nenhum problema
FB375,AT0374,17/01/2026,SOC080,7,Atendimento organizado e seguro.,Nenhum problema
FB376,AT0775,19/09/2025,SOC288,5,Falta de insumo básico dificultou o procedimento.,Falta de equipamento
FB377,AT0638,03/06/2025,SOC191,2,Paciente não resistiu aos ferimentos.,Morte acidental
FB378,AT0438,02/11/2024,SOC025,9,Encaminhamento hospitalar foi eficiente.,Nenhum problema
FB379,AT0412,24/09/2024,SOC061,4,Faltou equipamento durante o atendimento.,Falta de equipamento
FB380,AT0895,01/02/2026,SOC003,10,Paciente estabilizado rapidamente pela equipe.,Nenhum problema
FB381,AT0816,29/10/2025,SOC023,9,Tempo de resposta foi satisfatório.,Nenhum problema
FB382,AT0555,08/03/2025,SOC104,8,Comunicação entre socorristas foi boa.,Nenhum problema
FB383,AT0531,01/03/2025,SOC133,9,Procedimento realizado de forma segura.,Nenhum problema
FB384,AT0793,08/09/2025,SOC035,2,Óbito constatado apesar dos esforços da equipe.,Morte acidental
FB385,AT0977,06/07/2026,SOC067,7,Comunicação entre socorristas foi boa.,Nenhum problema
FB386,AT0210,28/07/2026,SOC063,7,Ocorrência conduzida com muita competência.,Nenhum problema
FB387,AT0336,10/07/2026,SOC195,7,Suporte adequado durante todo o atendimento.,Nenhum problema
FB388,AT0497,09/12/2024,SOC029,8,Atendimento organizado e seguro.,Nenhum problema
FB389,AT0612,01/05/2025,SOC145,8,Suporte adequado durante todo o atendimento.,Nenhum problema
FB390,AT0189,28/04/2026,SOC061,7,Houve pequena demora para localizar o hospital.,Demora no atendimento
FB391,AT0141,12/03/2026,SOC131,7,Comunicação entre socorristas foi boa.,Nenhum problema
FB392,AT0384,14/05/2026,SOC026,4,Houve pequena demora para localizar o hospital.,Demora no atendimento
FB393,AT0515,08/01/2025,SOC171,4,Demora na regulação do leito hospitalar.,Demora no atendimento
FB394,AT0795,09/09/2025,SOC034,4,Informações do chamado estavam incompletas.,Falha de comunicação
FB395,AT0692,11/06/2025,SOC170,7,Equipe atuou rapidamente no local.,Nenhum problema
FB396,AT0077,09/02/2026,SOC177,2,Paciente não resistiu aos ferimentos.,Morte acidental
FB397,AT0119,24/07/2026,SOC040,6,Atendimento adequado apesar da espera.,Demora no atendimento
FB398,AT0568,12/03/2025,SOC108,9,Equipe ágil e excelente suporte hospitalar.,Nenhum problema
FB399,AT0902,03/02/2026,SOC257,7,Equipe atuou rapidamente no local.,Nenhum problema
FB400,AT0933,08/05/2026,SOC087,6,Falta de insumo básico dificultou o procedimento.,Falta de equipamento
FB401,AT0499,21/12/2024,SOC181,8,Equipe preparada para situação crítica.,Nenhum problema
FB402,AT0912,24/02/2026,SOC281,6,Faltou equipamento durante o atendimento.,Falta de equipamento
FB403,AT0945,11/05/2026,SOC039,4,Ocorrência apresentou atraso significativo.,Demora no atendimento
FB404,AT0532,03/03/2025,SOC163,9,Equipe demonstrou grande eficiência.,Nenhum problema
FB405,AT0800,23/09/2025,SOC105,9,Atendimento ocorreu sem complicações.,Nenhum problema
FB406,AT0499,22/12/2024,SOC123,9,Ótima triagem e encaminhamento adequado.,Nenhum problema
FB407,AT0332,23/04/2026,SOC255,7,Encaminhamento hospitalar foi eficiente.,Nenhum problema
FB408,AT0665,31/05/2025,SOC262,10,Atendimento ocorreu sem complicações.,Nenhum problema
FB409,AT0228,26/08/2026,SOC083,10,Equipe demonstrou grande eficiência.,Nenhum problema
FB410,AT0735,26/07/2025,SOC287,9,Comunicação entre socorristas foi boa.,Nenhum problema
FB411,AT0850,16/11/2025,SOC213,5,Ambulância sem parte do material necessário.,Falta de equipamento
FB412,AT0934,31/05/2026,SOC099,2,Houve dificuldade de comunicação com o hospital.,Falha de comunicação
FB413,AT0564,27/03/2025,SOC136,7,Procedimento ocorreu conforme planejado.,Nenhum problema
FB414,AT0303,20/08/2026,SOC253,9,Equipe preparada para situação crítica.,Nenhum problema
FB415,AT0923,02/05/2026,SOC010,3,Houve dificuldade de comunicação com o hospital.,Falha de comunicação
FB416,AT0898,08/01/2026,SOC135,8,Atendimento organizado e seguro.,Nenhum problema
FB417,AT0975,19/07/2026,SOC256,8,Atendimento organizado e seguro.,Nenhum problema
FB418,AT0680,23/06/2025,SOC118,9,Comunicação entre socorristas foi boa.,Nenhum problema
FB419,AT0742,23/07/2025,SOC224,10,Comunicação eficiente durante a ocorrência.,Nenhum problema
FB420,AT0505,14/01/2025,SOC131,7,Tempo de deslocamento acima do esperado.,Demora no atendimento
FB421,AT0355,20/03/2026,SOC230,3,Comunicação com a central apresentou ruído.,Falha de comunicação
FB422,AT0441,18/11/2024,SOC132,10,Ocorrência conduzida com muita competência.,Nenhum problema
FB423,AT0780,22/09/2025,SOC245,10,Paciente estabilizado rapidamente pela equipe.,Nenhum problema
FB424,AT0467,03/11/2024,SOC113,9,Comunicação entre socorristas foi boa.,Nenhum problema
FB425,AT0757,25/08/2025,SOC219,3,Atendimento adequado apesar da espera.,Demora no atendimento
FB426,AT0607,26/04/2025,SOC231,7,Atendimento rápido e equipe bem preparada.,Nenhum problema
FB427,AT0565,22/03/2025,SOC242,7,Equipe atuou rapidamente no local.,Nenhum problema
FB428,AT0975,20/07/2026,SOC273,9,Ótima triagem e encaminhamento adequado.,Nenhum problema
FB429,AT0342,16/01/2026,SOC100,9,Atendimento excelente do início ao fim.,Nenhum problema
FB430,AT0595,04/04/2025,SOC036,9,Comunicação eficiente durante a ocorrência.,Nenhum problema
FB431,AT0337,13/02/2026,SOC052,7,Atendimento excelente do início ao fim.,Nenhum problema
FB432,AT0951,07/06/2026,SOC175,4,Houve espera moderada no hospital.,Demora no atendimento
FB433,AT0597,21/04/2025,SOC029,4,Houve dificuldade de comunicação com o hospital.,Falha de comunicação
FB434,AT0473,26/11/2024,SOC126,8,Resposta rápida e comunicação clara.,Nenhum problema
FB435,AT0343,20/07/2026,SOC032,7,Atendimento excelente do início ao fim.,Nenhum problema
FB436,AT0680,22/06/2025,SOC085,5,Equipamento necessário não estava disponível.,Falta de equipamento
FB437,AT0526,27/02/2025,SOC087,9,Ocorrência conduzida com muita competência.,Nenhum problema
FB438,AT0311,06/03/2026,SOC135,8,Paciente estabilizado rapidamente pela equipe.,Nenhum problema
FB439,AT0086,15/03/2026,SOC017,4,Informações do chamado estavam incompletas.,Falha de comunicação
FB440,AT0520,17/01/2025,SOC174,10,Tempo de resposta foi satisfatório.,Nenhum problema
FB441,AT0671,25/06/2025,SOC084,2,Informações do chamado estavam incompletas.,Falha de comunicação
FB442,AT0620,05/05/2025,SOC274,9,Atendimento rápido e equipe bem preparada.,Nenhum problema
FB443,AT0922,17/03/2026,SOC070,2,Paciente sofreu morte acidental no local.,Morte acidental
FB444,AT0931,15/04/2026,SOC155,9,Atendimento ocorreu sem complicações.,Nenhum problema
FB445,AT0950,05/06/2026,SOC102,9,Atendimento organizado e seguro.,Nenhum problema
FB446,AT0842,11/11/2025,SOC144,9,Procedimento ocorreu conforme planejado.,Nenhum problema
FB447,AT0588,13/04/2025,SOC171,8,Procedimento realizado de forma segura.,Nenhum problema
FB448,AT0624,21/05/2025,SOC090,9,Equipe demonstrou grande eficiência.,Nenhum problema
FB449,AT0524,03/03/2025,SOC025,7,Ótima triagem e encaminhamento adequado.,Nenhum problema
FB450,AT0526,23/02/2025,SOC136,7,Procedimento ocorreu conforme planejado.,Nenhum problema
FB451,AT0110,30/04/2026,SOC070,1,Óbito constatado apesar dos esforços da equipe.,Morte acidental
FB452,AT0842,08/11/2025,SOC179,9,Tempo de resposta foi satisfatório.,Nenhum problema
FB453,AT0405,17/09/2024,SOC143,8,Suporte adequado durante todo o atendimento.,Nenhum problema
FB454,AT0078,26/01/2026,SOC207,9,Tempo de resposta foi satisfatório.,Nenhum problema
FB455,AT0579,18/03/2025,SOC077,8,Atendimento organizado e seguro.,Nenhum problema
FB456,AT0778,18/09/2025,SOC125,4,Tempo de deslocamento acima do esperado.,Demora no atendimento
FB457,AT0555,09/03/2025,SOC179,8,Comunicação entre socorristas foi boa.,Nenhum problema
FB458,AT0498,22/12/2024,SOC207,7,Equipe preparada para situação crítica.,Nenhum problema
FB459,AT0731,03/08/2025,SOC107,9,Atendimento ocorreu sem complicações.,Nenhum problema
FB460,AT0339,08/01/2026,SOC204,10,Atendimento ocorreu sem complicações.,Nenhum problema
FB461,AT0030,24/02/2026,SOC119,5,Demora na regulação do leito hospitalar.,Demora no atendimento
FB462,AT0679,27/06/2025,SOC002,7,Paciente estabilizado rapidamente pela equipe.,Nenhum problema
FB463,AT0630,14/05/2025,SOC113,6,Faltou equipamento durante o atendimento.,Falta de equipamento
FB464,AT0894,08/01/2026,SOC294,9,Procedimento ocorreu conforme planejado.,Nenhum problema
FB465,AT0539,22/02/2025,SOC123,7,Equipe atuou rapidamente no local.,Nenhum problema
FB466,AT0832,21/11/2025,SOC128,6,Equipamento necessário não estava disponível.,Falta de equipamento
FB467,AT0048,16/06/2026,SOC123,3,Houve pequena demora para localizar o hospital.,Demora no atendimento
FB468,AT0072,17/05/2026,SOC134,3,Fila no pronto-socorro atrasou o atendimento.,Demora no atendimento
FB469,AT0683,14/06/2025,SOC157,8,Comunicação entre socorristas foi boa.,Nenhum problema
FB470,AT0389,22/07/2026,SOC283,7,Resposta rápida e comunicação clara.,Nenhum problema
FB471,AT0178,10/01/2026,SOC157,8,Atendimento excelente do início ao fim.,Nenhum problema
FB472,AT0311,06/03/2026,SOC204,5,Comunicação com a central apresentou ruído.,Falha de comunicação
FB473,AT0507,28/01/2025,SOC205,6,Equipamento necessário não estava disponível.,Falta de equipamento
FB474,AT0477,08/12/2024,SOC220,8,Ocorrência conduzida com muita competência.,Nenhum problema
FB475,AT0656,03/05/2025,SOC097,2,Paciente não resistiu aos ferimentos.,Morte acidental
FB476,AT0912,26/02/2026,SOC284,10,Procedimento ocorreu conforme planejado.,Nenhum problema
FB477,AT0499,21/12/2024,SOC098,10,Equipe demonstrou excelente preparo.,Nenhum problema
FB478,AT0356,25/07/2026,SOC202,2,Óbito constatado apesar dos esforços da equipe.,Morte acidental
FB479,AT0667,28/05/2025,SOC075,7,Atendimento excelente do início ao fim.,Nenhum problema
FB480,AT0006,19/02/2026,SOC129,6,Faltou equipamento durante o atendimento.,Falta de equipamento
FB481,AT0515,12/01/2025,SOC090,5,Informações do chamado estavam incompletas.,Falha de comunicação
FB482,AT0461,11/11/2024,SOC099,10,Procedimento realizado de forma segura.,Nenhum problema
FB483,AT0517,23/01/2025,SOC166,7,Comunicação entre socorristas foi boa.,Nenhum problema
FB484,AT0134,21/07/2026,SOC051,7,Comunicação eficiente durante a ocorrência.,Nenhum problema
FB485,AT0648,07/05/2025,SOC063,9,Equipe atuou rapidamente no local.,Nenhum problema
FB486,AT0704,12/06/2025,SOC243,8,Boa integração entre as equipes.,Nenhum problema
FB487,AT0803,11/10/2025,SOC205,6,Ambulância sem parte do material necessário.,Falta de equipamento
FB488,AT0967,27/07/2026,SOC054,9,Procedimento ocorreu conforme planejado.,Nenhum problema
FB489,AT0491,19/12/2024,SOC196,10,Suporte adequado durante todo o atendimento.,Nenhum problema
FB490,AT0729,21/07/2025,SOC031,7,Atendimento organizado e seguro.,Nenhum problema
FB491,AT0560,10/03/2025,SOC103,5,Falta de insumo básico dificultou o procedimento.,Falta de equipamento
FB492,AT0380,24/08/2026,SOC116,9,Comunicação entre socorristas foi boa.,Nenhum problema
FB493,AT0913,09/02/2026,SOC069,8,Equipe ágil e excelente suporte hospitalar.,Nenhum problema
FB494,AT0800,22/09/2025,SOC244,4,Informações do chamado estavam incompletas.,Falha de comunicação
FB495,AT0955,27/06/2026,SOC104,7,Atendimento organizado e seguro.,Nenhum problema
FB496,AT0860,29/11/2025,SOC219,9,Tempo de resposta foi satisfatório.,Nenhum problema
FB497,AT0935,16/05/2026,SOC006,1,Paciente não resistiu aos ferimentos.,Morte acidental
FB498,AT0312,23/05/2026,SOC250,8,Equipe demonstrou excelente preparo.,Nenhum problema
FB499,AT0042,27/01/2026,SOC093,10,Paciente estabilizado rapidamente pela equipe.,Nenhum problema
FB500,AT0367,20/06/2026,SOC079,9,Equipe demonstrou excelente preparo.,Nenhum problema
FB0001,AT6716,01/05/2026,SOC138,4,Comunicação com a central apresentou ruído.,Falha de comunicação
FB0002,AT7010,22/06/2026,SOC115,10,Boa integração entre as equipes.,Nenhum problema
FB0003,AT2013,30/12/2024,SOC126,10,Equipe ágil e excelente suporte hospitalar.,Nenhum problema
FB0004,AT2103,01/02/2025,SOC294,7,Houve pequena demora para localizar o hospital.,Demora no atendimento
FB0005,AT4115,04/07/2025,SOC264,3,Espera prolongada para triagem no hospital.,Demora no atendimento
FB0006,AT6110,26/02/2026,SOC023,10,Comunicação entre socorristas foi boa.,Nenhum problema
FB0007,AT5735,07/12/2025,SOC281,7,Equipe ágil e excelente suporte hospitalar.,Nenhum problema
FB0008,AT7595,26/07/2026,SOC205,4,Comunicação com a central apresentou ruído.,Falha de comunicação
FB0009,AT0836,02/12/2025,SOC196,5,Houve dificuldade de comunicação com o hospital.,Falha de comunicação
FB0010,AT4102,28/06/2025,SOC101,8,Atendimento organizado e seguro.,Nenhum problema
FB0011,AT2932,26/03/2025,SOC247,7,Excelente coordenação entre viatura e hospital.,Nenhum problema
FB0012,AT4951,06/09/2025,SOC083,6,Espera prolongada para triagem no hospital.,Demora no atendimento
FB0013,AT0600,20/04/2025,SOC220,8,Suporte adequado durante todo o atendimento.,Nenhum problema
FB0014,AT2945,03/03/2025,SOC065,8,Atendimento rápido e organizado.,Nenhum problema
FB0015,AT0962,02/07/2026,SOC220,8,Procedimento realizado de forma segura.,Nenhum problema
FB0016,AT7780,15/08/2026,SOC033,3,Ocorrência apresentou atraso significativo.,Demora no atendimento
FB0017,AT4850,18/09/2025,SOC068,7,Equipe ágil e excelente suporte hospitalar.,Nenhum problema
FB0018,AT4229,07/07/2025,SOC114,7,Encaminhamento hospitalar foi eficiente.,Nenhum problema
FB0019,AT7853,31/08/2026,SOC015,6,Ambulância sem parte do material necessário.,Falta de equipamento
FB0020,AT3177,14/03/2025,SOC026,7,Atendimento organizado e seguro.,Nenhum problema
FB0021,AT3647,31/05/2025,SOC223,1,Paciente não resistiu aos ferimentos.,Morte acidental
FB0022,AT4347,22/07/2025,SOC124,4,Comunicação com a central apresentou ruído.,Falha de comunicação
FB0023,AT0744,21/08/2025,SOC149,10,Tempo de resposta foi satisfatório.,Nenhum problema
FB0024,AT0429,07/10/2024,SOC269,1,Paciente sofreu morte acidental no local.,Morte acidental
FB0025,AT2693,06/02/2025,SOC280,9,Paciente estabilizado rapidamente pela equipe.,Nenhum problema
FB0026,AT4846,01/09/2025,SOC135,9,Bom trabalho em equipe durante o socorro.,Nenhum problema
FB0027,AT4803,28/08/2025,SOC262,5,Ambulância sem parte do material necessário.,Falta de equipamento
FB0028,AT1695,17/12/2024,SOC163,2,Óbito constatado apesar dos esforços da equipe.,Morte acidental
FB0029,AT2720,03/02/2025,SOC215,7,Ocorrência conduzida com muita competência.,Nenhum problema
FB0030,AT6241,25/03/2026,SOC150,4,Ambulância sem parte do material necessário.,Falta de equipamento
FB0031,AT2900,13/03/2025,SOC292,6,Falta de insumo básico dificultou o procedimento.,Falta de equipamento
FB0032,AT3889,03/05/2025,SOC209,10,Equipe atuou rapidamente no local.,Nenhum problema
FB0033,AT2825,22/02/2025,SOC029,10,Atendimento organizado e seguro.,Nenhum problema
FB0034,AT6776,03/06/2026,SOC219,10,Suporte adequado durante todo o atendimento.,Nenhum problema
FB0035,AT2743,22/02/2025,SOC258,7,Equipe atuou rapidamente no local.,Nenhum problema
FB0036,AT4894,07/09/2025,SOC131,10,Procedimento ocorreu conforme planejado.,Nenhum problema
FB0037,AT2420,01/02/2025,SOC272,4,Comunicação com a central apresentou ruído.,Falha de comunicação
FB0038,AT6275,01/04/2026,SOC037,10,Equipe demonstrou grande eficiência.,Nenhum problema
FB0039,AT4912,12/09/2025,SOC272,5,Houve dificuldade de comunicação com o hospital.,Falha de comunicação
FB0040,AT0784,25/09/2025,SOC207,2,Paciente sofreu morte acidental no local.,Morte acidental
FB0041,AT5958,21/01/2026,SOC158,5,Comunicação com a central apresentou ruído.,Falha de comunicação
FB0042,AT6924,23/05/2026,SOC272,10,Excelente coordenação entre viatura e hospital.,Nenhum problema
FB0043,AT6012,28/02/2026,SOC162,9,Boa integração entre as equipes.,Nenhum problema
FB0044,AT1642,28/12/2024,SOC029,8,Atendimento excelente do início ao fim.,Nenhum problema
FB0045,AT4113,24/06/2025,SOC142,5,Ambulância sem parte do material necessário.,Falta de equipamento
FB0046,AT7833,28/08/2026,SOC050,10,Boa integração entre as equipes.,Nenhum problema
FB0047,AT6740,28/05/2026,SOC165,6,Equipamento necessário não estava disponível.,Falta de equipamento
FB0048,AT6623,22/04/2026,SOC081,10,Atendimento rápido e organizado.,Nenhum problema
FB0049,AT0653,31/05/2025,SOC292,10,Tempo de resposta foi satisfatório.,Nenhum problema
FB0050,AT1392,01/12/2024,SOC062,7,Atendimento organizado e seguro.,Nenhum problema
FB0051,AT5401,17/11/2025,SOC106,5,Comunicação com a central apresentou ruído.,Falha de comunicação
FB0052,AT2516,13/01/2025,SOC108,5,Comunicação com a central apresentou ruído.,Falha de comunicação
FB0053,AT1761,16/12/2024,SOC192,7,"Atendimento tranquilo, sem intercorrências.",Nenhum problema
FB0054,AT5150,17/10/2025,SOC139,1,Óbito constatado apesar dos esforços da equipe.,Morte acidental
FB0055,AT7677,31/08/2026,SOC064,10,Atendimento excelente do início ao fim.,Nenhum problema
FB0056,AT2552,05/02/2025,SOC060,6,Equipamento necessário não estava disponível.,Falta de equipamento
FB0057,AT7090,30/06/2026,SOC249,7,Equipe atuou rapidamente no local.,Nenhum problema
FB0058,AT5964,08/01/2026,SOC157,10,Atendimento organizado e seguro.,Nenhum problema
FB0059,AT5569,19/12/2025,SOC064,9,Ocorrência conduzida com muita competência.,Nenhum problema
FB0060,AT1183,27/09/2024,SOC007,10,Bom trabalho em equipe durante o socorro.,Nenhum problema
FB0061,AT6038,09/02/2026,SOC200,10,Equipe cordial e atenciosa com o paciente.,Nenhum problema
FB0062,AT4050,20/06/2025,SOC102,2,Comunicação com a central apresentou ruído.,Falha de comunicação
FB0063,AT3091,14/03/2025,SOC101,8,Atendimento rápido e organizado.,Nenhum problema
FB0064,AT4621,10/07/2025,SOC088,10,Boa integração entre as equipes.,Nenhum problema
FB0065,AT7975,19/08/2026,SOC188,9,Tempo de resposta foi satisfatório.,Nenhum problema
FB0066,AT4402,19/07/2025,SOC214,10,Equipe cordial e atenciosa com o paciente.,Nenhum problema
FB0067,AT4323,17/07/2025,SOC067,8,Equipe atuou rapidamente no local.,Nenhum problema
FB0068,AT1827,20/12/2024,SOC287,1,Paciente não resistiu aos ferimentos.,Morte acidental
FB0069,AT0939,13/05/2026,SOC166,3,Comunicação com a central apresentou ruído.,Falha de comunicação
FB0070,AT4993,13/09/2025,SOC220,7,Resposta rápida e comunicação clara.,Nenhum problema
FB0071,AT3165,18/03/2025,SOC281,8,Equipe ágil e excelente suporte hospitalar.,Nenhum problema
FB0072,AT3248,03/03/2025,SOC240,5,Tempo de deslocamento acima do esperado.,Demora no atendimento
FB0073,AT4941,20/09/2025,SOC159,9,Atendimento rápido e organizado.,Nenhum problema
FB0074,AT4669,21/08/2025,SOC105,9,Ótima triagem e encaminhamento adequado.,Nenhum problema
FB0075,AT0284,15/03/2026,SOC209,10,Tempo de resposta foi satisfatório.,Nenhum problema
FB0076,AT7174,20/06/2026,SOC019,9,Atendimento ocorreu sem complicações.,Nenhum problema
FB0077,AT5823,06/12/2025,SOC073,7,Encaminhamento hospitalar foi eficiente.,Nenhum problema
FB0078,AT0358,10/01/2026,SOC100,6,Equipamento necessário não estava disponível.,Falta de equipamento
FB0079,AT2975,31/03/2025,SOC140,5,Endereço informado estava impreciso.,Falha de comunicação
FB0080,AT2952,20/03/2025,SOC043,6,Faltou equipamento durante o atendimento.,Falta de equipamento
FB0081,AT5988,12/01/2026,SOC291,9,Atendimento ocorreu sem complicações.,Nenhum problema
FB0082,AT6037,24/02/2026,SOC267,10,Procedimento realizado de forma segura.,Nenhum problema
FB0083,AT5106,17/10/2025,SOC198,5,Ambulância sem parte do material necessário.,Falta de equipamento
FB0084,AT3567,18/04/2025,SOC238,8,Equipe cordial e atenciosa com o paciente.,Nenhum problema
FB0085,AT7112,28/06/2026,SOC049,10,Tempo de resposta foi satisfatório.,Nenhum problema
FB0086,AT5058,01/10/2025,SOC113,10,Chegada rápida evitou agravamento do quadro.,Nenhum problema
FB0087,AT1716,29/12/2024,SOC028,4,Houve espera moderada no hospital.,Demora no atendimento
FB0088,AT5649,15/12/2025,SOC105,6,Falta de insumo básico dificultou o procedimento.,Falta de equipamento
FB0089,AT6617,28/04/2026,SOC295,5,Falha no repasse de dados entre equipes.,Falha de comunicação
FB0090,AT4620,02/08/2025,SOC039,6,Falta de insumo básico dificultou o procedimento.,Falta de equipamento
FB0091,AT3338,16/04/2025,SOC236,9,Atendimento organizado e seguro.,Nenhum problema
FB0092,AT5096,07/10/2025,SOC036,2,Endereço informado estava impreciso.,Falha de comunicação
FB0093,AT4062,13/06/2025,SOC242,1,Óbito constatado apesar dos esforços da equipe.,Morte acidental
FB0094,AT2665,28/02/2025,SOC214,5,Atendimento adequado apesar da espera.,Demora no atendimento
FB0095,AT5710,22/12/2025,SOC291,7,Resposta rápida e comunicação clara.,Nenhum problema
FB0096,AT6017,07/02/2026,SOC072,10,Chegada rápida evitou agravamento do quadro.,Nenhum problema
FB0097,AT5123,19/10/2025,SOC092,8,Paciente estabilizado rapidamente pela equipe.,Nenhum problema
FB0098,AT5885,03/01/2026,SOC013,8,Procedimento padrão seguido corretamente.,Nenhum problema
FB0099,AT4156,19/06/2025,SOC137,7,Atendimento rápido e equipe bem preparada.,Nenhum problema
FB0100,AT7687,11/08/2026,SOC188,4,Houve dificuldade de comunicação com o hospital.,Falha de comunicação
FB0101,AT6216,20/03/2026,SOC297,5,Ambulância sem parte do material necessário.,Falta de equipamento
FB0102,AT5823,07/12/2025,SOC228,3,Comunicação com a central apresentou ruído.,Falha de comunicação
FB0103,AT4424,26/07/2025,SOC118,2,Comunicação com a central apresentou ruído.,Falha de comunicação
FB0104,AT6400,10/03/2026,SOC047,9,Atendimento organizado e seguro.,Nenhum problema
FB0105,AT7519,17/07/2026,SOC071,8,Ótima triagem e encaminhamento adequado.,Nenhum problema
FB0106,AT1254,21/10/2024,SOC129,9,Atendimento rápido e organizado.,Nenhum problema
FB0107,AT7276,06/06/2026,SOC090,1,Gravidade do caso impossibilitou reanimação.,Morte acidental
FB0108,AT2359,19/01/2025,SOC243,3,Endereço informado estava impreciso.,Falha de comunicação
FB0109,AT1684,05/12/2024,SOC083,7,Procedimento realizado de forma segura.,Nenhum problema
FB0110,AT6624,03/04/2026,SOC097,9,Tempo de resposta foi satisfatório.,Nenhum problema
FB0111,AT1182,25/09/2024,SOC252,6,Faltou equipamento durante o atendimento.,Falta de equipamento
FB0112,AT2520,15/01/2025,SOC263,8,Chegada rápida evitou agravamento do quadro.,Nenhum problema
FB0113,AT0518,08/01/2025,SOC114,5,Ambulância sem parte do material necessário.,Falta de equipamento
FB0114,AT6062,04/02/2026,SOC194,4,Kit de emergência incompleto na viatura.,Falta de equipamento
FB0115,AT1911,21/12/2024,SOC057,3,Ocorrência apresentou atraso significativo.,Demora no atendimento
FB0116,AT7575,22/07/2026,SOC081,10,Procedimento ocorreu conforme planejado.,Nenhum problema
FB0117,AT3923,15/05/2025,SOC266,1,Gravidade do caso impossibilitou reanimação.,Morte acidental
FB0118,AT6393,05/03/2026,SOC010,8,Ótima triagem e encaminhamento adequado.,Nenhum problema
FB0119,AT0542,27/02/2025,SOC170,9,Procedimento padrão seguido corretamente.,Nenhum problema
FB0120,AT1337,03/11/2024,SOC029,5,Endereço informado estava impreciso.,Falha de comunicação
FB0121,AT1794,25/12/2024,SOC205,1,Óbito constatado apesar dos esforços da equipe.,Morte acidental
FB0122,AT0639,14/05/2025,SOC202,9,Paciente estabilizado rapidamente pela equipe.,Nenhum problema
FB0123,AT6593,05/04/2026,SOC089,2,Comunicação com a central apresentou ruído.,Falha de comunicação
FB0124,AT1812,14/12/2024,SOC045,9,Bom trabalho em equipe durante o socorro.,Nenhum problema
FB0125,AT0730,27/07/2025,SOC181,8,Equipe demonstrou excelente preparo.,Nenhum problema
FB0126,AT1936,10/12/2024,SOC182,7,Encaminhamento hospitalar foi eficiente.,Nenhum problema
FB0127,AT2999,12/03/2025,SOC216,8,Atendimento rápido e organizado.,Nenhum problema
FB0128,AT4920,15/09/2025,SOC079,9,Atendimento rápido e equipe bem preparada.,Nenhum problema
FB0129,AT1751,15/12/2024,SOC117,9,Equipe ágil e excelente suporte hospitalar.,Nenhum problema
FB0130,AT2398,13/01/2025,SOC149,10,Suporte adequado durante todo o atendimento.,Nenhum problema
FB0131,AT1710,29/12/2024,SOC015,10,Encaminhamento hospitalar foi eficiente.,Nenhum problema
FB0132,AT2465,10/01/2025,SOC187,10,Procedimento padrão seguido corretamente.,Nenhum problema
FB0133,AT2349,05/01/2025,SOC178,9,Equipe preparada para situação crítica.,Nenhum problema
FB0134,AT3768,28/05/2025,SOC029,9,Procedimento realizado de forma segura.,Nenhum problema
FB0135,AT4872,19/09/2025,SOC166,7,Equipe demonstrou excelente preparo.,Nenhum problema
FB0136,AT0608,27/04/2025,SOC021,9,Equipe ágil e excelente suporte hospitalar.,Nenhum problema
FB0137,AT2003,04/12/2024,SOC055,8,Equipe demonstrou excelente preparo.,Nenhum problema
FB0138,AT0804,01/11/2025,SOC121,2,Endereço informado estava impreciso.,Falha de comunicação
FB0139,AT3939,17/05/2025,SOC093,10,Equipe atuou rapidamente no local.,Nenhum problema
FB0140,AT4757,10/08/2025,SOC277,6,Fila no pronto-socorro atrasou o atendimento.,Demora no atendimento
FB0141,AT5478,10/11/2025,SOC001,8,Boa integração entre as equipes.,Nenhum problema
FB0142,AT3766,05/05/2025,SOC290,10,Procedimento realizado de forma segura.,Nenhum problema
FB0143,AT2065,03/01/2025,SOC254,8,Ocorrência conduzida com muita competência.,Nenhum problema
FB0144,AT5214,21/10/2025,SOC041,10,Comunicação entre socorristas foi boa.,Nenhum problema
FB0145,AT7153,22/06/2026,SOC183,7,Houve espera moderada no hospital.,Demora no atendimento
FB0146,AT4205,08/07/2025,SOC282,7,Paciente estabilizado rapidamente pela equipe.,Nenhum problema
FB0147,AT7189,19/06/2026,SOC074,5,Houve pequena demora para localizar o hospital.,Demora no atendimento
FB0148,AT5300,17/10/2025,SOC172,1,Gravidade do caso impossibilitou reanimação.,Morte acidental
FB0149,AT5104,01/11/2025,SOC252,10,Ótima triagem e encaminhamento adequado.,Nenhum problema
FB0150,AT6327,02/04/2026,SOC281,7,Suporte adequado durante todo o atendimento.,Nenhum problema
FB0151,AT6173,13/02/2026,SOC007,7,Demora para liberar leito hospitalar.,Demora no atendimento
FB0152,AT6501,09/04/2026,SOC083,5,Houve pequena demora para localizar o hospital.,Demora no atendimento
FB0153,AT2696,23/02/2025,SOC112,4,Espera prolongada para triagem no hospital.,Demora no atendimento
FB0154,AT1819,15/12/2024,SOC107,2,Endereço informado estava impreciso.,Falha de comunicação
FB0155,AT1252,30/10/2024,SOC082,9,Equipe preparada para situação crítica.,Nenhum problema
FB0156,AT6017,05/02/2026,SOC004,10,Tempo de resposta foi satisfatório.,Nenhum problema
FB0157,AT2541,26/01/2025,SOC271,3,Ocorrência apresentou atraso significativo.,Demora no atendimento
FB0158,AT4604,12/07/2025,SOC114,4,Faltou equipamento durante o atendimento.,Falta de equipamento
FB0159,AT4845,03/08/2025,SOC283,7,Encaminhamento hospitalar foi eficiente.,Nenhum problema
FB0160,AT5863,19/01/2026,SOC235,8,Atendimento rápido e equipe bem preparada.,Nenhum problema
FB0161,AT2042,21/12/2024,SOC170,6,Demora na regulação do leito hospitalar.,Demora no atendimento
FB0162,AT7177,25/06/2026,SOC103,8,Atendimento excelente do início ao fim.,Nenhum problema
FB0163,AT6052,21/02/2026,SOC025,4,Houve pequena demora para localizar o hospital.,Demora no atendimento
FB0164,AT2943,23/03/2025,SOC271,6,Ocorrência apresentou atraso significativo.,Demora no atendimento
FB0165,AT4360,17/07/2025,SOC113,5,Kit de emergência incompleto na viatura.,Falta de equipamento
FB0166,AT5389,20/11/2025,SOC016,4,Kit de emergência incompleto na viatura.,Falta de equipamento
FB0167,AT6560,20/04/2026,SOC147,2,Paciente sofreu morte acidental no local.,Morte acidental
FB0168,AT3637,13/05/2025,SOC176,5,Demora na regulação do leito hospitalar.,Demora no atendimento
FB0169,AT3547,14/04/2025,SOC282,10,Paciente estabilizado rapidamente pela equipe.,Nenhum problema
FB0170,AT3041,11/03/2025,SOC052,7,Comunicação eficiente durante a ocorrência.,Nenhum problema
FB0171,AT4809,03/08/2025,SOC148,10,Atendimento excelente do início ao fim.,Nenhum problema
FB0172,AT7978,21/08/2026,SOC171,9,Equipe atuou rapidamente no local.,Nenhum problema
FB0173,AT1870,07/12/2024,SOC228,10,Equipe demonstrou grande eficiência.,Nenhum problema
FB0174,AT6954,21/05/2026,SOC268,7,Equipe cordial e atenciosa com o paciente.,Nenhum problema
FB0175,AT6951,22/05/2026,SOC233,7,Equipe cordial e atenciosa com o paciente.,Nenhum problema
FB0176,AT4901,29/09/2025,SOC178,10,Equipe atuou rapidamente no local.,Nenhum problema
FB0177,AT6441,27/03/2026,SOC217,6,Houve pequena demora para localizar o hospital.,Demora no atendimento
FB0178,AT1221,22/10/2024,SOC178,4,Houve pequena demora para localizar o hospital.,Demora no atendimento
FB0179,AT0701,05/07/2025,SOC068,4,Ambulância sem parte do material necessário.,Falta de equipamento
FB0180,AT2278,25/01/2025,SOC209,7,Suporte adequado durante todo o atendimento.,Nenhum problema
FB0181,AT4675,20/08/2025,SOC218,7,Excelente coordenação entre viatura e hospital.,Nenhum problema
FB0182,AT5430,14/11/2025,SOC220,8,Comunicação eficiente durante a ocorrência.,Nenhum problema
FB0183,AT1668,02/01/2025,SOC165,4,Demora na regulação do leito hospitalar.,Demora no atendimento
FB0184,AT4568,08/07/2025,SOC106,7,"Atendimento tranquilo, sem intercorrências.",Nenhum problema
FB0185,AT5337,09/10/2025,SOC169,4,Houve pequena demora para localizar o hospital.,Demora no atendimento
FB0186,AT0781,09/09/2025,SOC250,2,Paciente não resistiu aos ferimentos.,Morte acidental
FB0187,AT5006,26/09/2025,SOC252,5,Trânsito prejudicou o tempo de chegada.,Demora no atendimento
FB0188,AT1167,19/09/2024,SOC202,10,Resposta rápida e comunicação clara.,Nenhum problema
FB0189,AT1095,24/09/2024,SOC003,7,Comunicação entre socorristas foi boa.,Nenhum problema
FB0190,AT6075,06/02/2026,SOC154,2,Paciente não resistiu aos ferimentos.,Morte acidental
FB0191,AT7312,16/06/2026,SOC170,10,"Atendimento tranquilo, sem intercorrências.",Nenhum problema
FB0192,AT2020,01/01/2025,SOC075,5,Ambulância sem parte do material necessário.,Falta de equipamento
FB0193,AT5285,27/10/2025,SOC028,3,Demora para liberar leito hospitalar.,Demora no atendimento
FB0194,AT7752,09/08/2026,SOC112,8,Comunicação eficiente durante a ocorrência.,Nenhum problema
FB0195,AT1232,30/10/2024,SOC039,5,Falta de insumo básico dificultou o procedimento.,Falta de equipamento
FB0196,AT2239,17/01/2025,SOC114,8,Suporte adequado durante todo o atendimento.,Nenhum problema
FB0197,AT3567,18/04/2025,SOC110,8,Equipe atuou rapidamente no local.,Nenhum problema
FB0198,AT0399,13/07/2026,SOC088,3,Houve pequena demora para localizar o hospital.,Demora no atendimento
FB0199,AT4126,12/06/2025,SOC054,7,Equipe atuou rapidamente no local.,Nenhum problema
FB0200,AT3354,11/04/2025,SOC260,10,Equipe demonstrou grande eficiência.,Nenhum problema
FB0201,AT6958,28/05/2026,SOC206,7,Procedimento ocorreu conforme planejado.,Nenhum problema
FB0202,AT3500,08/04/2025,SOC204,10,Procedimento realizado de forma segura.,Nenhum problema
FB0203,AT1233,25/10/2024,SOC015,1,Paciente sofreu morte acidental no local.,Morte acidental
FB0204,AT7800,24/08/2026,SOC260,5,Trânsito prejudicou o tempo de chegada.,Demora no atendimento
FB0205,AT1681,24/12/2024,SOC214,8,Paciente estabilizado rapidamente pela equipe.,Nenhum problema
FB0206,AT6468,03/05/2026,SOC234,10,Comunicação entre socorristas foi boa.,Nenhum problema
FB0207,AT7974,29/08/2026,SOC007,7,Ocorrência conduzida com muita competência.,Nenhum problema
FB0208,AT2843,30/03/2025,SOC166,10,Atendimento rápido e equipe bem preparada.,Nenhum problema
FB0209,AT4143,22/06/2025,SOC300,8,Comunicação entre socorristas foi boa.,Nenhum problema
FB0210,AT2425,12/01/2025,SOC204,9,Equipe ágil e excelente suporte hospitalar.,Nenhum problema
FB0211,AT0446,03/11/2024,SOC097,6,Fila no pronto-socorro atrasou o atendimento.,Demora no atendimento
FB0212,AT3424,25/04/2025,SOC126,8,Boa integração entre as equipes.,Nenhum problema
FB0213,AT0971,08/07/2026,SOC033,7,Equipe preparada para situação crítica.,Nenhum problema
FB0214,AT4777,30/08/2025,SOC151,7,Resposta rápida e comunicação clara.,Nenhum problema
FB0215,AT3816,14/05/2025,SOC278,7,Equipe atuou rapidamente no local.,Nenhum problema
FB0216,AT4390,06/07/2025,SOC124,7,Equipe atuou rapidamente no local.,Nenhum problema
FB0217,AT4809,02/08/2025,SOC270,7,Equipe demonstrou excelente preparo.,Nenhum problema
FB0218,AT6336,08/03/2026,SOC187,9,Encaminhamento hospitalar foi eficiente.,Nenhum problema
FB0219,AT7819,13/08/2026,SOC249,7,Paciente estabilizado rapidamente pela equipe.,Nenhum problema
FB0220,AT2087,16/01/2025,SOC135,6,Faltou equipamento durante o atendimento.,Falta de equipamento
FB0221,AT3959,19/06/2025,SOC157,4,Falta de insumo básico dificultou o procedimento.,Falta de equipamento
FB0222,AT7545,05/08/2026,SOC001,8,Atendimento rápido e organizado.,Nenhum problema
FB0223,AT0466,19/11/2024,SOC218,10,Paciente estabilizado rapidamente pela equipe.,Nenhum problema
FB0224,AT5697,26/12/2025,SOC009,10,Chegada rápida evitou agravamento do quadro.,Nenhum problema
FB0225,AT1175,13/09/2024,SOC216,5,Kit de emergência incompleto na viatura.,Falta de equipamento
FB0226,AT6523,22/04/2026,SOC101,7,Resposta rápida e comunicação clara.,Nenhum problema
FB0227,AT4898,24/09/2025,SOC253,9,Atendimento ocorreu sem complicações.,Nenhum problema
FB0228,AT7413,31/07/2026,SOC132,10,Procedimento ocorreu conforme planejado.,Nenhum problema
FB0229,AT2100,18/01/2025,SOC143,4,Ambulância sem parte do material necessário.,Falta de equipamento
FB0230,AT5566,23/12/2025,SOC232,7,Equipe atuou rapidamente no local.,Nenhum problema
FB0231,AT6906,26/05/2026,SOC212,9,Ocorrência conduzida com muita competência.,Nenhum problema
FB0232,AT0354,11/02/2026,SOC136,6,Espera prolongada para triagem no hospital.,Demora no atendimento
FB0233,AT1314,30/10/2024,SOC043,6,Atendimento adequado apesar da espera.,Demora no atendimento
FB0234,AT4296,30/07/2025,SOC091,8,Equipe ágil e excelente suporte hospitalar.,Nenhum problema
FB0235,AT3733,19/05/2025,SOC038,3,Tempo de deslocamento acima do esperado.,Demora no atendimento
FB0236,AT5865,28/01/2026,SOC012,6,Kit de emergência incompleto na viatura.,Falta de equipamento
FB0237,AT5458,08/11/2025,SOC087,8,Ocorrência conduzida com muita competência.,Nenhum problema
FB0238,AT1729,09/12/2024,SOC279,7,Ocorrência conduzida com muita competência.,Nenhum problema
FB0239,AT5884,31/01/2026,SOC087,10,Equipe atuou rapidamente no local.,Nenhum problema
FB0240,AT5951,17/01/2026,SOC271,8,Chegada rápida evitou agravamento do quadro.,Nenhum problema
FB0241,AT6343,05/03/2026,SOC107,4,Demora na regulação do leito hospitalar.,Demora no atendimento
FB0242,AT7704,27/08/2026,SOC109,9,Atendimento rápido e organizado.,Nenhum problema
FB0243,AT5144,04/10/2025,SOC004,5,Ambulância sem parte do material necessário.,Falta de equipamento
FB0244,AT3589,27/04/2025,SOC181,5,Ambulância sem parte do material necessário.,Falta de equipamento
FB0245,AT3187,12/03/2025,SOC007,10,Chegada rápida evitou agravamento do quadro.,Nenhum problema
FB0246,AT5740,05/12/2025,SOC128,10,Equipe atuou rapidamente no local.,Nenhum problema
FB0247,AT2127,30/01/2025,SOC093,10,Equipe demonstrou excelente preparo.,Nenhum problema
FB0248,AT1640,12/12/2024,SOC188,7,Ocorrência conduzida com muita competência.,Nenhum problema
FB0249,AT4586,22/07/2025,SOC112,2,Informações do chamado estavam incompletas.,Falha de comunicação
FB0250,AT4591,12/07/2025,SOC269,4,Houve dificuldade de comunicação com o hospital.,Falha de comunicação
FB0251,AT5052,05/09/2025,SOC272,10,Procedimento ocorreu conforme planejado.,Nenhum problema
FB0252,AT6576,05/04/2026,SOC126,4,Ocorrência apresentou atraso significativo.,Demora no atendimento
FB0253,AT1035,24/09/2024,SOC298,8,Equipe ágil e excelente suporte hospitalar.,Nenhum problema
FB0254,AT1619,03/12/2024,SOC263,8,Comunicação eficiente durante a ocorrência.,Nenhum problema
FB0255,AT3123,25/03/2025,SOC150,4,Ambulância sem parte do material necessário.,Falta de equipamento
FB0256,AT1213,25/10/2024,SOC225,7,Tempo de resposta foi satisfatório.,Nenhum problema
FB0257,AT0397,27/08/2026,SOC187,10,Atendimento ocorreu sem complicações.,Nenhum problema
FB0258,AT7290,27/06/2026,SOC148,6,Kit de emergência incompleto na viatura.,Falta de equipamento
FB0259,AT6538,25/04/2026,SOC100,2,Endereço informado estava impreciso.,Falha de comunicação
FB0260,AT7898,17/08/2026,SOC010,9,Procedimento padrão seguido corretamente.,Nenhum problema
FB0261,AT4860,16/09/2025,SOC147,9,Equipe ágil e excelente suporte hospitalar.,Nenhum problema
FB0262,AT5184,09/10/2025,SOC181,8,Tempo de resposta foi satisfatório.,Nenhum problema
FB0263,AT5969,09/01/2026,SOC220,7,Paciente estabilizado rapidamente pela equipe.,Nenhum problema
FB0264,AT6152,17/02/2026,SOC110,10,Encaminhamento hospitalar foi eficiente.,Nenhum problema
FB0265,AT7627,19/08/2026,SOC038,9,Procedimento ocorreu conforme planejado.,Nenhum problema
FB0266,AT6214,09/03/2026,SOC113,5,Ocorrência apresentou atraso significativo.,Demora no atendimento
FB0267,AT2517,16/01/2025,SOC204,10,Equipe demonstrou grande eficiência.,Nenhum problema
FB0268,AT2116,13/01/2025,SOC251,2,Óbito constatado apesar dos esforços da equipe.,Morte acidental
FB0269,AT3990,12/06/2025,SOC187,9,Excelente coordenação entre viatura e hospital.,Nenhum problema
FB0270,AT7334,16/06/2026,SOC001,8,Comunicação eficiente durante a ocorrência.,Nenhum problema
FB0271,AT1157,28/09/2024,SOC034,2,Paciente sofreu morte acidental no local.,Morte acidental
FB0272,AT0546,18/02/2025,SOC253,7,Tempo de resposta foi satisfatório.,Nenhum problema
FB0273,AT4347,19/07/2025,SOC223,9,Atendimento excelente do início ao fim.,Nenhum problema
FB0274,AT0676,07/06/2025,SOC066,8,Equipe preparada para situação crítica.,Nenhum problema
FB0275,AT4255,28/07/2025,SOC140,9,Ocorrência conduzida com muita competência.,Nenhum problema
FB0276,AT7134,06/06/2026,SOC166,10,Atendimento excelente do início ao fim.,Nenhum problema
FB0277,AT2277,17/01/2025,SOC116,9,Chegada rápida evitou agravamento do quadro.,Nenhum problema
FB0278,AT3541,17/04/2025,SOC244,1,Paciente não resistiu aos ferimentos.,Morte acidental
FB0279,AT0315,13/04/2026,SOC175,9,Equipe preparada para situação crítica.,Nenhum problema
FB0280,AT4587,28/07/2025,SOC143,2,Informações do chamado estavam incompletas.,Falha de comunicação
FB0281,AT2535,07/01/2025,SOC226,10,Comunicação eficiente durante a ocorrência.,Nenhum problema
FB0282,AT0724,10/07/2025,SOC026,7,Bom trabalho em equipe durante o socorro.,Nenhum problema
FB0283,AT4072,21/06/2025,SOC235,6,Demora para liberar leito hospitalar.,Demora no atendimento
FB0284,AT2162,22/01/2025,SOC228,6,Faltou equipamento durante o atendimento.,Falta de equipamento
FB0285,AT6500,19/04/2026,SOC176,8,Atendimento rápido e organizado.,Nenhum problema
FB0286,AT2586,28/02/2025,SOC238,6,Fila no pronto-socorro atrasou o atendimento.,Demora no atendimento
FB0287,AT5977,14/01/2026,SOC087,10,Ótima triagem e encaminhamento adequado.,Nenhum problema
FB0288,AT6596,19/04/2026,SOC203,7,Procedimento realizado de forma segura.,Nenhum problema
FB0289,AT3615,11/05/2025,SOC296,10,Excelente coordenação entre viatura e hospital.,Nenhum problema
FB0290,AT0432,18/10/2024,SOC133,10,Comunicação eficiente durante a ocorrência.,Nenhum problema
FB0291,AT4623,15/07/2025,SOC217,3,Comunicação com a central apresentou ruído.,Falha de comunicação
FB0292,AT4199,10/07/2025,SOC155,8,Atendimento ocorreu sem complicações.,Nenhum problema
FB0293,AT6507,04/04/2026,SOC257,9,Equipe atuou rapidamente no local.,Nenhum problema
FB0294,AT2983,04/04/2025,SOC009,8,Comunicação eficiente durante a ocorrência.,Nenhum problema
FB0295,AT1418,27/11/2024,SOC207,10,Paciente estabilizado rapidamente pela equipe.,Nenhum problema
FB0296,AT0936,16/05/2026,SOC232,7,Comunicação eficiente durante a ocorrência.,Nenhum problema
FB0297,AT7429,16/07/2026,SOC203,9,Procedimento realizado de forma segura.,Nenhum problema
FB0298,AT7686,18/08/2026,SOC176,1,Óbito constatado apesar dos esforços da equipe.,Morte acidental
FB0299,AT5029,14/09/2025,SOC270,5,Houve dificuldade de comunicação com o hospital.,Falha de comunicação
FB0300,AT4216,13/07/2025,SOC201,7,Atendimento organizado e seguro.,Nenhum problema
FB0301,AT7624,04/08/2026,SOC044,1,Gravidade do caso impossibilitou reanimação.,Morte acidental
FB0302,AT6965,02/06/2026,SOC051,8,Equipe cordial e atenciosa com o paciente.,Nenhum problema
FB0303,AT7671,07/08/2026,SOC082,7,Boa integração entre as equipes.,Nenhum problema
FB0304,AT1154,08/09/2024,SOC062,4,Houve dificuldade de comunicação com o hospital.,Falha de comunicação
FB0305,AT6290,30/03/2026,SOC155,9,Suporte adequado durante todo o atendimento.,Nenhum problema
FB0306,AT3870,23/05/2025,SOC065,5,Falta de insumo básico dificultou o procedimento.,Falta de equipamento
FB0307,AT2210,21/01/2025,SOC277,1,Paciente não resistiu aos ferimentos.,Morte acidental
FB0308,AT1332,28/10/2024,SOC242,9,Paciente estabilizado rapidamente pela equipe.,Nenhum problema
FB0309,AT2461,30/01/2025,SOC168,7,Comunicação entre socorristas foi boa.,Nenhum problema
FB0310,AT5169,04/11/2025,SOC150,7,Resposta rápida e comunicação clara.,Nenhum problema
FB0311,AT6375,19/03/2026,SOC108,10,Atendimento rápido e equipe bem preparada.,Nenhum problema
FB0312,AT2849,16/03/2025,SOC103,7,Suporte adequado durante todo o atendimento.,Nenhum problema
FB0313,AT5000,21/09/2025,SOC179,9,Tempo de resposta foi satisfatório.,Nenhum problema
FB0314,AT7186,26/06/2026,SOC156,8,Ocorrência conduzida com muita competência.,Nenhum problema
FB0315,AT0598,15/04/2025,SOC256,7,Demora na regulação do leito hospitalar.,Demora no atendimento
FB0316,AT7101,27/06/2026,SOC067,8,Ótima triagem e encaminhamento adequado.,Nenhum problema
FB0317,AT6372,31/03/2026,SOC221,8,Equipe preparada para situação crítica.,Nenhum problema
FB0318,AT5314,07/10/2025,SOC003,8,Procedimento padrão seguido corretamente.,Nenhum problema
FB0319,AT2413,26/01/2025,SOC213,8,Atendimento rápido e equipe bem preparada.,Nenhum problema
FB0320,AT0045,19/06/2026,SOC064,4,Houve dificuldade de comunicação com o hospital.,Falha de comunicação
FB0321,AT7169,19/06/2026,SOC146,3,Houve espera moderada no hospital.,Demora no atendimento
FB0322,AT6940,02/05/2026,SOC166,10,Bom trabalho em equipe durante o socorro.,Nenhum problema
FB0323,AT7887,23/08/2026,SOC157,2,Falha no repasse de dados entre equipes.,Falha de comunicação
FB0324,AT7630,05/08/2026,SOC143,8,Suporte adequado durante todo o atendimento.,Nenhum problema
FB0325,AT5690,17/12/2025,SOC041,5,Demora na regulação do leito hospitalar.,Demora no atendimento
FB0326,AT2625,19/02/2025,SOC141,1,Paciente sofreu morte acidental no local.,Morte acidental
FB0327,AT0495,03/01/2025,SOC087,8,Procedimento ocorreu conforme planejado.,Nenhum problema
FB0328,AT5171,02/11/2025,SOC227,10,Chegada rápida evitou agravamento do quadro.,Nenhum problema
FB0329,AT2327,29/01/2025,SOC130,10,Equipe demonstrou grande eficiência.,Nenhum problema
FB0330,AT0278,20/06/2026,SOC249,8,Equipe atuou rapidamente no local.,Nenhum problema
FB0331,AT5765,03/12/2025,SOC147,7,Atendimento organizado e seguro.,Nenhum problema
FB0332,AT3990,08/06/2025,SOC029,8,Atendimento organizado e seguro.,Nenhum problema
FB0333,AT5575,28/12/2025,SOC149,7,Resposta rápida e comunicação clara.,Nenhum problema
FB0334,AT4367,25/07/2025,SOC252,9,Equipe ágil e excelente suporte hospitalar.,Nenhum problema
FB0335,AT5611,27/12/2025,SOC039,5,Atendimento adequado apesar da espera.,Demora no atendimento
FB0336,AT4743,10/08/2025,SOC183,10,Atendimento organizado e seguro.,Nenhum problema
FB0337,AT4272,21/07/2025,SOC210,6,Kit de emergência incompleto na viatura.,Falta de equipamento
FB0338,AT6104,15/02/2026,SOC163,7,Equipe cordial e atenciosa com o paciente.,Nenhum problema
FB0339,AT3297,08/04/2025,SOC057,9,Procedimento ocorreu conforme planejado.,Nenhum problema
FB0340,AT4214,21/07/2025,SOC023,7,Equipe demonstrou excelente preparo.,Nenhum problema
FB0341,AT4616,11/07/2025,SOC200,7,Ocorrência conduzida com muita competência.,Nenhum problema
FB0342,AT1463,14/11/2024,SOC228,3,Houve espera moderada no hospital.,Demora no atendimento
FB0343,AT1380,09/11/2024,SOC159,8,"Atendimento tranquilo, sem intercorrências.",Nenhum problema
FB0344,AT0869,26/11/2025,SOC264,8,Resposta rápida e comunicação clara.,Nenhum problema
FB0345,AT4212,18/07/2025,SOC144,8,"Atendimento tranquilo, sem intercorrências.",Nenhum problema
FB0346,AT1839,29/12/2024,SOC246,10,Comunicação eficiente durante a ocorrência.,Nenhum problema
FB0347,AT1018,09/09/2024,SOC277,9,Chegada rápida evitou agravamento do quadro.,Nenhum problema
FB0348,AT4206,21/07/2025,SOC257,10,Atendimento ocorreu sem complicações.,Nenhum problema
FB0349,AT3155,28/03/2025,SOC017,4,Demora para liberar leito hospitalar.,Demora no atendimento
FB0350,AT6395,09/03/2026,SOC185,2,Paciente sofreu morte acidental no local.,Morte acidental
FB0351,AT6060,08/02/2026,SOC142,5,Endereço informado estava impreciso.,Falha de comunicação
FB0352,AT3493,18/04/2025,SOC236,8,Ocorrência conduzida com muita competência.,Nenhum problema
FB0353,AT4817,31/08/2025,SOC103,7,Trânsito prejudicou o tempo de chegada.,Demora no atendimento
FB0354,AT2853,22/03/2025,SOC087,8,Atendimento rápido e organizado.,Nenhum problema
FB0355,AT4001,19/06/2025,SOC170,8,Excelente coordenação entre viatura e hospital.,Nenhum problema
FB0356,AT4770,23/08/2025,SOC138,5,Houve dificuldade de comunicação com o hospital.,Falha de comunicação
FB0357,AT4303,03/07/2025,SOC062,4,Ambulância sem parte do material necessário.,Falta de equipamento
FB0358,AT2312,17/01/2025,SOC040,8,Ocorrência conduzida com muita competência.,Nenhum problema
FB0359,AT3389,26/04/2025,SOC066,7,Atendimento organizado e seguro.,Nenhum problema
FB0360,AT0083,28/05/2026,SOC156,10,Procedimento realizado de forma segura.,Nenhum problema
FB0361,AT2860,06/03/2025,SOC235,3,Fila no pronto-socorro atrasou o atendimento.,Demora no atendimento
FB0362,AT1789,17/12/2024,SOC267,8,Atendimento ocorreu sem complicações.,Nenhum problema
FB0363,AT5399,27/11/2025,SOC146,4,Informações do chamado estavam incompletas.,Falha de comunicação
FB0364,AT6163,04/02/2026,SOC048,7,Atendimento ocorreu sem complicações.,Nenhum problema
FB0365,AT5726,04/12/2025,SOC214,7,Equipe demonstrou excelente preparo.,Nenhum problema
FB0366,AT2553,01/03/2025,SOC134,10,Equipe cordial e atenciosa com o paciente.,Nenhum problema
FB0367,AT4347,23/07/2025,SOC192,8,Comunicação eficiente durante a ocorrência.,Nenhum problema
FB0368,AT5848,05/01/2026,SOC228,8,Equipe demonstrou excelente preparo.,Nenhum problema
FB0369,AT2930,20/03/2025,SOC002,4,Demora para liberar leito hospitalar.,Demora no atendimento
FB0370,AT3970,29/06/2025,SOC118,4,Kit de emergência incompleto na viatura.,Falta de equipamento
FB0371,AT0706,02/07/2025,SOC083,7,Demora para liberar leito hospitalar.,Demora no atendimento
FB0372,AT2326,17/01/2025,SOC232,5,Kit de emergência incompleto na viatura.,Falta de equipamento
FB0373,AT5221,23/10/2025,SOC155,8,Atendimento rápido e equipe bem preparada.,Nenhum problema
FB0374,AT5650,18/12/2025,SOC168,2,Paciente sofreu morte acidental no local.,Morte acidental
FB0375,AT7103,18/06/2026,SOC103,8,Equipe ágil e excelente suporte hospitalar.,Nenhum problema
FB0376,AT0658,18/05/2025,SOC044,9,"Atendimento tranquilo, sem intercorrências.",Nenhum problema
FB0377,AT7960,28/08/2026,SOC059,9,Procedimento padrão seguido corretamente.,Nenhum problema
FB0378,AT0767,03/09/2025,SOC190,7,Comunicação eficiente durante a ocorrência.,Nenhum problema
FB0379,AT5196,12/10/2025,SOC078,9,Excelente coordenação entre viatura e hospital.,Nenhum problema
FB0380,AT4163,21/06/2025,SOC192,7,Ocorrência conduzida com muita competência.,Nenhum problema
FB0381,AT1603,22/11/2024,SOC212,6,Atendimento adequado apesar da espera.,Demora no atendimento
FB0382,AT0614,29/04/2025,SOC016,9,Comunicação eficiente durante a ocorrência.,Nenhum problema
FB0383,AT6102,14/02/2026,SOC221,7,Tempo de deslocamento acima do esperado.,Demora no atendimento
FB0384,AT3261,29/03/2025,SOC034,10,"Atendimento tranquilo, sem intercorrências.",Nenhum problema
FB0385,AT5252,23/10/2025,SOC045,8,Comunicação entre socorristas foi boa.,Nenhum problema
FB0386,AT7981,13/08/2026,SOC043,9,Atendimento ocorreu sem complicações.,Nenhum problema
FB0387,AT2966,10/03/2025,SOC129,1,Óbito constatado apesar dos esforços da equipe.,Morte acidental
FB0388,AT3732,13/05/2025,SOC260,10,Ocorrência conduzida com muita competência.,Nenhum problema
FB0389,AT2428,31/01/2025,SOC091,10,Comunicação entre socorristas foi boa.,Nenhum problema
FB0390,AT1540,14/11/2024,SOC114,4,Endereço informado estava impreciso.,Falha de comunicação
FB0391,AT6106,24/02/2026,SOC077,6,Houve pequena demora para localizar o hospital.,Demora no atendimento
FB0392,AT2229,20/01/2025,SOC023,5,Equipamento necessário não estava disponível.,Falta de equipamento
FB0393,AT4427,17/07/2025,SOC194,7,Procedimento realizado de forma segura.,Nenhum problema
FB0394,AT1729,10/12/2024,SOC059,3,Tempo de deslocamento acima do esperado.,Demora no atendimento
FB0395,AT0385,24/08/2026,SOC099,1,Gravidade do caso impossibilitou reanimação.,Morte acidental
FB0396,AT2280,01/02/2025,SOC227,9,Equipe atuou rapidamente no local.,Nenhum problema
FB0397,AT1146,24/09/2024,SOC141,6,Tempo de deslocamento acima do esperado.,Demora no atendimento
FB0398,AT0813,05/10/2025,SOC167,2,Óbito constatado apesar dos esforços da equipe.,Morte acidental
FB0399,AT5671,24/12/2025,SOC050,7,Atendimento organizado e seguro.,Nenhum problema
FB0400,AT4505,25/07/2025,SOC084,8,Bom trabalho em equipe durante o socorro.,Nenhum problema
FB0401,AT1092,11/09/2024,SOC015,2,Paciente não resistiu aos ferimentos.,Morte acidental
FB0402,AT6787,13/05/2026,SOC224,1,Paciente não resistiu aos ferimentos.,Morte acidental
FB0403,AT6525,03/04/2026,SOC150,9,Encaminhamento hospitalar foi eficiente.,Nenhum problema
FB0404,AT3416,13/04/2025,SOC266,9,"Atendimento tranquilo, sem intercorrências.",Nenhum problema
FB0405,AT3754,03/06/2025,SOC195,5,Houve dificuldade de comunicação com o hospital.,Falha de comunicação
FB0406,AT3501,20/04/2025,SOC064,7,Boa integração entre as equipes.,Nenhum problema
FB0407,AT1145,05/09/2024,SOC129,8,Equipe ágil e excelente suporte hospitalar.,Nenhum problema
FB0408,AT6979,05/05/2026,SOC204,6,Equipamento necessário não estava disponível.,Falta de equipamento
FB0409,AT1865,11/12/2024,SOC299,6,Espera prolongada para triagem no hospital.,Demora no atendimento
FB0410,AT7329,28/06/2026,SOC271,7,Equipe atuou rapidamente no local.,Nenhum problema
FB0411,AT5662,02/01/2026,SOC177,7,Boa integração entre as equipes.,Nenhum problema
FB0412,AT3895,20/05/2025,SOC295,10,Equipe cordial e atenciosa com o paciente.,Nenhum problema
FB0413,AT6796,14/05/2026,SOC106,7,Atendimento ocorreu sem complicações.,Nenhum problema
FB0414,AT1131,22/09/2024,SOC240,3,Falha no repasse de dados entre equipes.,Falha de comunicação
FB0415,AT1726,13/12/2024,SOC244,1,Paciente não resistiu aos ferimentos.,Morte acidental
FB0416,AT5557,18/12/2025,SOC136,3,Endereço informado estava impreciso.,Falha de comunicação
FB0417,AT2888,25/03/2025,SOC250,10,Equipe demonstrou excelente preparo.,Nenhum problema
FB0418,AT7068,14/06/2026,SOC121,8,Procedimento ocorreu conforme planejado.,Nenhum problema
FB0419,AT4348,09/07/2025,SOC284,9,Comunicação entre socorristas foi boa.,Nenhum problema
FB0420,AT1669,28/12/2024,SOC115,5,Falha no repasse de dados entre equipes.,Falha de comunicação
FB0421,AT4587,26/07/2025,SOC227,1,Paciente sofreu morte acidental no local.,Morte acidental
FB0422,AT4206,18/07/2025,SOC074,8,Ótima triagem e encaminhamento adequado.,Nenhum problema
FB0423,AT5976,25/01/2026,SOC200,9,Ocorrência conduzida com muita competência.,Nenhum problema
FB0424,AT1379,21/11/2024,SOC277,7,Equipe ágil e excelente suporte hospitalar.,Nenhum problema
FB0425,AT3064,28/03/2025,SOC182,8,Procedimento realizado de forma segura.,Nenhum problema
FB0426,AT3309,17/04/2025,SOC247,7,Atendimento excelente do início ao fim.,Nenhum problema
FB0427,AT6832,26/05/2026,SOC193,9,Equipe atuou rapidamente no local.,Nenhum problema
FB0428,AT5476,04/12/2025,SOC073,8,Atendimento rápido e equipe bem preparada.,Nenhum problema
FB0429,AT7362,20/06/2026,SOC287,10,Comunicação entre socorristas foi boa.,Nenhum problema
FB0430,AT1146,23/09/2024,SOC292,2,Gravidade do caso impossibilitou reanimação.,Morte acidental
FB0431,AT1886,09/12/2024,SOC266,3,Houve dificuldade de comunicação com o hospital.,Falha de comunicação
FB0432,AT6924,24/05/2026,SOC014,7,Equipe cordial e atenciosa com o paciente.,Nenhum problema
FB0433,AT0746,05/08/2025,SOC197,6,Faltou equipamento durante o atendimento.,Falta de equipamento
FB0434,AT1797,14/12/2024,SOC185,10,Tempo de resposta foi satisfatório.,Nenhum problema
FB0435,AT4001,17/06/2025,SOC012,5,Endereço informado estava impreciso.,Falha de comunicação
FB0436,AT5588,16/12/2025,SOC065,5,Ambulância sem parte do material necessário.,Falta de equipamento
FB0437,AT2461,28/01/2025,SOC227,7,Equipe demonstrou grande eficiência.,Nenhum problema
FB0438,AT7612,15/08/2026,SOC251,8,Boa integração entre as equipes.,Nenhum problema
FB0439,AT5196,12/10/2025,SOC140,7,Chegada rápida evitou agravamento do quadro.,Nenhum problema
FB0440,AT2149,30/01/2025,SOC050,10,Equipe preparada para situação crítica.,Nenhum problema
FB0441,AT5573,09/12/2025,SOC170,9,Equipe preparada para situação crítica.,Nenhum problema
FB0442,AT3018,26/03/2025,SOC206,10,Ótima triagem e encaminhamento adequado.,Nenhum problema
FB0443,AT4764,17/08/2025,SOC102,7,Equipe preparada para situação crítica.,Nenhum problema
FB0444,AT5111,29/10/2025,SOC166,10,Equipe demonstrou excelente preparo.,Nenhum problema
FB0445,AT3551,06/04/2025,SOC259,1,Óbito constatado apesar dos esforços da equipe.,Morte acidental
FB0446,AT7131,05/06/2026,SOC211,9,Encaminhamento hospitalar foi eficiente.,Nenhum problema
FB0447,AT2916,06/03/2025,SOC213,7,Atendimento rápido e equipe bem preparada.,Nenhum problema
FB0448,AT6255,16/03/2026,SOC013,10,Bom trabalho em equipe durante o socorro.,Nenhum problema
FB0449,AT6066,02/03/2026,SOC005,2,Gravidade do caso impossibilitou reanimação.,Morte acidental
FB0450,AT7047,09/06/2026,SOC274,4,Ambulância sem parte do material necessário.,Falta de equipamento
FB0451,AT0232,08/07/2026,SOC002,9,Chegada rápida evitou agravamento do quadro.,Nenhum problema
FB0452,AT2243,25/01/2025,SOC239,10,Procedimento padrão seguido corretamente.,Nenhum problema
FB0453,AT3187,12/03/2025,SOC158,9,Procedimento realizado de forma segura.,Nenhum problema
FB0454,AT6393,03/03/2026,SOC088,10,Equipe cordial e atenciosa com o paciente.,Nenhum problema
FB0455,AT7298,27/06/2026,SOC077,10,Suporte adequado durante todo o atendimento.,Nenhum problema
FB0456,AT0969,20/07/2026,SOC291,10,Equipe preparada para situação crítica.,Nenhum problema
FB0457,AT2799,27/02/2025,SOC095,5,Falha no repasse de dados entre equipes.,Falha de comunicação
FB0458,AT5107,09/10/2025,SOC141,2,Informações do chamado estavam incompletas.,Falha de comunicação
FB0459,AT3990,12/06/2025,SOC032,9,Equipe ágil e excelente suporte hospitalar.,Nenhum problema
FB0460,AT7377,05/08/2026,SOC245,10,Equipe preparada para situação crítica.,Nenhum problema
FB0461,AT2052,20/12/2024,SOC265,1,Paciente não resistiu aos ferimentos.,Morte acidental
FB0462,AT1244,29/10/2024,SOC161,8,Tempo de resposta foi satisfatório.,Nenhum problema
FB0463,AT3202,21/03/2025,SOC132,7,Ótima triagem e encaminhamento adequado.,Nenhum problema
FB0464,AT3242,23/03/2025,SOC180,7,Procedimento realizado de forma segura.,Nenhum problema
FB0465,AT1485,28/11/2024,SOC097,10,Procedimento padrão seguido corretamente.,Nenhum problema
FB0466,AT3317,23/04/2025,SOC051,8,Tempo de resposta foi satisfatório.,Nenhum problema
FB0467,AT3489,18/04/2025,SOC095,2,Paciente não resistiu aos ferimentos.,Morte acidental
FB0468,AT1997,09/12/2024,SOC060,1,Paciente não resistiu aos ferimentos.,Morte acidental
FB0469,AT7318,15/06/2026,SOC006,7,Equipe demonstrou grande eficiência.,Nenhum problema
FB0470,AT5952,07/01/2026,SOC156,8,Comunicação eficiente durante a ocorrência.,Nenhum problema
FB0471,AT4205,07/07/2025,SOC088,8,"Atendimento tranquilo, sem intercorrências.",Nenhum problema
FB0472,AT1775,08/12/2024,SOC289,6,Demora para liberar leito hospitalar.,Demora no atendimento
FB0473,AT1900,20/12/2024,SOC209,4,Houve dificuldade de comunicação com o hospital.,Falha de comunicação
FB0474,AT0718,06/07/2025,SOC175,3,Demora na regulação do leito hospitalar.,Demora no atendimento
FB0475,AT5685,09/12/2025,SOC145,9,Boa integração entre as equipes.,Nenhum problema
FB0476,AT3770,09/05/2025,SOC294,7,Atendimento excelente do início ao fim.,Nenhum problema
FB0477,AT5866,27/01/2026,SOC058,10,Procedimento padrão seguido corretamente.,Nenhum problema
FB0478,AT7449,21/07/2026,SOC089,8,Ótima triagem e encaminhamento adequado.,Nenhum problema
FB0479,AT1665,22/12/2024,SOC022,10,Equipe atuou rapidamente no local.,Nenhum problema
FB0480,AT7989,04/08/2026,SOC170,8,Ótima triagem e encaminhamento adequado.,Nenhum problema
FB0481,AT2088,19/01/2025,SOC284,6,Equipamento necessário não estava disponível.,Falta de equipamento
FB0482,AT2109,12/01/2025,SOC001,10,Atendimento ocorreu sem complicações.,Nenhum problema
FB0483,AT6548,05/05/2026,SOC249,10,Excelente coordenação entre viatura e hospital.,Nenhum problema
FB0484,AT1121,29/09/2024,SOC145,8,Procedimento padrão seguido corretamente.,Nenhum problema
FB0485,AT6418,18/03/2026,SOC197,7,"Atendimento tranquilo, sem intercorrências.",Nenhum problema
FB0486,AT1322,07/10/2024,SOC145,8,Encaminhamento hospitalar foi eficiente.,Nenhum problema
FB0487,AT1773,01/01/2025,SOC285,8,Procedimento ocorreu conforme planejado.,Nenhum problema
FB0488,AT4292,04/07/2025,SOC226,7,Boa integração entre as equipes.,Nenhum problema
FB0489,AT6002,19/01/2026,SOC002,7,Equipe ágil e excelente suporte hospitalar.,Nenhum problema
FB0490,AT7404,09/07/2026,SOC154,1,Gravidade do caso impossibilitou reanimação.,Morte acidental
FB0491,AT3875,24/05/2025,SOC143,10,Comunicação entre socorristas foi boa.,Nenhum problema
FB0492,AT4824,09/08/2025,SOC255,10,Tempo de resposta foi satisfatório.,Nenhum problema
FB0493,AT7772,31/08/2026,SOC269,7,Atendimento excelente do início ao fim.,Nenhum problema
FB0494,AT0801,13/09/2025,SOC278,5,Ambulância sem parte do material necessário.,Falta de equipamento
FB0495,AT7886,09/08/2026,SOC263,9,"Atendimento tranquilo, sem intercorrências.",Nenhum problema
FB0496,AT1682,21/12/2024,SOC083,5,Informações do chamado estavam incompletas.,Falha de comunicação
FB0497,AT3498,17/04/2025,SOC148,2,Gravidade do caso impossibilitou reanimação.,Morte acidental
FB0498,AT3521,07/04/2025,SOC279,10,Encaminhamento hospitalar foi eficiente.,Nenhum problema
FB0499,AT3168,02/03/2025,SOC151,9,Equipe demonstrou excelente preparo.,Nenhum problema
FB0500,AT7533,29/07/2026,SOC114,9,Equipe demonstrou excelente preparo.,Nenhum problema
FB0501,AT6699,06/04/2026,SOC172,9,Boa integração entre as equipes.,Nenhum problema
FB0502,AT1324,27/10/2024,SOC200,2,Gravidade do caso impossibilitou reanimação.,Morte acidental
FB0503,AT1924,26/12/2024,SOC201,7,Comunicação eficiente durante a ocorrência.,Nenhum problema
FB0504,AT0616,28/04/2025,SOC219,5,Comunicação com a central apresentou ruído.,Falha de comunicação
FB0505,AT3204,03/03/2025,SOC264,10,Atendimento rápido e organizado.,Nenhum problema
FB0506,AT5962,17/01/2026,SOC274,6,Faltou equipamento durante o atendimento.,Falta de equipamento
FB0507,AT1787,16/12/2024,SOC173,8,Resposta rápida e comunicação clara.,Nenhum problema
FB0508,AT5095,20/10/2025,SOC083,5,Houve dificuldade de comunicação com o hospital.,Falha de comunicação
FB0509,AT4203,13/07/2025,SOC202,8,Atendimento organizado e seguro.,Nenhum problema
FB0510,AT7575,22/07/2026,SOC106,8,"Atendimento tranquilo, sem intercorrências.",Nenhum problema
FB0511,AT7544,19/07/2026,SOC019,10,Equipe demonstrou excelente preparo.,Nenhum problema
FB0512,AT0308,17/07/2026,SOC174,7,Atendimento organizado e seguro.,Nenhum problema
FB0513,AT2265,12/01/2025,SOC292,10,Comunicação eficiente durante a ocorrência.,Nenhum problema
FB0514,AT6341,09/03/2026,SOC112,10,Ocorrência conduzida com muita competência.,Nenhum problema
FB0515,AT6205,22/03/2026,SOC287,10,Boa integração entre as equipes.,Nenhum problema
FB0516,AT7680,29/08/2026,SOC129,7,Equipe ágil e excelente suporte hospitalar.,Nenhum problema
FB0517,AT1398,12/11/2024,SOC259,10,Encaminhamento hospitalar foi eficiente.,Nenhum problema
FB0518,AT3701,08/05/2025,SOC219,6,Houve pequena demora para localizar o hospital.,Demora no atendimento
FB0519,AT1158,16/09/2024,SOC018,7,Equipe ágil e excelente suporte hospitalar.,Nenhum problema
FB0520,AT7258,14/06/2026,SOC193,8,Paciente estabilizado rapidamente pela equipe.,Nenhum problema
FB0521,AT0767,01/09/2025,SOC231,10,Boa integração entre as equipes.,Nenhum problema
FB0522,AT6284,02/03/2026,SOC207,8,Bom trabalho em equipe durante o socorro.,Nenhum problema
FB0523,AT5511,28/11/2025,SOC276,5,Kit de emergência incompleto na viatura.,Falta de equipamento
FB0524,AT5797,09/12/2025,SOC214,4,Faltou equipamento durante o atendimento.,Falta de equipamento
FB0525,AT5837,18/12/2025,SOC179,7,Equipe atuou rapidamente no local.,Nenhum problema
FB0526,AT4086,18/06/2025,SOC141,4,Houve dificuldade de comunicação com o hospital.,Falha de comunicação
FB0527,AT3486,25/04/2025,SOC198,2,Paciente não resistiu aos ferimentos.,Morte acidental
FB0528,AT2541,28/01/2025,SOC185,5,Comunicação com a central apresentou ruído.,Falha de comunicação
FB0529,AT3627,21/05/2025,SOC231,6,Falta de insumo básico dificultou o procedimento.,Falta de equipamento
FB0530,AT4164,06/06/2025,SOC089,7,Atendimento organizado e seguro.,Nenhum problema
FB0531,AT1625,23/12/2024,SOC034,5,Falta de insumo básico dificultou o procedimento.,Falta de equipamento
FB0532,AT3002,19/03/2025,SOC138,9,Resposta rápida e comunicação clara.,Nenhum problema
FB0533,AT1077,09/09/2024,SOC239,10,Comunicação entre socorristas foi boa.,Nenhum problema
FB0534,AT3908,31/05/2025,SOC080,7,Atendimento rápido e organizado.,Nenhum problema
FB0535,AT1679,01/01/2025,SOC211,10,Resposta rápida e comunicação clara.,Nenhum problema
FB0536,AT1065,20/09/2024,SOC003,9,Procedimento padrão seguido corretamente.,Nenhum problema
FB0537,AT7959,04/08/2026,SOC053,1,Paciente sofreu morte acidental no local.,Morte acidental
FB0538,AT1613,15/11/2024,SOC165,6,Kit de emergência incompleto na viatura.,Falta de equipamento
FB0539,AT2965,17/03/2025,SOC074,7,Atendimento rápido e organizado.,Nenhum problema
FB0540,AT3530,02/05/2025,SOC160,8,Boa integração entre as equipes.,Nenhum problema
FB0541,AT7572,10/07/2026,SOC188,7,Excelente coordenação entre viatura e hospital.,Nenhum problema
FB0542,AT5561,28/12/2025,SOC216,3,Comunicação com a central apresentou ruído.,Falha de comunicação
FB0543,AT1949,10/12/2024,SOC286,4,Falha no repasse de dados entre equipes.,Falha de comunicação
FB0544,AT0575,26/03/2025,SOC155,10,Comunicação entre socorristas foi boa.,Nenhum problema
FB0545,AT4147,23/06/2025,SOC032,2,Falha no repasse de dados entre equipes.,Falha de comunicação
FB0546,AT6727,02/06/2026,SOC289,7,Chegada rápida evitou agravamento do quadro.,Nenhum problema
FB0547,AT4098,25/06/2025,SOC268,3,Comunicação com a central apresentou ruído.,Falha de comunicação
FB0548,AT5173,27/10/2025,SOC092,9,Comunicação entre socorristas foi boa.,Nenhum problema
FB0549,AT7668,16/08/2026,SOC141,2,Paciente sofreu morte acidental no local.,Morte acidental
FB0550,AT4886,18/09/2025,SOC043,2,Paciente sofreu morte acidental no local.,Morte acidental
FB0551,AT7772,31/08/2026,SOC129,8,Atendimento rápido e organizado.,Nenhum problema
FB0552,AT6039,26/02/2026,SOC145,10,Boa integração entre as equipes.,Nenhum problema
FB0553,AT4465,14/07/2025,SOC078,8,Comunicação eficiente durante a ocorrência.,Nenhum problema
FB0554,AT3743,14/05/2025,SOC182,2,Houve dificuldade de comunicação com o hospital.,Falha de comunicação
FB0555,AT7655,28/08/2026,SOC068,3,Tempo de deslocamento acima do esperado.,Demora no atendimento
FB0556,AT4589,06/07/2025,SOC297,7,Resposta rápida e comunicação clara.,Nenhum problema
FB0557,AT7416,15/07/2026,SOC214,5,Falta de insumo básico dificultou o procedimento.,Falta de equipamento
FB0558,AT2065,31/12/2024,SOC192,9,Comunicação entre socorristas foi boa.,Nenhum problema
FB0559,AT1831,10/12/2024,SOC290,5,Faltou equipamento durante o atendimento.,Falta de equipamento
FB0560,AT4959,18/09/2025,SOC258,8,Comunicação entre socorristas foi boa.,Nenhum problema
FB0561,AT2331,20/01/2025,SOC288,2,Gravidade do caso impossibilitou reanimação.,Morte acidental
FB0562,AT6154,22/02/2026,SOC012,5,Ocorrência apresentou atraso significativo.,Demora no atendimento
FB0563,AT6164,09/02/2026,SOC041,7,Equipe demonstrou grande eficiência.,Nenhum problema
FB0564,AT4398,06/07/2025,SOC110,5,Houve dificuldade de comunicação com o hospital.,Falha de comunicação
FB0565,AT7235,06/06/2026,SOC009,6,Houve pequena demora para localizar o hospital.,Demora no atendimento
FB0566,AT7482,04/07/2026,SOC159,7,Comunicação entre socorristas foi boa.,Nenhum problema
FB0567,AT0451,13/11/2024,SOC233,3,Fila no pronto-socorro atrasou o atendimento.,Demora no atendimento
FB0568,AT7514,05/07/2026,SOC219,8,Atendimento ocorreu sem complicações.,Nenhum problema
FB0569,AT5802,03/01/2026,SOC222,10,Suporte adequado durante todo o atendimento.,Nenhum problema
FB0570,AT4280,09/07/2025,SOC048,5,Faltou equipamento durante o atendimento.,Falta de equipamento
FB0571,AT5178,19/10/2025,SOC107,7,Ótima triagem e encaminhamento adequado.,Nenhum problema
FB0572,AT7046,05/06/2026,SOC253,1,Paciente não resistiu aos ferimentos.,Morte acidental
FB0573,AT2233,21/01/2025,SOC251,8,Atendimento organizado e seguro.,Nenhum problema
FB0574,AT0181,18/07/2026,SOC258,9,Encaminhamento hospitalar foi eficiente.,Nenhum problema
FB0575,AT4533,29/07/2025,SOC161,5,Equipamento necessário não estava disponível.,Falta de equipamento
FB0576,AT4905,03/09/2025,SOC191,2,Óbito constatado apesar dos esforços da equipe.,Morte acidental
FB0577,AT6063,04/02/2026,SOC204,9,Excelente coordenação entre viatura e hospital.,Nenhum problema
FB0578,AT7398,22/07/2026,SOC177,10,Equipe cordial e atenciosa com o paciente.,Nenhum problema
FB0579,AT2045,24/12/2024,SOC050,1,Óbito constatado apesar dos esforços da equipe.,Morte acidental
FB0580,AT1842,02/01/2025,SOC276,8,Suporte adequado durante todo o atendimento.,Nenhum problema
FB0581,AT4867,25/09/2025,SOC067,7,Boa integração entre as equipes.,Nenhum problema
FB0582,AT0633,12/05/2025,SOC291,10,Atendimento excelente do início ao fim.,Nenhum problema
FB0583,AT1566,08/11/2024,SOC143,8,Equipe atuou rapidamente no local.,Nenhum problema
FB0584,AT1189,17/10/2024,SOC129,7,Encaminhamento hospitalar foi eficiente.,Nenhum problema
FB0585,AT1050,27/09/2024,SOC050,1,Gravidade do caso impossibilitou reanimação.,Morte acidental
FB0586,AT3950,08/05/2025,SOC178,7,Suporte adequado durante todo o atendimento.,Nenhum problema
FB0587,AT6513,09/04/2026,SOC055,8,Equipe ágil e excelente suporte hospitalar.,Nenhum problema
FB0588,AT5917,15/01/2026,SOC261,10,Procedimento padrão seguido corretamente.,Nenhum problema
FB0589,AT6238,11/03/2026,SOC219,10,Procedimento realizado de forma segura.,Nenhum problema
FB0590,AT3563,10/04/2025,SOC208,10,Comunicação entre socorristas foi boa.,Nenhum problema
FB0591,AT2012,27/12/2024,SOC170,10,Equipe demonstrou grande eficiência.,Nenhum problema
FB0592,AT4467,01/08/2025,SOC286,8,Equipe atuou rapidamente no local.,Nenhum problema
FB0593,AT3095,02/04/2025,SOC160,5,Falha no repasse de dados entre equipes.,Falha de comunicação
FB0594,AT3562,06/04/2025,SOC067,1,Gravidade do caso impossibilitou reanimação.,Morte acidental
FB0595,AT3052,20/03/2025,SOC077,5,Demora para liberar leito hospitalar.,Demora no atendimento
FB0596,AT3885,11/05/2025,SOC273,9,Equipe ágil e excelente suporte hospitalar.,Nenhum problema
FB0597,AT2037,18/12/2024,SOC009,6,Fila no pronto-socorro atrasou o atendimento.,Demora no atendimento
FB0598,AT7245,22/06/2026,SOC271,10,Equipe atuou rapidamente no local.,Nenhum problema
FB0599,AT0094,31/03/2026,SOC014,6,Falta de insumo básico dificultou o procedimento.,Falta de equipamento
FB0600,AT0897,19/01/2026,SOC297,7,Demora na regulação do leito hospitalar.,Demora no atendimento
FB0601,AT6846,29/05/2026,SOC085,7,Procedimento ocorreu conforme planejado.,Nenhum problema
FB0602,AT7800,25/08/2026,SOC172,9,Bom trabalho em equipe durante o socorro.,Nenhum problema
FB0603,AT7587,03/07/2026,SOC225,5,Informações do chamado estavam incompletas.,Falha de comunicação
FB0604,AT1319,15/10/2024,SOC139,2,Comunicação com a central apresentou ruído.,Falha de comunicação
FB0605,AT6700,20/04/2026,SOC215,7,Suporte adequado durante todo o atendimento.,Nenhum problema
FB0606,AT1394,18/11/2024,SOC293,7,Equipe atuou rapidamente no local.,Nenhum problema
FB0607,AT5837,19/12/2025,SOC135,9,Atendimento rápido e organizado.,Nenhum problema
FB0608,AT7754,20/08/2026,SOC300,8,Paciente estabilizado rapidamente pela equipe.,Nenhum problema
FB0609,AT6159,18/02/2026,SOC298,10,Bom trabalho em equipe durante o socorro.,Nenhum problema
FB0610,AT7890,04/08/2026,SOC299,1,Paciente sofreu morte acidental no local.,Morte acidental
FB0611,AT6309,28/03/2026,SOC103,10,Equipe atuou rapidamente no local.,Nenhum problema
FB0612,AT7494,25/07/2026,SOC275,6,Ocorrência apresentou atraso significativo.,Demora no atendimento
FB0613,AT4276,16/07/2025,SOC171,9,Excelente coordenação entre viatura e hospital.,Nenhum problema
FB0614,AT5982,13/01/2026,SOC203,9,Equipe atuou rapidamente no local.,Nenhum problema
FB0615,AT3569,18/04/2025,SOC217,8,Resposta rápida e comunicação clara.,Nenhum problema
FB0616,AT7279,11/06/2026,SOC035,2,Gravidade do caso impossibilitou reanimação.,Morte acidental
FB0617,AT6307,11/03/2026,SOC254,10,Procedimento ocorreu conforme planejado.,Nenhum problema
FB0618,AT5258,26/10/2025,SOC152,7,Equipe demonstrou grande eficiência.,Nenhum problema
FB0619,AT7232,05/06/2026,SOC160,7,Boa integração entre as equipes.,Nenhum problema
FB0620,AT7856,28/08/2026,SOC198,9,Procedimento ocorreu conforme planejado.,Nenhum problema
FB0621,AT0707,08/06/2025,SOC104,8,Comunicação eficiente durante a ocorrência.,Nenhum problema
FB0622,AT7754,19/08/2026,SOC102,3,Informações do chamado estavam incompletas.,Falha de comunicação
FB0623,AT5150,13/10/2025,SOC084,8,Comunicação entre socorristas foi boa.,Nenhum problema
FB0624,AT5337,10/10/2025,SOC229,10,Encaminhamento hospitalar foi eficiente.,Nenhum problema
FB0625,AT7399,02/08/2026,SOC060,1,Paciente não resistiu aos ferimentos.,Morte acidental
FB0626,AT0237,07/08/2026,SOC071,9,Boa integração entre as equipes.,Nenhum problema
FB0627,AT2060,15/12/2024,SOC122,3,Tempo de deslocamento acima do esperado.,Demora no atendimento
FB0628,AT0581,29/03/2025,SOC084,10,Chegada rápida evitou agravamento do quadro.,Nenhum problema
FB0629,AT2929,12/03/2025,SOC156,7,Ocorrência apresentou atraso significativo.,Demora no atendimento
FB0630,AT5269,29/10/2025,SOC251,7,Equipe cordial e atenciosa com o paciente.,Nenhum problema
FB0631,AT4072,21/06/2025,SOC108,2,Paciente sofreu morte acidental no local.,Morte acidental
FB0632,AT2806,12/02/2025,SOC131,6,Ambulância sem parte do material necessário.,Falta de equipamento
FB0633,AT7017,27/06/2026,SOC093,7,Ótima triagem e encaminhamento adequado.,Nenhum problema
FB0634,AT4156,18/06/2025,SOC064,7,Equipe atuou rapidamente no local.,Nenhum problema
FB0635,AT4996,03/10/2025,SOC122,6,Falta de insumo básico dificultou o procedimento.,Falta de equipamento
FB0636,AT1719,11/12/2024,SOC122,10,Ótima triagem e encaminhamento adequado.,Nenhum problema
FB0637,AT2671,03/02/2025,SOC111,10,Encaminhamento hospitalar foi eficiente.,Nenhum problema
FB0638,AT2203,07/01/2025,SOC057,10,Boa integração entre as equipes.,Nenhum problema
FB0639,AT5687,08/12/2025,SOC033,9,Equipe cordial e atenciosa com o paciente.,Nenhum problema
FB0640,AT3804,03/05/2025,SOC110,2,Óbito constatado apesar dos esforços da equipe.,Morte acidental
FB0641,AT7403,12/07/2026,SOC127,7,Demora para liberar leito hospitalar.,Demora no atendimento
FB0642,AT7961,16/08/2026,SOC240,7,Equipe demonstrou grande eficiência.,Nenhum problema
FB0643,AT6726,20/05/2026,SOC144,2,Paciente sofreu morte acidental no local.,Morte acidental
FB0644,AT2874,29/03/2025,SOC031,10,Atendimento rápido e equipe bem preparada.,Nenhum problema
FB0645,AT5207,29/10/2025,SOC275,6,Demora na regulação do leito hospitalar.,Demora no atendimento
FB0646,AT6368,25/03/2026,SOC077,10,Comunicação eficiente durante a ocorrência.,Nenhum problema
FB0647,AT1235,25/10/2024,SOC074,9,Equipe atuou rapidamente no local.,Nenhum problema
FB0648,AT4696,04/08/2025,SOC227,7,Suporte adequado durante todo o atendimento.,Nenhum problema
FB0649,AT6885,08/05/2026,SOC197,7,Procedimento realizado de forma segura.,Nenhum problema
FB0650,AT4269,27/07/2025,SOC276,1,Paciente não resistiu aos ferimentos.,Morte acidental
FB0651,AT1493,12/11/2024,SOC165,4,Kit de emergência incompleto na viatura.,Falta de equipamento
FB0652,AT1647,03/12/2024,SOC203,6,Atendimento adequado apesar da espera.,Demora no atendimento
FB0653,AT5948,16/01/2026,SOC268,4,Falta de insumo básico dificultou o procedimento.,Falta de equipamento
FB0654,AT6939,01/06/2026,SOC143,5,Houve dificuldade de comunicação com o hospital.,Falha de comunicação
FB0655,AT5749,11/12/2025,SOC144,7,Paciente estabilizado rapidamente pela equipe.,Nenhum problema
FB0656,AT6193,04/03/2026,SOC068,3,Falha no repasse de dados entre equipes.,Falha de comunicação
FB0657,AT6043,20/02/2026,SOC080,8,Suporte adequado durante todo o atendimento.,Nenhum problema
FB0658,AT7075,21/06/2026,SOC189,1,Óbito constatado apesar dos esforços da equipe.,Morte acidental
FB0659,AT6946,23/05/2026,SOC157,7,Comunicação eficiente durante a ocorrência.,Nenhum problema
FB0660,AT3835,23/05/2025,SOC117,6,Espera prolongada para triagem no hospital.,Demora no atendimento
FB0661,AT3856,27/05/2025,SOC069,7,Bom trabalho em equipe durante o socorro.,Nenhum problema
FB0662,AT6614,17/04/2026,SOC078,4,Tempo de deslocamento acima do esperado.,Demora no atendimento
FB0663,AT1732,19/12/2024,SOC084,8,Procedimento ocorreu conforme planejado.,Nenhum problema
FB0664,AT7781,01/08/2026,SOC195,4,Fila no pronto-socorro atrasou o atendimento.,Demora no atendimento
FB0665,AT5977,14/01/2026,SOC129,10,Encaminhamento hospitalar foi eficiente.,Nenhum problema
FB0666,AT6405,03/03/2026,SOC168,10,Suporte adequado durante todo o atendimento.,Nenhum problema
FB0667,AT6591,03/04/2026,SOC236,7,Excelente coordenação entre viatura e hospital.,Nenhum problema
FB0668,AT6531,29/04/2026,SOC058,4,Ambulância sem parte do material necessário.,Falta de equipamento
FB0669,AT4681,01/08/2025,SOC054,2,Paciente sofreu morte acidental no local.,Morte acidental
FB0670,AT1587,12/11/2024,SOC018,7,Equipe preparada para situação crítica.,Nenhum problema
FB0671,AT7776,29/08/2026,SOC084,10,Boa integração entre as equipes.,Nenhum problema
FB0672,AT4743,12/08/2025,SOC113,8,Boa integração entre as equipes.,Nenhum problema
FB0673,AT4975,13/09/2025,SOC063,8,Procedimento padrão seguido corretamente.,Nenhum problema
FB0674,AT3263,15/03/2025,SOC107,8,Resposta rápida e comunicação clara.,Nenhum problema
FB0675,AT6268,19/03/2026,SOC068,9,Atendimento rápido e equipe bem preparada.,Nenhum problema
FB0676,AT7001,27/05/2026,SOC010,7,"Atendimento tranquilo, sem intercorrências.",Nenhum problema
FB0677,AT5835,31/12/2025,SOC108,10,Equipe preparada para situação crítica.,Nenhum problema
FB0678,AT4940,03/10/2025,SOC272,9,Procedimento realizado de forma segura.,Nenhum problema
FB0679,AT7844,14/08/2026,SOC235,8,Equipe preparada para situação crítica.,Nenhum problema
FB0680,AT7163,28/06/2026,SOC073,1,Paciente não resistiu aos ferimentos.,Morte acidental
FB0681,AT3108,28/03/2025,SOC136,9,Excelente coordenação entre viatura e hospital.,Nenhum problema
FB0682,AT7377,01/08/2026,SOC131,8,Procedimento ocorreu conforme planejado.,Nenhum problema
FB0683,AT0999,05/08/2026,SOC069,7,Encaminhamento hospitalar foi eficiente.,Nenhum problema
FB0684,AT1654,05/12/2024,SOC207,5,Houve dificuldade de comunicação com o hospital.,Falha de comunicação
FB0685,AT0353,24/06/2026,SOC275,7,Resposta rápida e comunicação clara.,Nenhum problema
FB0686,AT0858,27/11/2025,SOC259,3,Tempo de deslocamento acima do esperado.,Demora no atendimento
FB0687,AT0721,19/07/2025,SOC198,2,Falha no repasse de dados entre equipes.,Falha de comunicação
FB0688,AT7615,06/08/2026,SOC170,8,Bom trabalho em equipe durante o socorro.,Nenhum problema
FB0689,AT3173,01/03/2025,SOC094,2,Paciente sofreu morte acidental no local.,Morte acidental
FB0690,AT2439,07/01/2025,SOC187,5,Ambulância sem parte do material necessário.,Falta de equipamento
FB0691,AT2303,21/01/2025,SOC169,5,Falha no repasse de dados entre equipes.,Falha de comunicação
FB0692,AT7032,22/06/2026,SOC097,3,Endereço informado estava impreciso.,Falha de comunicação
FB0693,AT7225,22/06/2026,SOC058,10,Equipe ágil e excelente suporte hospitalar.,Nenhum problema
FB0694,AT5007,25/09/2025,SOC275,10,Bom trabalho em equipe durante o socorro.,Nenhum problema
FB0695,AT5369,13/11/2025,SOC202,7,Atendimento rápido e organizado.,Nenhum problema
FB0696,AT6366,28/03/2026,SOC079,9,Equipe demonstrou excelente preparo.,Nenhum problema
FB0697,AT2613,20/02/2025,SOC072,9,Atendimento organizado e seguro.,Nenhum problema
FB0698,AT6959,16/05/2026,SOC234,5,Ambulância sem parte do material necessário.,Falta de equipamento
FB0699,AT4331,29/07/2025,SOC019,8,Tempo de resposta foi satisfatório.,Nenhum problema
FB0700,AT5651,17/12/2025,SOC292,7,Boa integração entre as equipes.,Nenhum problema
FB0701,AT4103,29/06/2025,SOC062,8,Bom trabalho em equipe durante o socorro.,Nenhum problema
FB0702,AT1720,18/12/2024,SOC061,9,Equipe preparada para situação crítica.,Nenhum problema
FB0703,AT6319,27/03/2026,SOC265,4,Equipamento necessário não estava disponível.,Falta de equipamento
FB0704,AT3982,14/06/2025,SOC198,5,Ambulância sem parte do material necessário.,Falta de equipamento
FB0705,AT1538,12/11/2024,SOC039,8,Ótima triagem e encaminhamento adequado.,Nenhum problema
FB0706,AT6136,25/02/2026,SOC280,9,Comunicação eficiente durante a ocorrência.,Nenhum problema
FB0707,AT4505,23/07/2025,SOC234,10,Tempo de resposta foi satisfatório.,Nenhum problema
FB0708,AT3518,13/04/2025,SOC117,10,Atendimento organizado e seguro.,Nenhum problema
FB0709,AT4105,12/06/2025,SOC152,8,Equipe demonstrou grande eficiência.,Nenhum problema
FB0710,AT2366,31/01/2025,SOC277,7,Suporte adequado durante todo o atendimento.,Nenhum problema
FB0711,AT0585,13/04/2025,SOC275,1,Gravidade do caso impossibilitou reanimação.,Morte acidental
FB0712,AT6601,16/04/2026,SOC064,7,Atendimento rápido e equipe bem preparada.,Nenhum problema
FB0713,AT0743,14/08/2025,SOC028,1,Gravidade do caso impossibilitou reanimação.,Morte acidental
FB0714,AT1589,26/11/2024,SOC258,10,Atendimento rápido e organizado.,Nenhum problema
FB0715,AT4156,20/06/2025,SOC029,9,Equipe cordial e atenciosa com o paciente.,Nenhum problema
FB0716,AT3585,26/04/2025,SOC293,2,Houve dificuldade de comunicação com o hospital.,Falha de comunicação
FB0717,AT4211,28/07/2025,SOC183,7,Equipe ágil e excelente suporte hospitalar.,Nenhum problema
FB0718,AT6974,02/06/2026,SOC202,9,Excelente coordenação entre viatura e hospital.,Nenhum problema
FB0719,AT7812,28/08/2026,SOC027,6,Kit de emergência incompleto na viatura.,Falta de equipamento
FB0720,AT3587,21/04/2025,SOC261,4,Atendimento adequado apesar da espera.,Demora no atendimento
FB0721,AT7828,27/08/2026,SOC061,1,Paciente não resistiu aos ferimentos.,Morte acidental
FB0722,AT1159,23/09/2024,SOC174,9,Ocorrência conduzida com muita competência.,Nenhum problema
FB0723,AT0662,18/05/2025,SOC249,7,Atendimento rápido e equipe bem preparada.,Nenhum problema
FB0724,AT5834,07/12/2025,SOC146,7,Excelente coordenação entre viatura e hospital.,Nenhum problema
FB0725,AT0672,29/06/2025,SOC276,1,Paciente sofreu morte acidental no local.,Morte acidental
FB0726,AT1709,20/12/2024,SOC300,8,Chegada rápida evitou agravamento do quadro.,Nenhum problema
FB0727,AT2201,11/01/2025,SOC164,3,Informações do chamado estavam incompletas.,Falha de comunicação
FB0728,AT7359,21/06/2026,SOC125,10,Bom trabalho em equipe durante o socorro.,Nenhum problema
FB0729,AT2730,09/02/2025,SOC199,10,Procedimento ocorreu conforme planejado.,Nenhum problema
FB0730,AT5007,24/09/2025,SOC238,7,Comunicação eficiente durante a ocorrência.,Nenhum problema
FB0731,AT1817,06/12/2024,SOC235,4,Ambulância sem parte do material necessário.,Falta de equipamento
FB0732,AT1923,07/12/2024,SOC047,5,Fila no pronto-socorro atrasou o atendimento.,Demora no atendimento
FB0733,AT4443,09/07/2025,SOC081,5,Kit de emergência incompleto na viatura.,Falta de equipamento
FB0734,AT7066,17/06/2026,SOC064,3,Tempo de deslocamento acima do esperado.,Demora no atendimento
FB0735,AT6356,19/03/2026,SOC285,9,"Atendimento tranquilo, sem intercorrências.",Nenhum problema
FB0736,AT4523,31/07/2025,SOC142,9,Resposta rápida e comunicação clara.,Nenhum problema
FB0737,AT5923,05/01/2026,SOC070,9,Excelente coordenação entre viatura e hospital.,Nenhum problema
FB0738,AT6038,12/02/2026,SOC162,1,Óbito constatado apesar dos esforços da equipe.,Morte acidental
FB0739,AT4207,05/07/2025,SOC021,7,Equipe atuou rapidamente no local.,Nenhum problema
FB0740,AT2691,05/02/2025,SOC120,9,Bom trabalho em equipe durante o socorro.,Nenhum problema
FB0741,AT2753,21/02/2025,SOC046,2,Endereço informado estava impreciso.,Falha de comunicação
FB0742,AT7596,01/08/2026,SOC064,8,"Atendimento tranquilo, sem intercorrências.",Nenhum problema
FB0743,AT3307,07/04/2025,SOC243,5,Falta de insumo básico dificultou o procedimento.,Falta de equipamento
FB0744,AT4198,01/07/2025,SOC131,7,Tempo de resposta foi satisfatório.,Nenhum problema
FB0745,AT0866,24/11/2025,SOC265,4,Houve espera moderada no hospital.,Demora no atendimento
FB0746,AT6189,07/03/2026,SOC267,10,Excelente coordenação entre viatura e hospital.,Nenhum problema
FB0747,AT6194,01/03/2026,SOC068,2,Paciente sofreu morte acidental no local.,Morte acidental
FB0748,AT6123,14/02/2026,SOC221,5,Faltou equipamento durante o atendimento.,Falta de equipamento
FB0749,AT4424,24/07/2025,SOC180,8,Ótima triagem e encaminhamento adequado.,Nenhum problema
FB0750,AT7688,26/08/2026,SOC182,8,Equipe demonstrou grande eficiência.,Nenhum problema
FB0751,AT5044,14/09/2025,SOC072,10,Suporte adequado durante todo o atendimento.,Nenhum problema
FB0752,AT2124,08/01/2025,SOC202,4,Atendimento adequado apesar da espera.,Demora no atendimento
FB0753,AT5160,08/10/2025,SOC035,4,Informações do chamado estavam incompletas.,Falha de comunicação
FB0754,AT3771,14/05/2025,SOC016,8,Atendimento ocorreu sem complicações.,Nenhum problema
FB0755,AT1994,27/12/2024,SOC130,4,Comunicação com a central apresentou ruído.,Falha de comunicação
FB0756,AT1622,02/01/2025,SOC240,4,Trânsito prejudicou o tempo de chegada.,Demora no atendimento
FB0757,AT0270,18/06/2026,SOC223,8,Atendimento rápido e organizado.,Nenhum problema
FB0758,AT4435,23/07/2025,SOC005,7,Espera prolongada para triagem no hospital.,Demora no atendimento
FB0759,AT2561,13/02/2025,SOC226,5,Houve pequena demora para localizar o hospital.,Demora no atendimento
FB0760,AT0732,15/07/2025,SOC136,5,Ocorrência apresentou atraso significativo.,Demora no atendimento
FB0761,AT0840,15/11/2025,SOC161,4,Faltou equipamento durante o atendimento.,Falta de equipamento
FB0762,AT7321,25/06/2026,SOC128,10,Procedimento padrão seguido corretamente.,Nenhum problema
FB0763,AT6311,10/03/2026,SOC242,8,Atendimento ocorreu sem complicações.,Nenhum problema
FB0764,AT4033,05/06/2025,SOC271,4,Ambulância sem parte do material necessário.,Falta de equipamento
FB0765,AT7797,13/08/2026,SOC278,10,Boa integração entre as equipes.,Nenhum problema
FB0766,AT4822,23/08/2025,SOC212,9,Comunicação eficiente durante a ocorrência.,Nenhum problema
FB0767,AT5328,22/10/2025,SOC212,10,Procedimento padrão seguido corretamente.,Nenhum problema
FB0768,AT2575,12/02/2025,SOC112,8,Tempo de resposta foi satisfatório.,Nenhum problema
FB0769,AT0006,17/02/2026,SOC071,9,Equipe demonstrou grande eficiência.,Nenhum problema
FB0770,AT4967,23/09/2025,SOC045,10,Equipe cordial e atenciosa com o paciente.,Nenhum problema
FB0771,AT6264,30/03/2026,SOC040,7,Paciente estabilizado rapidamente pela equipe.,Nenhum problema
FB0772,AT6549,15/04/2026,SOC041,6,Demora na regulação do leito hospitalar.,Demora no atendimento
FB0773,AT6157,03/02/2026,SOC299,7,Chegada rápida evitou agravamento do quadro.,Nenhum problema
FB0774,AT1775,04/12/2024,SOC038,9,Equipe demonstrou excelente preparo.,Nenhum problema
FB0775,AT4194,13/06/2025,SOC275,4,Informações do chamado estavam incompletas.,Falha de comunicação
FB0776,AT1106,07/09/2024,SOC170,4,Falha no repasse de dados entre equipes.,Falha de comunicação
FB0777,AT7294,16/06/2026,SOC151,5,Equipamento necessário não estava disponível.,Falta de equipamento
FB0778,AT1561,25/11/2024,SOC061,8,Bom trabalho em equipe durante o socorro.,Nenhum problema
FB0779,AT2325,03/01/2025,SOC299,10,Atendimento organizado e seguro.,Nenhum problema
FB0780,AT6658,05/04/2026,SOC058,10,Ocorrência conduzida com muita competência.,Nenhum problema
FB0781,AT1835,03/12/2024,SOC291,7,Equipe ágil e excelente suporte hospitalar.,Nenhum problema
FB0782,AT7271,06/06/2026,SOC179,4,Equipamento necessário não estava disponível.,Falta de equipamento
FB0783,AT5935,29/01/2026,SOC152,4,Equipamento necessário não estava disponível.,Falta de equipamento
FB0784,AT6304,08/03/2026,SOC058,7,Excelente coordenação entre viatura e hospital.,Nenhum problema
FB0785,AT3709,21/05/2025,SOC180,7,Atendimento ocorreu sem complicações.,Nenhum problema
FB0786,AT6777,15/05/2026,SOC275,6,Fila no pronto-socorro atrasou o atendimento.,Demora no atendimento
FB0787,AT7231,30/06/2026,SOC200,9,Atendimento rápido e equipe bem preparada.,Nenhum problema
FB0788,AT2476,31/01/2025,SOC147,1,Paciente sofreu morte acidental no local.,Morte acidental
FB0789,AT6906,26/05/2026,SOC009,8,Equipe cordial e atenciosa com o paciente.,Nenhum problema
FB0790,AT1103,21/09/2024,SOC091,8,Procedimento padrão seguido corretamente.,Nenhum problema
FB0791,AT0601,20/04/2025,SOC083,4,Houve pequena demora para localizar o hospital.,Demora no atendimento
FB0792,AT3101,25/03/2025,SOC299,10,"Atendimento tranquilo, sem intercorrências.",Nenhum problema
FB0793,AT2393,08/01/2025,SOC134,7,Bom trabalho em equipe durante o socorro.,Nenhum problema
FB0794,AT7596,03/08/2026,SOC297,9,Ocorrência conduzida com muita competência.,Nenhum problema
FB0795,AT7562,30/07/2026,SOC257,10,Procedimento realizado de forma segura.,Nenhum problema
FB0796,AT4890,28/09/2025,SOC176,9,Procedimento realizado de forma segura.,Nenhum problema
FB0797,AT5874,26/01/2026,SOC237,10,Bom trabalho em equipe durante o socorro.,Nenhum problema
FB0798,AT3036,31/03/2025,SOC084,7,Atendimento rápido e organizado.,Nenhum problema
FB0799,AT4691,04/08/2025,SOC119,9,Tempo de resposta foi satisfatório.,Nenhum problema
FB0800,AT0359,07/05/2026,SOC264,7,Equipe demonstrou grande eficiência.,Nenhum problema
FB0801,AT2449,14/01/2025,SOC231,4,Faltou equipamento durante o atendimento.,Falta de equipamento
FB0802,AT2473,01/02/2025,SOC213,8,Atendimento rápido e organizado.,Nenhum problema
FB0803,AT6736,20/05/2026,SOC185,4,Falha no repasse de dados entre equipes.,Falha de comunicação
FB0804,AT2077,17/12/2024,SOC152,8,Equipe demonstrou excelente preparo.,Nenhum problema
FB0805,AT2520,14/01/2025,SOC022,8,Equipe demonstrou grande eficiência.,Nenhum problema
FB0806,AT2507,06/01/2025,SOC063,9,Resposta rápida e comunicação clara.,Nenhum problema
FB0807,AT0351,25/07/2026,SOC155,8,Equipe preparada para situação crítica.,Nenhum problema
FB0808,AT2513,20/01/2025,SOC255,2,Paciente não resistiu aos ferimentos.,Morte acidental
FB0809,AT1885,31/12/2024,SOC080,9,Procedimento realizado de forma segura.,Nenhum problema
FB0810,AT1947,07/12/2024,SOC006,9,Procedimento padrão seguido corretamente.,Nenhum problema
FB0811,AT0330,16/05/2026,SOC131,9,Bom trabalho em equipe durante o socorro.,Nenhum problema
FB0812,AT5299,14/10/2025,SOC034,8,Suporte adequado durante todo o atendimento.,Nenhum problema
FB0813,AT6965,02/06/2026,SOC075,7,Suporte adequado durante todo o atendimento.,Nenhum problema
FB0814,AT6347,31/03/2026,SOC034,7,Resposta rápida e comunicação clara.,Nenhum problema
FB0815,AT7113,13/06/2026,SOC006,2,Houve dificuldade de comunicação com o hospital.,Falha de comunicação
FB0816,AT3766,05/05/2025,SOC073,10,Comunicação entre socorristas foi boa.,Nenhum problema
FB0817,AT4789,08/08/2025,SOC256,8,Comunicação entre socorristas foi boa.,Nenhum problema
FB0818,AT5941,23/01/2026,SOC010,10,Equipe cordial e atenciosa com o paciente.,Nenhum problema
FB0819,AT6958,25/05/2026,SOC178,2,Endereço informado estava impreciso.,Falha de comunicação
FB0820,AT3054,09/03/2025,SOC179,3,Trânsito prejudicou o tempo de chegada.,Demora no atendimento
FB0821,AT1229,14/10/2024,SOC224,6,Tempo de deslocamento acima do esperado.,Demora no atendimento
FB0822,AT0375,26/02/2026,SOC208,4,Kit de emergência incompleto na viatura.,Falta de equipamento
FB0823,AT6144,06/02/2026,SOC178,10,Atendimento ocorreu sem complicações.,Nenhum problema
FB0824,AT1374,19/11/2024,SOC224,10,Atendimento ocorreu sem complicações.,Nenhum problema
FB0825,AT1137,21/09/2024,SOC254,5,Houve pequena demora para localizar o hospital.,Demora no atendimento
FB0826,AT5729,11/12/2025,SOC200,5,Trânsito prejudicou o tempo de chegada.,Demora no atendimento
FB0827,AT5860,17/01/2026,SOC059,1,Paciente sofreu morte acidental no local.,Morte acidental
FB0828,AT1801,12/12/2024,SOC179,7,"Atendimento tranquilo, sem intercorrências.",Nenhum problema
FB0829,AT1341,24/10/2024,SOC012,9,Procedimento realizado de forma segura.,Nenhum problema
FB0830,AT4411,18/07/2025,SOC092,8,Ocorrência conduzida com muita competência.,Nenhum problema
FB0831,AT7389,09/07/2026,SOC188,6,Trânsito prejudicou o tempo de chegada.,Demora no atendimento
FB0832,AT4990,06/09/2025,SOC001,10,Comunicação entre socorristas foi boa.,Nenhum problema
FB0833,AT7971,09/08/2026,SOC086,2,Comunicação com a central apresentou ruído.,Falha de comunicação
FB0834,AT1846,13/12/2024,SOC298,4,Ocorrência apresentou atraso significativo.,Demora no atendimento
FB0835,AT2293,28/01/2025,SOC010,8,Resposta rápida e comunicação clara.,Nenhum problema
FB0836,AT3970,01/07/2025,SOC085,2,Paciente não resistiu aos ferimentos.,Morte acidental
FB0837,AT1262,04/10/2024,SOC259,9,Equipe demonstrou grande eficiência.,Nenhum problema
FB0838,AT7409,20/07/2026,SOC300,9,Ótima triagem e encaminhamento adequado.,Nenhum problema
FB0839,AT6324,09/03/2026,SOC287,1,Gravidade do caso impossibilitou reanimação.,Morte acidental
FB0840,AT3361,14/04/2025,SOC127,9,Comunicação eficiente durante a ocorrência.,Nenhum problema
FB0841,AT4667,26/08/2025,SOC184,4,Comunicação com a central apresentou ruído.,Falha de comunicação
FB0842,AT0810,16/10/2025,SOC276,3,Demora na regulação do leito hospitalar.,Demora no atendimento
FB0843,AT7798,30/08/2026,SOC051,7,Tempo de deslocamento acima do esperado.,Demora no atendimento
FB0844,AT1521,01/12/2024,SOC152,3,Houve pequena demora para localizar o hospital.,Demora no atendimento
FB0845,AT1069,26/09/2024,SOC062,8,Atendimento excelente do início ao fim.,Nenhum problema
FB0846,AT3945,03/05/2025,SOC076,3,Houve pequena demora para localizar o hospital.,Demora no atendimento
FB0847,AT6355,30/03/2026,SOC283,5,Ambulância sem parte do material necessário.,Falta de equipamento
FB0848,AT6605,25/04/2026,SOC132,4,Equipamento necessário não estava disponível.,Falta de equipamento
FB0849,AT1734,14/12/2024,SOC177,9,Ocorrência conduzida com muita competência.,Nenhum problema
FB0850,AT2750,21/02/2025,SOC063,10,Equipe atuou rapidamente no local.,Nenhum problema
FB0851,AT2074,26/12/2024,SOC143,5,Equipamento necessário não estava disponível.,Falta de equipamento
FB0852,AT4358,05/07/2025,SOC083,5,Kit de emergência incompleto na viatura.,Falta de equipamento
FB0853,AT7040,01/07/2026,SOC299,9,Bom trabalho em equipe durante o socorro.,Nenhum problema
FB0854,AT0831,06/11/2025,SOC070,10,Bom trabalho em equipe durante o socorro.,Nenhum problema
FB0855,AT5265,23/10/2025,SOC264,10,Suporte adequado durante todo o atendimento.,Nenhum problema
FB0856,AT4834,16/08/2025,SOC228,9,Equipe ágil e excelente suporte hospitalar.,Nenhum problema
FB0857,AT3137,22/03/2025,SOC235,2,Comunicação com a central apresentou ruído.,Falha de comunicação
FB0858,AT2691,07/02/2025,SOC272,2,Endereço informado estava impreciso.,Falha de comunicação
FB0859,AT6372,04/04/2026,SOC252,4,Informações do chamado estavam incompletas.,Falha de comunicação
FB0860,AT0464,02/12/2024,SOC097,5,Falta de insumo básico dificultou o procedimento.,Falta de equipamento
FB0861,AT1943,26/12/2024,SOC187,10,Equipe demonstrou grande eficiência.,Nenhum problema
FB0862,AT7164,08/06/2026,SOC022,9,Tempo de resposta foi satisfatório.,Nenhum problema
FB0863,AT2127,31/01/2025,SOC150,7,Encaminhamento hospitalar foi eficiente.,Nenhum problema
FB0864,AT4125,26/06/2025,SOC175,8,Excelente coordenação entre viatura e hospital.,Nenhum problema
FB0865,AT4706,06/08/2025,SOC134,2,Gravidade do caso impossibilitou reanimação.,Morte acidental
FB0866,AT7682,03/08/2026,SOC080,8,Paciente estabilizado rapidamente pela equipe.,Nenhum problema
FB0867,AT3339,17/04/2025,SOC193,7,Boa integração entre as equipes.,Nenhum problema
FB0868,AT0563,28/03/2025,SOC141,3,Endereço informado estava impreciso.,Falha de comunicação
FB0869,AT0951,09/06/2026,SOC056,7,Procedimento padrão seguido corretamente.,Nenhum problema
FB0870,AT3138,14/03/2025,SOC234,10,Suporte adequado durante todo o atendimento.,Nenhum problema
FB0871,AT0149,28/02/2026,SOC199,7,Comunicação entre socorristas foi boa.,Nenhum problema
FB0872,AT5570,20/12/2025,SOC124,1,Paciente sofreu morte acidental no local.,Morte acidental
FB0873,AT6282,02/04/2026,SOC088,3,Demora para liberar leito hospitalar.,Demora no atendimento
FB0874,AT1256,01/11/2024,SOC024,8,Excelente coordenação entre viatura e hospital.,Nenhum problema
FB0875,AT3741,26/05/2025,SOC108,9,Comunicação eficiente durante a ocorrência.,Nenhum problema
FB0876,AT4729,17/08/2025,SOC282,6,Kit de emergência incompleto na viatura.,Falta de equipamento
FB0877,AT0718,08/07/2025,SOC187,10,Equipe demonstrou grande eficiência.,Nenhum problema
FB0878,AT7329,30/06/2026,SOC234,7,Procedimento padrão seguido corretamente.,Nenhum problema
FB0879,AT4871,07/09/2025,SOC106,5,Fila no pronto-socorro atrasou o atendimento.,Demora no atendimento
FB0880,AT1726,13/12/2024,SOC180,1,Paciente não resistiu aos ferimentos.,Morte acidental
FB0881,AT1331,19/10/2024,SOC124,4,Equipamento necessário não estava disponível.,Falta de equipamento
FB0882,AT6755,21/05/2026,SOC275,9,Equipe atuou rapidamente no local.,Nenhum problema
FB0883,AT4876,25/09/2025,SOC254,7,Excelente coordenação entre viatura e hospital.,Nenhum problema
FB0884,AT2119,07/01/2025,SOC275,4,Trânsito prejudicou o tempo de chegada.,Demora no atendimento
FB0885,AT4301,02/08/2025,SOC164,8,Boa integração entre as equipes.,Nenhum problema
FB0886,AT2648,15/02/2025,SOC081,8,Atendimento excelente do início ao fim.,Nenhum problema
FB0887,AT3435,29/04/2025,SOC038,10,Equipe atuou rapidamente no local.,Nenhum problema
FB0888,AT3254,03/03/2025,SOC052,4,Informações do chamado estavam incompletas.,Falha de comunicação
FB0889,AT6772,20/05/2026,SOC033,5,Falta de insumo básico dificultou o procedimento.,Falta de equipamento
FB0890,AT4531,28/07/2025,SOC213,1,Gravidade do caso impossibilitou reanimação.,Morte acidental
FB0891,AT6182,09/02/2026,SOC203,9,Atendimento ocorreu sem complicações.,Nenhum problema
FB0892,AT0822,28/10/2025,SOC296,8,Atendimento organizado e seguro.,Nenhum problema
FB0893,AT6948,25/05/2026,SOC069,6,Equipamento necessário não estava disponível.,Falta de equipamento
FB0894,AT7913,25/08/2026,SOC225,5,Kit de emergência incompleto na viatura.,Falta de equipamento
FB0895,AT5519,30/11/2025,SOC061,7,Fila no pronto-socorro atrasou o atendimento.,Demora no atendimento
FB0896,AT0872,04/11/2025,SOC290,9,Equipe atuou rapidamente no local.,Nenhum problema
FB0897,AT3149,23/03/2025,SOC189,8,Comunicação entre socorristas foi boa.,Nenhum problema
FB0898,AT1755,17/12/2024,SOC273,2,Paciente sofreu morte acidental no local.,Morte acidental
FB0899,AT2418,07/01/2025,SOC188,7,Suporte adequado durante todo o atendimento.,Nenhum problema
FB0900,AT2736,16/02/2025,SOC061,7,Ocorrência conduzida com muita competência.,Nenhum problema
FB0901,AT5271,09/10/2025,SOC254,4,Fila no pronto-socorro atrasou o atendimento.,Demora no atendimento
FB0902,AT7210,28/06/2026,SOC215,8,Paciente estabilizado rapidamente pela equipe.,Nenhum problema
FB0903,AT6742,23/05/2026,SOC280,4,Trânsito prejudicou o tempo de chegada.,Demora no atendimento
FB0904,AT4171,15/06/2025,SOC219,9,Chegada rápida evitou agravamento do quadro.,Nenhum problema
FB0905,AT5397,01/12/2025,SOC177,8,Equipe demonstrou excelente preparo.,Nenhum problema
FB0906,AT2598,24/02/2025,SOC156,1,Paciente não resistiu aos ferimentos.,Morte acidental
FB0907,AT2744,03/02/2025,SOC221,2,Gravidade do caso impossibilitou reanimação.,Morte acidental
FB0908,AT3290,25/04/2025,SOC027,7,Atendimento rápido e equipe bem preparada.,Nenhum problema
FB0909,AT1344,22/10/2024,SOC169,7,Equipe demonstrou grande eficiência.,Nenhum problema
FB0910,AT7765,24/08/2026,SOC045,8,Ocorrência conduzida com muita competência.,Nenhum problema
FB0911,AT6262,23/03/2026,SOC160,4,Falta de insumo básico dificultou o procedimento.,Falta de equipamento
FB0912,AT2279,30/01/2025,SOC134,7,Procedimento realizado de forma segura.,Nenhum problema
FB0913,AT6389,16/03/2026,SOC219,5,Faltou equipamento durante o atendimento.,Falta de equipamento
FB0914,AT1892,03/12/2024,SOC116,10,Chegada rápida evitou agravamento do quadro.,Nenhum problema
FB0915,AT1472,02/12/2024,SOC218,8,Procedimento padrão seguido corretamente.,Nenhum problema
FB0916,AT2542,20/01/2025,SOC119,7,Equipe ágil e excelente suporte hospitalar.,Nenhum problema
FB0917,AT1447,06/11/2024,SOC220,3,Demora na regulação do leito hospitalar.,Demora no atendimento
FB0918,AT1100,05/09/2024,SOC127,7,Atendimento organizado e seguro.,Nenhum problema
FB0919,AT2093,22/01/2025,SOC281,6,Ocorrência apresentou atraso significativo.,Demora no atendimento
FB0920,AT4817,31/08/2025,SOC113,7,Equipe atuou rapidamente no local.,Nenhum problema
FB0921,AT7577,06/07/2026,SOC122,10,Ótima triagem e encaminhamento adequado.,Nenhum problema
FB0922,AT2510,25/01/2025,SOC185,1,Óbito constatado apesar dos esforços da equipe.,Morte acidental
FB0923,AT3895,22/05/2025,SOC083,3,Tempo de deslocamento acima do esperado.,Demora no atendimento
FB0924,AT1054,10/09/2024,SOC262,1,Gravidade do caso impossibilitou reanimação.,Morte acidental
FB0925,AT2408,18/01/2025,SOC059,10,Boa integração entre as equipes.,Nenhum problema
FB0926,AT6072,03/02/2026,SOC072,6,Equipamento necessário não estava disponível.,Falta de equipamento
FB0927,AT6955,24/05/2026,SOC224,9,Paciente estabilizado rapidamente pela equipe.,Nenhum problema
FB0928,AT5298,12/10/2025,SOC123,9,Suporte adequado durante todo o atendimento.,Nenhum problema
FB0929,AT0739,04/07/2025,SOC017,8,Procedimento realizado de forma segura.,Nenhum problema
FB0930,AT5040,15/09/2025,SOC087,1,Óbito constatado apesar dos esforços da equipe.,Morte acidental
FB0931,AT0966,12/06/2026,SOC228,8,Atendimento excelente do início ao fim.,Nenhum problema
FB0932,AT7237,07/06/2026,SOC292,10,Equipe atuou rapidamente no local.,Nenhum problema
FB0933,AT0323,12/01/2026,SOC250,10,Comunicação eficiente durante a ocorrência.,Nenhum problema
FB0934,AT0361,17/06/2026,SOC021,4,Houve dificuldade de comunicação com o hospital.,Falha de comunicação
FB0935,AT5465,10/11/2025,SOC285,1,Óbito constatado apesar dos esforços da equipe.,Morte acidental
FB0936,AT6088,05/02/2026,SOC007,4,Faltou equipamento durante o atendimento.,Falta de equipamento
FB0937,AT5202,14/10/2025,SOC280,8,Procedimento realizado de forma segura.,Nenhum problema
FB0938,AT2419,27/01/2025,SOC263,7,Equipe atuou rapidamente no local.,Nenhum problema
FB0939,AT4890,26/09/2025,SOC042,7,"Atendimento tranquilo, sem intercorrências.",Nenhum problema
FB0940,AT1390,12/11/2024,SOC216,4,Atendimento adequado apesar da espera.,Demora no atendimento
FB0941,AT2323,28/01/2025,SOC245,10,Atendimento organizado e seguro.,Nenhum problema
FB0942,AT5822,19/12/2025,SOC249,10,Atendimento organizado e seguro.,Nenhum problema
FB0943,AT4336,08/07/2025,SOC167,7,Procedimento padrão seguido corretamente.,Nenhum problema
FB0944,AT0909,11/02/2026,SOC058,9,Excelente coordenação entre viatura e hospital.,Nenhum problema
FB0945,AT7143,17/06/2026,SOC256,8,Procedimento ocorreu conforme planejado.,Nenhum problema
FB0946,AT4549,12/07/2025,SOC085,8,Paciente estabilizado rapidamente pela equipe.,Nenhum problema
FB0947,AT3714,15/05/2025,SOC048,5,Falta de insumo básico dificultou o procedimento.,Falta de equipamento
FB0948,AT2165,16/01/2025,SOC053,5,Houve pequena demora para localizar o hospital.,Demora no atendimento
FB0949,AT3201,15/03/2025,SOC007,5,Demora na regulação do leito hospitalar.,Demora no atendimento
FB0950,AT4623,10/07/2025,SOC208,1,Paciente não resistiu aos ferimentos.,Morte acidental
FB0951,AT2263,09/01/2025,SOC142,8,Suporte adequado durante todo o atendimento.,Nenhum problema
FB0952,AT1515,08/11/2024,SOC280,3,Endereço informado estava impreciso.,Falha de comunicação
FB0953,AT4026,16/06/2025,SOC009,8,Equipe cordial e atenciosa com o paciente.,Nenhum problema
FB0954,AT6427,13/03/2026,SOC067,1,Paciente não resistiu aos ferimentos.,Morte acidental
FB0955,AT5364,28/11/2025,SOC045,7,Equipe demonstrou grande eficiência.,Nenhum problema
FB0956,AT4426,05/07/2025,SOC077,10,Procedimento ocorreu conforme planejado.,Nenhum problema
FB0957,AT5850,19/01/2026,SOC085,8,Excelente coordenação entre viatura e hospital.,Nenhum problema
FB0958,AT6484,16/04/2026,SOC074,4,Atendimento adequado apesar da espera.,Demora no atendimento
FB0959,AT2972,04/03/2025,SOC099,9,Atendimento rápido e equipe bem preparada.,Nenhum problema
FB0960,AT3693,20/05/2025,SOC141,8,Procedimento realizado de forma segura.,Nenhum problema
FB0961,AT0484,20/12/2024,SOC166,3,Houve dificuldade de comunicação com o hospital.,Falha de comunicação
FB0962,AT2707,27/02/2025,SOC255,4,Demora na regulação do leito hospitalar.,Demora no atendimento
FB0963,AT2980,18/03/2025,SOC093,7,Ocorrência conduzida com muita competência.,Nenhum problema
FB0964,AT3233,18/03/2025,SOC159,8,Encaminhamento hospitalar foi eficiente.,Nenhum problema
FB0965,AT0943,24/05/2026,SOC141,4,Informações do chamado estavam incompletas.,Falha de comunicação
FB0966,AT5930,23/01/2026,SOC195,7,Atendimento organizado e seguro.,Nenhum problema
FB0967,AT4099,05/06/2025,SOC208,6,Ocorrência apresentou atraso significativo.,Demora no atendimento
FB0968,AT5411,07/11/2025,SOC119,2,Paciente não resistiu aos ferimentos.,Morte acidental
FB0969,AT5744,03/01/2026,SOC053,8,Paciente estabilizado rapidamente pela equipe.,Nenhum problema
FB0970,AT3500,03/04/2025,SOC226,8,Paciente estabilizado rapidamente pela equipe.,Nenhum problema
FB0971,AT3019,26/03/2025,SOC262,5,Kit de emergência incompleto na viatura.,Falta de equipamento
FB0972,AT1520,15/11/2024,SOC027,10,Atendimento rápido e equipe bem preparada.,Nenhum problema
FB0973,AT5244,05/10/2025,SOC175,4,Endereço informado estava impreciso.,Falha de comunicação
FB0974,AT1217,31/10/2024,SOC218,2,Paciente sofreu morte acidental no local.,Morte acidental
FB0975,AT4541,13/07/2025,SOC135,9,"Atendimento tranquilo, sem intercorrências.",Nenhum problema
FB0976,AT7719,25/08/2026,SOC133,4,Falha no repasse de dados entre equipes.,Falha de comunicação
FB0977,AT7637,07/08/2026,SOC039,7,Equipe ágil e excelente suporte hospitalar.,Nenhum problema
FB0978,AT4184,07/06/2025,SOC117,10,Equipe cordial e atenciosa com o paciente.,Nenhum problema
FB0979,AT3031,06/03/2025,SOC017,7,Equipe demonstrou grande eficiência.,Nenhum problema
FB0980,AT0171,14/06/2026,SOC106,5,Falta de insumo básico dificultou o procedimento.,Falta de equipamento
FB0981,AT6064,10/02/2026,SOC127,5,Atendimento adequado apesar da espera.,Demora no atendimento
FB0982,AT5328,23/10/2025,SOC091,8,Resposta rápida e comunicação clara.,Nenhum problema
FB0983,AT1131,19/09/2024,SOC042,5,Falta de insumo básico dificultou o procedimento.,Falta de equipamento
FB0984,AT5382,30/11/2025,SOC010,10,Paciente estabilizado rapidamente pela equipe.,Nenhum problema
FB0985,AT5030,07/09/2025,SOC015,2,Comunicação com a central apresentou ruído.,Falha de comunicação
FB0986,AT5764,21/12/2025,SOC221,5,Falha no repasse de dados entre equipes.,Falha de comunicação
FB0987,AT2837,14/03/2025,SOC065,8,Procedimento ocorreu conforme planejado.,Nenhum problema
FB0988,AT1650,09/12/2024,SOC235,9,Boa integração entre as equipes.,Nenhum problema
FB0989,AT3600,08/04/2025,SOC154,5,Kit de emergência incompleto na viatura.,Falta de equipamento
FB0990,AT5799,13/12/2025,SOC276,9,Paciente estabilizado rapidamente pela equipe.,Nenhum problema
FB0991,AT7836,21/08/2026,SOC015,1,Paciente sofreu morte acidental no local.,Morte acidental
FB0992,AT4772,26/08/2025,SOC232,7,Comunicação eficiente durante a ocorrência.,Nenhum problema
FB0993,AT1730,07/12/2024,SOC280,10,Ocorrência conduzida com muita competência.,Nenhum problema
FB0994,AT3076,12/03/2025,SOC095,5,Faltou equipamento durante o atendimento.,Falta de equipamento
FB0995,AT5850,22/01/2026,SOC161,10,Excelente coordenação entre viatura e hospital.,Nenhum problema
FB0996,AT3316,19/04/2025,SOC226,7,Tempo de deslocamento acima do esperado.,Demora no atendimento
FB0997,AT6645,18/04/2026,SOC133,2,Paciente não resistiu aos ferimentos.,Morte acidental
FB0998,AT6385,08/03/2026,SOC247,9,Excelente coordenação entre viatura e hospital.,Nenhum problema
FB0999,AT3319,10/04/2025,SOC229,2,Houve dificuldade de comunicação com o hospital.,Falha de comunicação
FB1000,AT5182,30/10/2025,SOC198,9,Atendimento rápido e organizado.,Nenhum problema
FB1001,AT3690,08/05/2025,SOC229,7,Equipe demonstrou grande eficiência.,Nenhum problema
FB1002,AT6537,05/05/2026,SOC066,5,Faltou equipamento durante o atendimento.,Falta de equipamento
FB1003,AT3090,28/03/2025,SOC222,8,Equipe demonstrou excelente preparo.,Nenhum problema
FB1004,AT2584,14/02/2025,SOC300,9,Tempo de resposta foi satisfatório.,Nenhum problema
FB1005,AT7065,29/06/2026,SOC083,4,Falta de insumo básico dificultou o procedimento.,Falta de equipamento
FB1006,AT2350,15/01/2025,SOC060,2,Houve dificuldade de comunicação com o hospital.,Falha de comunicação
FB1007,AT7866,08/08/2026,SOC299,7,Equipe preparada para situação crítica.,Nenhum problema
FB1008,AT4515,08/07/2025,SOC244,7,Equipe ágil e excelente suporte hospitalar.,Nenhum problema
FB1009,AT6491,29/04/2026,SOC255,9,Atendimento excelente do início ao fim.,Nenhum problema
FB1010,AT3841,06/05/2025,SOC052,5,Atendimento adequado apesar da espera.,Demora no atendimento
FB1011,AT2363,01/02/2025,SOC125,10,Equipe demonstrou grande eficiência.,Nenhum problema
FB1012,AT7049,13/06/2026,SOC120,2,Óbito constatado apesar dos esforços da equipe.,Morte acidental
FB1013,AT0796,18/09/2025,SOC185,10,Equipe atuou rapidamente no local.,Nenhum problema
FB1014,AT5662,01/01/2026,SOC031,3,Informações do chamado estavam incompletas.,Falha de comunicação
FB1015,AT1178,15/09/2024,SOC273,10,Suporte adequado durante todo o atendimento.,Nenhum problema
FB1016,AT3481,21/04/2025,SOC229,4,Informações do chamado estavam incompletas.,Falha de comunicação
FB1017,AT6222,07/03/2026,SOC093,2,Informações do chamado estavam incompletas.,Falha de comunicação
FB1018,AT2890,01/04/2025,SOC164,2,Óbito constatado apesar dos esforços da equipe.,Morte acidental
FB1019,AT6906,29/05/2026,SOC277,7,Comunicação entre socorristas foi boa.,Nenhum problema
FB1020,AT3867,20/05/2025,SOC216,4,Houve dificuldade de comunicação com o hospital.,Falha de comunicação
FB1021,AT5077,18/10/2025,SOC091,2,Paciente não resistiu aos ferimentos.,Morte acidental
FB1022,AT4972,29/09/2025,SOC008,7,Comunicação entre socorristas foi boa.,Nenhum problema
FB1023,AT3488,06/04/2025,SOC297,8,Equipe cordial e atenciosa com o paciente.,Nenhum problema
FB1024,AT5112,10/10/2025,SOC138,7,Demora para liberar leito hospitalar.,Demora no atendimento
FB1025,AT2209,02/02/2025,SOC185,7,Comunicação entre socorristas foi boa.,Nenhum problema
FB1026,AT4227,21/07/2025,SOC134,8,Atendimento rápido e equipe bem preparada.,Nenhum problema
FB1027,AT1033,26/09/2024,SOC199,8,Bom trabalho em equipe durante o socorro.,Nenhum problema
FB1028,AT7205,16/06/2026,SOC207,5,Ocorrência apresentou atraso significativo.,Demora no atendimento
FB1029,AT6931,01/05/2026,SOC098,8,Comunicação eficiente durante a ocorrência.,Nenhum problema
FB1030,AT5180,01/11/2025,SOC066,3,Fila no pronto-socorro atrasou o atendimento.,Demora no atendimento
FB1031,AT1907,28/12/2024,SOC103,3,Houve dificuldade de comunicação com o hospital.,Falha de comunicação
FB1032,AT1056,14/09/2024,SOC195,5,Falha no repasse de dados entre equipes.,Falha de comunicação
FB1033,AT7463,31/07/2026,SOC072,7,Trânsito prejudicou o tempo de chegada.,Demora no atendimento
FB1034,AT4451,31/07/2025,SOC204,10,Atendimento ocorreu sem complicações.,Nenhum problema
FB1035,AT2133,06/01/2025,SOC009,9,Atendimento ocorreu sem complicações.,Nenhum problema
FB1036,AT5365,13/11/2025,SOC203,8,Comunicação eficiente durante a ocorrência.,Nenhum problema
FB1037,AT3005,23/03/2025,SOC006,10,Ocorrência conduzida com muita competência.,Nenhum problema
FB1038,AT1136,18/09/2024,SOC212,1,Gravidade do caso impossibilitou reanimação.,Morte acidental
FB1039,AT3748,03/05/2025,SOC185,9,Equipe ágil e excelente suporte hospitalar.,Nenhum problema
FB1040,AT6815,13/05/2026,SOC131,10,Procedimento realizado de forma segura.,Nenhum problema
FB1041,AT3325,19/04/2025,SOC175,2,Gravidade do caso impossibilitou reanimação.,Morte acidental
FB1042,AT0195,26/07/2026,SOC054,6,Equipamento necessário não estava disponível.,Falta de equipamento
FB1043,AT5063,29/09/2025,SOC174,9,Procedimento realizado de forma segura.,Nenhum problema
FB1044,AT6524,23/04/2026,SOC045,7,Boa integração entre as equipes.,Nenhum problema
FB1045,AT6792,21/05/2026,SOC059,8,Procedimento ocorreu conforme planejado.,Nenhum problema
FB1046,AT6345,08/03/2026,SOC270,6,Kit de emergência incompleto na viatura.,Falta de equipamento
FB1047,AT1591,18/11/2024,SOC183,8,Tempo de resposta foi satisfatório.,Nenhum problema
FB1048,AT1092,11/09/2024,SOC294,7,Encaminhamento hospitalar foi eficiente.,Nenhum problema
FB1049,AT4022,07/06/2025,SOC206,5,Houve pequena demora para localizar o hospital.,Demora no atendimento
FB1050,AT0623,06/05/2025,SOC192,5,Falha no repasse de dados entre equipes.,Falha de comunicação
FB1051,AT1418,26/11/2024,SOC100,8,Excelente coordenação entre viatura e hospital.,Nenhum problema
FB1052,AT1353,20/11/2024,SOC223,6,Ambulância sem parte do material necessário.,Falta de equipamento
FB1053,AT2080,04/12/2024,SOC190,8,Procedimento realizado de forma segura.,Nenhum problema
FB1054,AT1226,08/10/2024,SOC001,7,Equipe demonstrou grande eficiência.,Nenhum problema
FB1055,AT1240,14/10/2024,SOC194,8,Equipe demonstrou grande eficiência.,Nenhum problema
FB1056,AT1000,13/08/2026,SOC281,2,Gravidade do caso impossibilitou reanimação.,Morte acidental
FB1057,AT7991,07/08/2026,SOC166,8,Ótima triagem e encaminhamento adequado.,Nenhum problema
FB1058,AT0448,28/11/2024,SOC161,8,Equipe cordial e atenciosa com o paciente.,Nenhum problema
FB1059,AT3370,09/04/2025,SOC086,8,Boa integração entre as equipes.,Nenhum problema
FB1060,AT5574,07/12/2025,SOC181,9,Procedimento realizado de forma segura.,Nenhum problema
FB1061,AT4724,07/08/2025,SOC108,8,Chegada rápida evitou agravamento do quadro.,Nenhum problema
FB1062,AT3689,20/05/2025,SOC153,6,Equipamento necessário não estava disponível.,Falta de equipamento
FB1063,AT6810,23/05/2026,SOC164,4,Informações do chamado estavam incompletas.,Falha de comunicação
FB1064,AT3995,28/06/2025,SOC071,9,Procedimento realizado de forma segura.,Nenhum problema
FB1065,AT6504,10/04/2026,SOC017,4,Informações do chamado estavam incompletas.,Falha de comunicação
FB1066,AT5349,20/10/2025,SOC030,3,Falha no repasse de dados entre equipes.,Falha de comunicação
FB1067,AT2242,01/02/2025,SOC262,4,Ambulância sem parte do material necessário.,Falta de equipamento
FB1068,AT4515,05/07/2025,SOC232,7,Comunicação eficiente durante a ocorrência.,Nenhum problema
FB1069,AT6776,01/06/2026,SOC014,6,Atendimento adequado apesar da espera.,Demora no atendimento
FB1070,AT5852,03/01/2026,SOC080,10,Comunicação entre socorristas foi boa.,Nenhum problema
FB1071,AT4017,17/06/2025,SOC155,10,Resposta rápida e comunicação clara.,Nenhum problema
FB1072,AT1454,22/11/2024,SOC188,7,Ótima triagem e encaminhamento adequado.,Nenhum problema
FB1073,AT7347,10/06/2026,SOC068,9,Suporte adequado durante todo o atendimento.,Nenhum problema
FB1074,AT5923,07/01/2026,SOC244,9,Procedimento padrão seguido corretamente.,Nenhum problema
FB1075,AT3897,25/05/2025,SOC082,8,Atendimento rápido e organizado.,Nenhum problema
FB1076,AT7442,29/07/2026,SOC010,7,Resposta rápida e comunicação clara.,Nenhum problema
FB1077,AT4241,06/07/2025,SOC097,7,Ocorrência apresentou atraso significativo.,Demora no atendimento
FB1078,AT1721,12/12/2024,SOC234,4,Equipamento necessário não estava disponível.,Falta de equipamento
FB1079,AT7591,26/07/2026,SOC033,10,Comunicação eficiente durante a ocorrência.,Nenhum problema
FB1080,AT5284,06/10/2025,SOC101,10,Encaminhamento hospitalar foi eficiente.,Nenhum problema
FB1081,AT2466,02/01/2025,SOC062,10,Procedimento padrão seguido corretamente.,Nenhum problema
FB1082,AT6236,15/03/2026,SOC085,10,Excelente coordenação entre viatura e hospital.,Nenhum problema
FB1083,AT7026,25/06/2026,SOC020,8,Paciente estabilizado rapidamente pela equipe.,Nenhum problema
FB1084,AT6062,01/02/2026,SOC052,9,Bom trabalho em equipe durante o socorro.,Nenhum problema
FB1085,AT7318,12/06/2026,SOC021,2,Óbito constatado apesar dos esforços da equipe.,Morte acidental
FB1086,AT0968,08/07/2026,SOC158,9,Procedimento padrão seguido corretamente.,Nenhum problema
FB1087,AT2990,03/03/2025,SOC045,8,Procedimento ocorreu conforme planejado.,Nenhum problema
FB1088,AT1390,08/11/2024,SOC185,10,Procedimento padrão seguido corretamente.,Nenhum problema
FB1089,AT5311,10/10/2025,SOC235,10,Procedimento padrão seguido corretamente.,Nenhum problema
FB1090,AT7507,18/07/2026,SOC113,8,Tempo de resposta foi satisfatório.,Nenhum problema
FB1091,AT3004,06/03/2025,SOC170,4,Falta de insumo básico dificultou o procedimento.,Falta de equipamento
FB1092,AT2917,18/03/2025,SOC288,9,Ótima triagem e encaminhamento adequado.,Nenhum problema
FB1093,AT4918,09/09/2025,SOC139,10,Atendimento rápido e equipe bem preparada.,Nenhum problema
FB1094,AT4566,09/07/2025,SOC106,6,Demora para liberar leito hospitalar.,Demora no atendimento
FB1095,AT7420,22/07/2026,SOC055,2,Paciente não resistiu aos ferimentos.,Morte acidental
FB1096,AT2157,24/01/2025,SOC167,3,Atendimento adequado apesar da espera.,Demora no atendimento
FB1097,AT7051,23/06/2026,SOC218,10,Procedimento realizado de forma segura.,Nenhum problema
FB1098,AT2921,26/03/2025,SOC213,5,Falta de insumo básico dificultou o procedimento.,Falta de equipamento
FB1099,AT3052,22/03/2025,SOC008,10,Tempo de resposta foi satisfatório.,Nenhum problema
FB1100,AT2438,27/01/2025,SOC153,5,Ambulância sem parte do material necessário.,Falta de equipamento
FB1101,AT1730,09/12/2024,SOC056,7,Fila no pronto-socorro atrasou o atendimento.,Demora no atendimento
FB1102,AT2231,20/01/2025,SOC138,9,Atendimento ocorreu sem complicações.,Nenhum problema
FB1103,AT4808,14/08/2025,SOC269,9,Paciente estabilizado rapidamente pela equipe.,Nenhum problema
FB1104,AT0511,11/01/2025,SOC036,6,Kit de emergência incompleto na viatura.,Falta de equipamento
FB1105,AT7277,23/06/2026,SOC116,10,Atendimento rápido e equipe bem preparada.,Nenhum problema
FB1106,AT7537,14/07/2026,SOC208,4,Equipamento necessário não estava disponível.,Falta de equipamento
FB1107,AT1647,04/12/2024,SOC238,10,Excelente coordenação entre viatura e hospital.,Nenhum problema
FB1108,AT2019,10/12/2024,SOC254,7,Procedimento ocorreu conforme planejado.,Nenhum problema
FB1109,AT7864,03/08/2026,SOC244,10,Resposta rápida e comunicação clara.,Nenhum problema
FB1110,AT1501,07/11/2024,SOC238,9,Procedimento ocorreu conforme planejado.,Nenhum problema
FB1111,AT5338,16/10/2025,SOC260,9,Excelente coordenação entre viatura e hospital.,Nenhum problema
FB1112,AT5861,02/02/2026,SOC297,8,Suporte adequado durante todo o atendimento.,Nenhum problema
FB1113,AT0819,21/10/2025,SOC144,4,Endereço informado estava impreciso.,Falha de comunicação
FB1114,AT7064,27/06/2026,SOC036,10,Procedimento realizado de forma segura.,Nenhum problema
FB1115,AT6310,12/03/2026,SOC252,10,Boa integração entre as equipes.,Nenhum problema
FB1116,AT6662,12/04/2026,SOC265,9,Chegada rápida evitou agravamento do quadro.,Nenhum problema
FB1117,AT4413,03/07/2025,SOC145,8,Resposta rápida e comunicação clara.,Nenhum problema
FB1118,AT4279,14/07/2025,SOC051,7,Fila no pronto-socorro atrasou o atendimento.,Demora no atendimento
FB1119,AT7386,16/07/2026,SOC268,9,Procedimento padrão seguido corretamente.,Nenhum problema
FB1120,AT0370,01/03/2026,SOC018,9,Atendimento ocorreu sem complicações.,Nenhum problema
FB1121,AT4726,15/08/2025,SOC144,10,Ótima triagem e encaminhamento adequado.,Nenhum problema
FB1122,AT4809,07/08/2025,SOC267,10,Equipe cordial e atenciosa com o paciente.,Nenhum problema
FB1123,AT4401,05/07/2025,SOC131,7,Ótima triagem e encaminhamento adequado.,Nenhum problema
FB1124,AT4491,30/07/2025,SOC289,8,Equipe atuou rapidamente no local.,Nenhum problema
FB1125,AT7330,08/06/2026,SOC044,9,Ótima triagem e encaminhamento adequado.,Nenhum problema
FB1126,AT5838,03/01/2026,SOC070,10,Procedimento padrão seguido corretamente.,Nenhum problema
FB1127,AT4548,02/08/2025,SOC045,9,Ocorrência conduzida com muita competência.,Nenhum problema
FB1128,AT5774,22/12/2025,SOC053,10,Equipe demonstrou grande eficiência.,Nenhum problema
FB1129,AT6605,28/04/2026,SOC194,10,Chegada rápida evitou agravamento do quadro.,Nenhum problema
FB1130,AT2087,19/01/2025,SOC039,7,Resposta rápida e comunicação clara.,Nenhum problema
FB1131,AT0853,24/11/2025,SOC129,1,Gravidade do caso impossibilitou reanimação.,Morte acidental
FB1132,AT1856,10/12/2024,SOC149,4,Falta de insumo básico dificultou o procedimento.,Falta de equipamento
FB1133,AT0351,27/07/2026,SOC142,10,Suporte adequado durante todo o atendimento.,Nenhum problema
FB1134,AT1973,17/12/2024,SOC001,8,Procedimento realizado de forma segura.,Nenhum problema
FB1135,AT2960,12/03/2025,SOC199,6,Faltou equipamento durante o atendimento.,Falta de equipamento
FB1136,AT3156,26/03/2025,SOC270,10,Excelente coordenação entre viatura e hospital.,Nenhum problema
FB1137,AT4601,05/08/2025,SOC289,7,Atendimento excelente do início ao fim.,Nenhum problema
FB1138,AT1430,15/11/2024,SOC278,8,Atendimento rápido e organizado.,Nenhum problema
FB1139,AT3857,12/05/2025,SOC216,4,Falta de insumo básico dificultou o procedimento.,Falta de equipamento
FB1140,AT3357,10/04/2025,SOC211,8,Atendimento rápido e organizado.,Nenhum problema
FB1141,AT7457,11/07/2026,SOC029,10,"Atendimento tranquilo, sem intercorrências.",Nenhum problema
FB1142,AT5596,29/12/2025,SOC066,10,Ótima triagem e encaminhamento adequado.,Nenhum problema
FB1143,AT4986,25/09/2025,SOC178,9,Procedimento padrão seguido corretamente.,Nenhum problema
FB1144,AT4977,24/09/2025,SOC153,5,Equipamento necessário não estava disponível.,Falta de equipamento
FB1145,AT5717,21/12/2025,SOC223,8,Equipe preparada para situação crítica.,Nenhum problema
FB1146,AT3970,26/06/2025,SOC099,9,Equipe cordial e atenciosa com o paciente.,Nenhum problema
FB1147,AT5118,12/10/2025,SOC197,8,Ótima triagem e encaminhamento adequado.,Nenhum problema
FB1148,AT3667,14/05/2025,SOC002,3,Falha no repasse de dados entre equipes.,Falha de comunicação
FB1149,AT5403,01/12/2025,SOC283,4,Espera prolongada para triagem no hospital.,Demora no atendimento
FB1150,AT6778,31/05/2026,SOC127,1,Paciente sofreu morte acidental no local.,Morte acidental
FB1151,AT7154,09/06/2026,SOC037,9,Atendimento rápido e equipe bem preparada.,Nenhum problema
FB1152,AT6265,04/03/2026,SOC117,8,Atendimento rápido e organizado.,Nenhum problema
FB1153,AT4351,10/07/2025,SOC080,4,Endereço informado estava impreciso.,Falha de comunicação
FB1154,AT3540,28/04/2025,SOC140,9,Equipe atuou rapidamente no local.,Nenhum problema
FB1155,AT7823,21/08/2026,SOC214,7,Paciente estabilizado rapidamente pela equipe.,Nenhum problema
FB1156,AT7789,25/08/2026,SOC030,7,Suporte adequado durante todo o atendimento.,Nenhum problema
FB1157,AT7399,29/07/2026,SOC123,1,Gravidade do caso impossibilitou reanimação.,Morte acidental
FB1158,AT2242,01/02/2025,SOC075,4,Falha no repasse de dados entre equipes.,Falha de comunicação
FB1159,AT3322,17/04/2025,SOC001,2,Paciente sofreu morte acidental no local.,Morte acidental
FB1160,AT5421,26/11/2025,SOC031,7,Tempo de deslocamento acima do esperado.,Demora no atendimento
FB1161,AT5175,12/10/2025,SOC152,2,Óbito constatado apesar dos esforços da equipe.,Morte acidental
FB1162,AT7691,04/08/2026,SOC113,9,Ótima triagem e encaminhamento adequado.,Nenhum problema
FB1163,AT1109,10/09/2024,SOC148,1,Óbito constatado apesar dos esforços da equipe.,Morte acidental
FB1164,AT7886,08/08/2026,SOC016,3,Endereço informado estava impreciso.,Falha de comunicação
FB1165,AT3768,28/05/2025,SOC030,3,Informações do chamado estavam incompletas.,Falha de comunicação
FB1166,AT4090,09/06/2025,SOC196,7,Paciente estabilizado rapidamente pela equipe.,Nenhum problema
FB1167,AT7607,25/08/2026,SOC006,2,Gravidade do caso impossibilitou reanimação.,Morte acidental
FB1168,AT3338,17/04/2025,SOC208,8,Atendimento excelente do início ao fim.,Nenhum problema
FB1169,AT6356,22/03/2026,SOC187,8,Resposta rápida e comunicação clara.,Nenhum problema
FB1170,AT5703,13/12/2025,SOC148,9,Equipe demonstrou excelente preparo.,Nenhum problema
FB1171,AT4551,06/07/2025,SOC231,8,Equipe atuou rapidamente no local.,Nenhum problema
FB1172,AT1559,10/11/2024,SOC050,7,Procedimento ocorreu conforme planejado.,Nenhum problema
FB1173,AT6844,30/05/2026,SOC231,4,Espera prolongada para triagem no hospital.,Demora no atendimento
FB1174,AT0364,24/06/2026,SOC202,8,Ótima triagem e encaminhamento adequado.,Nenhum problema
FB1175,AT2176,08/01/2025,SOC167,7,Paciente estabilizado rapidamente pela equipe.,Nenhum problema
FB1176,AT5896,13/01/2026,SOC107,8,Equipe cordial e atenciosa com o paciente.,Nenhum problema
FB1177,AT6179,20/02/2026,SOC157,7,Ocorrência conduzida com muita competência.,Nenhum problema
FB1178,AT4127,23/06/2025,SOC029,7,Tempo de deslocamento acima do esperado.,Demora no atendimento
FB1179,AT7809,06/08/2026,SOC064,7,Boa integração entre as equipes.,Nenhum problema
FB1180,AT5454,29/11/2025,SOC112,3,Houve espera moderada no hospital.,Demora no atendimento
FB1181,AT7152,14/06/2026,SOC223,7,Bom trabalho em equipe durante o socorro.,Nenhum problema
FB1182,AT3853,22/05/2025,SOC134,10,Ocorrência conduzida com muita competência.,Nenhum problema
FB1183,AT5052,03/09/2025,SOC211,2,Gravidade do caso impossibilitou reanimação.,Morte acidental
FB1184,AT2001,25/12/2024,SOC214,9,Equipe cordial e atenciosa com o paciente.,Nenhum problema
FB1185,AT0736,28/07/2025,SOC253,9,Boa integração entre as equipes.,Nenhum problema
FB1186,AT7628,27/08/2026,SOC220,3,Comunicação com a central apresentou ruído.,Falha de comunicação
FB1187,AT2595,07/02/2025,SOC071,9,Atendimento ocorreu sem complicações.,Nenhum problema
FB1188,AT1560,22/11/2024,SOC005,10,Equipe cordial e atenciosa com o paciente.,Nenhum problema
FB1189,AT2677,13/02/2025,SOC017,10,Bom trabalho em equipe durante o socorro.,Nenhum problema
FB1190,AT1675,30/12/2024,SOC161,7,Procedimento ocorreu conforme planejado.,Nenhum problema
FB1191,AT4608,30/07/2025,SOC192,4,Comunicação com a central apresentou ruído.,Falha de comunicação
FB1192,AT2237,10/01/2025,SOC294,9,Resposta rápida e comunicação clara.,Nenhum problema
FB1193,AT0864,21/11/2025,SOC296,7,Atendimento rápido e organizado.,Nenhum problema
FB1194,AT4917,30/09/2025,SOC265,10,Encaminhamento hospitalar foi eficiente.,Nenhum problema
FB1195,AT4887,03/09/2025,SOC193,2,Óbito constatado apesar dos esforços da equipe.,Morte acidental
FB1196,AT1952,08/12/2024,SOC131,10,Tempo de resposta foi satisfatório.,Nenhum problema
FB1197,AT4443,07/07/2025,SOC117,7,Boa integração entre as equipes.,Nenhum problema
FB1198,AT5210,07/10/2025,SOC075,5,Equipamento necessário não estava disponível.,Falta de equipamento
FB1199,AT6346,18/03/2026,SOC161,7,Resposta rápida e comunicação clara.,Nenhum problema
FB1200,AT6863,03/06/2026,SOC043,7,Atendimento organizado e seguro.,Nenhum problema
FB1201,AT0897,15/01/2026,SOC113,10,Atendimento rápido e organizado.,Nenhum problema
FB1202,AT3824,30/05/2025,SOC282,9,Paciente estabilizado rapidamente pela equipe.,Nenhum problema
FB1203,AT4655,24/08/2025,SOC132,9,Tempo de resposta foi satisfatório.,Nenhum problema
FB1204,AT1516,21/11/2024,SOC288,8,Procedimento realizado de forma segura.,Nenhum problema
FB1205,AT2271,28/01/2025,SOC078,6,Falta de insumo básico dificultou o procedimento.,Falta de equipamento
FB1206,AT5507,25/11/2025,SOC284,9,Procedimento ocorreu conforme planejado.,Nenhum problema
FB1207,AT2962,11/03/2025,SOC073,9,Atendimento excelente do início ao fim.,Nenhum problema
FB1208,AT2658,25/02/2025,SOC236,4,Houve dificuldade de comunicação com o hospital.,Falha de comunicação
FB1209,AT2375,15/01/2025,SOC237,7,Houve pequena demora para localizar o hospital.,Demora no atendimento
FB1210,AT6425,14/03/2026,SOC272,9,Resposta rápida e comunicação clara.,Nenhum problema
FB1211,AT2294,01/02/2025,SOC092,4,Demora na regulação do leito hospitalar.,Demora no atendimento
FB1212,AT0142,30/05/2026,SOC001,8,Ocorrência conduzida com muita competência.,Nenhum problema
FB1213,AT1895,26/12/2024,SOC282,9,Atendimento excelente do início ao fim.,Nenhum problema
FB1214,AT1826,26/12/2024,SOC121,10,Equipe cordial e atenciosa com o paciente.,Nenhum problema
FB1215,AT1212,23/10/2024,SOC274,10,Atendimento organizado e seguro.,Nenhum problema
FB1216,AT6940,02/05/2026,SOC267,4,Falta de insumo básico dificultou o procedimento.,Falta de equipamento
FB1217,AT7828,27/08/2026,SOC102,8,Equipe atuou rapidamente no local.,Nenhum problema
FB1218,AT0536,05/02/2025,SOC149,6,Demora para liberar leito hospitalar.,Demora no atendimento
FB1219,AT5669,15/12/2025,SOC105,9,"Atendimento tranquilo, sem intercorrências.",Nenhum problema
FB1220,AT3740,26/05/2025,SOC020,7,"Atendimento tranquilo, sem intercorrências.",Nenhum problema
FB1221,AT3434,15/04/2025,SOC255,3,Demora na regulação do leito hospitalar.,Demora no atendimento
FB1222,AT2638,24/02/2025,SOC026,9,Comunicação eficiente durante a ocorrência.,Nenhum problema
FB1223,AT2526,26/01/2025,SOC155,2,Gravidade do caso impossibilitou reanimação.,Morte acidental
FB1224,AT3075,06/03/2025,SOC155,4,Equipamento necessário não estava disponível.,Falta de equipamento
FB1225,AT0529,07/02/2025,SOC057,5,Demora na regulação do leito hospitalar.,Demora no atendimento
FB1226,AT7438,12/07/2026,SOC086,9,Equipe atuou rapidamente no local.,Nenhum problema
FB1227,AT0542,28/02/2025,SOC079,8,Ocorrência conduzida com muita competência.,Nenhum problema
FB1228,AT7436,17/07/2026,SOC119,6,Trânsito prejudicou o tempo de chegada.,Demora no atendimento
FB1229,AT2913,30/03/2025,SOC104,5,Equipamento necessário não estava disponível.,Falta de equipamento
FB1230,AT6965,01/06/2026,SOC070,10,Excelente coordenação entre viatura e hospital.,Nenhum problema
FB1231,AT6804,18/05/2026,SOC169,9,Resposta rápida e comunicação clara.,Nenhum problema
FB1232,AT4905,03/09/2025,SOC209,2,Paciente não resistiu aos ferimentos.,Morte acidental
FB1233,AT3139,05/03/2025,SOC213,8,Comunicação eficiente durante a ocorrência.,Nenhum problema
FB1234,AT7062,13/06/2026,SOC006,4,Tempo de deslocamento acima do esperado.,Demora no atendimento
FB1235,AT7172,05/06/2026,SOC110,5,Endereço informado estava impreciso.,Falha de comunicação
FB1236,AT3893,08/05/2025,SOC101,8,Encaminhamento hospitalar foi eficiente.,Nenhum problema
FB1237,AT6974,02/06/2026,SOC084,2,Paciente sofreu morte acidental no local.,Morte acidental
FB1238,AT7332,26/06/2026,SOC069,7,Encaminhamento hospitalar foi eficiente.,Nenhum problema
FB1239,AT3524,25/04/2025,SOC035,10,Boa integração entre as equipes.,Nenhum problema
FB1240,AT1967,01/12/2024,SOC189,7,Equipe atuou rapidamente no local.,Nenhum problema
FB1241,AT3490,02/04/2025,SOC162,3,Falha no repasse de dados entre equipes.,Falha de comunicação
FB1242,AT7965,25/08/2026,SOC271,5,Houve dificuldade de comunicação com o hospital.,Falha de comunicação
FB1243,AT2931,09/03/2025,SOC094,4,Kit de emergência incompleto na viatura.,Falta de equipamento
FB1244,AT4354,30/07/2025,SOC114,9,Equipe atuou rapidamente no local.,Nenhum problema
FB1245,AT5856,08/01/2026,SOC129,5,Trânsito prejudicou o tempo de chegada.,Demora no atendimento
FB1246,AT4280,13/07/2025,SOC211,10,Procedimento ocorreu conforme planejado.,Nenhum problema
FB1247,AT5472,03/11/2025,SOC028,7,Ocorrência apresentou atraso significativo.,Demora no atendimento
FB1248,AT4276,16/07/2025,SOC046,4,Equipamento necessário não estava disponível.,Falta de equipamento
FB1249,AT2796,13/02/2025,SOC075,10,Equipe preparada para situação crítica.,Nenhum problema
FB1250,AT6081,19/02/2026,SOC264,4,Kit de emergência incompleto na viatura.,Falta de equipamento
FB1251,AT6520,26/04/2026,SOC207,7,Paciente estabilizado rapidamente pela equipe.,Nenhum problema
FB1252,AT2782,01/03/2025,SOC223,8,Bom trabalho em equipe durante o socorro.,Nenhum problema
FB1253,AT1191,12/10/2024,SOC033,9,Atendimento rápido e organizado.,Nenhum problema
FB1254,AT2846,28/03/2025,SOC207,2,Paciente não resistiu aos ferimentos.,Morte acidental
FB1255,AT0295,18/06/2026,SOC137,10,Atendimento organizado e seguro.,Nenhum problema
FB1256,AT6161,06/02/2026,SOC195,9,Equipe demonstrou excelente preparo.,Nenhum problema
FB1257,AT4483,05/08/2025,SOC066,8,Atendimento organizado e seguro.,Nenhum problema
FB1258,AT4336,09/07/2025,SOC226,4,Fila no pronto-socorro atrasou o atendimento.,Demora no atendimento
FB1259,AT7646,15/08/2026,SOC012,8,Resposta rápida e comunicação clara.,Nenhum problema
FB1260,AT3845,09/05/2025,SOC197,7,Atendimento rápido e equipe bem preparada.,Nenhum problema
FB1261,AT6108,22/02/2026,SOC263,7,"Atendimento tranquilo, sem intercorrências.",Nenhum problema
FB1262,AT5703,16/12/2025,SOC139,7,Atendimento ocorreu sem complicações.,Nenhum problema
FB1263,AT7417,14/07/2026,SOC293,6,Kit de emergência incompleto na viatura.,Falta de equipamento
FB1264,AT2783,03/03/2025,SOC229,7,Demora na regulação do leito hospitalar.,Demora no atendimento
FB1265,AT7920,24/08/2026,SOC017,7,Equipe atuou rapidamente no local.,Nenhum problema
FB1266,AT7673,27/08/2026,SOC203,10,Encaminhamento hospitalar foi eficiente.,Nenhum problema
FB1267,AT6364,11/03/2026,SOC030,8,Equipe cordial e atenciosa com o paciente.,Nenhum problema
FB1268,AT5650,20/12/2025,SOC034,5,Informações do chamado estavam incompletas.,Falha de comunicação
FB1269,AT7292,20/06/2026,SOC281,5,Comunicação com a central apresentou ruído.,Falha de comunicação
FB1270,AT2185,10/01/2025,SOC103,3,Houve espera moderada no hospital.,Demora no atendimento
FB1271,AT7022,28/06/2026,SOC180,4,Demora na regulação do leito hospitalar.,Demora no atendimento
FB1272,AT0727,27/07/2025,SOC084,7,Bom trabalho em equipe durante o socorro.,Nenhum problema
FB1273,AT1880,08/12/2024,SOC219,4,Comunicação com a central apresentou ruído.,Falha de comunicação
FB1274,AT3947,31/05/2025,SOC242,1,Paciente sofreu morte acidental no local.,Morte acidental
FB1275,AT3065,11/03/2025,SOC208,4,Houve dificuldade de comunicação com o hospital.,Falha de comunicação
FB1276,AT3807,14/05/2025,SOC067,7,Resposta rápida e comunicação clara.,Nenhum problema
FB1277,AT5625,16/12/2025,SOC159,10,Equipe preparada para situação crítica.,Nenhum problema
FB1278,AT2351,12/01/2025,SOC293,8,Procedimento padrão seguido corretamente.,Nenhum problema
FB1279,AT2203,06/01/2025,SOC051,9,Equipe demonstrou excelente preparo.,Nenhum problema
FB1280,AT7336,11/06/2026,SOC106,8,Procedimento ocorreu conforme planejado.,Nenhum problema
FB1281,AT7522,01/08/2026,SOC165,7,Boa integração entre as equipes.,Nenhum problema
FB1282,AT2001,25/12/2024,SOC189,7,Equipe cordial e atenciosa com o paciente.,Nenhum problema
FB1283,AT4695,07/08/2025,SOC046,7,Atendimento adequado apesar da espera.,Demora no atendimento
FB1284,AT4530,15/07/2025,SOC100,10,Paciente estabilizado rapidamente pela equipe.,Nenhum problema
FB1285,AT1597,20/11/2024,SOC244,5,Demora na regulação do leito hospitalar.,Demora no atendimento
FB1286,AT6133,13/02/2026,SOC115,8,Equipe demonstrou grande eficiência.,Nenhum problema
FB1287,AT2258,06/01/2025,SOC048,7,Procedimento ocorreu conforme planejado.,Nenhum problema
FB1288,AT3659,29/05/2025,SOC009,2,Paciente sofreu morte acidental no local.,Morte acidental
FB1289,AT1135,27/09/2024,SOC269,8,Suporte adequado durante todo o atendimento.,Nenhum problema
FB1290,AT3121,13/03/2025,SOC096,9,Ocorrência conduzida com muita competência.,Nenhum problema
FB1291,AT5049,18/09/2025,SOC186,8,Procedimento ocorreu conforme planejado.,Nenhum problema
FB1292,AT1090,03/10/2024,SOC112,9,Chegada rápida evitou agravamento do quadro.,Nenhum problema
FB1293,AT4174,01/07/2025,SOC246,4,Houve pequena demora para localizar o hospital.,Demora no atendimento
FB1294,AT4718,17/08/2025,SOC006,9,Encaminhamento hospitalar foi eficiente.,Nenhum problema
FB1295,AT6118,03/03/2026,SOC094,9,Bom trabalho em equipe durante o socorro.,Nenhum problema
FB1296,AT3508,28/04/2025,SOC188,4,Endereço informado estava impreciso.,Falha de comunicação
FB1297,AT1170,09/09/2024,SOC145,9,Chegada rápida evitou agravamento do quadro.,Nenhum problema
FB1298,AT0779,05/09/2025,SOC035,9,Tempo de resposta foi satisfatório.,Nenhum problema
FB1299,AT3588,11/04/2025,SOC082,9,Ocorrência conduzida com muita competência.,Nenhum problema
FB1300,AT0993,23/08/2026,SOC248,10,Procedimento padrão seguido corretamente.,Nenhum problema
FB1301,AT0611,23/04/2025,SOC220,2,Paciente sofreu morte acidental no local.,Morte acidental
FB1302,AT2402,11/01/2025,SOC282,4,Ambulância sem parte do material necessário.,Falta de equipamento
FB1303,AT1952,12/12/2024,SOC199,3,Houve dificuldade de comunicação com o hospital.,Falha de comunicação
FB1304,AT1748,10/12/2024,SOC035,9,Comunicação eficiente durante a ocorrência.,Nenhum problema
FB1305,AT5853,28/01/2026,SOC030,7,Equipe demonstrou grande eficiência.,Nenhum problema
FB1306,AT4749,01/09/2025,SOC219,9,Equipe preparada para situação crítica.,Nenhum problema
FB1307,AT6391,03/04/2026,SOC020,4,Houve espera moderada no hospital.,Demora no atendimento
FB1308,AT1854,16/12/2024,SOC211,4,Kit de emergência incompleto na viatura.,Falta de equipamento
FB1309,AT6811,05/05/2026,SOC023,7,Atendimento excelente do início ao fim.,Nenhum problema
FB1310,AT1680,01/01/2025,SOC288,8,Equipe preparada para situação crítica.,Nenhum problema
FB1311,AT0761,06/08/2025,SOC227,7,Ótima triagem e encaminhamento adequado.,Nenhum problema
FB1312,AT0988,31/08/2026,SOC045,9,Comunicação entre socorristas foi boa.,Nenhum problema
FB1313,AT0582,05/04/2025,SOC275,10,Procedimento padrão seguido corretamente.,Nenhum problema
FB1314,AT7996,20/08/2026,SOC196,2,Paciente sofreu morte acidental no local.,Morte acidental
FB1315,AT0727,29/07/2025,SOC263,7,Procedimento padrão seguido corretamente.,Nenhum problema
FB1316,AT7051,19/06/2026,SOC181,8,"Atendimento tranquilo, sem intercorrências.",Nenhum problema
FB1317,AT7055,03/07/2026,SOC186,10,Equipe ágil e excelente suporte hospitalar.,Nenhum problema
FB1318,AT2384,20/01/2025,SOC252,4,Kit de emergência incompleto na viatura.,Falta de equipamento
FB1319,AT3627,22/05/2025,SOC064,9,Atendimento organizado e seguro.,Nenhum problema
FB1320,AT5749,11/12/2025,SOC203,10,Equipe ágil e excelente suporte hospitalar.,Nenhum problema
FB1321,AT7555,25/07/2026,SOC046,8,Procedimento padrão seguido corretamente.,Nenhum problema
FB1322,AT5432,12/11/2025,SOC007,1,Gravidade do caso impossibilitou reanimação.,Morte acidental
FB1323,AT0779,06/09/2025,SOC024,4,Houve dificuldade de comunicação com o hospital.,Falha de comunicação
FB1324,AT7717,06/08/2026,SOC219,10,Chegada rápida evitou agravamento do quadro.,Nenhum problema
FB1325,AT5515,13/11/2025,SOC189,9,Resposta rápida e comunicação clara.,Nenhum problema
FB1326,AT2222,08/01/2025,SOC044,7,Equipe preparada para situação crítica.,Nenhum problema
FB1327,AT3682,23/05/2025,SOC273,5,Demora na regulação do leito hospitalar.,Demora no atendimento
FB1328,AT1926,29/12/2024,SOC079,9,Equipe preparada para situação crítica.,Nenhum problema
FB1329,AT2673,20/02/2025,SOC023,6,Equipamento necessário não estava disponível.,Falta de equipamento
FB1330,AT7124,30/06/2026,SOC224,5,Kit de emergência incompleto na viatura.,Falta de equipamento
FB1331,AT1192,01/11/2024,SOC122,9,Ótima triagem e encaminhamento adequado.,Nenhum problema
FB1332,AT2382,07/01/2025,SOC284,9,Equipe atuou rapidamente no local.,Nenhum problema
FB1333,AT5463,09/11/2025,SOC290,10,Equipe cordial e atenciosa com o paciente.,Nenhum problema
FB1334,AT5742,10/12/2025,SOC244,8,Paciente estabilizado rapidamente pela equipe.,Nenhum problema
FB1335,AT1899,03/12/2024,SOC044,2,Endereço informado estava impreciso.,Falha de comunicação
FB1336,AT6804,23/05/2026,SOC253,8,Equipe demonstrou grande eficiência.,Nenhum problema
FB1337,AT3526,13/04/2025,SOC274,10,Equipe atuou rapidamente no local.,Nenhum problema
FB1338,AT3412,10/04/2025,SOC172,8,Suporte adequado durante todo o atendimento.,Nenhum problema
FB1339,AT6303,02/04/2026,SOC288,4,Falta de insumo básico dificultou o procedimento.,Falta de equipamento
FB1340,AT0645,21/05/2025,SOC297,2,Paciente não resistiu aos ferimentos.,Morte acidental
FB1341,AT5286,11/10/2025,SOC015,2,Houve dificuldade de comunicação com o hospital.,Falha de comunicação
FB1342,AT4403,01/07/2025,SOC190,7,Comunicação eficiente durante a ocorrência.,Nenhum problema
FB1343,AT5003,13/09/2025,SOC198,9,Equipe demonstrou excelente preparo.,Nenhum problema
FB1344,AT6451,17/03/2026,SOC093,4,Faltou equipamento durante o atendimento.,Falta de equipamento
FB1345,AT3813,29/05/2025,SOC101,2,Óbito constatado apesar dos esforços da equipe.,Morte acidental
FB1346,AT5047,26/09/2025,SOC211,8,Boa integração entre as equipes.,Nenhum problema
FB1347,AT5722,16/12/2025,SOC290,6,Ambulância sem parte do material necessário.,Falta de equipamento
FB1348,AT3508,27/04/2025,SOC149,3,Houve dificuldade de comunicação com o hospital.,Falha de comunicação
FB1349,AT6613,01/05/2026,SOC146,8,Equipe ágil e excelente suporte hospitalar.,Nenhum problema
FB1350,AT1936,10/12/2024,SOC194,3,Atendimento adequado apesar da espera.,Demora no atendimento
FB1351,AT3912,08/05/2025,SOC161,1,Gravidade do caso impossibilitou reanimação.,Morte acidental
FB1352,AT6336,08/03/2026,SOC006,9,Ótima triagem e encaminhamento adequado.,Nenhum problema
FB1353,AT6729,03/05/2026,SOC291,7,Ocorrência apresentou atraso significativo.,Demora no atendimento
FB1354,AT1214,04/10/2024,SOC170,10,Equipe cordial e atenciosa com o paciente.,Nenhum problema
FB1355,AT7649,23/08/2026,SOC217,8,Atendimento rápido e equipe bem preparada.,Nenhum problema
FB1356,AT7244,10/06/2026,SOC067,8,Paciente estabilizado rapidamente pela equipe.,Nenhum problema
FB1357,AT7687,10/08/2026,SOC217,5,Falha no repasse de dados entre equipes.,Falha de comunicação
FB1358,AT5488,14/11/2025,SOC080,6,Houve espera moderada no hospital.,Demora no atendimento
FB1359,AT6881,21/05/2026,SOC251,2,Endereço informado estava impreciso.,Falha de comunicação
FB1360,AT1171,23/09/2024,SOC268,10,Boa integração entre as equipes.,Nenhum problema
FB1361,AT0695,06/06/2025,SOC217,7,Ocorrência conduzida com muita competência.,Nenhum problema
FB1362,AT1804,03/12/2024,SOC186,10,Atendimento organizado e seguro.,Nenhum problema
FB1363,AT2981,17/03/2025,SOC231,5,Falha no repasse de dados entre equipes.,Falha de comunicação
FB1364,AT6909,17/05/2026,SOC218,2,Comunicação com a central apresentou ruído.,Falha de comunicação
FB1365,AT2225,19/01/2025,SOC162,1,Óbito constatado apesar dos esforços da equipe.,Morte acidental
FB1366,AT2715,27/02/2025,SOC067,8,Atendimento ocorreu sem complicações.,Nenhum problema
FB1367,AT1449,25/11/2024,SOC187,9,Boa integração entre as equipes.,Nenhum problema
FB1368,AT5607,13/12/2025,SOC273,4,Tempo de deslocamento acima do esperado.,Demora no atendimento
FB1369,AT2320,15/01/2025,SOC134,8,Ocorrência conduzida com muita competência.,Nenhum problema
FB1370,AT5992,19/01/2026,SOC175,2,Paciente sofreu morte acidental no local.,Morte acidental
FB1371,AT5794,01/12/2025,SOC037,5,Comunicação com a central apresentou ruído.,Falha de comunicação
FB1372,AT5788,09/12/2025,SOC030,1,Paciente sofreu morte acidental no local.,Morte acidental
FB1373,AT3197,28/03/2025,SOC196,4,Falha no repasse de dados entre equipes.,Falha de comunicação
FB1374,AT5818,16/12/2025,SOC164,7,Atendimento excelente do início ao fim.,Nenhum problema
FB1375,AT0494,07/12/2024,SOC240,5,Faltou equipamento durante o atendimento.,Falta de equipamento
FB1376,AT7261,27/06/2026,SOC055,2,Gravidade do caso impossibilitou reanimação.,Morte acidental
FB1377,AT3881,21/05/2025,SOC048,7,Excelente coordenação entre viatura e hospital.,Nenhum problema
FB1378,AT7708,31/08/2026,SOC117,5,Informações do chamado estavam incompletas.,Falha de comunicação
FB1379,AT1418,24/11/2024,SOC293,9,Chegada rápida evitou agravamento do quadro.,Nenhum problema
FB1380,AT5904,04/01/2026,SOC271,7,Fila no pronto-socorro atrasou o atendimento.,Demora no atendimento
FB1381,AT4492,22/07/2025,SOC267,8,Atendimento rápido e equipe bem preparada.,Nenhum problema
FB1382,AT0944,30/05/2026,SOC253,4,Endereço informado estava impreciso.,Falha de comunicação
FB1383,AT2657,14/02/2025,SOC102,10,Comunicação eficiente durante a ocorrência.,Nenhum problema
FB1384,AT2748,14/02/2025,SOC161,2,Falha no repasse de dados entre equipes.,Falha de comunicação
FB1385,AT3201,16/03/2025,SOC179,9,Ótima triagem e encaminhamento adequado.,Nenhum problema
FB1386,AT5806,14/12/2025,SOC288,4,Falha no repasse de dados entre equipes.,Falha de comunicação
FB1387,AT1650,07/12/2024,SOC052,9,Procedimento padrão seguido corretamente.,Nenhum problema
FB1388,AT1700,15/12/2024,SOC203,10,Comunicação eficiente durante a ocorrência.,Nenhum problema
FB1389,AT0443,21/11/2024,SOC218,2,Gravidade do caso impossibilitou reanimação.,Morte acidental
FB1390,AT1294,31/10/2024,SOC190,6,Ocorrência apresentou atraso significativo.,Demora no atendimento
FB1391,AT0475,28/12/2024,SOC226,3,Demora na regulação do leito hospitalar.,Demora no atendimento
FB1392,AT2306,07/01/2025,SOC172,9,Ocorrência conduzida com muita competência.,Nenhum problema
FB1393,AT5637,20/12/2025,SOC152,10,Equipe demonstrou excelente preparo.,Nenhum problema
FB1394,AT6512,01/05/2026,SOC290,5,Atendimento adequado apesar da espera.,Demora no atendimento
FB1395,AT5972,12/01/2026,SOC294,10,Atendimento ocorreu sem complicações.,Nenhum problema
FB1396,AT5946,22/01/2026,SOC262,1,Paciente sofreu morte acidental no local.,Morte acidental
FB1397,AT6313,22/03/2026,SOC142,10,Atendimento rápido e equipe bem preparada.,Nenhum problema
FB1398,AT1206,28/10/2024,SOC080,1,Óbito constatado apesar dos esforços da equipe.,Morte acidental
FB1399,AT3707,01/06/2025,SOC288,8,Equipe demonstrou excelente preparo.,Nenhum problema
FB1400,AT5492,02/12/2025,SOC259,7,Atendimento excelente do início ao fim.,Nenhum problema
FB1401,AT2292,21/01/2025,SOC196,3,Falha no repasse de dados entre equipes.,Falha de comunicação
FB1402,AT1841,11/12/2024,SOC234,7,Atendimento organizado e seguro.,Nenhum problema
FB1403,AT6734,01/06/2026,SOC121,4,Endereço informado estava impreciso.,Falha de comunicação
FB1404,AT2579,27/02/2025,SOC107,2,Gravidade do caso impossibilitou reanimação.,Morte acidental
FB1405,AT7354,01/06/2026,SOC040,10,Atendimento rápido e equipe bem preparada.,Nenhum problema
FB1406,AT5719,15/12/2025,SOC280,9,Paciente estabilizado rapidamente pela equipe.,Nenhum problema
FB1407,AT2687,15/02/2025,SOC222,9,Atendimento rápido e equipe bem preparada.,Nenhum problema
FB1408,AT1008,13/09/2024,SOC164,4,Falta de insumo básico dificultou o procedimento.,Falta de equipamento
FB1409,AT1180,26/09/2024,SOC279,2,Paciente não resistiu aos ferimentos.,Morte acidental
FB1410,AT5860,19/01/2026,SOC042,7,Comunicação entre socorristas foi boa.,Nenhum problema
FB1411,AT6579,29/04/2026,SOC278,8,Boa integração entre as equipes.,Nenhum problema
FB1412,AT1735,22/12/2024,SOC022,5,Equipamento necessário não estava disponível.,Falta de equipamento
FB1413,AT3017,05/03/2025,SOC099,10,"Atendimento tranquilo, sem intercorrências.",Nenhum problema
FB1414,AT7221,12/06/2026,SOC206,10,Equipe demonstrou excelente preparo.,Nenhum problema
FB1415,AT5335,23/10/2025,SOC170,10,Boa integração entre as equipes.,Nenhum problema
FB1416,AT7359,23/06/2026,SOC246,7,Equipe preparada para situação crítica.,Nenhum problema
FB1417,AT3529,28/04/2025,SOC263,2,Paciente não resistiu aos ferimentos.,Morte acidental
FB1418,AT7146,11/06/2026,SOC010,7,Procedimento ocorreu conforme planejado.,Nenhum problema
FB1419,AT1338,24/10/2024,SOC298,10,Atendimento rápido e organizado.,Nenhum problema
FB1420,AT6016,23/02/2026,SOC045,10,Ótima triagem e encaminhamento adequado.,Nenhum problema
FB1421,AT5020,26/09/2025,SOC187,1,Gravidade do caso impossibilitou reanimação.,Morte acidental
FB1422,AT4865,25/09/2025,SOC143,2,Gravidade do caso impossibilitou reanimação.,Morte acidental
FB1423,AT0997,22/08/2026,SOC142,9,"Atendimento tranquilo, sem intercorrências.",Nenhum problema
FB1424,AT6062,05/02/2026,SOC173,4,Atendimento adequado apesar da espera.,Demora no atendimento
FB1425,AT3134,07/03/2025,SOC220,9,Equipe demonstrou excelente preparo.,Nenhum problema
FB1426,AT7149,02/06/2026,SOC218,8,Atendimento organizado e seguro.,Nenhum problema
FB1427,AT0304,14/05/2026,SOC091,6,Demora para liberar leito hospitalar.,Demora no atendimento
FB1428,AT2927,16/03/2025,SOC044,8,Chegada rápida evitou agravamento do quadro.,Nenhum problema
FB1429,AT3411,21/04/2025,SOC203,9,Atendimento rápido e equipe bem preparada.,Nenhum problema
FB1430,AT7707,12/08/2026,SOC106,9,Procedimento realizado de forma segura.,Nenhum problema
FB1431,AT0870,27/11/2025,SOC003,9,Equipe preparada para situação crítica.,Nenhum problema
FB1432,AT5378,21/11/2025,SOC132,7,Resposta rápida e comunicação clara.,Nenhum problema
FB1433,AT6297,10/03/2026,SOC237,5,Ocorrência apresentou atraso significativo.,Demora no atendimento
FB1434,AT7945,08/08/2026,SOC282,7,Equipe cordial e atenciosa com o paciente.,Nenhum problema
FB1435,AT1302,02/11/2024,SOC203,7,Equipe demonstrou grande eficiência.,Nenhum problema
FB1436,AT0383,12/02/2026,SOC148,3,Demora para liberar leito hospitalar.,Demora no atendimento
FB1437,AT1188,01/10/2024,SOC221,4,Equipamento necessário não estava disponível.,Falta de equipamento
FB1438,AT5623,26/12/2025,SOC100,1,Gravidade do caso impossibilitou reanimação.,Morte acidental
FB1439,AT3746,29/05/2025,SOC290,2,Paciente não resistiu aos ferimentos.,Morte acidental
FB1440,AT4580,28/07/2025,SOC152,8,Equipe demonstrou grande eficiência.,Nenhum problema
FB1441,AT5614,29/12/2025,SOC059,8,Equipe preparada para situação crítica.,Nenhum problema
FB1442,AT7050,14/06/2026,SOC117,2,Houve dificuldade de comunicação com o hospital.,Falha de comunicação
FB1443,AT3018,27/03/2025,SOC038,9,Atendimento organizado e seguro.,Nenhum problema
FB1444,AT6542,12/04/2026,SOC168,9,Equipe ágil e excelente suporte hospitalar.,Nenhum problema
FB1445,AT2517,15/01/2025,SOC076,4,Demora na regulação do leito hospitalar.,Demora no atendimento
FB1446,AT6454,21/03/2026,SOC226,7,"Atendimento tranquilo, sem intercorrências.",Nenhum problema
FB1447,AT7669,21/08/2026,SOC116,9,Procedimento ocorreu conforme planejado.,Nenhum problema
FB1448,AT4064,03/06/2025,SOC296,9,Comunicação eficiente durante a ocorrência.,Nenhum problema
FB1449,AT5635,07/12/2025,SOC220,7,"Atendimento tranquilo, sem intercorrências.",Nenhum problema
FB1450,AT3101,25/03/2025,SOC150,2,Gravidade do caso impossibilitou reanimação.,Morte acidental
FB1451,AT2664,05/02/2025,SOC204,8,Equipe cordial e atenciosa com o paciente.,Nenhum problema
FB1452,AT0745,05/08/2025,SOC088,8,Comunicação entre socorristas foi boa.,Nenhum problema
FB1453,AT5880,24/01/2026,SOC242,5,Houve espera moderada no hospital.,Demora no atendimento
FB1454,AT4621,05/07/2025,SOC198,3,Atendimento adequado apesar da espera.,Demora no atendimento
FB1455,AT6178,10/02/2026,SOC155,5,Falta de insumo básico dificultou o procedimento.,Falta de equipamento
FB1456,AT4803,28/08/2025,SOC081,8,Equipe demonstrou excelente preparo.,Nenhum problema
FB1457,AT6081,21/02/2026,SOC269,2,Falha no repasse de dados entre equipes.,Falha de comunicação
FB1458,AT3702,18/05/2025,SOC004,3,Falha no repasse de dados entre equipes.,Falha de comunicação
FB1459,AT2081,06/01/2025,SOC300,9,Resposta rápida e comunicação clara.,Nenhum problema
FB1460,AT5438,24/11/2025,SOC278,9,Equipe demonstrou excelente preparo.,Nenhum problema
FB1461,AT7225,24/06/2026,SOC211,4,Endereço informado estava impreciso.,Falha de comunicação
FB1462,AT4469,01/08/2025,SOC008,10,Equipe demonstrou grande eficiência.,Nenhum problema
FB1463,AT5017,07/09/2025,SOC274,7,Equipe preparada para situação crítica.,Nenhum problema
FB1464,AT0784,26/09/2025,SOC160,8,Equipe demonstrou grande eficiência.,Nenhum problema
FB1465,AT4435,22/07/2025,SOC171,8,Equipe demonstrou excelente preparo.,Nenhum problema
FB1466,AT5559,02/01/2026,SOC071,4,Equipamento necessário não estava disponível.,Falta de equipamento
FB1467,AT6304,13/03/2026,SOC130,10,Comunicação eficiente durante a ocorrência.,Nenhum problema
FB1468,AT5875,27/01/2026,SOC296,4,Comunicação com a central apresentou ruído.,Falha de comunicação
FB1469,AT3493,19/04/2025,SOC300,5,Fila no pronto-socorro atrasou o atendimento.,Demora no atendimento
FB1470,AT7895,18/08/2026,SOC015,2,Falha no repasse de dados entre equipes.,Falha de comunicação
FB1471,AT2414,15/01/2025,SOC204,10,Atendimento excelente do início ao fim.,Nenhum problema
FB1472,AT4242,26/07/2025,SOC104,7,Ótima triagem e encaminhamento adequado.,Nenhum problema
FB1473,AT0138,11/07/2026,SOC200,5,Tempo de deslocamento acima do esperado.,Demora no atendimento
FB1474,AT7379,19/07/2026,SOC069,7,Tempo de resposta foi satisfatório.,Nenhum problema
FB1475,AT1698,26/12/2024,SOC050,8,Procedimento realizado de forma segura.,Nenhum problema
FB1476,AT0392,21/01/2026,SOC098,7,Resposta rápida e comunicação clara.,Nenhum problema
FB1477,AT3688,18/05/2025,SOC196,5,Faltou equipamento durante o atendimento.,Falta de equipamento
FB1478,AT6774,10/05/2026,SOC271,8,Bom trabalho em equipe durante o socorro.,Nenhum problema
FB1479,AT2131,04/01/2025,SOC069,10,Equipe demonstrou excelente preparo.,Nenhum problema
FB1480,AT7092,06/06/2026,SOC269,9,Resposta rápida e comunicação clara.,Nenhum problema
FB1481,AT6352,19/03/2026,SOC231,9,Encaminhamento hospitalar foi eficiente.,Nenhum problema
FB1482,AT4803,27/08/2025,SOC200,10,Comunicação entre socorristas foi boa.,Nenhum problema
FB1483,AT2115,15/01/2025,SOC140,9,Equipe atuou rapidamente no local.,Nenhum problema
FB1484,AT3255,19/03/2025,SOC126,8,Ótima triagem e encaminhamento adequado.,Nenhum problema
FB1485,AT1917,16/12/2024,SOC223,3,Falha no repasse de dados entre equipes.,Falha de comunicação
FB1486,AT0840,12/11/2025,SOC226,9,Bom trabalho em equipe durante o socorro.,Nenhum problema
FB1487,AT4676,27/08/2025,SOC211,2,Endereço informado estava impreciso.,Falha de comunicação
FB1488,AT5257,17/10/2025,SOC057,5,Falta de insumo básico dificultou o procedimento.,Falta de equipamento
FB1489,AT2146,25/01/2025,SOC039,7,Equipe cordial e atenciosa com o paciente.,Nenhum problema
FB1490,AT0743,18/08/2025,SOC238,9,"Atendimento tranquilo, sem intercorrências.",Nenhum problema
FB1491,AT1932,15/12/2024,SOC003,9,"Atendimento tranquilo, sem intercorrências.",Nenhum problema
FB1492,AT7793,08/08/2026,SOC281,8,Equipe demonstrou grande eficiência.,Nenhum problema
FB1493,AT3357,11/04/2025,SOC151,9,Ótima triagem e encaminhamento adequado.,Nenhum problema
FB1494,AT1683,19/12/2024,SOC156,7,Comunicação entre socorristas foi boa.,Nenhum problema
FB1495,AT6782,05/05/2026,SOC294,10,Tempo de resposta foi satisfatório.,Nenhum problema
FB1496,AT6421,18/03/2026,SOC129,6,Kit de emergência incompleto na viatura.,Falta de equipamento
FB1497,AT7458,04/07/2026,SOC296,6,Tempo de deslocamento acima do esperado.,Demora no atendimento
FB1498,AT1719,09/12/2024,SOC120,10,Paciente estabilizado rapidamente pela equipe.,Nenhum problema
FB1499,AT2456,01/02/2025,SOC039,5,Faltou equipamento durante o atendimento.,Falta de equipamento
FB1500,AT1853,30/12/2024,SOC107,5,Faltou equipamento durante o atendimento.,Falta de equipamento
FB1501,AT4530,13/07/2025,SOC252,1,Paciente sofreu morte acidental no local.,Morte acidental
FB1502,AT2064,18/12/2024,SOC016,9,Chegada rápida evitou agravamento do quadro.,Nenhum problema
FB1503,AT7633,31/08/2026,SOC267,4,Kit de emergência incompleto na viatura.,Falta de equipamento
FB1504,AT1068,07/09/2024,SOC057,7,Atendimento organizado e seguro.,Nenhum problema
FB1505,AT1492,10/11/2024,SOC016,1,Paciente não resistiu aos ferimentos.,Morte acidental
FB1506,AT4966,05/10/2025,SOC139,10,Procedimento ocorreu conforme planejado.,Nenhum problema
FB1507,AT7449,22/07/2026,SOC047,4,Ambulância sem parte do material necessário.,Falta de equipamento
FB1508,AT3074,13/03/2025,SOC274,5,Ocorrência apresentou atraso significativo.,Demora no atendimento
FB1509,AT2391,11/01/2025,SOC060,8,Comunicação entre socorristas foi boa.,Nenhum problema
FB1510,AT0544,11/02/2025,SOC113,2,Gravidade do caso impossibilitou reanimação.,Morte acidental
FB1511,AT5140,03/11/2025,SOC043,7,Comunicação eficiente durante a ocorrência.,Nenhum problema
FB1512,AT1651,14/12/2024,SOC195,10,Equipe preparada para situação crítica.,Nenhum problema
FB1513,AT5012,30/09/2025,SOC097,9,Atendimento ocorreu sem complicações.,Nenhum problema
FB1514,AT7372,20/07/2026,SOC207,4,Equipamento necessário não estava disponível.,Falta de equipamento
FB1515,AT0667,24/05/2025,SOC235,7,Comunicação eficiente durante a ocorrência.,Nenhum problema
FB1516,AT7472,31/07/2026,SOC170,7,Fila no pronto-socorro atrasou o atendimento.,Demora no atendimento
FB1517,AT7833,29/08/2026,SOC135,6,Equipamento necessário não estava disponível.,Falta de equipamento
FB1518,AT4230,06/07/2025,SOC223,5,Houve dificuldade de comunicação com o hospital.,Falha de comunicação
FB1519,AT5846,12/01/2026,SOC019,7,Encaminhamento hospitalar foi eficiente.,Nenhum problema
FB1520,AT4233,24/07/2025,SOC216,9,Bom trabalho em equipe durante o socorro.,Nenhum problema
FB1521,AT6575,26/04/2026,SOC074,1,Óbito constatado apesar dos esforços da equipe.,Morte acidental
FB1522,AT1133,29/09/2024,SOC085,7,Comunicação entre socorristas foi boa.,Nenhum problema
FB1523,AT3391,26/04/2025,SOC103,10,Chegada rápida evitou agravamento do quadro.,Nenhum problema
FB1524,AT6766,03/06/2026,SOC136,3,Espera prolongada para triagem no hospital.,Demora no atendimento
FB1525,AT3821,29/05/2025,SOC032,10,Ocorrência conduzida com muita competência.,Nenhum problema
FB1526,AT1227,12/10/2024,SOC109,8,Suporte adequado durante todo o atendimento.,Nenhum problema
FB1527,AT3610,16/04/2025,SOC138,8,Atendimento rápido e equipe bem preparada.,Nenhum problema
FB1528,AT7045,12/06/2026,SOC010,7,Houve pequena demora para localizar o hospital.,Demora no atendimento
FB1529,AT5168,17/10/2025,SOC172,7,Ótima triagem e encaminhamento adequado.,Nenhum problema
FB1530,AT7118,26/06/2026,SOC102,9,Comunicação eficiente durante a ocorrência.,Nenhum problema
FB1531,AT2406,26/01/2025,SOC072,7,Procedimento ocorreu conforme planejado.,Nenhum problema
FB1532,AT5049,17/09/2025,SOC077,8,Procedimento realizado de forma segura.,Nenhum problema
FB1533,AT3485,26/04/2025,SOC245,7,Demora na regulação do leito hospitalar.,Demora no atendimento
FB1534,AT4313,26/07/2025,SOC276,4,Houve dificuldade de comunicação com o hospital.,Falha de comunicação
FB1535,AT6486,05/04/2026,SOC004,8,Equipe preparada para situação crítica.,Nenhum problema
FB1536,AT7475,08/07/2026,SOC010,7,Paciente estabilizado rapidamente pela equipe.,Nenhum problema
FB1537,AT5338,21/10/2025,SOC238,5,Kit de emergência incompleto na viatura.,Falta de equipamento
FB1538,AT2603,22/02/2025,SOC214,9,Ótima triagem e encaminhamento adequado.,Nenhum problema
FB1539,AT6525,06/04/2026,SOC114,8,Procedimento realizado de forma segura.,Nenhum problema
FB1540,AT5047,26/09/2025,SOC021,9,Comunicação entre socorristas foi boa.,Nenhum problema
FB1541,AT7070,09/06/2026,SOC138,6,Demora na regulação do leito hospitalar.,Demora no atendimento
FB1542,AT7399,31/07/2026,SOC271,9,Tempo de resposta foi satisfatório.,Nenhum problema
FB1543,AT5919,18/01/2026,SOC186,9,Encaminhamento hospitalar foi eficiente.,Nenhum problema
FB1544,AT6166,28/02/2026,SOC036,5,Ambulância sem parte do material necessário.,Falta de equipamento
FB1545,AT7980,29/08/2026,SOC076,7,Comunicação eficiente durante a ocorrência.,Nenhum problema
FB1546,AT2215,11/01/2025,SOC187,5,Ambulância sem parte do material necessário.,Falta de equipamento
FB1547,AT7194,30/06/2026,SOC009,9,Boa integração entre as equipes.,Nenhum problema
FB1548,AT3815,12/05/2025,SOC124,10,Comunicação entre socorristas foi boa.,Nenhum problema
FB1549,AT1049,19/09/2024,SOC005,9,"Atendimento tranquilo, sem intercorrências.",Nenhum problema
FB1550,AT6581,14/04/2026,SOC091,9,Atendimento rápido e organizado.,Nenhum problema
FB1551,AT3644,18/05/2025,SOC253,7,Equipe atuou rapidamente no local.,Nenhum problema
FB1552,AT2321,20/01/2025,SOC249,1,Paciente não resistiu aos ferimentos.,Morte acidental
FB1553,AT7073,05/06/2026,SOC095,5,Falta de insumo básico dificultou o procedimento.,Falta de equipamento
FB1554,AT2254,31/01/2025,SOC056,9,Atendimento ocorreu sem complicações.,Nenhum problema
FB1555,AT5338,16/10/2025,SOC015,6,Kit de emergência incompleto na viatura.,Falta de equipamento
FB1556,AT6172,27/02/2026,SOC052,8,Chegada rápida evitou agravamento do quadro.,Nenhum problema
FB1557,AT4518,21/07/2025,SOC284,3,Demora para liberar leito hospitalar.,Demora no atendimento
FB1558,AT2606,11/02/2025,SOC230,1,Gravidade do caso impossibilitou reanimação.,Morte acidental
FB1559,AT1003,22/09/2024,SOC275,4,Endereço informado estava impreciso.,Falha de comunicação
FB1560,AT3456,30/04/2025,SOC034,3,Houve espera moderada no hospital.,Demora no atendimento
FB1561,AT1202,14/10/2024,SOC151,4,Equipamento necessário não estava disponível.,Falta de equipamento
FB1562,AT3518,13/04/2025,SOC050,8,Atendimento ocorreu sem complicações.,Nenhum problema
FB1563,AT2172,21/01/2025,SOC146,4,Falha no repasse de dados entre equipes.,Falha de comunicação
FB1564,AT3648,20/05/2025,SOC006,10,Equipe cordial e atenciosa com o paciente.,Nenhum problema
FB1565,AT5795,02/01/2026,SOC123,1,Gravidade do caso impossibilitou reanimação.,Morte acidental
FB1566,AT1042,11/09/2024,SOC108,1,Paciente sofreu morte acidental no local.,Morte acidental
FB1567,AT2062,02/01/2025,SOC213,10,Chegada rápida evitou agravamento do quadro.,Nenhum problema
FB1568,AT5293,25/10/2025,SOC169,5,Equipamento necessário não estava disponível.,Falta de equipamento
FB1569,AT1281,23/10/2024,SOC217,10,Procedimento realizado de forma segura.,Nenhum problema
FB1570,AT1867,12/12/2024,SOC271,5,Faltou equipamento durante o atendimento.,Falta de equipamento
FB1571,AT6544,07/04/2026,SOC124,4,Ambulância sem parte do material necessário.,Falta de equipamento
FB1572,AT3746,28/05/2025,SOC147,2,Óbito constatado apesar dos esforços da equipe.,Morte acidental
FB1573,AT4472,06/07/2025,SOC011,9,Ocorrência conduzida com muita competência.,Nenhum problema
FB1574,AT7578,03/07/2026,SOC045,7,Atendimento rápido e equipe bem preparada.,Nenhum problema
FB1575,AT4917,26/09/2025,SOC071,4,Tempo de deslocamento acima do esperado.,Demora no atendimento
FB1576,AT4915,18/09/2025,SOC245,1,Óbito constatado apesar dos esforços da equipe.,Morte acidental
FB1577,AT6401,07/03/2026,SOC052,2,Paciente não resistiu aos ferimentos.,Morte acidental
FB1578,AT2199,21/01/2025,SOC116,3,Informações do chamado estavam incompletas.,Falha de comunicação
FB1579,AT6406,13/03/2026,SOC173,9,Excelente coordenação entre viatura e hospital.,Nenhum problema
FB1580,AT6466,06/04/2026,SOC147,4,Comunicação com a central apresentou ruído.,Falha de comunicação
FB1581,AT7592,15/07/2026,SOC180,8,Equipe cordial e atenciosa com o paciente.,Nenhum problema
FB1582,AT1157,30/09/2024,SOC119,8,Comunicação eficiente durante a ocorrência.,Nenhum problema
FB1583,AT2942,03/04/2025,SOC284,5,Faltou equipamento durante o atendimento.,Falta de equipamento
FB1584,AT4737,23/08/2025,SOC230,3,Ocorrência apresentou atraso significativo.,Demora no atendimento
FB1585,AT2185,09/01/2025,SOC251,5,Houve pequena demora para localizar o hospital.,Demora no atendimento
FB1586,AT0608,30/04/2025,SOC089,10,Comunicação eficiente durante a ocorrência.,Nenhum problema
FB1587,AT3639,08/05/2025,SOC073,10,Equipe cordial e atenciosa com o paciente.,Nenhum problema
FB1588,AT2008,24/12/2024,SOC045,3,Trânsito prejudicou o tempo de chegada.,Demora no atendimento
FB1589,AT7908,14/08/2026,SOC035,4,Endereço informado estava impreciso.,Falha de comunicação
FB1590,AT2262,14/01/2025,SOC289,7,Encaminhamento hospitalar foi eficiente.,Nenhum problema
FB1591,AT7256,30/06/2026,SOC208,2,Falha no repasse de dados entre equipes.,Falha de comunicação
FB1592,AT4705,19/08/2025,SOC117,10,Equipe demonstrou grande eficiência.,Nenhum problema
FB1593,AT6746,25/05/2026,SOC092,4,Faltou equipamento durante o atendimento.,Falta de equipamento
FB1594,AT2150,29/01/2025,SOC246,3,Espera prolongada para triagem no hospital.,Demora no atendimento
FB1595,AT5909,13/01/2026,SOC239,10,Procedimento ocorreu conforme planejado.,Nenhum problema
FB1596,AT6617,29/04/2026,SOC156,1,Óbito constatado apesar dos esforços da equipe.,Morte acidental
FB1597,AT6084,28/02/2026,SOC103,10,Paciente estabilizado rapidamente pela equipe.,Nenhum problema
FB1598,AT6388,09/03/2026,SOC219,9,Atendimento organizado e seguro.,Nenhum problema
FB1599,AT3013,30/03/2025,SOC164,6,Ambulância sem parte do material necessário.,Falta de equipamento
FB1600,AT7407,30/07/2026,SOC165,4,Houve espera moderada no hospital.,Demora no atendimento
FB1601,AT5694,06/12/2025,SOC279,7,Paciente estabilizado rapidamente pela equipe.,Nenhum problema
FB1602,AT0911,08/02/2026,SOC185,8,Atendimento organizado e seguro.,Nenhum problema
FB1603,AT7627,19/08/2026,SOC214,8,Suporte adequado durante todo o atendimento.,Nenhum problema
FB1604,AT4903,18/09/2025,SOC203,8,Paciente estabilizado rapidamente pela equipe.,Nenhum problema
FB1605,AT1378,11/11/2024,SOC260,5,Demora na regulação do leito hospitalar.,Demora no atendimento
FB1606,AT4602,20/07/2025,SOC007,10,Atendimento organizado e seguro.,Nenhum problema
FB1607,AT4400,26/07/2025,SOC214,10,Boa integração entre as equipes.,Nenhum problema
FB1608,AT1886,09/12/2024,SOC272,7,Atendimento organizado e seguro.,Nenhum problema
FB1609,AT5675,25/12/2025,SOC210,10,Boa integração entre as equipes.,Nenhum problema
FB1610,AT7186,27/06/2026,SOC058,9,Boa integração entre as equipes.,Nenhum problema
FB1611,AT1296,21/10/2024,SOC287,10,Boa integração entre as equipes.,Nenhum problema
FB1612,AT1365,12/11/2024,SOC029,7,Procedimento ocorreu conforme planejado.,Nenhum problema
FB1613,AT2855,19/03/2025,SOC073,9,Suporte adequado durante todo o atendimento.,Nenhum problema
FB1614,AT3593,10/04/2025,SOC117,5,Falha no repasse de dados entre equipes.,Falha de comunicação
FB1615,AT6540,19/04/2026,SOC018,10,Equipe demonstrou grande eficiência.,Nenhum problema
FB1616,AT5446,07/11/2025,SOC009,3,Falha no repasse de dados entre equipes.,Falha de comunicação
FB1617,AT0736,26/07/2025,SOC184,2,Gravidade do caso impossibilitou reanimação.,Morte acidental
FB1618,AT7384,01/08/2026,SOC300,10,Atendimento ocorreu sem complicações.,Nenhum problema
FB1619,AT6039,21/02/2026,SOC035,2,Houve dificuldade de comunicação com o hospital.,Falha de comunicação
FB1620,AT7446,28/07/2026,SOC221,10,Comunicação entre socorristas foi boa.,Nenhum problema
FB1621,AT7612,15/08/2026,SOC209,9,Resposta rápida e comunicação clara.,Nenhum problema
FB1622,AT3769,24/05/2025,SOC286,9,Equipe cordial e atenciosa com o paciente.,Nenhum problema
FB1623,AT6266,27/03/2026,SOC015,3,Houve dificuldade de comunicação com o hospital.,Falha de comunicação
FB1624,AT0546,13/02/2025,SOC031,10,Ótima triagem e encaminhamento adequado.,Nenhum problema
FB1625,AT1209,22/10/2024,SOC146,10,Comunicação entre socorristas foi boa.,Nenhum problema
FB1626,AT0317,17/07/2026,SOC141,5,Fila no pronto-socorro atrasou o atendimento.,Demora no atendimento
FB1627,AT7042,26/06/2026,SOC187,8,Boa integração entre as equipes.,Nenhum problema
FB1628,AT4138,07/06/2025,SOC082,9,Suporte adequado durante todo o atendimento.,Nenhum problema
FB1629,AT6689,13/04/2026,SOC148,5,Comunicação com a central apresentou ruído.,Falha de comunicação
FB1630,AT6060,09/02/2026,SOC186,10,Comunicação entre socorristas foi boa.,Nenhum problema
FB1631,AT4781,03/09/2025,SOC158,4,Equipamento necessário não estava disponível.,Falta de equipamento
FB1632,AT6739,01/06/2026,SOC054,1,Gravidade do caso impossibilitou reanimação.,Morte acidental
FB1633,AT4807,27/08/2025,SOC172,8,Equipe ágil e excelente suporte hospitalar.,Nenhum problema
FB1634,AT7089,25/06/2026,SOC108,9,Atendimento ocorreu sem complicações.,Nenhum problema
FB1635,AT5311,10/10/2025,SOC098,7,Tempo de resposta foi satisfatório.,Nenhum problema
FB1636,AT3654,15/05/2025,SOC225,7,Ocorrência conduzida com muita competência.,Nenhum problema
FB1637,AT6468,30/04/2026,SOC163,9,Boa integração entre as equipes.,Nenhum problema
FB1638,AT1104,05/09/2024,SOC175,9,Ocorrência conduzida com muita competência.,Nenhum problema
FB1639,AT4634,21/07/2025,SOC031,8,"Atendimento tranquilo, sem intercorrências.",Nenhum problema
FB1640,AT2635,26/02/2025,SOC234,10,Chegada rápida evitou agravamento do quadro.,Nenhum problema
FB1641,AT5441,07/11/2025,SOC131,8,Boa integração entre as equipes.,Nenhum problema
FB1642,AT3387,19/04/2025,SOC257,10,Equipe demonstrou grande eficiência.,Nenhum problema
FB1643,AT4763,11/08/2025,SOC163,8,Encaminhamento hospitalar foi eficiente.,Nenhum problema
FB1644,AT3500,04/04/2025,SOC268,7,Paciente estabilizado rapidamente pela equipe.,Nenhum problema
FB1645,AT3291,28/04/2025,SOC019,7,Houve pequena demora para localizar o hospital.,Demora no atendimento
FB1646,AT7580,14/07/2026,SOC027,10,Boa integração entre as equipes.,Nenhum problema
FB1647,AT0743,14/08/2025,SOC032,5,Falha no repasse de dados entre equipes.,Falha de comunicação
FB1648,AT5257,20/10/2025,SOC032,8,Procedimento ocorreu conforme planejado.,Nenhum problema
FB1649,AT5805,23/12/2025,SOC132,2,Paciente não resistiu aos ferimentos.,Morte acidental
FB1650,AT0684,26/06/2025,SOC122,5,Fila no pronto-socorro atrasou o atendimento.,Demora no atendimento
FB1651,AT2664,05/02/2025,SOC265,4,Kit de emergência incompleto na viatura.,Falta de equipamento
FB1652,AT0338,15/05/2026,SOC165,10,Atendimento organizado e seguro.,Nenhum problema
FB1653,AT6766,01/06/2026,SOC300,9,Procedimento ocorreu conforme planejado.,Nenhum problema
FB1654,AT4883,17/09/2025,SOC102,10,Procedimento padrão seguido corretamente.,Nenhum problema
FB1655,AT3889,04/05/2025,SOC211,9,Comunicação eficiente durante a ocorrência.,Nenhum problema
FB1656,AT7268,24/06/2026,SOC222,5,Ambulância sem parte do material necessário.,Falta de equipamento
FB1657,AT3619,07/05/2025,SOC263,5,Kit de emergência incompleto na viatura.,Falta de equipamento
FB1658,AT3973,30/06/2025,SOC266,9,Paciente estabilizado rapidamente pela equipe.,Nenhum problema
FB1659,AT1430,18/11/2024,SOC096,10,Atendimento organizado e seguro.,Nenhum problema
FB1660,AT5705,22/12/2025,SOC029,8,Tempo de resposta foi satisfatório.,Nenhum problema
FB1661,AT1883,03/01/2025,SOC162,6,Demora para liberar leito hospitalar.,Demora no atendimento
FB1662,AT5809,15/12/2025,SOC155,7,Bom trabalho em equipe durante o socorro.,Nenhum problema
FB1663,AT7686,19/08/2026,SOC148,3,Informações do chamado estavam incompletas.,Falha de comunicação
FB1664,AT3803,08/05/2025,SOC206,9,Procedimento realizado de forma segura.,Nenhum problema
FB1665,AT5191,17/10/2025,SOC105,8,Equipe atuou rapidamente no local.,Nenhum problema
FB1666,AT1719,14/12/2024,SOC086,8,Procedimento realizado de forma segura.,Nenhum problema
FB1667,AT3453,25/04/2025,SOC077,8,Procedimento ocorreu conforme planejado.,Nenhum problema
FB1668,AT7824,12/08/2026,SOC115,7,Boa integração entre as equipes.,Nenhum problema
FB1669,AT0844,14/11/2025,SOC082,9,Atendimento ocorreu sem complicações.,Nenhum problema
FB1670,AT0397,24/08/2026,SOC050,1,Gravidade do caso impossibilitou reanimação.,Morte acidental
FB1671,AT0510,07/01/2025,SOC172,2,Endereço informado estava impreciso.,Falha de comunicação
FB1672,AT7882,13/08/2026,SOC187,8,Comunicação entre socorristas foi boa.,Nenhum problema
FB1673,AT7683,28/08/2026,SOC284,10,Equipe demonstrou excelente preparo.,Nenhum problema
FB1674,AT7730,14/08/2026,SOC100,7,Atendimento excelente do início ao fim.,Nenhum problema
FB1675,AT6931,06/05/2026,SOC189,9,Procedimento realizado de forma segura.,Nenhum problema
FB1676,AT2170,16/01/2025,SOC271,9,Excelente coordenação entre viatura e hospital.,Nenhum problema
FB1677,AT2480,25/01/2025,SOC291,8,Procedimento padrão seguido corretamente.,Nenhum problema
FB1678,AT7046,07/06/2026,SOC179,9,Boa integração entre as equipes.,Nenhum problema
FB1679,AT7990,11/08/2026,SOC125,2,Informações do chamado estavam incompletas.,Falha de comunicação
FB1680,AT7818,25/08/2026,SOC144,4,Demora na regulação do leito hospitalar.,Demora no atendimento
FB1681,AT3854,03/06/2025,SOC087,9,Procedimento ocorreu conforme planejado.,Nenhum problema
FB1682,AT4422,30/07/2025,SOC168,4,Comunicação com a central apresentou ruído.,Falha de comunicação
FB1683,AT6090,16/02/2026,SOC248,3,Comunicação com a central apresentou ruído.,Falha de comunicação
FB1684,AT7817,19/08/2026,SOC032,10,Equipe demonstrou excelente preparo.,Nenhum problema
FB1685,AT6854,08/05/2026,SOC020,7,Atendimento rápido e organizado.,Nenhum problema
FB1686,AT2242,30/01/2025,SOC116,6,Faltou equipamento durante o atendimento.,Falta de equipamento
FB1687,AT1076,27/09/2024,SOC019,8,Equipe ágil e excelente suporte hospitalar.,Nenhum problema
FB1688,AT5345,12/10/2025,SOC099,7,Excelente coordenação entre viatura e hospital.,Nenhum problema
FB1689,AT6972,03/05/2026,SOC248,7,Boa integração entre as equipes.,Nenhum problema
FB1690,AT6848,13/05/2026,SOC141,3,Informações do chamado estavam incompletas.,Falha de comunicação
FB1691,AT0650,24/05/2025,SOC105,7,Equipe demonstrou grande eficiência.,Nenhum problema
FB1692,AT2037,18/12/2024,SOC072,8,Comunicação entre socorristas foi boa.,Nenhum problema
FB1693,AT3954,26/06/2025,SOC238,1,Óbito constatado apesar dos esforços da equipe.,Morte acidental
FB1694,AT5526,27/11/2025,SOC253,7,Houve pequena demora para localizar o hospital.,Demora no atendimento
FB1695,AT0762,31/08/2025,SOC087,10,Procedimento realizado de forma segura.,Nenhum problema
FB1696,AT7852,29/08/2026,SOC251,4,Ambulância sem parte do material necessário.,Falta de equipamento
FB1697,AT7879,21/08/2026,SOC181,7,Equipe preparada para situação crítica.,Nenhum problema
FB1698,AT5267,21/10/2025,SOC206,2,Óbito constatado apesar dos esforços da equipe.,Morte acidental
FB1699,AT7489,23/07/2026,SOC178,8,Paciente estabilizado rapidamente pela equipe.,Nenhum problema
FB1700,AT5785,01/01/2026,SOC223,9,Atendimento excelente do início ao fim.,Nenhum problema
FB1701,AT7135,29/06/2026,SOC281,1,Paciente sofreu morte acidental no local.,Morte acidental
FB1702,AT6567,24/04/2026,SOC154,9,Atendimento rápido e organizado.,Nenhum problema
FB1703,AT7388,15/07/2026,SOC174,9,Chegada rápida evitou agravamento do quadro.,Nenhum problema
FB1704,AT2627,09/02/2025,SOC165,1,Paciente sofreu morte acidental no local.,Morte acidental
FB1705,AT3453,26/04/2025,SOC158,8,Atendimento excelente do início ao fim.,Nenhum problema
FB1706,AT1504,19/11/2024,SOC142,7,Demora na regulação do leito hospitalar.,Demora no atendimento
FB1707,AT2814,21/02/2025,SOC134,4,Equipamento necessário não estava disponível.,Falta de equipamento
FB1708,AT5236,13/10/2025,SOC291,10,Resposta rápida e comunicação clara.,Nenhum problema
FB1709,AT7404,08/07/2026,SOC196,7,Boa integração entre as equipes.,Nenhum problema
FB1710,AT3031,03/03/2025,SOC280,4,Endereço informado estava impreciso.,Falha de comunicação
FB1711,AT7666,31/08/2026,SOC105,8,Ocorrência conduzida com muita competência.,Nenhum problema
FB1712,AT6552,25/04/2026,SOC105,7,Tempo de resposta foi satisfatório.,Nenhum problema
FB1713,AT1187,27/10/2024,SOC115,2,Paciente sofreu morte acidental no local.,Morte acidental
FB1714,AT1244,29/10/2024,SOC201,1,Paciente não resistiu aos ferimentos.,Morte acidental
FB1715,AT7354,02/06/2026,SOC011,10,Equipe ágil e excelente suporte hospitalar.,Nenhum problema
FB1716,AT6705,09/04/2026,SOC077,1,Paciente não resistiu aos ferimentos.,Morte acidental
FB1717,AT5341,01/11/2025,SOC116,5,Falta de insumo básico dificultou o procedimento.,Falta de equipamento
FB1718,AT4564,09/07/2025,SOC061,8,Equipe cordial e atenciosa com o paciente.,Nenhum problema
FB1719,AT1395,29/11/2024,SOC163,6,Faltou equipamento durante o atendimento.,Falta de equipamento
FB1720,AT5886,26/01/2026,SOC151,4,Equipamento necessário não estava disponível.,Falta de equipamento
FB1721,AT5528,22/11/2025,SOC037,9,Equipe atuou rapidamente no local.,Nenhum problema
FB1722,AT4529,31/07/2025,SOC189,10,Excelente coordenação entre viatura e hospital.,Nenhum problema
FB1723,AT3504,16/04/2025,SOC260,3,Houve dificuldade de comunicação com o hospital.,Falha de comunicação
FB1724,AT3650,23/05/2025,SOC015,5,Falta de insumo básico dificultou o procedimento.,Falta de equipamento
FB1725,AT2476,30/01/2025,SOC203,7,Comunicação entre socorristas foi boa.,Nenhum problema
FB1726,AT4123,07/06/2025,SOC123,8,Equipe ágil e excelente suporte hospitalar.,Nenhum problema
FB1727,AT4844,09/08/2025,SOC047,7,Chegada rápida evitou agravamento do quadro.,Nenhum problema
FB1728,AT7708,30/08/2026,SOC190,7,Espera prolongada para triagem no hospital.,Demora no atendimento
FB1729,AT5844,30/01/2026,SOC263,5,Informações do chamado estavam incompletas.,Falha de comunicação
FB1730,AT5448,01/12/2025,SOC020,7,Comunicação eficiente durante a ocorrência.,Nenhum problema
FB1731,AT6300,16/03/2026,SOC297,5,Endereço informado estava impreciso.,Falha de comunicação
FB1732,AT3370,10/04/2025,SOC235,10,Atendimento organizado e seguro.,Nenhum problema
FB1733,AT6983,05/05/2026,SOC105,9,Procedimento padrão seguido corretamente.,Nenhum problema
FB1734,AT2207,15/01/2025,SOC148,7,Equipe cordial e atenciosa com o paciente.,Nenhum problema
FB1735,AT4880,11/09/2025,SOC181,4,Equipamento necessário não estava disponível.,Falta de equipamento
FB1736,AT0846,24/11/2025,SOC188,7,Resposta rápida e comunicação clara.,Nenhum problema
FB1737,AT7839,10/08/2026,SOC011,10,Paciente estabilizado rapidamente pela equipe.,Nenhum problema
FB1738,AT3934,16/05/2025,SOC040,7,Paciente estabilizado rapidamente pela equipe.,Nenhum problema
FB1739,AT6355,04/04/2026,SOC206,10,Excelente coordenação entre viatura e hospital.,Nenhum problema
FB1740,AT4369,15/07/2025,SOC167,5,Faltou equipamento durante o atendimento.,Falta de equipamento
FB1741,AT6317,04/03/2026,SOC020,5,Informações do chamado estavam incompletas.,Falha de comunicação
FB1742,AT4496,19/07/2025,SOC276,6,Tempo de deslocamento acima do esperado.,Demora no atendimento
FB1743,AT2797,25/02/2025,SOC232,9,Comunicação eficiente durante a ocorrência.,Nenhum problema
FB1744,AT4171,10/06/2025,SOC063,8,Procedimento realizado de forma segura.,Nenhum problema
FB1745,AT5755,08/12/2025,SOC291,8,Equipe atuou rapidamente no local.,Nenhum problema
FB1746,AT4741,18/08/2025,SOC137,2,Paciente sofreu morte acidental no local.,Morte acidental
FB1747,AT3064,28/03/2025,SOC252,5,Endereço informado estava impreciso.,Falha de comunicação
FB1748,AT7487,30/07/2026,SOC072,7,Atendimento excelente do início ao fim.,Nenhum problema
FB1749,AT7341,21/06/2026,SOC030,10,Ocorrência conduzida com muita competência.,Nenhum problema
FB1750,AT1767,24/12/2024,SOC001,8,Equipe demonstrou grande eficiência.,Nenhum problema
FB1751,AT7873,26/08/2026,SOC158,10,Bom trabalho em equipe durante o socorro.,Nenhum problema
FB1752,AT2258,05/01/2025,SOC101,6,Falta de insumo básico dificultou o procedimento.,Falta de equipamento
FB1753,AT5007,24/09/2025,SOC148,4,Kit de emergência incompleto na viatura.,Falta de equipamento
FB1754,AT5795,02/01/2026,SOC043,9,Equipe cordial e atenciosa com o paciente.,Nenhum problema
FB1755,AT1026,12/09/2024,SOC153,7,Atendimento organizado e seguro.,Nenhum problema
FB1756,AT4227,21/07/2025,SOC006,8,Atendimento organizado e seguro.,Nenhum problema
FB1757,AT4771,09/08/2025,SOC220,9,Procedimento realizado de forma segura.,Nenhum problema
FB1758,AT0885,08/12/2025,SOC142,10,Atendimento rápido e equipe bem preparada.,Nenhum problema
FB1759,AT3444,18/04/2025,SOC121,4,Falta de insumo básico dificultou o procedimento.,Falta de equipamento
FB1760,AT7752,12/08/2026,SOC250,5,Endereço informado estava impreciso.,Falha de comunicação
FB1761,AT5531,07/11/2025,SOC086,10,Atendimento rápido e equipe bem preparada.,Nenhum problema
FB1762,AT1791,31/12/2024,SOC272,2,Paciente sofreu morte acidental no local.,Morte acidental
FB1763,AT2156,15/01/2025,SOC224,10,Equipe preparada para situação crítica.,Nenhum problema
FB1764,AT6968,30/05/2026,SOC150,10,Procedimento realizado de forma segura.,Nenhum problema
FB1765,AT6275,02/04/2026,SOC272,8,Ótima triagem e encaminhamento adequado.,Nenhum problema
FB1766,AT0670,17/06/2025,SOC091,2,Informações do chamado estavam incompletas.,Falha de comunicação
FB1767,AT5398,29/11/2025,SOC203,2,Houve dificuldade de comunicação com o hospital.,Falha de comunicação
FB1768,AT2508,30/01/2025,SOC248,4,Faltou equipamento durante o atendimento.,Falta de equipamento
FB1769,AT6303,29/03/2026,SOC163,9,Atendimento rápido e equipe bem preparada.,Nenhum problema
FB1770,AT0712,13/06/2025,SOC269,2,Falha no repasse de dados entre equipes.,Falha de comunicação
FB1771,AT4693,08/08/2025,SOC258,7,Atendimento rápido e organizado.,Nenhum problema
FB1772,AT2572,26/02/2025,SOC280,8,Atendimento ocorreu sem complicações.,Nenhum problema
FB1773,AT1979,22/12/2024,SOC129,6,Faltou equipamento durante o atendimento.,Falta de equipamento
FB1774,AT3279,03/05/2025,SOC094,8,"Atendimento tranquilo, sem intercorrências.",Nenhum problema
FB1775,AT5135,08/10/2025,SOC135,8,Tempo de resposta foi satisfatório.,Nenhum problema
FB1776,AT7700,11/08/2026,SOC045,3,Espera prolongada para triagem no hospital.,Demora no atendimento
FB1777,AT0242,15/01/2026,SOC212,10,Atendimento ocorreu sem complicações.,Nenhum problema
FB1778,AT1669,27/12/2024,SOC208,9,Resposta rápida e comunicação clara.,Nenhum problema
FB1779,AT2845,09/03/2025,SOC113,1,Gravidade do caso impossibilitou reanimação.,Morte acidental
FB1780,AT2126,25/01/2025,SOC043,5,Informações do chamado estavam incompletas.,Falha de comunicação
FB1781,AT1249,12/10/2024,SOC256,4,Falha no repasse de dados entre equipes.,Falha de comunicação
FB1782,AT6522,05/04/2026,SOC135,5,Atendimento adequado apesar da espera.,Demora no atendimento
FB1783,AT6760,20/05/2026,SOC219,7,Ótima triagem e encaminhamento adequado.,Nenhum problema
FB1784,AT7183,26/06/2026,SOC140,10,Comunicação eficiente durante a ocorrência.,Nenhum problema
FB1785,AT4270,31/07/2025,SOC074,10,Atendimento excelente do início ao fim.,Nenhum problema
FB1786,AT5761,16/12/2025,SOC242,3,Houve espera moderada no hospital.,Demora no atendimento
FB1787,AT5944,20/01/2026,SOC210,4,Informações do chamado estavam incompletas.,Falha de comunicação
FB1788,AT7931,31/08/2026,SOC131,8,Atendimento organizado e seguro.,Nenhum problema
FB1789,AT7903,18/08/2026,SOC233,4,Espera prolongada para triagem no hospital.,Demora no atendimento
FB1790,AT1266,20/10/2024,SOC239,7,Chegada rápida evitou agravamento do quadro.,Nenhum problema
FB1791,AT2253,15/01/2025,SOC138,9,Resposta rápida e comunicação clara.,Nenhum problema
FB1792,AT2552,08/02/2025,SOC031,9,Suporte adequado durante todo o atendimento.,Nenhum problema
FB1793,AT4905,02/09/2025,SOC234,5,Informações do chamado estavam incompletas.,Falha de comunicação
FB1794,AT3362,25/04/2025,SOC197,9,Atendimento organizado e seguro.,Nenhum problema
FB1795,AT0741,10/07/2025,SOC234,9,"Atendimento tranquilo, sem intercorrências.",Nenhum problema
FB1796,AT6219,06/03/2026,SOC136,2,Gravidade do caso impossibilitou reanimação.,Morte acidental
FB1797,AT3156,29/03/2025,SOC104,2,Paciente sofreu morte acidental no local.,Morte acidental
FB1798,AT6869,31/05/2026,SOC189,1,Paciente não resistiu aos ferimentos.,Morte acidental
FB1799,AT4981,19/09/2025,SOC018,10,Chegada rápida evitou agravamento do quadro.,Nenhum problema
FB1800,AT7037,15/06/2026,SOC125,4,Equipamento necessário não estava disponível.,Falta de equipamento
FB1801,AT5166,16/10/2025,SOC222,10,Comunicação eficiente durante a ocorrência.,Nenhum problema
FB1802,AT4342,17/07/2025,SOC003,5,Falha no repasse de dados entre equipes.,Falha de comunicação
FB1803,AT2907,19/03/2025,SOC146,6,Kit de emergência incompleto na viatura.,Falta de equipamento
FB1804,AT7157,05/06/2026,SOC204,7,Bom trabalho em equipe durante o socorro.,Nenhum problema
FB1805,AT1373,23/11/2024,SOC272,10,Equipe ágil e excelente suporte hospitalar.,Nenhum problema
FB1806,AT0496,24/12/2024,SOC290,9,Equipe cordial e atenciosa com o paciente.,Nenhum problema
FB1807,AT5329,30/10/2025,SOC291,9,Equipe preparada para situação crítica.,Nenhum problema
FB1808,AT6149,18/02/2026,SOC140,2,Houve dificuldade de comunicação com o hospital.,Falha de comunicação
FB1809,AT3588,11/04/2025,SOC086,5,Equipamento necessário não estava disponível.,Falta de equipamento
FB1810,AT7827,24/08/2026,SOC200,10,Resposta rápida e comunicação clara.,Nenhum problema
FB1811,AT0053,05/04/2026,SOC055,2,Paciente sofreu morte acidental no local.,Morte acidental
FB1812,AT1470,03/11/2024,SOC169,4,Endereço informado estava impreciso.,Falha de comunicação
FB1813,AT0633,12/05/2025,SOC280,8,Boa integração entre as equipes.,Nenhum problema
FB1814,AT3508,25/04/2025,SOC027,3,Atendimento adequado apesar da espera.,Demora no atendimento
FB1815,AT6009,12/02/2026,SOC025,10,Procedimento realizado de forma segura.,Nenhum problema
FB1816,AT7029,19/06/2026,SOC133,9,Equipe demonstrou excelente preparo.,Nenhum problema
FB1817,AT7347,09/06/2026,SOC268,7,Excelente coordenação entre viatura e hospital.,Nenhum problema
FB1818,AT2313,13/01/2025,SOC245,7,Comunicação entre socorristas foi boa.,Nenhum problema
FB1819,AT0655,26/05/2025,SOC194,7,Boa integração entre as equipes.,Nenhum problema
FB1820,AT7868,31/08/2026,SOC201,10,Procedimento padrão seguido corretamente.,Nenhum problema
FB1821,AT4463,07/07/2025,SOC272,8,"Atendimento tranquilo, sem intercorrências.",Nenhum problema
FB1822,AT2253,15/01/2025,SOC066,9,Atendimento excelente do início ao fim.,Nenhum problema
FB1823,AT6966,07/05/2026,SOC080,10,Ocorrência conduzida com muita competência.,Nenhum problema
FB1824,AT6754,18/05/2026,SOC296,8,Procedimento ocorreu conforme planejado.,Nenhum problema
FB1825,AT4363,09/07/2025,SOC034,7,Atendimento rápido e organizado.,Nenhum problema
FB1826,AT2409,28/01/2025,SOC063,5,Falta de insumo básico dificultou o procedimento.,Falta de equipamento
FB1827,AT2041,24/12/2024,SOC097,8,Chegada rápida evitou agravamento do quadro.,Nenhum problema
FB1828,AT4918,07/09/2025,SOC042,9,Equipe atuou rapidamente no local.,Nenhum problema
FB1829,AT6881,18/05/2026,SOC175,2,Paciente sofreu morte acidental no local.,Morte acidental
FB1830,AT7326,06/06/2026,SOC058,6,Equipamento necessário não estava disponível.,Falta de equipamento
FB1831,AT1677,15/12/2024,SOC207,8,Atendimento excelente do início ao fim.,Nenhum problema
FB1832,AT4854,14/09/2025,SOC287,9,Bom trabalho em equipe durante o socorro.,Nenhum problema
FB1833,AT7207,09/06/2026,SOC123,5,Fila no pronto-socorro atrasou o atendimento.,Demora no atendimento
FB1834,AT5573,10/12/2025,SOC225,7,Comunicação entre socorristas foi boa.,Nenhum problema
FB1835,AT5501,10/11/2025,SOC061,4,Equipamento necessário não estava disponível.,Falta de equipamento
FB1836,AT7898,17/08/2026,SOC053,2,Paciente sofreu morte acidental no local.,Morte acidental
FB1837,AT2591,21/02/2025,SOC011,7,Equipe preparada para situação crítica.,Nenhum problema
FB1838,AT3591,22/04/2025,SOC192,8,Bom trabalho em equipe durante o socorro.,Nenhum problema
FB1839,AT6242,01/04/2026,SOC043,10,"Atendimento tranquilo, sem intercorrências.",Nenhum problema
FB1840,AT4493,19/07/2025,SOC173,7,Equipe cordial e atenciosa com o paciente.,Nenhum problema
FB1841,AT4521,29/07/2025,SOC287,10,Suporte adequado durante todo o atendimento.,Nenhum problema
FB1842,AT5696,06/12/2025,SOC133,8,Tempo de resposta foi satisfatório.,Nenhum problema
FB1843,AT1905,25/12/2024,SOC039,7,Comunicação entre socorristas foi boa.,Nenhum problema
FB1844,AT5935,28/01/2026,SOC160,3,Comunicação com a central apresentou ruído.,Falha de comunicação
FB1845,AT6157,06/02/2026,SOC161,8,Atendimento organizado e seguro.,Nenhum problema
FB1846,AT3157,22/03/2025,SOC032,3,Houve dificuldade de comunicação com o hospital.,Falha de comunicação
FB1847,AT7974,26/08/2026,SOC239,8,Atendimento organizado e seguro.,Nenhum problema
FB1848,AT4423,10/07/2025,SOC209,7,Ocorrência conduzida com muita competência.,Nenhum problema
FB1849,AT1304,22/10/2024,SOC285,5,Equipamento necessário não estava disponível.,Falta de equipamento
FB1850,AT2649,18/02/2025,SOC006,4,Kit de emergência incompleto na viatura.,Falta de equipamento
FB1851,AT0480,10/12/2024,SOC239,5,Endereço informado estava impreciso.,Falha de comunicação
FB1852,AT6962,15/05/2026,SOC155,10,Atendimento rápido e organizado.,Nenhum problema
FB1853,AT5527,06/11/2025,SOC193,2,Paciente sofreu morte acidental no local.,Morte acidental
FB1854,AT3160,02/04/2025,SOC003,10,Chegada rápida evitou agravamento do quadro.,Nenhum problema
FB1855,AT6268,19/03/2026,SOC063,7,Ocorrência conduzida com muita competência.,Nenhum problema
FB1856,AT5328,20/10/2025,SOC292,10,Equipe ágil e excelente suporte hospitalar.,Nenhum problema
FB1857,AT1969,10/12/2024,SOC101,4,Faltou equipamento durante o atendimento.,Falta de equipamento
FB1858,AT4950,28/09/2025,SOC078,7,Comunicação eficiente durante a ocorrência.,Nenhum problema
FB1859,AT0709,28/06/2025,SOC113,8,Equipe demonstrou grande eficiência.,Nenhum problema
FB1860,AT3328,20/04/2025,SOC070,7,Atendimento excelente do início ao fim.,Nenhum problema
FB1861,AT3297,10/04/2025,SOC049,4,Kit de emergência incompleto na viatura.,Falta de equipamento
FB1862,AT7812,28/08/2026,SOC251,9,Atendimento rápido e equipe bem preparada.,Nenhum problema
FB1863,AT6983,06/05/2026,SOC233,10,Procedimento realizado de forma segura.,Nenhum problema
FB1864,AT7889,08/08/2026,SOC040,10,Paciente estabilizado rapidamente pela equipe.,Nenhum problema
FB1865,AT3817,27/05/2025,SOC007,5,Demora para liberar leito hospitalar.,Demora no atendimento
FB1866,AT3514,03/04/2025,SOC065,7,Procedimento padrão seguido corretamente.,Nenhum problema
FB1867,AT0831,07/11/2025,SOC032,5,Ambulância sem parte do material necessário.,Falta de equipamento
FB1868,AT3116,22/03/2025,SOC167,7,Boa integração entre as equipes.,Nenhum problema
FB1869,AT5148,12/10/2025,SOC179,7,Equipe demonstrou excelente preparo.,Nenhum problema
FB1870,AT3115,19/03/2025,SOC174,8,Ótima triagem e encaminhamento adequado.,Nenhum problema
FB1871,AT6461,28/03/2026,SOC001,5,Equipamento necessário não estava disponível.,Falta de equipamento
FB1872,AT7846,07/08/2026,SOC181,9,Tempo de resposta foi satisfatório.,Nenhum problema
FB1873,AT3324,30/04/2025,SOC254,3,Demora para liberar leito hospitalar.,Demora no atendimento
FB1874,AT1999,29/12/2024,SOC197,6,Tempo de deslocamento acima do esperado.,Demora no atendimento
FB1875,AT2843,26/03/2025,SOC052,3,Endereço informado estava impreciso.,Falha de comunicação
FB1876,AT6645,22/04/2026,SOC277,6,Ambulância sem parte do material necessário.,Falta de equipamento
FB1877,AT3500,08/04/2025,SOC070,6,Atendimento adequado apesar da espera.,Demora no atendimento
FB1878,AT3708,20/05/2025,SOC023,5,Informações do chamado estavam incompletas.,Falha de comunicação
FB1879,AT2841,24/03/2025,SOC117,8,Atendimento organizado e seguro.,Nenhum problema
FB1880,AT4121,12/06/2025,SOC045,2,Gravidade do caso impossibilitou reanimação.,Morte acidental
FB1881,AT3424,24/04/2025,SOC276,7,Atendimento rápido e organizado.,Nenhum problema
FB1882,AT4103,28/06/2025,SOC216,10,Equipe preparada para situação crítica.,Nenhum problema
FB1883,AT5684,21/12/2025,SOC220,2,Comunicação com a central apresentou ruído.,Falha de comunicação
FB1884,AT2395,03/02/2025,SOC027,7,Equipe cordial e atenciosa com o paciente.,Nenhum problema
FB1885,AT0797,26/09/2025,SOC072,10,Equipe demonstrou grande eficiência.,Nenhum problema
FB1886,AT6817,26/05/2026,SOC242,9,Atendimento rápido e organizado.,Nenhum problema
FB1887,AT2485,09/01/2025,SOC274,9,Suporte adequado durante todo o atendimento.,Nenhum problema
FB1888,AT2965,18/03/2025,SOC073,7,Demora na regulação do leito hospitalar.,Demora no atendimento
FB1889,AT7016,16/06/2026,SOC225,9,Resposta rápida e comunicação clara.,Nenhum problema
FB1890,AT7495,02/08/2026,SOC292,1,Gravidade do caso impossibilitou reanimação.,Morte acidental
FB1891,AT0326,08/04/2026,SOC158,1,Paciente não resistiu aos ferimentos.,Morte acidental
FB1892,AT3076,07/03/2025,SOC294,10,Excelente coordenação entre viatura e hospital.,Nenhum problema
FB1893,AT1109,14/09/2024,SOC009,9,Atendimento ocorreu sem complicações.,Nenhum problema
FB1894,AT4985,15/09/2025,SOC128,3,Falha no repasse de dados entre equipes.,Falha de comunicação
FB1895,AT1840,16/12/2024,SOC100,1,Paciente sofreu morte acidental no local.,Morte acidental
FB1896,AT0398,23/07/2026,SOC051,8,Excelente coordenação entre viatura e hospital.,Nenhum problema
FB1897,AT5049,19/09/2025,SOC211,9,Ocorrência conduzida com muita competência.,Nenhum problema
FB1898,AT4666,01/09/2025,SOC145,3,Comunicação com a central apresentou ruído.,Falha de comunicação
FB1899,AT3858,25/05/2025,SOC013,10,Chegada rápida evitou agravamento do quadro.,Nenhum problema
FB1900,AT1825,23/12/2024,SOC183,8,Comunicação entre socorristas foi boa.,Nenhum problema
FB1901,AT1726,14/12/2024,SOC178,9,Excelente coordenação entre viatura e hospital.,Nenhum problema
FB1902,AT5061,09/09/2025,SOC151,3,Houve pequena demora para localizar o hospital.,Demora no atendimento
FB1903,AT2831,17/02/2025,SOC210,4,Atendimento adequado apesar da espera.,Demora no atendimento
FB1904,AT4689,21/08/2025,SOC092,8,Equipe demonstrou grande eficiência.,Nenhum problema
FB1905,AT3563,11/04/2025,SOC110,5,Endereço informado estava impreciso.,Falha de comunicação
FB1906,AT0393,11/04/2026,SOC242,10,Equipe preparada para situação crítica.,Nenhum problema
FB1907,AT3781,08/05/2025,SOC266,8,Procedimento realizado de forma segura.,Nenhum problema
FB1908,AT1726,15/12/2024,SOC039,8,Atendimento rápido e equipe bem preparada.,Nenhum problema
FB1909,AT4718,22/08/2025,SOC049,1,Paciente não resistiu aos ferimentos.,Morte acidental
FB1910,AT3251,15/03/2025,SOC135,8,Procedimento padrão seguido corretamente.,Nenhum problema
FB1911,AT3618,28/05/2025,SOC244,4,Informações do chamado estavam incompletas.,Falha de comunicação
FB1912,AT1712,07/12/2024,SOC059,10,Atendimento organizado e seguro.,Nenhum problema
FB1913,AT2896,31/03/2025,SOC028,4,Equipamento necessário não estava disponível.,Falta de equipamento
FB1914,AT4524,13/07/2025,SOC110,4,Falta de insumo básico dificultou o procedimento.,Falta de equipamento
FB1915,AT0891,06/12/2025,SOC008,7,Ótima triagem e encaminhamento adequado.,Nenhum problema
FB1916,AT2443,30/01/2025,SOC071,4,Faltou equipamento durante o atendimento.,Falta de equipamento
FB1917,AT7798,30/08/2026,SOC192,6,Houve espera moderada no hospital.,Demora no atendimento
FB1918,AT1382,13/11/2024,SOC002,4,Endereço informado estava impreciso.,Falha de comunicação
FB1919,AT2051,11/12/2024,SOC159,6,Kit de emergência incompleto na viatura.,Falta de equipamento
FB1920,AT0528,12/02/2025,SOC072,10,Suporte adequado durante todo o atendimento.,Nenhum problema
FB1921,AT5904,02/01/2026,SOC109,7,Atendimento ocorreu sem complicações.,Nenhum problema
FB1922,AT5224,02/10/2025,SOC297,1,Paciente sofreu morte acidental no local.,Morte acidental
FB1923,AT5518,11/11/2025,SOC044,9,Bom trabalho em equipe durante o socorro.,Nenhum problema
FB1924,AT6475,03/05/2026,SOC040,10,Equipe demonstrou excelente preparo.,Nenhum problema
FB1925,AT1962,30/12/2024,SOC159,8,"Atendimento tranquilo, sem intercorrências.",Nenhum problema
FB1926,AT4203,10/07/2025,SOC195,4,Falta de insumo básico dificultou o procedimento.,Falta de equipamento
FB1927,AT7012,18/06/2026,SOC146,5,Comunicação com a central apresentou ruído.,Falha de comunicação
FB1928,AT3420,13/04/2025,SOC289,9,Atendimento excelente do início ao fim.,Nenhum problema
FB1929,AT6059,17/02/2026,SOC042,9,Atendimento ocorreu sem complicações.,Nenhum problema
FB1930,AT2337,04/01/2025,SOC056,6,Equipamento necessário não estava disponível.,Falta de equipamento
FB1931,AT7918,05/08/2026,SOC017,8,Comunicação entre socorristas foi boa.,Nenhum problema
FB1932,AT2896,31/03/2025,SOC266,10,"Atendimento tranquilo, sem intercorrências.",Nenhum problema
FB1933,AT3731,30/05/2025,SOC004,10,Excelente coordenação entre viatura e hospital.,Nenhum problema
FB1934,AT5763,27/12/2025,SOC138,8,Chegada rápida evitou agravamento do quadro.,Nenhum problema
FB1935,AT1533,07/11/2024,SOC244,10,Bom trabalho em equipe durante o socorro.,Nenhum problema
FB1936,AT6028,08/02/2026,SOC063,4,Equipamento necessário não estava disponível.,Falta de equipamento
FB1937,AT3883,14/05/2025,SOC203,7,Comunicação entre socorristas foi boa.,Nenhum problema
FB1938,AT3778,13/05/2025,SOC293,7,Equipe demonstrou excelente preparo.,Nenhum problema
FB1939,AT5507,28/11/2025,SOC047,6,Espera prolongada para triagem no hospital.,Demora no atendimento
FB1940,AT4870,26/09/2025,SOC277,9,Atendimento rápido e equipe bem preparada.,Nenhum problema
FB1941,AT2793,20/02/2025,SOC195,7,Ocorrência conduzida com muita competência.,Nenhum problema
FB1942,AT0668,02/06/2025,SOC192,8,Atendimento rápido e equipe bem preparada.,Nenhum problema
FB1943,AT2216,30/01/2025,SOC006,3,Houve pequena demora para localizar o hospital.,Demora no atendimento
FB1944,AT6204,09/03/2026,SOC266,10,Chegada rápida evitou agravamento do quadro.,Nenhum problema
FB1945,AT5918,09/01/2026,SOC018,8,Procedimento ocorreu conforme planejado.,Nenhum problema
FB1946,AT0532,03/03/2025,SOC013,2,Óbito constatado apesar dos esforços da equipe.,Morte acidental
FB1947,AT2830,20/02/2025,SOC062,9,Suporte adequado durante todo o atendimento.,Nenhum problema
FB1948,AT1188,02/10/2024,SOC231,8,Comunicação eficiente durante a ocorrência.,Nenhum problema
FB1949,AT4326,12/07/2025,SOC122,7,Procedimento ocorreu conforme planejado.,Nenhum problema
FB1950,AT4842,08/08/2025,SOC093,1,Óbito constatado apesar dos esforços da equipe.,Morte acidental
FB1951,AT3656,16/05/2025,SOC066,3,Ocorrência apresentou atraso significativo.,Demora no atendimento
FB1952,AT2550,22/02/2025,SOC020,2,Comunicação com a central apresentou ruído.,Falha de comunicação
FB1953,AT2160,22/01/2025,SOC277,10,Atendimento excelente do início ao fim.,Nenhum problema
FB1954,AT1232,03/11/2024,SOC049,7,Ocorrência apresentou atraso significativo.,Demora no atendimento
FB1955,AT5341,31/10/2025,SOC247,8,Procedimento padrão seguido corretamente.,Nenhum problema
FB1956,AT3460,13/04/2025,SOC149,7,Equipe demonstrou excelente preparo.,Nenhum problema
FB1957,AT3134,04/03/2025,SOC013,2,Paciente sofreu morte acidental no local.,Morte acidental
FB1958,AT4196,03/06/2025,SOC295,9,Comunicação entre socorristas foi boa.,Nenhum problema
FB1959,AT3974,08/06/2025,SOC039,9,Resposta rápida e comunicação clara.,Nenhum problema
FB1960,AT7666,31/08/2026,SOC053,2,Paciente não resistiu aos ferimentos.,Morte acidental
FB1961,AT5559,30/12/2025,SOC149,10,Atendimento organizado e seguro.,Nenhum problema
FB1962,AT2190,18/01/2025,SOC135,8,Equipe preparada para situação crítica.,Nenhum problema
FB1963,AT3634,02/06/2025,SOC104,7,Equipe demonstrou excelente preparo.,Nenhum problema
FB1964,AT5214,25/10/2025,SOC193,9,Ocorrência conduzida com muita competência.,Nenhum problema
FB1965,AT6059,15/02/2026,SOC103,2,Gravidade do caso impossibilitou reanimação.,Morte acidental
FB1966,AT4888,11/09/2025,SOC015,2,Paciente não resistiu aos ferimentos.,Morte acidental
FB1967,AT6017,02/02/2026,SOC086,7,Equipe demonstrou grande eficiência.,Nenhum problema
FB1968,AT2827,12/02/2025,SOC036,7,Boa integração entre as equipes.,Nenhum problema
FB1969,AT6852,16/05/2026,SOC279,1,Paciente não resistiu aos ferimentos.,Morte acidental
FB1970,AT3818,01/06/2025,SOC086,4,Informações do chamado estavam incompletas.,Falha de comunicação
FB1971,AT4500,23/07/2025,SOC165,10,Excelente coordenação entre viatura e hospital.,Nenhum problema
FB1972,AT2425,14/01/2025,SOC003,5,Houve dificuldade de comunicação com o hospital.,Falha de comunicação
FB1973,AT3486,28/04/2025,SOC277,7,Suporte adequado durante todo o atendimento.,Nenhum problema
FB1974,AT4261,01/08/2025,SOC126,6,Kit de emergência incompleto na viatura.,Falta de equipamento
FB1975,AT1993,24/12/2024,SOC233,3,Houve dificuldade de comunicação com o hospital.,Falha de comunicação
FB1976,AT3939,21/05/2025,SOC240,7,Ocorrência conduzida com muita competência.,Nenhum problema
FB1977,AT5020,29/09/2025,SOC153,2,Paciente sofreu morte acidental no local.,Morte acidental
FB1978,AT7049,09/06/2026,SOC263,2,Óbito constatado apesar dos esforços da equipe.,Morte acidental
FB1979,AT3361,13/04/2025,SOC035,8,Procedimento realizado de forma segura.,Nenhum problema
FB1980,AT6311,14/03/2026,SOC160,6,Espera prolongada para triagem no hospital.,Demora no atendimento
FB1981,AT0642,14/05/2025,SOC123,6,Trânsito prejudicou o tempo de chegada.,Demora no atendimento
FB1982,AT4108,25/06/2025,SOC164,8,Equipe demonstrou grande eficiência.,Nenhum problema
FB1983,AT3927,14/05/2025,SOC085,7,Atendimento excelente do início ao fim.,Nenhum problema
FB1984,AT0111,07/04/2026,SOC114,7,Chegada rápida evitou agravamento do quadro.,Nenhum problema
FB1985,AT2954,03/04/2025,SOC262,8,Procedimento ocorreu conforme planejado.,Nenhum problema
FB1986,AT1866,05/12/2024,SOC124,9,Atendimento excelente do início ao fim.,Nenhum problema
FB1987,AT5321,12/10/2025,SOC092,4,Espera prolongada para triagem no hospital.,Demora no atendimento
FB1988,AT5357,12/10/2025,SOC160,9,Equipe ágil e excelente suporte hospitalar.,Nenhum problema
FB1989,AT3934,13/05/2025,SOC233,5,Comunicação com a central apresentou ruído.,Falha de comunicação
FB1990,AT7118,30/06/2026,SOC173,10,Atendimento rápido e organizado.,Nenhum problema
FB1991,AT0768,25/08/2025,SOC251,9,Procedimento realizado de forma segura.,Nenhum problema
FB1992,AT0315,10/04/2026,SOC111,9,Procedimento realizado de forma segura.,Nenhum problema
FB1993,AT4793,26/08/2025,SOC060,1,Paciente sofreu morte acidental no local.,Morte acidental
FB1994,AT7998,10/08/2026,SOC099,9,Procedimento padrão seguido corretamente.,Nenhum problema
FB1995,AT2447,23/01/2025,SOC178,9,Atendimento ocorreu sem complicações.,Nenhum problema
FB1996,AT1314,30/10/2024,SOC179,4,Informações do chamado estavam incompletas.,Falha de comunicação
FB1997,AT0668,29/05/2025,SOC281,9,Comunicação entre socorristas foi boa.,Nenhum problema
FB1998,AT6573,16/04/2026,SOC097,5,Faltou equipamento durante o atendimento.,Falta de equipamento
FB1999,AT4255,27/07/2025,SOC264,9,Bom trabalho em equipe durante o socorro.,Nenhum problema
FB2000,AT3567,20/04/2025,SOC140,9,Equipe demonstrou excelente preparo.,Nenhum problema
FB2001,AT0972,07/07/2026,SOC022,8,"Atendimento tranquilo, sem intercorrências.",Nenhum problema
FB2002,AT1824,21/12/2024,SOC162,10,Procedimento realizado de forma segura.,Nenhum problema
FB2003,AT7990,10/08/2026,SOC012,2,Paciente não resistiu aos ferimentos.,Morte acidental
FB2004,AT0998,17/08/2026,SOC189,8,"Atendimento tranquilo, sem intercorrências.",Nenhum problema
FB2005,AT3592,02/05/2025,SOC058,7,Comunicação eficiente durante a ocorrência.,Nenhum problema
FB2006,AT7284,10/06/2026,SOC209,1,Paciente não resistiu aos ferimentos.,Morte acidental
FB2007,AT6668,01/05/2026,SOC131,10,Ocorrência conduzida com muita competência.,Nenhum problema
FB2008,AT6418,15/03/2026,SOC122,9,Equipe preparada para situação crítica.,Nenhum problema
FB2009,AT7769,29/08/2026,SOC268,5,Houve pequena demora para localizar o hospital.,Demora no atendimento
FB2010,AT7128,06/06/2026,SOC175,8,Suporte adequado durante todo o atendimento.,Nenhum problema
FB2011,AT4158,22/06/2025,SOC235,10,Encaminhamento hospitalar foi eficiente.,Nenhum problema
FB2012,AT3427,24/04/2025,SOC195,10,Atendimento rápido e organizado.,Nenhum problema
FB2013,AT2196,27/01/2025,SOC235,7,Ocorrência apresentou atraso significativo.,Demora no atendimento
FB2014,AT7762,23/08/2026,SOC253,3,Trânsito prejudicou o tempo de chegada.,Demora no atendimento
FB2015,AT2034,23/12/2024,SOC148,4,Ambulância sem parte do material necessário.,Falta de equipamento
FB2016,AT2060,18/12/2024,SOC164,2,Paciente sofreu morte acidental no local.,Morte acidental
FB2017,AT6766,01/06/2026,SOC094,9,Encaminhamento hospitalar foi eficiente.,Nenhum problema
FB2018,AT5920,28/01/2026,SOC187,4,Informações do chamado estavam incompletas.,Falha de comunicação
FB2019,AT7839,05/08/2026,SOC133,1,Óbito constatado apesar dos esforços da equipe.,Morte acidental
FB2020,AT5644,25/12/2025,SOC097,7,"Atendimento tranquilo, sem intercorrências.",Nenhum problema
FB2021,AT5384,08/11/2025,SOC223,9,Atendimento organizado e seguro.,Nenhum problema
FB2022,AT6896,24/05/2026,SOC227,6,Fila no pronto-socorro atrasou o atendimento.,Demora no atendimento
FB2023,AT6698,26/04/2026,SOC041,9,Atendimento ocorreu sem complicações.,Nenhum problema
FB2024,AT4483,03/08/2025,SOC129,5,Ambulância sem parte do material necessário.,Falta de equipamento
FB2025,AT0508,27/01/2025,SOC098,10,Paciente estabilizado rapidamente pela equipe.,Nenhum problema
FB2026,AT5361,30/11/2025,SOC210,4,Equipamento necessário não estava disponível.,Falta de equipamento
FB2027,AT3213,20/03/2025,SOC100,5,Faltou equipamento durante o atendimento.,Falta de equipamento
FB2028,AT0815,26/10/2025,SOC288,6,Houve espera moderada no hospital.,Demora no atendimento
FB2029,AT4200,10/07/2025,SOC058,1,Óbito constatado apesar dos esforços da equipe.,Morte acidental
FB2030,AT6582,09/04/2026,SOC208,3,Informações do chamado estavam incompletas.,Falha de comunicação
FB2031,AT2782,28/02/2025,SOC223,8,Atendimento excelente do início ao fim.,Nenhum problema
FB2032,AT6359,04/03/2026,SOC279,6,Ambulância sem parte do material necessário.,Falta de equipamento
FB2033,AT4174,30/06/2025,SOC289,8,Resposta rápida e comunicação clara.,Nenhum problema
FB2034,AT7352,14/06/2026,SOC134,8,"Atendimento tranquilo, sem intercorrências.",Nenhum problema
FB2035,AT2110,31/01/2025,SOC145,7,Tempo de resposta foi satisfatório.,Nenhum problema
FB2036,AT5884,27/01/2026,SOC076,9,Ótima triagem e encaminhamento adequado.,Nenhum problema
FB2037,AT4640,18/07/2025,SOC162,8,Equipe cordial e atenciosa com o paciente.,Nenhum problema
FB2038,AT3121,14/03/2025,SOC169,10,Atendimento rápido e organizado.,Nenhum problema
FB2039,AT0087,05/07/2026,SOC075,1,Paciente não resistiu aos ferimentos.,Morte acidental
FB2040,AT7550,24/07/2026,SOC165,3,Falha no repasse de dados entre equipes.,Falha de comunicação
FB2041,AT6561,27/04/2026,SOC201,9,Atendimento organizado e seguro.,Nenhum problema
FB2042,AT5838,03/01/2026,SOC085,9,Chegada rápida evitou agravamento do quadro.,Nenhum problema
FB2043,AT5905,09/01/2026,SOC209,7,Suporte adequado durante todo o atendimento.,Nenhum problema
FB2044,AT4519,21/07/2025,SOC300,7,Equipe demonstrou grande eficiência.,Nenhum problema
FB2045,AT4057,10/06/2025,SOC226,3,Informações do chamado estavam incompletas.,Falha de comunicação
FB2046,AT2099,15/01/2025,SOC138,4,Faltou equipamento durante o atendimento.,Falta de equipamento
FB2047,AT6564,04/04/2026,SOC285,8,Chegada rápida evitou agravamento do quadro.,Nenhum problema
FB2048,AT1283,10/10/2024,SOC278,4,Tempo de deslocamento acima do esperado.,Demora no atendimento
FB2049,AT1943,23/12/2024,SOC224,2,Informações do chamado estavam incompletas.,Falha de comunicação
FB2050,AT5044,12/09/2025,SOC051,8,Equipe cordial e atenciosa com o paciente.,Nenhum problema
FB2051,AT5974,31/01/2026,SOC192,2,Comunicação com a central apresentou ruído.,Falha de comunicação
FB2052,AT7912,29/08/2026,SOC137,9,Excelente coordenação entre viatura e hospital.,Nenhum problema
FB2053,AT6631,16/04/2026,SOC253,10,Atendimento rápido e equipe bem preparada.,Nenhum problema
FB2054,AT1377,13/11/2024,SOC003,9,Boa integração entre as equipes.,Nenhum problema
FB2055,AT3336,05/05/2025,SOC298,1,Paciente sofreu morte acidental no local.,Morte acidental
FB2056,AT2105,21/01/2025,SOC161,10,Ótima triagem e encaminhamento adequado.,Nenhum problema
FB2057,AT7074,30/06/2026,SOC084,7,Tempo de resposta foi satisfatório.,Nenhum problema
FB2058,AT4056,09/06/2025,SOC295,10,Tempo de resposta foi satisfatório.,Nenhum problema
FB2059,AT7250,12/06/2026,SOC254,2,Paciente não resistiu aos ferimentos.,Morte acidental
FB2060,AT6798,12/05/2026,SOC217,10,Ocorrência conduzida com muita competência.,Nenhum problema
FB2061,AT2412,05/02/2025,SOC213,2,Paciente não resistiu aos ferimentos.,Morte acidental
FB2062,AT5596,31/12/2025,SOC100,5,Equipamento necessário não estava disponível.,Falta de equipamento
FB2063,AT2635,24/02/2025,SOC006,7,Comunicação eficiente durante a ocorrência.,Nenhum problema
FB2064,AT3764,13/05/2025,SOC102,8,Paciente estabilizado rapidamente pela equipe.,Nenhum problema
FB2065,AT1750,14/12/2024,SOC213,1,Óbito constatado apesar dos esforços da equipe.,Morte acidental
FB2066,AT4536,17/07/2025,SOC136,4,Fila no pronto-socorro atrasou o atendimento.,Demora no atendimento
FB2067,AT6024,15/02/2026,SOC016,6,Demora para liberar leito hospitalar.,Demora no atendimento
FB2068,AT3992,28/06/2025,SOC290,8,Excelente coordenação entre viatura e hospital.,Nenhum problema
FB2069,AT5441,09/11/2025,SOC090,2,Paciente sofreu morte acidental no local.,Morte acidental
FB2070,AT2903,31/03/2025,SOC066,2,Informações do chamado estavam incompletas.,Falha de comunicação
FB2071,AT0952,06/06/2026,SOC048,10,Encaminhamento hospitalar foi eficiente.,Nenhum problema
FB2072,AT3820,30/05/2025,SOC246,10,Excelente coordenação entre viatura e hospital.,Nenhum problema
FB2073,AT6545,20/04/2026,SOC266,7,Atendimento rápido e organizado.,Nenhum problema
FB2074,AT2330,20/01/2025,SOC200,10,Boa integração entre as equipes.,Nenhum problema
FB2075,AT1759,24/12/2024,SOC267,4,Kit de emergência incompleto na viatura.,Falta de equipamento
FB2076,AT3099,02/04/2025,SOC261,10,Procedimento realizado de forma segura.,Nenhum problema
FB2077,AT2084,06/01/2025,SOC001,9,Atendimento ocorreu sem complicações.,Nenhum problema
FB2078,AT4909,23/09/2025,SOC095,3,Trânsito prejudicou o tempo de chegada.,Demora no atendimento
FB2079,AT6334,14/03/2026,SOC071,4,Equipamento necessário não estava disponível.,Falta de equipamento
FB2080,AT1885,04/01/2025,SOC090,7,Houve pequena demora para localizar o hospital.,Demora no atendimento
FB2081,AT5721,22/12/2025,SOC022,8,Resposta rápida e comunicação clara.,Nenhum problema
FB2082,AT5152,24/10/2025,SOC009,7,Resposta rápida e comunicação clara.,Nenhum problema
FB2083,AT7401,17/07/2026,SOC241,4,Atendimento adequado apesar da espera.,Demora no atendimento
FB2084,AT7357,04/06/2026,SOC284,10,Ocorrência conduzida com muita competência.,Nenhum problema
FB2085,AT5599,19/12/2025,SOC209,1,Paciente sofreu morte acidental no local.,Morte acidental
FB2086,AT4945,10/09/2025,SOC222,9,Atendimento organizado e seguro.,Nenhum problema
FB2087,AT6056,22/02/2026,SOC222,8,Excelente coordenação entre viatura e hospital.,Nenhum problema
FB2088,AT1865,11/12/2024,SOC196,4,Endereço informado estava impreciso.,Falha de comunicação
FB2089,AT0456,22/11/2024,SOC230,9,Tempo de resposta foi satisfatório.,Nenhum problema
FB2090,AT5809,17/12/2025,SOC195,8,Atendimento rápido e organizado.,Nenhum problema
FB2091,AT7900,26/08/2026,SOC014,4,Endereço informado estava impreciso.,Falha de comunicação
FB2092,AT7942,11/08/2026,SOC155,7,Atendimento excelente do início ao fim.,Nenhum problema
FB2093,AT2259,01/01/2025,SOC056,5,Ambulância sem parte do material necessário.,Falta de equipamento
FB2094,AT2726,11/02/2025,SOC101,5,Demora para liberar leito hospitalar.,Demora no atendimento
FB2095,AT3117,03/03/2025,SOC294,1,Paciente não resistiu aos ferimentos.,Morte acidental
FB2096,AT6017,05/02/2026,SOC275,9,Bom trabalho em equipe durante o socorro.,Nenhum problema
FB2097,AT6717,11/05/2026,SOC169,7,Procedimento ocorreu conforme planejado.,Nenhum problema
FB2098,AT2153,17/01/2025,SOC090,7,Tempo de deslocamento acima do esperado.,Demora no atendimento
FB2099,AT3403,14/04/2025,SOC194,4,Faltou equipamento durante o atendimento.,Falta de equipamento
FB2100,AT2437,10/01/2025,SOC140,3,Ocorrência apresentou atraso significativo.,Demora no atendimento
FB2101,AT4057,10/06/2025,SOC258,6,Ocorrência apresentou atraso significativo.,Demora no atendimento
FB2102,AT4573,04/07/2025,SOC252,7,"Atendimento tranquilo, sem intercorrências.",Nenhum problema
FB2103,AT1986,09/12/2024,SOC218,10,Equipe demonstrou excelente preparo.,Nenhum problema
FB2104,AT3167,27/03/2025,SOC185,5,Comunicação com a central apresentou ruído.,Falha de comunicação
FB2105,AT6187,05/03/2026,SOC282,10,Ocorrência conduzida com muita competência.,Nenhum problema
FB2106,AT3086,18/03/2025,SOC194,8,"Atendimento tranquilo, sem intercorrências.",Nenhum problema
FB2107,AT1688,19/12/2024,SOC111,8,Encaminhamento hospitalar foi eficiente.,Nenhum problema
FB2108,AT0542,01/03/2025,SOC064,7,Comunicação entre socorristas foi boa.,Nenhum problema
FB2109,AT0619,27/04/2025,SOC054,8,Paciente estabilizado rapidamente pela equipe.,Nenhum problema
FB2110,AT3920,27/05/2025,SOC096,7,Tempo de resposta foi satisfatório.,Nenhum problema
FB2111,AT6940,06/05/2026,SOC245,6,Espera prolongada para triagem no hospital.,Demora no atendimento
FB2112,AT5125,21/10/2025,SOC187,1,Óbito constatado apesar dos esforços da equipe.,Morte acidental
FB2113,AT3294,15/04/2025,SOC065,9,Comunicação eficiente durante a ocorrência.,Nenhum problema
FB2114,AT5332,15/10/2025,SOC046,4,Informações do chamado estavam incompletas.,Falha de comunicação
FB2115,AT1748,09/12/2024,SOC001,8,Bom trabalho em equipe durante o socorro.,Nenhum problema
FB2116,AT0618,07/04/2025,SOC207,10,Ocorrência conduzida com muita competência.,Nenhum problema
FB2117,AT7752,12/08/2026,SOC139,2,Paciente sofreu morte acidental no local.,Morte acidental
FB2118,AT2997,08/03/2025,SOC078,2,Endereço informado estava impreciso.,Falha de comunicação
FB2119,AT0413,25/09/2024,SOC147,8,Suporte adequado durante todo o atendimento.,Nenhum problema
FB2120,AT6705,14/04/2026,SOC064,5,Endereço informado estava impreciso.,Falha de comunicação
FB2121,AT3720,20/05/2025,SOC075,4,Comunicação com a central apresentou ruído.,Falha de comunicação
FB2122,AT1684,04/12/2024,SOC071,7,Encaminhamento hospitalar foi eficiente.,Nenhum problema
FB2123,AT1304,25/10/2024,SOC070,6,Faltou equipamento durante o atendimento.,Falta de equipamento
FB2124,AT4077,11/06/2025,SOC139,8,Equipe cordial e atenciosa com o paciente.,Nenhum problema
FB2125,AT7663,29/08/2026,SOC065,7,Resposta rápida e comunicação clara.,Nenhum problema
FB2126,AT4417,25/07/2025,SOC048,8,Resposta rápida e comunicação clara.,Nenhum problema
FB2127,AT3449,29/04/2025,SOC015,9,Encaminhamento hospitalar foi eficiente.,Nenhum problema
FB2128,AT2576,11/02/2025,SOC181,1,Paciente não resistiu aos ferimentos.,Morte acidental
FB2129,AT3457,01/05/2025,SOC059,4,Houve espera moderada no hospital.,Demora no atendimento
FB2130,AT4374,29/07/2025,SOC278,4,Kit de emergência incompleto na viatura.,Falta de equipamento
FB2131,AT1799,24/12/2024,SOC243,4,Equipamento necessário não estava disponível.,Falta de equipamento
FB2132,AT2408,23/01/2025,SOC250,6,Atendimento adequado apesar da espera.,Demora no atendimento
FB2133,AT5836,24/12/2025,SOC037,5,Falta de insumo básico dificultou o procedimento.,Falta de equipamento
FB2134,AT7542,06/07/2026,SOC143,5,Equipamento necessário não estava disponível.,Falta de equipamento
FB2135,AT1895,27/12/2024,SOC185,5,Falta de insumo básico dificultou o procedimento.,Falta de equipamento
FB2136,AT7971,08/08/2026,SOC266,9,Equipe ágil e excelente suporte hospitalar.,Nenhum problema
FB2137,AT7088,23/06/2026,SOC282,1,Paciente sofreu morte acidental no local.,Morte acidental
FB2138,AT5498,15/11/2025,SOC059,3,Informações do chamado estavam incompletas.,Falha de comunicação
FB2139,AT1601,17/11/2024,SOC093,2,Comunicação com a central apresentou ruído.,Falha de comunicação
FB2140,AT3921,09/05/2025,SOC175,8,Procedimento realizado de forma segura.,Nenhum problema
FB2141,AT0988,31/08/2026,SOC079,7,Ótima triagem e encaminhamento adequado.,Nenhum problema
FB2142,AT7292,19/06/2026,SOC008,2,Endereço informado estava impreciso.,Falha de comunicação
FB2143,AT0561,22/03/2025,SOC214,7,Equipe demonstrou grande eficiência.,Nenhum problema
FB2144,AT0637,24/05/2025,SOC028,9,Bom trabalho em equipe durante o socorro.,Nenhum problema
FB2145,AT6519,26/04/2026,SOC210,8,Equipe demonstrou excelente preparo.,Nenhum problema
FB2146,AT6165,09/02/2026,SOC169,9,"Atendimento tranquilo, sem intercorrências.",Nenhum problema
FB2147,AT4358,08/07/2025,SOC025,9,Tempo de resposta foi satisfatório.,Nenhum problema
FB2148,AT5950,29/01/2026,SOC123,10,"Atendimento tranquilo, sem intercorrências.",Nenhum problema
FB2149,AT2155,10/01/2025,SOC092,9,Ocorrência conduzida com muita competência.,Nenhum problema
FB2150,AT6946,21/05/2026,SOC197,9,Comunicação entre socorristas foi boa.,Nenhum problema
FB2151,AT0432,16/10/2024,SOC102,5,Atendimento adequado apesar da espera.,Demora no atendimento
FB2152,AT3481,17/04/2025,SOC274,7,"Atendimento tranquilo, sem intercorrências.",Nenhum problema
FB2153,AT6431,10/03/2026,SOC216,5,Informações do chamado estavam incompletas.,Falha de comunicação
FB2154,AT4030,13/06/2025,SOC278,9,Excelente coordenação entre viatura e hospital.,Nenhum problema
FB2155,AT5898,15/01/2026,SOC155,8,Paciente estabilizado rapidamente pela equipe.,Nenhum problema
FB2156,AT7276,04/06/2026,SOC137,1,Gravidade do caso impossibilitou reanimação.,Morte acidental
FB2157,AT5542,12/11/2025,SOC208,9,Procedimento ocorreu conforme planejado.,Nenhum problema
FB2158,AT5459,30/11/2025,SOC105,3,Tempo de deslocamento acima do esperado.,Demora no atendimento
FB2159,AT5347,29/10/2025,SOC042,1,Óbito constatado apesar dos esforços da equipe.,Morte acidental
FB2160,AT3204,06/03/2025,SOC053,5,Demora na regulação do leito hospitalar.,Demora no atendimento
FB2161,AT7966,20/08/2026,SOC260,7,Atendimento excelente do início ao fim.,Nenhum problema
FB2162,AT3556,23/04/2025,SOC115,4,Kit de emergência incompleto na viatura.,Falta de equipamento
FB2163,AT6196,10/03/2026,SOC125,3,Ocorrência apresentou atraso significativo.,Demora no atendimento
FB2164,AT5426,02/12/2025,SOC017,5,Kit de emergência incompleto na viatura.,Falta de equipamento
FB2165,AT7080,08/06/2026,SOC234,10,Atendimento excelente do início ao fim.,Nenhum problema
FB2166,AT6660,28/04/2026,SOC104,10,Paciente estabilizado rapidamente pela equipe.,Nenhum problema
FB2167,AT7023,20/06/2026,SOC003,6,Ocorrência apresentou atraso significativo.,Demora no atendimento
FB2168,AT4846,31/08/2025,SOC152,10,Ótima triagem e encaminhamento adequado.,Nenhum problema
FB2169,AT3746,25/05/2025,SOC022,7,Procedimento realizado de forma segura.,Nenhum problema
FB2170,AT6720,23/05/2026,SOC284,4,Endereço informado estava impreciso.,Falha de comunicação
FB2171,AT5815,22/12/2025,SOC224,5,Endereço informado estava impreciso.,Falha de comunicação
FB2172,AT6473,11/04/2026,SOC142,1,Paciente não resistiu aos ferimentos.,Morte acidental
FB2173,AT0217,21/07/2026,SOC117,7,Atendimento ocorreu sem complicações.,Nenhum problema
FB2174,AT3571,04/05/2025,SOC070,4,Demora na regulação do leito hospitalar.,Demora no atendimento
FB2175,AT7973,14/08/2026,SOC072,8,Atendimento excelente do início ao fim.,Nenhum problema
FB2176,AT2280,05/02/2025,SOC187,10,Equipe demonstrou excelente preparo.,Nenhum problema
FB2177,AT4366,28/07/2025,SOC083,9,Encaminhamento hospitalar foi eficiente.,Nenhum problema
FB2178,AT7287,08/06/2026,SOC167,10,Tempo de resposta foi satisfatório.,Nenhum problema
FB2179,AT5211,21/10/2025,SOC099,1,Paciente não resistiu aos ferimentos.,Morte acidental
FB2180,AT4693,05/08/2025,SOC286,9,Atendimento rápido e equipe bem preparada.,Nenhum problema
FB2181,AT0685,26/06/2025,SOC022,5,Endereço informado estava impreciso.,Falha de comunicação
FB2182,AT7595,21/07/2026,SOC145,5,Demora para liberar leito hospitalar.,Demora no atendimento
FB2183,AT2286,24/01/2025,SOC021,8,Chegada rápida evitou agravamento do quadro.,Nenhum problema
FB2184,AT6869,31/05/2026,SOC044,9,Resposta rápida e comunicação clara.,Nenhum problema
FB2185,AT4885,21/09/2025,SOC170,6,Kit de emergência incompleto na viatura.,Falta de equipamento
FB2186,AT2421,12/01/2025,SOC192,8,Atendimento ocorreu sem complicações.,Nenhum problema
FB2187,AT5331,29/10/2025,SOC082,9,Bom trabalho em equipe durante o socorro.,Nenhum problema
FB2188,AT2482,07/01/2025,SOC288,4,Houve pequena demora para localizar o hospital.,Demora no atendimento
FB2189,AT5997,21/01/2026,SOC242,10,Atendimento excelente do início ao fim.,Nenhum problema
FB2190,AT2568,28/02/2025,SOC016,1,Gravidade do caso impossibilitou reanimação.,Morte acidental
FB2191,AT5067,17/10/2025,SOC248,10,Procedimento padrão seguido corretamente.,Nenhum problema
FB2192,AT3521,05/04/2025,SOC083,10,Equipe demonstrou excelente preparo.,Nenhum problema
FB2193,AT6217,28/03/2026,SOC075,8,Equipe demonstrou excelente preparo.,Nenhum problema
FB2194,AT1972,30/12/2024,SOC180,8,Atendimento excelente do início ao fim.,Nenhum problema
FB2195,AT1564,09/11/2024,SOC190,9,Comunicação eficiente durante a ocorrência.,Nenhum problema
FB2196,AT2215,16/01/2025,SOC118,7,Procedimento ocorreu conforme planejado.,Nenhum problema
FB2197,AT4273,30/07/2025,SOC001,8,Procedimento padrão seguido corretamente.,Nenhum problema
FB2198,AT6079,03/02/2026,SOC257,5,Endereço informado estava impreciso.,Falha de comunicação
FB2199,AT0703,25/06/2025,SOC002,7,Procedimento realizado de forma segura.,Nenhum problema
FB2200,AT1430,18/11/2024,SOC101,6,Kit de emergência incompleto na viatura.,Falta de equipamento
FB2201,AT5014,10/09/2025,SOC135,10,Suporte adequado durante todo o atendimento.,Nenhum problema
FB2202,AT6574,28/04/2026,SOC034,8,Paciente estabilizado rapidamente pela equipe.,Nenhum problema
FB2203,AT2598,26/02/2025,SOC183,7,Ocorrência conduzida com muita competência.,Nenhum problema
FB2204,AT6157,03/02/2026,SOC230,1,Óbito constatado apesar dos esforços da equipe.,Morte acidental
FB2205,AT7239,04/07/2026,SOC270,5,Equipamento necessário não estava disponível.,Falta de equipamento
FB2206,AT7062,11/06/2026,SOC211,2,Informações do chamado estavam incompletas.,Falha de comunicação
FB2207,AT0275,05/07/2026,SOC150,6,Kit de emergência incompleto na viatura.,Falta de equipamento
FB2208,AT0691,09/06/2025,SOC185,8,Equipe demonstrou grande eficiência.,Nenhum problema
FB2209,AT3912,05/05/2025,SOC020,7,Ocorrência conduzida com muita competência.,Nenhum problema
FB2210,AT0953,26/06/2026,SOC061,7,Excelente coordenação entre viatura e hospital.,Nenhum problema
FB2211,AT3731,03/06/2025,SOC147,6,Fila no pronto-socorro atrasou o atendimento.,Demora no atendimento
FB2212,AT5310,22/10/2025,SOC035,10,Paciente estabilizado rapidamente pela equipe.,Nenhum problema
FB2213,AT2746,18/02/2025,SOC146,10,Procedimento ocorreu conforme planejado.,Nenhum problema
FB2214,AT3539,17/04/2025,SOC197,10,Suporte adequado durante todo o atendimento.,Nenhum problema
FB2215,AT1063,22/09/2024,SOC277,10,Procedimento realizado de forma segura.,Nenhum problema
FB2216,AT4934,20/09/2025,SOC296,4,Ambulância sem parte do material necessário.,Falta de equipamento
FB2217,AT7927,30/08/2026,SOC041,9,Suporte adequado durante todo o atendimento.,Nenhum problema
FB2218,AT7514,06/07/2026,SOC201,6,Kit de emergência incompleto na viatura.,Falta de equipamento
FB2219,AT3772,07/05/2025,SOC028,8,Resposta rápida e comunicação clara.,Nenhum problema
FB2220,AT3704,29/05/2025,SOC168,9,Comunicação entre socorristas foi boa.,Nenhum problema
FB2221,AT2644,28/02/2025,SOC059,8,Equipe atuou rapidamente no local.,Nenhum problema
FB2222,AT2475,27/01/2025,SOC176,3,Endereço informado estava impreciso.,Falha de comunicação
FB2223,AT2180,15/01/2025,SOC136,10,Tempo de resposta foi satisfatório.,Nenhum problema
FB2224,AT7436,15/07/2026,SOC207,2,Endereço informado estava impreciso.,Falha de comunicação
FB2225,AT3969,14/06/2025,SOC211,8,Equipe demonstrou excelente preparo.,Nenhum problema
FB2226,AT6481,05/04/2026,SOC100,2,Paciente sofreu morte acidental no local.,Morte acidental
FB2227,AT6765,06/05/2026,SOC187,3,Ocorrência apresentou atraso significativo.,Demora no atendimento
FB2228,AT2790,04/03/2025,SOC020,6,Ocorrência apresentou atraso significativo.,Demora no atendimento
FB2229,AT1002,20/09/2024,SOC038,10,Equipe demonstrou grande eficiência.,Nenhum problema
FB2230,AT1912,29/12/2024,SOC127,4,Equipamento necessário não estava disponível.,Falta de equipamento
FB2231,AT1701,15/12/2024,SOC121,7,Demora na regulação do leito hospitalar.,Demora no atendimento
FB2232,AT5181,06/10/2025,SOC162,10,Atendimento ocorreu sem complicações.,Nenhum problema
FB2233,AT3497,16/04/2025,SOC194,3,Endereço informado estava impreciso.,Falha de comunicação
FB2234,AT5876,20/01/2026,SOC126,6,Demora na regulação do leito hospitalar.,Demora no atendimento
FB2235,AT3586,01/05/2025,SOC035,8,"Atendimento tranquilo, sem intercorrências.",Nenhum problema
FB2236,AT2724,26/02/2025,SOC179,1,Óbito constatado apesar dos esforços da equipe.,Morte acidental
FB2237,AT1692,05/12/2024,SOC029,8,Equipe cordial e atenciosa com o paciente.,Nenhum problema
FB2238,AT1439,21/11/2024,SOC139,2,Paciente não resistiu aos ferimentos.,Morte acidental
FB2239,AT3229,08/03/2025,SOC080,6,Faltou equipamento durante o atendimento.,Falta de equipamento
FB2240,AT2657,18/02/2025,SOC022,8,Tempo de resposta foi satisfatório.,Nenhum problema
FB2241,AT1984,03/01/2025,SOC281,9,Equipe demonstrou grande eficiência.,Nenhum problema
FB2242,AT7527,27/07/2026,SOC137,10,Equipe ágil e excelente suporte hospitalar.,Nenhum problema
FB2243,AT4078,11/06/2025,SOC090,3,Fila no pronto-socorro atrasou o atendimento.,Demora no atendimento
FB2244,AT5099,29/10/2025,SOC294,4,Ambulância sem parte do material necessário.,Falta de equipamento
FB2245,AT3034,16/03/2025,SOC164,10,Procedimento ocorreu conforme planejado.,Nenhum problema
FB2246,AT4029,22/06/2025,SOC163,2,Gravidade do caso impossibilitou reanimação.,Morte acidental
FB2247,AT4557,05/07/2025,SOC297,10,Equipe atuou rapidamente no local.,Nenhum problema
FB2248,AT7497,09/07/2026,SOC003,9,Procedimento ocorreu conforme planejado.,Nenhum problema
FB2249,AT4145,19/06/2025,SOC079,7,Tempo de deslocamento acima do esperado.,Demora no atendimento
FB2250,AT2930,21/03/2025,SOC264,10,Resposta rápida e comunicação clara.,Nenhum problema
FB2251,AT3543,03/05/2025,SOC179,3,Falha no repasse de dados entre equipes.,Falha de comunicação
FB2252,AT2835,09/03/2025,SOC295,4,Kit de emergência incompleto na viatura.,Falta de equipamento
FB2253,AT1711,05/01/2025,SOC046,4,Informações do chamado estavam incompletas.,Falha de comunicação
FB2254,AT2791,22/02/2025,SOC292,7,Atendimento organizado e seguro.,Nenhum problema
FB2255,AT5494,15/11/2025,SOC132,9,Atendimento rápido e organizado.,Nenhum problema
FB2256,AT2826,13/02/2025,SOC293,9,Comunicação entre socorristas foi boa.,Nenhum problema
FB2257,AT2819,10/02/2025,SOC052,10,Atendimento excelente do início ao fim.,Nenhum problema
FB2258,AT6778,02/06/2026,SOC007,8,Procedimento realizado de forma segura.,Nenhum problema
FB2259,AT2739,12/02/2025,SOC293,8,Ótima triagem e encaminhamento adequado.,Nenhum problema
FB2260,AT5527,08/11/2025,SOC297,9,Atendimento rápido e organizado.,Nenhum problema
FB2261,AT4773,17/08/2025,SOC020,9,Comunicação eficiente durante a ocorrência.,Nenhum problema
FB2262,AT1802,09/12/2024,SOC187,2,Paciente sofreu morte acidental no local.,Morte acidental
FB2263,AT1885,01/01/2025,SOC175,9,Ótima triagem e encaminhamento adequado.,Nenhum problema
FB2264,AT7257,02/06/2026,SOC290,8,Atendimento excelente do início ao fim.,Nenhum problema
FB2265,AT7675,09/08/2026,SOC267,7,Comunicação entre socorristas foi boa.,Nenhum problema
FB2266,AT5129,20/10/2025,SOC119,3,Falha no repasse de dados entre equipes.,Falha de comunicação
FB2267,AT6369,14/03/2026,SOC274,7,Ótima triagem e encaminhamento adequado.,Nenhum problema
FB2268,AT4932,03/10/2025,SOC298,2,Endereço informado estava impreciso.,Falha de comunicação
FB2269,AT6772,22/05/2026,SOC153,3,Houve pequena demora para localizar o hospital.,Demora no atendimento
FB2270,AT1027,01/10/2024,SOC256,8,Procedimento padrão seguido corretamente.,Nenhum problema
FB2271,AT5617,03/01/2026,SOC144,3,Houve dificuldade de comunicação com o hospital.,Falha de comunicação
FB2272,AT1990,30/12/2024,SOC263,4,Falta de insumo básico dificultou o procedimento.,Falta de equipamento
FB2273,AT2151,23/01/2025,SOC274,1,Óbito constatado apesar dos esforços da equipe.,Morte acidental
FB2274,AT4265,05/08/2025,SOC252,1,Paciente sofreu morte acidental no local.,Morte acidental
FB2275,AT7711,04/08/2026,SOC063,10,Equipe cordial e atenciosa com o paciente.,Nenhum problema
FB2276,AT2478,06/01/2025,SOC277,7,Encaminhamento hospitalar foi eficiente.,Nenhum problema
FB2277,AT3566,09/04/2025,SOC194,4,Trânsito prejudicou o tempo de chegada.,Demora no atendimento
FB2278,AT2138,19/01/2025,SOC059,7,Atendimento rápido e equipe bem preparada.,Nenhum problema
FB2279,AT5688,30/12/2025,SOC220,10,Boa integração entre as equipes.,Nenhum problema
FB2280,AT4456,27/07/2025,SOC219,4,Falta de insumo básico dificultou o procedimento.,Falta de equipamento
FB2281,AT4152,11/06/2025,SOC225,8,"Atendimento tranquilo, sem intercorrências.",Nenhum problema
FB2282,AT5278,25/10/2025,SOC292,10,Suporte adequado durante todo o atendimento.,Nenhum problema
FB2283,AT7593,29/07/2026,SOC300,2,Gravidade do caso impossibilitou reanimação.,Morte acidental
FB2284,AT1736,29/12/2024,SOC138,5,Comunicação com a central apresentou ruído.,Falha de comunicação
FB2285,AT5272,22/10/2025,SOC157,9,Equipe demonstrou grande eficiência.,Nenhum problema
FB2286,AT3162,23/03/2025,SOC131,8,Atendimento excelente do início ao fim.,Nenhum problema
FB2287,AT6142,18/02/2026,SOC247,9,Equipe preparada para situação crítica.,Nenhum problema
FB2288,AT2967,10/03/2025,SOC165,6,Faltou equipamento durante o atendimento.,Falta de equipamento
FB2289,AT1511,29/11/2024,SOC015,10,Atendimento organizado e seguro.,Nenhum problema
FB2290,AT0027,27/04/2026,SOC176,6,Houve pequena demora para localizar o hospital.,Demora no atendimento
FB2291,AT2752,26/02/2025,SOC264,5,Equipamento necessário não estava disponível.,Falta de equipamento
FB2292,AT0334,06/08/2026,SOC028,10,Tempo de resposta foi satisfatório.,Nenhum problema
FB2293,AT4483,01/08/2025,SOC129,10,Ótima triagem e encaminhamento adequado.,Nenhum problema
FB2294,AT1064,28/09/2024,SOC114,6,Kit de emergência incompleto na viatura.,Falta de equipamento
FB2295,AT6941,23/05/2026,SOC048,10,Atendimento ocorreu sem complicações.,Nenhum problema
FB2296,AT6081,22/02/2026,SOC244,8,Comunicação entre socorristas foi boa.,Nenhum problema
FB2297,AT1793,20/12/2024,SOC195,8,Equipe cordial e atenciosa com o paciente.,Nenhum problema
FB2298,AT7805,11/08/2026,SOC207,7,Procedimento realizado de forma segura.,Nenhum problema
FB2299,AT3604,22/04/2025,SOC211,7,Resposta rápida e comunicação clara.,Nenhum problema
FB2300,AT1730,06/12/2024,SOC126,8,Bom trabalho em equipe durante o socorro.,Nenhum problema
FB2301,AT3194,06/03/2025,SOC263,8,Comunicação eficiente durante a ocorrência.,Nenhum problema
FB2302,AT6334,16/03/2026,SOC115,5,Endereço informado estava impreciso.,Falha de comunicação
FB2303,AT6535,07/04/2026,SOC183,9,Equipe demonstrou grande eficiência.,Nenhum problema
FB2304,AT5839,27/12/2025,SOC103,8,Procedimento padrão seguido corretamente.,Nenhum problema
FB2305,AT3524,25/04/2025,SOC021,9,Suporte adequado durante todo o atendimento.,Nenhum problema
FB2306,AT0834,05/11/2025,SOC006,10,Encaminhamento hospitalar foi eficiente.,Nenhum problema
FB2307,AT3965,03/06/2025,SOC064,5,Equipamento necessário não estava disponível.,Falta de equipamento
FB2308,AT3062,15/03/2025,SOC250,3,Fila no pronto-socorro atrasou o atendimento.,Demora no atendimento
FB2309,AT3642,04/06/2025,SOC193,5,Equipamento necessário não estava disponível.,Falta de equipamento
FB2310,AT5970,01/02/2026,SOC009,5,Demora na regulação do leito hospitalar.,Demora no atendimento
FB2311,AT5954,29/01/2026,SOC047,5,Informações do chamado estavam incompletas.,Falha de comunicação
FB2312,AT4572,19/07/2025,SOC113,2,Endereço informado estava impreciso.,Falha de comunicação
FB2313,AT7660,18/08/2026,SOC054,8,Resposta rápida e comunicação clara.,Nenhum problema
FB2314,AT4222,05/07/2025,SOC272,2,Gravidade do caso impossibilitou reanimação.,Morte acidental
FB2315,AT7638,11/08/2026,SOC038,7,Equipe ágil e excelente suporte hospitalar.,Nenhum problema
FB2316,AT6203,08/03/2026,SOC042,7,Atendimento excelente do início ao fim.,Nenhum problema
FB2317,AT3834,21/05/2025,SOC019,3,Houve espera moderada no hospital.,Demora no atendimento
FB2318,AT6238,14/03/2026,SOC067,8,Encaminhamento hospitalar foi eficiente.,Nenhum problema
FB2319,AT4209,22/07/2025,SOC262,9,Equipe ágil e excelente suporte hospitalar.,Nenhum problema
FB2320,AT7057,12/06/2026,SOC018,3,Espera prolongada para triagem no hospital.,Demora no atendimento
FB2321,AT5684,23/12/2025,SOC245,8,"Atendimento tranquilo, sem intercorrências.",Nenhum problema
FB2322,AT4441,20/07/2025,SOC265,2,Óbito constatado apesar dos esforços da equipe.,Morte acidental
FB2323,AT2547,11/02/2025,SOC233,7,Comunicação eficiente durante a ocorrência.,Nenhum problema
FB2324,AT1448,09/11/2024,SOC196,2,Óbito constatado apesar dos esforços da equipe.,Morte acidental
FB2325,AT0009,15/06/2026,SOC116,10,Equipe atuou rapidamente no local.,Nenhum problema
FB2326,AT5529,17/11/2025,SOC099,9,Atendimento organizado e seguro.,Nenhum problema
FB2327,AT1571,13/11/2024,SOC136,5,Houve dificuldade de comunicação com o hospital.,Falha de comunicação
FB2328,AT4035,14/06/2025,SOC115,8,Procedimento padrão seguido corretamente.,Nenhum problema
FB2329,AT7978,22/08/2026,SOC006,6,Houve espera moderada no hospital.,Demora no atendimento
FB2330,AT2851,23/03/2025,SOC023,4,Informações do chamado estavam incompletas.,Falha de comunicação
FB2331,AT0404,13/09/2024,SOC234,8,Comunicação entre socorristas foi boa.,Nenhum problema
FB2332,AT4281,12/07/2025,SOC018,7,Resposta rápida e comunicação clara.,Nenhum problema
FB2333,AT3229,10/03/2025,SOC149,4,Falha no repasse de dados entre equipes.,Falha de comunicação
FB2334,AT4886,13/09/2025,SOC212,9,Atendimento rápido e organizado.,Nenhum problema
FB2335,AT5996,11/01/2026,SOC148,8,Ótima triagem e encaminhamento adequado.,Nenhum problema
FB2336,AT7587,02/07/2026,SOC136,9,Atendimento organizado e seguro.,Nenhum problema
FB2337,AT4895,13/09/2025,SOC152,5,Faltou equipamento durante o atendimento.,Falta de equipamento
FB2338,AT6978,14/05/2026,SOC050,4,Houve espera moderada no hospital.,Demora no atendimento
FB2339,AT1200,07/10/2024,SOC264,6,Fila no pronto-socorro atrasou o atendimento.,Demora no atendimento
FB2340,AT6227,05/03/2026,SOC029,10,Procedimento ocorreu conforme planejado.,Nenhum problema
FB2341,AT7741,14/08/2026,SOC033,10,"Atendimento tranquilo, sem intercorrências.",Nenhum problema
FB2342,AT3827,06/05/2025,SOC123,9,Atendimento ocorreu sem complicações.,Nenhum problema
FB2343,AT4734,08/08/2025,SOC144,9,Ocorrência conduzida com muita competência.,Nenhum problema
FB2344,AT1136,22/09/2024,SOC116,9,Boa integração entre as equipes.,Nenhum problema
FB2345,AT6339,07/03/2026,SOC222,7,Equipe atuou rapidamente no local.,Nenhum problema
FB2346,AT6426,30/03/2026,SOC062,9,Atendimento excelente do início ao fim.,Nenhum problema
FB2347,AT0832,19/11/2025,SOC167,9,Excelente coordenação entre viatura e hospital.,Nenhum problema
FB2348,AT3066,08/03/2025,SOC080,7,Atendimento rápido e equipe bem preparada.,Nenhum problema
FB2349,AT3297,10/04/2025,SOC004,8,Procedimento padrão seguido corretamente.,Nenhum problema
FB2350,AT3885,11/05/2025,SOC028,7,Procedimento ocorreu conforme planejado.,Nenhum problema
FB2351,AT0475,27/12/2024,SOC113,10,Atendimento ocorreu sem complicações.,Nenhum problema
FB2352,AT0439,13/10/2024,SOC288,6,Kit de emergência incompleto na viatura.,Falta de equipamento
FB2353,AT2770,11/02/2025,SOC087,8,Atendimento ocorreu sem complicações.,Nenhum problema
FB2354,AT7568,31/07/2026,SOC113,2,Informações do chamado estavam incompletas.,Falha de comunicação
FB2355,AT0582,06/04/2025,SOC237,4,Informações do chamado estavam incompletas.,Falha de comunicação
FB2356,AT3062,13/03/2025,SOC082,1,Óbito constatado apesar dos esforços da equipe.,Morte acidental
FB2357,AT0925,19/04/2026,SOC037,4,Equipamento necessário não estava disponível.,Falta de equipamento
FB2358,AT1720,17/12/2024,SOC217,10,Equipe demonstrou excelente preparo.,Nenhum problema
FB2359,AT3525,02/04/2025,SOC198,10,Encaminhamento hospitalar foi eficiente.,Nenhum problema
FB2360,AT7456,07/07/2026,SOC052,8,Encaminhamento hospitalar foi eficiente.,Nenhum problema
FB2361,AT2283,12/01/2025,SOC265,9,Boa integração entre as equipes.,Nenhum problema
FB2362,AT0180,01/07/2026,SOC070,9,Equipe cordial e atenciosa com o paciente.,Nenhum problema
FB2363,AT2844,13/03/2025,SOC257,7,Tempo de resposta foi satisfatório.,Nenhum problema
FB2364,AT5943,31/01/2026,SOC276,10,Paciente estabilizado rapidamente pela equipe.,Nenhum problema
FB2365,AT2318,24/01/2025,SOC229,8,Atendimento organizado e seguro.,Nenhum problema
FB2366,AT6058,10/02/2026,SOC100,9,"Atendimento tranquilo, sem intercorrências.",Nenhum problema
FB2367,AT4405,04/08/2025,SOC188,2,Gravidade do caso impossibilitou reanimação.,Morte acidental
FB2368,AT4455,17/07/2025,SOC079,10,Bom trabalho em equipe durante o socorro.,Nenhum problema
FB2369,AT7880,20/08/2026,SOC042,10,Encaminhamento hospitalar foi eficiente.,Nenhum problema
FB2370,AT6777,19/05/2026,SOC283,10,Comunicação eficiente durante a ocorrência.,Nenhum problema
FB2371,AT5045,28/09/2025,SOC044,9,Procedimento padrão seguido corretamente.,Nenhum problema
FB2372,AT0308,22/07/2026,SOC117,7,Ótima triagem e encaminhamento adequado.,Nenhum problema
FB2373,AT7726,12/08/2026,SOC161,7,Atendimento ocorreu sem complicações.,Nenhum problema
FB2374,AT2441,25/01/2025,SOC140,7,Atendimento rápido e equipe bem preparada.,Nenhum problema
FB2375,AT2465,10/01/2025,SOC153,7,Atendimento rápido e equipe bem preparada.,Nenhum problema
FB2376,AT1908,14/12/2024,SOC041,9,Equipe preparada para situação crítica.,Nenhum problema
FB2377,AT2097,21/01/2025,SOC173,9,Bom trabalho em equipe durante o socorro.,Nenhum problema
FB2378,AT1542,24/11/2024,SOC246,8,Encaminhamento hospitalar foi eficiente.,Nenhum problema
FB2379,AT3610,16/04/2025,SOC194,9,Procedimento padrão seguido corretamente.,Nenhum problema
FB2380,AT5887,27/01/2026,SOC001,10,Procedimento ocorreu conforme planejado.,Nenhum problema
FB2381,AT6414,19/03/2026,SOC086,6,Kit de emergência incompleto na viatura.,Falta de equipamento
FB2382,AT0542,01/03/2025,SOC088,8,Atendimento organizado e seguro.,Nenhum problema
FB2383,AT0969,15/07/2026,SOC046,1,Paciente não resistiu aos ferimentos.,Morte acidental
FB2384,AT4683,07/08/2025,SOC251,7,Excelente coordenação entre viatura e hospital.,Nenhum problema
FB2385,AT4307,01/07/2025,SOC289,4,Informações do chamado estavam incompletas.,Falha de comunicação
FB2386,AT6076,27/02/2026,SOC142,5,Houve dificuldade de comunicação com o hospital.,Falha de comunicação
FB2387,AT1635,21/12/2024,SOC157,8,Ocorrência conduzida com muita competência.,Nenhum problema
FB2388,AT5614,27/12/2025,SOC284,8,Equipe ágil e excelente suporte hospitalar.,Nenhum problema
FB2389,AT6211,29/03/2026,SOC006,5,Informações do chamado estavam incompletas.,Falha de comunicação
FB2390,AT5613,30/12/2025,SOC147,8,Paciente estabilizado rapidamente pela equipe.,Nenhum problema
FB2391,AT7091,04/07/2026,SOC188,9,Comunicação entre socorristas foi boa.,Nenhum problema
FB2392,AT0871,14/11/2025,SOC050,4,Houve dificuldade de comunicação com o hospital.,Falha de comunicação
FB2393,AT2875,27/03/2025,SOC094,10,Equipe cordial e atenciosa com o paciente.,Nenhum problema
FB2394,AT2046,03/01/2025,SOC054,7,Atendimento organizado e seguro.,Nenhum problema
FB2395,AT2741,01/02/2025,SOC110,2,Paciente sofreu morte acidental no local.,Morte acidental
FB2396,AT7526,28/07/2026,SOC084,7,Atendimento organizado e seguro.,Nenhum problema
FB2397,AT4060,21/06/2025,SOC141,3,Houve dificuldade de comunicação com o hospital.,Falha de comunicação
FB2398,AT6579,27/04/2026,SOC227,2,Paciente sofreu morte acidental no local.,Morte acidental
FB2399,AT5406,24/11/2025,SOC030,9,Ótima triagem e encaminhamento adequado.,Nenhum problema
FB2400,AT0487,13/12/2024,SOC250,8,"Atendimento tranquilo, sem intercorrências.",Nenhum problema
FB2401,AT3928,09/05/2025,SOC219,2,Óbito constatado apesar dos esforços da equipe.,Morte acidental
FB2402,AT4473,21/07/2025,SOC112,1,Paciente não resistiu aos ferimentos.,Morte acidental
FB2403,AT7772,31/08/2026,SOC116,7,Bom trabalho em equipe durante o socorro.,Nenhum problema
FB2404,AT1850,08/12/2024,SOC043,2,Óbito constatado apesar dos esforços da equipe.,Morte acidental
FB2405,AT7368,19/07/2026,SOC187,7,Ótima triagem e encaminhamento adequado.,Nenhum problema
FB2406,AT3502,26/04/2025,SOC024,9,Tempo de resposta foi satisfatório.,Nenhum problema
FB2407,AT5918,05/01/2026,SOC277,10,Equipe demonstrou excelente preparo.,Nenhum problema
FB2408,AT5650,22/12/2025,SOC136,6,Ambulância sem parte do material necessário.,Falta de equipamento
FB2409,AT0976,21/07/2026,SOC297,7,Encaminhamento hospitalar foi eficiente.,Nenhum problema
FB2410,AT2154,14/01/2025,SOC137,10,Tempo de resposta foi satisfatório.,Nenhum problema
FB2411,AT1175,10/09/2024,SOC171,5,Atendimento adequado apesar da espera.,Demora no atendimento
FB2412,AT0750,16/08/2025,SOC047,6,Equipamento necessário não estava disponível.,Falta de equipamento
FB2413,AT7814,26/08/2026,SOC032,6,Faltou equipamento durante o atendimento.,Falta de equipamento
FB2414,AT5684,20/12/2025,SOC011,7,Atendimento rápido e equipe bem preparada.,Nenhum problema
FB2415,AT2624,22/02/2025,SOC101,6,Espera prolongada para triagem no hospital.,Demora no atendimento
FB2416,AT3471,03/04/2025,SOC280,8,Ótima triagem e encaminhamento adequado.,Nenhum problema
FB2417,AT5126,13/10/2025,SOC034,8,Atendimento rápido e equipe bem preparada.,Nenhum problema
FB2418,AT0219,25/07/2026,SOC272,2,Falha no repasse de dados entre equipes.,Falha de comunicação
FB2419,AT4350,03/07/2025,SOC206,5,Houve espera moderada no hospital.,Demora no atendimento
FB2420,AT4971,20/09/2025,SOC055,8,Tempo de resposta foi satisfatório.,Nenhum problema
FB2421,AT4559,04/08/2025,SOC275,10,Tempo de resposta foi satisfatório.,Nenhum problema
FB2422,AT2349,05/01/2025,SOC299,10,Procedimento realizado de forma segura.,Nenhum problema
FB2423,AT2452,28/01/2025,SOC063,9,"Atendimento tranquilo, sem intercorrências.",Nenhum problema
FB2424,AT1387,01/12/2024,SOC204,10,Suporte adequado durante todo o atendimento.,Nenhum problema
FB2425,AT1974,02/01/2025,SOC155,9,Ótima triagem e encaminhamento adequado.,Nenhum problema
FB2426,AT5643,13/12/2025,SOC156,4,Espera prolongada para triagem no hospital.,Demora no atendimento
FB2427,AT6349,13/03/2026,SOC280,10,Equipe preparada para situação crítica.,Nenhum problema
FB2428,AT1658,29/12/2024,SOC234,6,Equipamento necessário não estava disponível.,Falta de equipamento
FB2429,AT3904,16/05/2025,SOC187,4,Equipamento necessário não estava disponível.,Falta de equipamento
FB2430,AT7488,20/07/2026,SOC156,4,Endereço informado estava impreciso.,Falha de comunicação
FB2431,AT7157,06/06/2026,SOC162,3,Endereço informado estava impreciso.,Falha de comunicação
FB2432,AT4897,05/10/2025,SOC234,8,Resposta rápida e comunicação clara.,Nenhum problema
FB2433,AT5260,11/10/2025,SOC284,6,Faltou equipamento durante o atendimento.,Falta de equipamento
FB2434,AT0572,04/04/2025,SOC294,8,Comunicação entre socorristas foi boa.,Nenhum problema
FB2435,AT1955,03/12/2024,SOC111,7,Resposta rápida e comunicação clara.,Nenhum problema
FB2436,AT7708,29/08/2026,SOC057,2,Paciente sofreu morte acidental no local.,Morte acidental
FB2437,AT1083,27/09/2024,SOC266,10,Encaminhamento hospitalar foi eficiente.,Nenhum problema
FB2438,AT3064,01/04/2025,SOC112,7,Excelente coordenação entre viatura e hospital.,Nenhum problema
FB2439,AT0883,27/12/2025,SOC054,10,Atendimento rápido e equipe bem preparada.,Nenhum problema
FB2440,AT4674,23/08/2025,SOC090,4,Espera prolongada para triagem no hospital.,Demora no atendimento
FB2441,AT3836,14/05/2025,SOC164,4,Falha no repasse de dados entre equipes.,Falha de comunicação
FB2442,AT0917,21/03/2026,SOC297,8,Equipe demonstrou excelente preparo.,Nenhum problema
FB2443,AT2569,17/02/2025,SOC281,5,Fila no pronto-socorro atrasou o atendimento.,Demora no atendimento
FB2444,AT1618,04/12/2024,SOC092,8,Comunicação entre socorristas foi boa.,Nenhum problema
FB2445,AT4484,28/07/2025,SOC173,9,Comunicação entre socorristas foi boa.,Nenhum problema
FB2446,AT5909,12/01/2026,SOC103,8,Atendimento excelente do início ao fim.,Nenhum problema
FB2447,AT7814,25/08/2026,SOC105,5,Houve dificuldade de comunicação com o hospital.,Falha de comunicação
FB2448,AT3094,09/03/2025,SOC031,2,Endereço informado estava impreciso.,Falha de comunicação
FB2449,AT5874,25/01/2026,SOC274,10,Boa integração entre as equipes.,Nenhum problema
FB2450,AT3676,24/05/2025,SOC144,7,Ótima triagem e encaminhamento adequado.,Nenhum problema
FB2451,AT4039,24/06/2025,SOC162,1,Óbito constatado apesar dos esforços da equipe.,Morte acidental
FB2452,AT7287,06/06/2026,SOC273,10,Comunicação entre socorristas foi boa.,Nenhum problema
FB2453,AT2848,01/04/2025,SOC035,10,Ótima triagem e encaminhamento adequado.,Nenhum problema
FB2454,AT2243,25/01/2025,SOC090,7,Ótima triagem e encaminhamento adequado.,Nenhum problema
FB2455,AT3498,16/04/2025,SOC204,8,Paciente estabilizado rapidamente pela equipe.,Nenhum problema
FB2456,AT1615,13/11/2024,SOC216,8,"Atendimento tranquilo, sem intercorrências.",Nenhum problema
FB2457,AT7996,20/08/2026,SOC013,4,Informações do chamado estavam incompletas.,Falha de comunicação
FB2458,AT7951,24/08/2026,SOC260,1,Óbito constatado apesar dos esforços da equipe.,Morte acidental
FB2459,AT7475,09/07/2026,SOC079,9,Equipe demonstrou grande eficiência.,Nenhum problema
FB2460,AT5924,13/01/2026,SOC114,2,Paciente não resistiu aos ferimentos.,Morte acidental
FB2461,AT1463,13/11/2024,SOC156,8,Comunicação entre socorristas foi boa.,Nenhum problema
FB2462,AT3900,03/05/2025,SOC140,5,Kit de emergência incompleto na viatura.,Falta de equipamento
FB2463,AT0472,18/11/2024,SOC202,10,Bom trabalho em equipe durante o socorro.,Nenhum problema
FB2464,AT6292,01/04/2026,SOC264,7,Equipe demonstrou excelente preparo.,Nenhum problema
FB2465,AT1612,12/11/2024,SOC143,10,Equipe ágil e excelente suporte hospitalar.,Nenhum problema
FB2466,AT2886,06/03/2025,SOC191,6,Houve pequena demora para localizar o hospital.,Demora no atendimento
FB2467,AT0960,03/06/2026,SOC102,4,Kit de emergência incompleto na viatura.,Falta de equipamento
FB2468,AT5831,01/01/2026,SOC067,7,Atendimento organizado e seguro.,Nenhum problema
FB2469,AT3396,02/05/2025,SOC119,10,Ocorrência conduzida com muita competência.,Nenhum problema
FB2470,AT7980,30/08/2026,SOC183,10,Equipe cordial e atenciosa com o paciente.,Nenhum problema
FB2471,AT6445,27/03/2026,SOC111,8,Equipe demonstrou excelente preparo.,Nenhum problema
FB2472,AT0338,15/05/2026,SOC213,1,Óbito constatado apesar dos esforços da equipe.,Morte acidental
FB2473,AT2884,26/03/2025,SOC096,8,Bom trabalho em equipe durante o socorro.,Nenhum problema
FB2474,AT6912,23/05/2026,SOC088,8,Atendimento excelente do início ao fim.,Nenhum problema
FB2475,AT0420,08/10/2024,SOC218,10,Bom trabalho em equipe durante o socorro.,Nenhum problema
FB2476,AT4700,27/08/2025,SOC009,7,Houve espera moderada no hospital.,Demora no atendimento
FB2477,AT4458,16/07/2025,SOC202,7,Fila no pronto-socorro atrasou o atendimento.,Demora no atendimento
FB2478,AT7088,25/06/2026,SOC168,6,Falta de insumo básico dificultou o procedimento.,Falta de equipamento
FB2479,AT1576,24/11/2024,SOC262,10,Boa integração entre as equipes.,Nenhum problema
FB2480,AT2655,14/02/2025,SOC133,2,Informações do chamado estavam incompletas.,Falha de comunicação
FB2481,AT7614,15/08/2026,SOC029,7,Atendimento ocorreu sem complicações.,Nenhum problema
FB2482,AT0875,07/11/2025,SOC102,9,Ocorrência conduzida com muita competência.,Nenhum problema
FB2483,AT7037,14/06/2026,SOC098,9,Atendimento excelente do início ao fim.,Nenhum problema
FB2484,AT2943,19/03/2025,SOC148,9,Atendimento excelente do início ao fim.,Nenhum problema
FB2485,AT4155,27/06/2025,SOC297,9,Equipe atuou rapidamente no local.,Nenhum problema
FB2486,AT0942,09/05/2026,SOC219,7,Procedimento padrão seguido corretamente.,Nenhum problema
FB2487,AT0404,14/09/2024,SOC248,6,Equipamento necessário não estava disponível.,Falta de equipamento
FB2488,AT2516,13/01/2025,SOC052,3,Endereço informado estava impreciso.,Falha de comunicação
FB2489,AT2188,24/01/2025,SOC271,9,Suporte adequado durante todo o atendimento.,Nenhum problema
FB2490,AT7025,22/06/2026,SOC080,7,Ótima triagem e encaminhamento adequado.,Nenhum problema
FB2491,AT0530,20/02/2025,SOC297,8,Atendimento organizado e seguro.,Nenhum problema
FB2492,AT3753,30/05/2025,SOC267,8,Equipe atuou rapidamente no local.,Nenhum problema
FB2493,AT2046,01/01/2025,SOC250,2,Gravidade do caso impossibilitou reanimação.,Morte acidental
FB2494,AT5463,07/11/2025,SOC100,5,Trânsito prejudicou o tempo de chegada.,Demora no atendimento
FB2495,AT4206,19/07/2025,SOC037,5,Trânsito prejudicou o tempo de chegada.,Demora no atendimento
FB2496,AT5608,24/12/2025,SOC047,10,Equipe ágil e excelente suporte hospitalar.,Nenhum problema
FB2497,AT6383,25/03/2026,SOC107,9,Equipe demonstrou excelente preparo.,Nenhum problema
FB2498,AT7480,31/07/2026,SOC171,7,Ótima triagem e encaminhamento adequado.,Nenhum problema
FB2499,AT4077,09/06/2025,SOC133,10,Excelente coordenação entre viatura e hospital.,Nenhum problema
FB2500,AT4506,24/07/2025,SOC009,9,Chegada rápida evitou agravamento do quadro.,Nenhum problema
FB2501,AT2093,21/01/2025,SOC021,1,Paciente sofreu morte acidental no local.,Morte acidental
FB2502,AT2239,18/01/2025,SOC272,9,Suporte adequado durante todo o atendimento.,Nenhum problema
FB2503,AT7513,09/07/2026,SOC052,1,Paciente não resistiu aos ferimentos.,Morte acidental
FB2504,AT2560,08/02/2025,SOC129,5,Kit de emergência incompleto na viatura.,Falta de equipamento
FB2505,AT6076,27/02/2026,SOC057,9,Atendimento excelente do início ao fim.,Nenhum problema
FB2506,AT1166,01/09/2024,SOC202,8,Equipe demonstrou grande eficiência.,Nenhum problema
FB2507,AT2375,16/01/2025,SOC031,7,Encaminhamento hospitalar foi eficiente.,Nenhum problema
FB2508,AT4620,02/08/2025,SOC213,1,Óbito constatado apesar dos esforços da equipe.,Morte acidental
FB2509,AT3594,02/04/2025,SOC169,8,Equipe cordial e atenciosa com o paciente.,Nenhum problema
FB2510,AT6535,08/04/2026,SOC286,10,Equipe demonstrou excelente preparo.,Nenhum problema
FB2511,AT7804,28/08/2026,SOC020,1,Paciente sofreu morte acidental no local.,Morte acidental
FB2512,AT2941,20/03/2025,SOC047,7,Equipe demonstrou excelente preparo.,Nenhum problema
FB2513,AT2313,10/01/2025,SOC090,4,Comunicação com a central apresentou ruído.,Falha de comunicação
FB2514,AT7386,18/07/2026,SOC196,4,Ambulância sem parte do material necessário.,Falta de equipamento
FB2515,AT4864,24/09/2025,SOC104,9,Bom trabalho em equipe durante o socorro.,Nenhum problema
FB2516,AT4334,05/07/2025,SOC240,8,Equipe demonstrou grande eficiência.,Nenhum problema
FB2517,AT2878,15/03/2025,SOC055,9,Equipe cordial e atenciosa com o paciente.,Nenhum problema
FB2518,AT0239,17/06/2026,SOC178,7,Procedimento ocorreu conforme planejado.,Nenhum problema
FB2519,AT5032,24/09/2025,SOC196,9,Ocorrência conduzida com muita competência.,Nenhum problema
FB2520,AT1098,29/09/2024,SOC278,7,Encaminhamento hospitalar foi eficiente.,Nenhum problema
FB2521,AT4496,21/07/2025,SOC166,5,Falta de insumo básico dificultou o procedimento.,Falta de equipamento
FB2522,AT2415,17/01/2025,SOC232,7,Excelente coordenação entre viatura e hospital.,Nenhum problema
FB2523,AT7649,18/08/2026,SOC286,7,Procedimento padrão seguido corretamente.,Nenhum problema
FB2524,AT4471,14/07/2025,SOC067,2,Paciente sofreu morte acidental no local.,Morte acidental
FB2525,AT0635,11/05/2025,SOC046,8,Equipe demonstrou excelente preparo.,Nenhum problema
FB2526,AT4003,12/06/2025,SOC033,10,Equipe demonstrou grande eficiência.,Nenhum problema
FB2527,AT3378,12/04/2025,SOC212,10,Procedimento realizado de forma segura.,Nenhum problema
FB2528,AT4070,27/06/2025,SOC131,7,"Atendimento tranquilo, sem intercorrências.",Nenhum problema
FB2529,AT3575,26/04/2025,SOC048,8,Encaminhamento hospitalar foi eficiente.,Nenhum problema
FB2530,AT2116,14/01/2025,SOC098,9,Equipe ágil e excelente suporte hospitalar.,Nenhum problema
FB2531,AT3201,18/03/2025,SOC250,1,Paciente não resistiu aos ferimentos.,Morte acidental
FB2532,AT0578,08/03/2025,SOC108,4,Espera prolongada para triagem no hospital.,Demora no atendimento
FB2533,AT3400,07/04/2025,SOC022,5,Endereço informado estava impreciso.,Falha de comunicação
FB2534,AT3263,13/03/2025,SOC085,2,Gravidade do caso impossibilitou reanimação.,Morte acidental
FB2535,AT5260,08/10/2025,SOC245,4,Falha no repasse de dados entre equipes.,Falha de comunicação
FB2536,AT2889,11/03/2025,SOC184,6,Falta de insumo básico dificultou o procedimento.,Falta de equipamento
FB2537,AT5838,01/01/2026,SOC106,10,Atendimento organizado e seguro.,Nenhum problema
FB2538,AT1933,12/12/2024,SOC034,6,Falta de insumo básico dificultou o procedimento.,Falta de equipamento
FB2539,AT2731,16/02/2025,SOC259,1,Gravidade do caso impossibilitou reanimação.,Morte acidental
FB2540,AT2288,03/01/2025,SOC227,1,Gravidade do caso impossibilitou reanimação.,Morte acidental
FB2541,AT2926,25/03/2025,SOC052,5,Demora na regulação do leito hospitalar.,Demora no atendimento
FB2542,AT7689,15/08/2026,SOC116,10,Equipe demonstrou excelente preparo.,Nenhum problema
FB2543,AT4718,17/08/2025,SOC018,6,Faltou equipamento durante o atendimento.,Falta de equipamento
FB2544,AT1349,19/10/2024,SOC266,9,Ótima triagem e encaminhamento adequado.,Nenhum problema
FB2545,AT2677,08/02/2025,SOC224,5,Houve espera moderada no hospital.,Demora no atendimento
FB2546,AT4431,11/07/2025,SOC177,4,Equipamento necessário não estava disponível.,Falta de equipamento
FB2547,AT1154,11/09/2024,SOC108,5,Endereço informado estava impreciso.,Falha de comunicação
FB2548,AT0944,30/05/2026,SOC089,9,Ótima triagem e encaminhamento adequado.,Nenhum problema
FB2549,AT3905,06/05/2025,SOC015,2,Houve dificuldade de comunicação com o hospital.,Falha de comunicação
FB2550,AT7237,10/06/2026,SOC286,9,Equipe cordial e atenciosa com o paciente.,Nenhum problema
FB2551,AT1587,08/11/2024,SOC279,7,Bom trabalho em equipe durante o socorro.,Nenhum problema
FB2552,AT3043,26/03/2025,SOC082,9,Procedimento ocorreu conforme planejado.,Nenhum problema
FB2553,AT6695,25/04/2026,SOC256,4,Endereço informado estava impreciso.,Falha de comunicação
FB2554,AT4671,19/08/2025,SOC196,9,Ocorrência conduzida com muita competência.,Nenhum problema
FB2555,AT3081,29/03/2025,SOC285,10,Equipe atuou rapidamente no local.,Nenhum problema
FB2556,AT2140,07/01/2025,SOC050,10,Atendimento rápido e equipe bem preparada.,Nenhum problema
FB2557,AT0199,20/05/2026,SOC106,10,Resposta rápida e comunicação clara.,Nenhum problema
FB2558,AT7868,31/08/2026,SOC087,3,Fila no pronto-socorro atrasou o atendimento.,Demora no atendimento
FB2559,AT1235,24/10/2024,SOC133,7,Tempo de deslocamento acima do esperado.,Demora no atendimento
FB2560,AT7478,23/07/2026,SOC251,10,Encaminhamento hospitalar foi eficiente.,Nenhum problema
FB2561,AT6325,20/03/2026,SOC295,3,Falha no repasse de dados entre equipes.,Falha de comunicação
FB2562,AT5110,19/10/2025,SOC247,10,Procedimento realizado de forma segura.,Nenhum problema
FB2563,AT2498,09/01/2025,SOC093,7,Equipe ágil e excelente suporte hospitalar.,Nenhum problema
FB2564,AT4244,25/07/2025,SOC124,3,Houve pequena demora para localizar o hospital.,Demora no atendimento
FB2565,AT3896,18/05/2025,SOC023,4,Falta de insumo básico dificultou o procedimento.,Falta de equipamento
FB2566,AT4212,15/07/2025,SOC194,3,Fila no pronto-socorro atrasou o atendimento.,Demora no atendimento
FB2567,AT5946,22/01/2026,SOC130,8,Atendimento organizado e seguro.,Nenhum problema
FB2568,AT7268,25/06/2026,SOC020,7,Trânsito prejudicou o tempo de chegada.,Demora no atendimento
FB2569,AT0271,15/03/2026,SOC079,4,Trânsito prejudicou o tempo de chegada.,Demora no atendimento
FB2570,AT4323,13/07/2025,SOC014,7,Procedimento padrão seguido corretamente.,Nenhum problema
FB2571,AT1352,11/10/2024,SOC040,4,Ambulância sem parte do material necessário.,Falta de equipamento
FB2572,AT3569,18/04/2025,SOC145,9,Atendimento excelente do início ao fim.,Nenhum problema
FB2573,AT5598,31/12/2025,SOC261,2,Comunicação com a central apresentou ruído.,Falha de comunicação
FB2574,AT6284,02/03/2026,SOC032,9,Equipe demonstrou excelente preparo.,Nenhum problema
FB2575,AT2859,07/03/2025,SOC029,10,Equipe demonstrou grande eficiência.,Nenhum problema
FB2576,AT1105,29/09/2024,SOC109,7,Houve espera moderada no hospital.,Demora no atendimento
FB2577,AT6031,03/03/2026,SOC268,7,Procedimento padrão seguido corretamente.,Nenhum problema
FB2578,AT2820,19/02/2025,SOC160,9,"Atendimento tranquilo, sem intercorrências.",Nenhum problema
FB2579,AT1672,25/12/2024,SOC202,10,Equipe ágil e excelente suporte hospitalar.,Nenhum problema
FB2580,AT3276,14/04/2025,SOC243,9,Atendimento organizado e seguro.,Nenhum problema
FB2581,AT1787,17/12/2024,SOC063,2,Paciente não resistiu aos ferimentos.,Morte acidental
FB2582,AT6733,05/05/2026,SOC003,10,Tempo de resposta foi satisfatório.,Nenhum problema
FB2583,AT7260,05/06/2026,SOC065,10,Atendimento rápido e organizado.,Nenhum problema
FB2584,AT3300,11/04/2025,SOC159,8,Tempo de resposta foi satisfatório.,Nenhum problema
FB2585,AT1964,08/12/2024,SOC185,8,Atendimento rápido e organizado.,Nenhum problema
FB2586,AT7272,03/06/2026,SOC034,2,Falha no repasse de dados entre equipes.,Falha de comunicação
FB2587,AT1574,16/11/2024,SOC250,9,Ótima triagem e encaminhamento adequado.,Nenhum problema
FB2588,AT3993,15/06/2025,SOC263,3,Informações do chamado estavam incompletas.,Falha de comunicação
FB2589,AT3881,24/05/2025,SOC095,8,Paciente estabilizado rapidamente pela equipe.,Nenhum problema
FB2590,AT4311,15/07/2025,SOC127,9,Paciente estabilizado rapidamente pela equipe.,Nenhum problema
FB2591,AT6418,20/03/2026,SOC005,8,Atendimento excelente do início ao fim.,Nenhum problema
FB2592,AT7631,31/08/2026,SOC040,8,Boa integração entre as equipes.,Nenhum problema
FB2593,AT5993,24/01/2026,SOC088,7,Equipe atuou rapidamente no local.,Nenhum problema
FB2594,AT7418,27/07/2026,SOC096,10,Equipe ágil e excelente suporte hospitalar.,Nenhum problema
FB2595,AT1451,24/11/2024,SOC117,9,Atendimento rápido e organizado.,Nenhum problema
FB2596,AT6005,13/01/2026,SOC186,2,Comunicação com a central apresentou ruído.,Falha de comunicação
FB2597,AT1547,18/11/2024,SOC063,9,Chegada rápida evitou agravamento do quadro.,Nenhum problema
FB2598,AT4169,18/06/2025,SOC006,8,Atendimento organizado e seguro.,Nenhum problema
FB2599,AT7059,14/06/2026,SOC248,7,Procedimento padrão seguido corretamente.,Nenhum problema
FB2600,AT4698,31/08/2025,SOC297,5,Ambulância sem parte do material necessário.,Falta de equipamento
FB2601,AT3253,09/03/2025,SOC048,4,Falta de insumo básico dificultou o procedimento.,Falta de equipamento
FB2602,AT1797,19/12/2024,SOC294,9,Bom trabalho em equipe durante o socorro.,Nenhum problema
FB2603,AT2826,14/02/2025,SOC010,6,Kit de emergência incompleto na viatura.,Falta de equipamento
FB2604,AT7357,06/06/2026,SOC131,2,Comunicação com a central apresentou ruído.,Falha de comunicação
FB2605,AT3393,08/04/2025,SOC199,5,Equipamento necessário não estava disponível.,Falta de equipamento
FB2606,AT7005,08/05/2026,SOC044,6,Ambulância sem parte do material necessário.,Falta de equipamento
FB2607,AT5537,08/11/2025,SOC076,7,Equipe demonstrou excelente preparo.,Nenhum problema
FB2608,AT4917,29/09/2025,SOC270,5,Equipamento necessário não estava disponível.,Falta de equipamento
FB2609,AT1664,22/12/2024,SOC104,8,Paciente estabilizado rapidamente pela equipe.,Nenhum problema
FB2610,AT6109,28/02/2026,SOC042,6,Faltou equipamento durante o atendimento.,Falta de equipamento
FB2611,AT3500,08/04/2025,SOC131,10,Suporte adequado durante todo o atendimento.,Nenhum problema
FB2612,AT4894,09/09/2025,SOC201,2,Endereço informado estava impreciso.,Falha de comunicação
FB2613,AT7824,09/08/2026,SOC238,8,Comunicação entre socorristas foi boa.,Nenhum problema
FB2614,AT4099,03/06/2025,SOC196,2,Paciente não resistiu aos ferimentos.,Morte acidental
FB2615,AT3389,26/04/2025,SOC240,10,Atendimento organizado e seguro.,Nenhum problema
FB2616,AT6195,12/03/2026,SOC106,8,Resposta rápida e comunicação clara.,Nenhum problema
FB2617,AT1444,13/11/2024,SOC020,5,Demora na regulação do leito hospitalar.,Demora no atendimento
FB2618,AT3134,06/03/2025,SOC201,1,Gravidade do caso impossibilitou reanimação.,Morte acidental
FB2619,AT4291,09/07/2025,SOC131,8,Equipe preparada para situação crítica.,Nenhum problema
FB2620,AT6365,27/03/2026,SOC238,8,Atendimento organizado e seguro.,Nenhum problema
FB2621,AT5125,16/10/2025,SOC039,4,Endereço informado estava impreciso.,Falha de comunicação
FB2622,AT2657,15/02/2025,SOC065,6,Ambulância sem parte do material necessário.,Falta de equipamento
FB2623,AT3981,22/06/2025,SOC007,4,Faltou equipamento durante o atendimento.,Falta de equipamento
FB2624,AT2861,04/03/2025,SOC208,2,Houve dificuldade de comunicação com o hospital.,Falha de comunicação
FB2625,AT2360,12/01/2025,SOC224,2,Gravidade do caso impossibilitou reanimação.,Morte acidental
FB2626,AT7320,29/06/2026,SOC057,8,Atendimento rápido e organizado.,Nenhum problema
FB2627,AT6135,11/02/2026,SOC164,4,Endereço informado estava impreciso.,Falha de comunicação
FB2628,AT1650,05/12/2024,SOC072,8,Excelente coordenação entre viatura e hospital.,Nenhum problema
FB2629,AT2456,01/02/2025,SOC150,10,Tempo de resposta foi satisfatório.,Nenhum problema
FB2630,AT7207,10/06/2026,SOC168,7,Trânsito prejudicou o tempo de chegada.,Demora no atendimento
FB2631,AT3616,13/05/2025,SOC184,9,Equipe ágil e excelente suporte hospitalar.,Nenhum problema
FB2632,AT1750,14/12/2024,SOC014,4,Espera prolongada para triagem no hospital.,Demora no atendimento
FB2633,AT7377,04/08/2026,SOC126,8,Suporte adequado durante todo o atendimento.,Nenhum problema
FB2634,AT5495,14/11/2025,SOC233,7,Boa integração entre as equipes.,Nenhum problema
FB2635,AT2249,30/01/2025,SOC198,7,Excelente coordenação entre viatura e hospital.,Nenhum problema
FB2636,AT7552,25/07/2026,SOC079,2,Houve dificuldade de comunicação com o hospital.,Falha de comunicação
FB2637,AT2080,06/12/2024,SOC007,6,Fila no pronto-socorro atrasou o atendimento.,Demora no atendimento
FB2638,AT5992,19/01/2026,SOC105,9,Procedimento ocorreu conforme planejado.,Nenhum problema
FB2639,AT5740,08/12/2025,SOC174,2,Paciente sofreu morte acidental no local.,Morte acidental
FB2640,AT6042,05/02/2026,SOC297,9,Suporte adequado durante todo o atendimento.,Nenhum problema
FB2641,AT0749,13/08/2025,SOC033,3,Falha no repasse de dados entre equipes.,Falha de comunicação
FB2642,AT7461,19/07/2026,SOC288,1,Óbito constatado apesar dos esforços da equipe.,Morte acidental
FB2643,AT5271,08/10/2025,SOC022,10,Atendimento ocorreu sem complicações.,Nenhum problema
FB2644,AT3905,03/05/2025,SOC044,8,Excelente coordenação entre viatura e hospital.,Nenhum problema
FB2645,AT2952,21/03/2025,SOC059,8,Equipe demonstrou grande eficiência.,Nenhum problema
FB2646,AT1763,04/01/2025,SOC299,4,Kit de emergência incompleto na viatura.,Falta de equipamento
FB2647,AT2331,24/01/2025,SOC159,9,Procedimento realizado de forma segura.,Nenhum problema
FB2648,AT1667,02/01/2025,SOC189,4,Endereço informado estava impreciso.,Falha de comunicação
FB2649,AT5325,29/10/2025,SOC096,6,Faltou equipamento durante o atendimento.,Falta de equipamento
FB2650,AT0639,17/05/2025,SOC242,8,Atendimento ocorreu sem complicações.,Nenhum problema
FB2651,AT6461,01/04/2026,SOC230,8,Comunicação entre socorristas foi boa.,Nenhum problema
FB2652,AT5793,21/12/2025,SOC118,9,Atendimento organizado e seguro.,Nenhum problema
FB2653,AT5815,21/12/2025,SOC150,9,Suporte adequado durante todo o atendimento.,Nenhum problema
FB2654,AT0227,19/08/2026,SOC204,9,Equipe cordial e atenciosa com o paciente.,Nenhum problema
FB2655,AT6420,04/03/2026,SOC032,8,Procedimento padrão seguido corretamente.,Nenhum problema
FB2656,AT4082,25/06/2025,SOC200,10,Procedimento ocorreu conforme planejado.,Nenhum problema
FB2657,AT2448,12/01/2025,SOC050,4,Informações do chamado estavam incompletas.,Falha de comunicação
FB2658,AT6269,27/03/2026,SOC097,8,Tempo de resposta foi satisfatório.,Nenhum problema
FB2659,AT3485,27/04/2025,SOC038,5,Falta de insumo básico dificultou o procedimento.,Falta de equipamento
FB2660,AT1458,06/11/2024,SOC010,9,Chegada rápida evitou agravamento do quadro.,Nenhum problema
FB2661,AT3318,02/04/2025,SOC033,7,Paciente estabilizado rapidamente pela equipe.,Nenhum problema
FB2662,AT6836,25/05/2026,SOC030,7,Equipe atuou rapidamente no local.,Nenhum problema
FB2663,AT3551,03/04/2025,SOC152,8,Equipe ágil e excelente suporte hospitalar.,Nenhum problema
FB2664,AT4495,23/07/2025,SOC272,10,Ocorrência conduzida com muita competência.,Nenhum problema
FB2665,AT7245,23/06/2026,SOC129,5,Endereço informado estava impreciso.,Falha de comunicação
FB2666,AT4966,30/09/2025,SOC273,4,Informações do chamado estavam incompletas.,Falha de comunicação
FB2667,AT4768,28/08/2025,SOC001,9,Bom trabalho em equipe durante o socorro.,Nenhum problema
FB2668,AT7272,04/06/2026,SOC292,3,Informações do chamado estavam incompletas.,Falha de comunicação
FB2669,AT0840,11/11/2025,SOC222,8,"Atendimento tranquilo, sem intercorrências.",Nenhum problema
FB2670,AT6081,20/02/2026,SOC125,4,Demora para liberar leito hospitalar.,Demora no atendimento
FB2671,AT2009,21/12/2024,SOC268,3,Ocorrência apresentou atraso significativo.,Demora no atendimento
FB2672,AT3825,10/05/2025,SOC038,7,Comunicação eficiente durante a ocorrência.,Nenhum problema
FB2673,AT3262,21/03/2025,SOC272,8,Encaminhamento hospitalar foi eficiente.,Nenhum problema
FB2674,AT3633,08/05/2025,SOC237,10,Atendimento rápido e equipe bem preparada.,Nenhum problema
FB2675,AT1038,19/09/2024,SOC229,3,Fila no pronto-socorro atrasou o atendimento.,Demora no atendimento
FB2676,AT6622,19/04/2026,SOC039,8,Bom trabalho em equipe durante o socorro.,Nenhum problema
FB2677,AT6774,05/05/2026,SOC272,8,Excelente coordenação entre viatura e hospital.,Nenhum problema
FB2678,AT0388,25/01/2026,SOC175,9,Atendimento ocorreu sem complicações.,Nenhum problema
FB2679,AT3768,30/05/2025,SOC041,8,Atendimento organizado e seguro.,Nenhum problema
FB2680,AT4124,02/07/2025,SOC241,8,Atendimento excelente do início ao fim.,Nenhum problema
FB2681,AT7951,22/08/2026,SOC266,4,Kit de emergência incompleto na viatura.,Falta de equipamento
FB2682,AT3408,24/04/2025,SOC017,7,Equipe cordial e atenciosa com o paciente.,Nenhum problema
FB2683,AT3920,27/05/2025,SOC226,10,Ocorrência conduzida com muita competência.,Nenhum problema
FB2684,AT4504,09/07/2025,SOC123,9,Atendimento excelente do início ao fim.,Nenhum problema
FB2685,AT7276,05/06/2026,SOC033,2,Gravidade do caso impossibilitou reanimação.,Morte acidental
FB2686,AT1022,14/09/2024,SOC290,4,Ambulância sem parte do material necessário.,Falta de equipamento
FB2687,AT4628,25/07/2025,SOC118,5,Demora na regulação do leito hospitalar.,Demora no atendimento
FB2688,AT6274,15/03/2026,SOC236,4,Ocorrência apresentou atraso significativo.,Demora no atendimento
FB2689,AT3156,26/03/2025,SOC048,10,Comunicação eficiente durante a ocorrência.,Nenhum problema
FB2690,AT4950,25/09/2025,SOC253,4,Faltou equipamento durante o atendimento.,Falta de equipamento
FB2691,AT6074,25/02/2026,SOC269,5,Equipamento necessário não estava disponível.,Falta de equipamento
FB2692,AT2897,25/03/2025,SOC008,9,Boa integração entre as equipes.,Nenhum problema
FB2693,AT6700,18/04/2026,SOC256,7,Equipe ágil e excelente suporte hospitalar.,Nenhum problema
FB2694,AT0256,19/07/2026,SOC220,6,Ambulância sem parte do material necessário.,Falta de equipamento
FB2695,AT5523,15/11/2025,SOC175,5,Faltou equipamento durante o atendimento.,Falta de equipamento
FB2696,AT4175,17/06/2025,SOC291,8,Tempo de resposta foi satisfatório.,Nenhum problema
FB2697,AT5778,28/12/2025,SOC036,3,Comunicação com a central apresentou ruído.,Falha de comunicação
FB2698,AT3910,11/05/2025,SOC187,10,Atendimento rápido e equipe bem preparada.,Nenhum problema
FB2699,AT7561,22/07/2026,SOC084,10,Equipe demonstrou grande eficiência.,Nenhum problema
FB2700,AT6617,27/04/2026,SOC214,4,Houve pequena demora para localizar o hospital.,Demora no atendimento
FB2701,AT7150,14/06/2026,SOC223,8,Encaminhamento hospitalar foi eficiente.,Nenhum problema
FB2702,AT2431,29/01/2025,SOC175,9,Ótima triagem e encaminhamento adequado.,Nenhum problema
FB2703,AT0726,14/07/2025,SOC072,5,Fila no pronto-socorro atrasou o atendimento.,Demora no atendimento
FB2704,AT1175,10/09/2024,SOC077,6,Falta de insumo básico dificultou o procedimento.,Falta de equipamento
FB2705,AT4366,28/07/2025,SOC123,9,Resposta rápida e comunicação clara.,Nenhum problema
FB2706,AT7126,29/06/2026,SOC212,9,Comunicação entre socorristas foi boa.,Nenhum problema
FB2707,AT6964,21/05/2026,SOC103,10,Equipe demonstrou grande eficiência.,Nenhum problema
FB2708,AT0825,31/10/2025,SOC092,5,Houve pequena demora para localizar o hospital.,Demora no atendimento
FB2709,AT0917,17/03/2026,SOC169,8,Procedimento padrão seguido corretamente.,Nenhum problema
FB2710,AT3183,25/03/2025,SOC207,7,Comunicação entre socorristas foi boa.,Nenhum problema
FB2711,AT5528,24/11/2025,SOC133,8,Equipe cordial e atenciosa com o paciente.,Nenhum problema
FB2712,AT7816,19/08/2026,SOC170,8,Chegada rápida evitou agravamento do quadro.,Nenhum problema
FB2713,AT5579,31/12/2025,SOC108,8,"Atendimento tranquilo, sem intercorrências.",Nenhum problema
FB2714,AT4505,26/07/2025,SOC104,10,Excelente coordenação entre viatura e hospital.,Nenhum problema
FB2715,AT2421,11/01/2025,SOC147,10,Boa integração entre as equipes.,Nenhum problema
FB2716,AT7614,20/08/2026,SOC074,7,Atendimento organizado e seguro.,Nenhum problema
FB2717,AT6023,18/02/2026,SOC245,9,Atendimento rápido e organizado.,Nenhum problema
FB2718,AT3170,20/03/2025,SOC062,10,Comunicação eficiente durante a ocorrência.,Nenhum problema
FB2719,AT4839,19/08/2025,SOC117,10,Tempo de resposta foi satisfatório.,Nenhum problema
FB2720,AT5610,06/12/2025,SOC262,9,Procedimento ocorreu conforme planejado.,Nenhum problema
FB2721,AT4229,08/07/2025,SOC139,9,Procedimento ocorreu conforme planejado.,Nenhum problema
FB2722,AT7283,05/07/2026,SOC287,4,Ambulância sem parte do material necessário.,Falta de equipamento
FB2723,AT4023,01/07/2025,SOC272,5,Comunicação com a central apresentou ruído.,Falha de comunicação
FB2724,AT6676,15/04/2026,SOC144,7,Atendimento rápido e organizado.,Nenhum problema
FB2725,AT3225,31/03/2025,SOC205,8,Atendimento rápido e equipe bem preparada.,Nenhum problema
FB2726,AT5372,05/11/2025,SOC056,1,Gravidade do caso impossibilitou reanimação.,Morte acidental
FB2727,AT7894,18/08/2026,SOC281,10,Comunicação entre socorristas foi boa.,Nenhum problema
FB2728,AT2982,27/03/2025,SOC141,10,Procedimento ocorreu conforme planejado.,Nenhum problema
FB2729,AT1700,11/12/2024,SOC137,7,Ocorrência conduzida com muita competência.,Nenhum problema
FB2730,AT5541,03/12/2025,SOC195,5,Demora na regulação do leito hospitalar.,Demora no atendimento
FB2731,AT1384,27/11/2024,SOC018,3,Houve pequena demora para localizar o hospital.,Demora no atendimento
FB2732,AT7885,27/08/2026,SOC138,10,"Atendimento tranquilo, sem intercorrências.",Nenhum problema
FB2733,AT1369,07/11/2024,SOC259,5,Informações do chamado estavam incompletas.,Falha de comunicação
FB2734,AT2772,05/02/2025,SOC122,7,Demora para liberar leito hospitalar.,Demora no atendimento
FB2735,AT6994,16/05/2026,SOC124,4,Faltou equipamento durante o atendimento.,Falta de equipamento
FB2736,AT0328,15/04/2026,SOC215,10,Procedimento ocorreu conforme planejado.,Nenhum problema
FB2737,AT7470,18/07/2026,SOC150,4,Falta de insumo básico dificultou o procedimento.,Falta de equipamento
FB2738,AT0750,15/08/2025,SOC146,4,Informações do chamado estavam incompletas.,Falha de comunicação
FB2739,AT1342,02/11/2024,SOC298,9,Boa integração entre as equipes.,Nenhum problema
FB2740,AT4763,13/08/2025,SOC048,3,Informações do chamado estavam incompletas.,Falha de comunicação
FB2741,AT5638,29/12/2025,SOC234,5,Ambulância sem parte do material necessário.,Falta de equipamento
FB2742,AT6630,25/04/2026,SOC111,5,Espera prolongada para triagem no hospital.,Demora no atendimento
FB2743,AT4503,13/07/2025,SOC288,7,Ótima triagem e encaminhamento adequado.,Nenhum problema
FB2744,AT5902,15/01/2026,SOC114,9,Paciente estabilizado rapidamente pela equipe.,Nenhum problema
FB2745,AT5981,13/01/2026,SOC149,7,"Atendimento tranquilo, sem intercorrências.",Nenhum problema
FB2746,AT5763,23/12/2025,SOC092,6,Kit de emergência incompleto na viatura.,Falta de equipamento
FB2747,AT6956,08/05/2026,SOC293,4,Ocorrência apresentou atraso significativo.,Demora no atendimento
FB2748,AT2184,04/02/2025,SOC257,8,Bom trabalho em equipe durante o socorro.,Nenhum problema
FB2749,AT7804,31/08/2026,SOC111,6,Faltou equipamento durante o atendimento.,Falta de equipamento
FB2750,AT6528,15/04/2026,SOC236,8,Equipe demonstrou excelente preparo.,Nenhum problema
FB2751,AT7869,24/08/2026,SOC084,7,Demora na regulação do leito hospitalar.,Demora no atendimento
FB2752,AT6103,15/02/2026,SOC097,9,Resposta rápida e comunicação clara.,Nenhum problema
FB2753,AT2750,24/02/2025,SOC252,10,Excelente coordenação entre viatura e hospital.,Nenhum problema
FB2754,AT1532,30/11/2024,SOC017,9,Atendimento ocorreu sem complicações.,Nenhum problema
FB2755,AT0142,27/05/2026,SOC286,10,Comunicação eficiente durante a ocorrência.,Nenhum problema
FB2756,AT1125,27/09/2024,SOC242,8,Atendimento rápido e equipe bem preparada.,Nenhum problema
FB2757,AT1015,12/09/2024,SOC289,8,Equipe cordial e atenciosa com o paciente.,Nenhum problema
FB2758,AT5167,30/10/2025,SOC273,8,Ocorrência conduzida com muita competência.,Nenhum problema
FB2759,AT1715,29/12/2024,SOC178,8,Encaminhamento hospitalar foi eficiente.,Nenhum problema
FB2760,AT0913,07/02/2026,SOC043,6,Kit de emergência incompleto na viatura.,Falta de equipamento
FB2761,AT6139,15/02/2026,SOC013,9,Encaminhamento hospitalar foi eficiente.,Nenhum problema
FB2762,AT2722,21/02/2025,SOC071,7,Procedimento ocorreu conforme planejado.,Nenhum problema
FB2763,AT1278,03/10/2024,SOC213,7,Equipe ágil e excelente suporte hospitalar.,Nenhum problema
FB2764,AT1094,11/09/2024,SOC008,5,Endereço informado estava impreciso.,Falha de comunicação
FB2765,AT4551,01/07/2025,SOC255,6,Ambulância sem parte do material necessário.,Falta de equipamento
FB2766,AT3422,23/04/2025,SOC107,7,Tempo de deslocamento acima do esperado.,Demora no atendimento
FB2767,AT3630,12/05/2025,SOC089,7,Ótima triagem e encaminhamento adequado.,Nenhum problema
FB2768,AT5164,14/10/2025,SOC197,9,Procedimento ocorreu conforme planejado.,Nenhum problema
FB2769,AT0879,31/12/2025,SOC084,1,Paciente não resistiu aos ferimentos.,Morte acidental
FB2770,AT3561,03/04/2025,SOC230,8,Equipe cordial e atenciosa com o paciente.,Nenhum problema
FB2771,AT4135,20/06/2025,SOC116,10,Atendimento ocorreu sem complicações.,Nenhum problema
FB2772,AT4353,30/07/2025,SOC235,4,Faltou equipamento durante o atendimento.,Falta de equipamento
FB2773,AT4549,17/07/2025,SOC221,2,Paciente não resistiu aos ferimentos.,Morte acidental
FB2774,AT7165,11/06/2026,SOC112,9,Boa integração entre as equipes.,Nenhum problema
FB2775,AT7589,04/07/2026,SOC070,4,Houve espera moderada no hospital.,Demora no atendimento
FB2776,AT4401,06/07/2025,SOC178,6,Houve espera moderada no hospital.,Demora no atendimento
FB2777,AT6200,20/03/2026,SOC146,8,Comunicação entre socorristas foi boa.,Nenhum problema
FB2778,AT0529,09/02/2025,SOC016,7,Bom trabalho em equipe durante o socorro.,Nenhum problema
FB2779,AT5626,03/12/2025,SOC104,8,Chegada rápida evitou agravamento do quadro.,Nenhum problema
FB2780,AT4682,05/08/2025,SOC182,10,Chegada rápida evitou agravamento do quadro.,Nenhum problema
FB2781,AT7688,22/08/2026,SOC268,10,Equipe preparada para situação crítica.,Nenhum problema
FB2782,AT2111,12/01/2025,SOC216,4,Comunicação com a central apresentou ruído.,Falha de comunicação
FB2783,AT5440,11/11/2025,SOC189,6,Faltou equipamento durante o atendimento.,Falta de equipamento
FB2784,AT6038,12/02/2026,SOC225,8,Comunicação entre socorristas foi boa.,Nenhum problema
FB2785,AT1986,10/12/2024,SOC289,2,Paciente sofreu morte acidental no local.,Morte acidental
FB2786,AT4454,07/07/2025,SOC173,9,"Atendimento tranquilo, sem intercorrências.",Nenhum problema
FB2787,AT2938,09/03/2025,SOC058,6,Kit de emergência incompleto na viatura.,Falta de equipamento
FB2788,AT3346,10/04/2025,SOC063,9,Chegada rápida evitou agravamento do quadro.,Nenhum problema
FB2789,AT1580,22/11/2024,SOC170,2,Paciente não resistiu aos ferimentos.,Morte acidental
FB2790,AT3448,09/04/2025,SOC295,10,Atendimento rápido e equipe bem preparada.,Nenhum problema
FB2791,AT3592,01/05/2025,SOC121,2,Houve dificuldade de comunicação com o hospital.,Falha de comunicação
FB2792,AT0724,06/07/2025,SOC055,3,Falha no repasse de dados entre equipes.,Falha de comunicação
FB2793,AT2501,04/01/2025,SOC206,9,Procedimento ocorreu conforme planejado.,Nenhum problema
FB2794,AT0381,16/04/2026,SOC166,10,Comunicação eficiente durante a ocorrência.,Nenhum problema
FB2795,AT2382,11/01/2025,SOC284,8,Equipe cordial e atenciosa com o paciente.,Nenhum problema
FB2796,AT5941,23/01/2026,SOC015,2,Falha no repasse de dados entre equipes.,Falha de comunicação
FB2797,AT1183,26/09/2024,SOC135,8,Procedimento realizado de forma segura.,Nenhum problema
FB2798,AT0406,09/09/2024,SOC107,7,Bom trabalho em equipe durante o socorro.,Nenhum problema
FB2799,AT3226,06/03/2025,SOC129,7,"Atendimento tranquilo, sem intercorrências.",Nenhum problema
FB2800,AT7500,01/08/2026,SOC131,4,Kit de emergência incompleto na viatura.,Falta de equipamento
FB2801,AT3103,17/03/2025,SOC144,7,Suporte adequado durante todo o atendimento.,Nenhum problema
FB2802,AT0981,22/07/2026,SOC086,9,Ótima triagem e encaminhamento adequado.,Nenhum problema
FB2803,AT2452,01/02/2025,SOC077,10,Suporte adequado durante todo o atendimento.,Nenhum problema
FB2804,AT5024,17/09/2025,SOC261,9,Equipe ágil e excelente suporte hospitalar.,Nenhum problema
FB2805,AT6298,18/03/2026,SOC222,4,Faltou equipamento durante o atendimento.,Falta de equipamento
FB2806,AT2896,27/03/2025,SOC024,8,Ótima triagem e encaminhamento adequado.,Nenhum problema
FB2807,AT4005,23/06/2025,SOC023,7,Atendimento rápido e equipe bem preparada.,Nenhum problema
FB2808,AT0826,15/10/2025,SOC280,2,Óbito constatado apesar dos esforços da equipe.,Morte acidental
FB2809,AT7462,25/07/2026,SOC140,8,Tempo de resposta foi satisfatório.,Nenhum problema
FB2810,AT3652,29/05/2025,SOC082,2,Informações do chamado estavam incompletas.,Falha de comunicação
FB2811,AT5979,13/01/2026,SOC290,9,Equipe cordial e atenciosa com o paciente.,Nenhum problema
FB2812,AT5929,18/01/2026,SOC093,9,Excelente coordenação entre viatura e hospital.,Nenhum problema
FB2813,AT4961,06/09/2025,SOC063,4,Espera prolongada para triagem no hospital.,Demora no atendimento
FB2814,AT4748,07/08/2025,SOC160,8,Equipe atuou rapidamente no local.,Nenhum problema
FB2815,AT5914,09/01/2026,SOC115,9,Equipe atuou rapidamente no local.,Nenhum problema
FB2816,AT5876,18/01/2026,SOC197,7,Comunicação entre socorristas foi boa.,Nenhum problema
FB2817,AT2473,29/01/2025,SOC217,6,Equipamento necessário não estava disponível.,Falta de equipamento
FB2818,AT2340,22/01/2025,SOC232,5,Faltou equipamento durante o atendimento.,Falta de equipamento
FB2819,AT5105,26/10/2025,SOC051,6,Trânsito prejudicou o tempo de chegada.,Demora no atendimento
FB2820,AT2824,24/02/2025,SOC075,7,Procedimento padrão seguido corretamente.,Nenhum problema
FB2821,AT4705,15/08/2025,SOC300,10,Excelente coordenação entre viatura e hospital.,Nenhum problema
FB2822,AT4914,01/10/2025,SOC103,7,"Atendimento tranquilo, sem intercorrências.",Nenhum problema
FB2823,AT6126,26/02/2026,SOC072,8,Atendimento organizado e seguro.,Nenhum problema
FB2824,AT5189,28/10/2025,SOC198,7,Atendimento rápido e equipe bem preparada.,Nenhum problema
FB2825,AT1595,13/11/2024,SOC184,7,Suporte adequado durante todo o atendimento.,Nenhum problema
FB2826,AT1463,14/11/2024,SOC268,4,Kit de emergência incompleto na viatura.,Falta de equipamento
FB2827,AT2905,13/03/2025,SOC241,10,Ocorrência conduzida com muita competência.,Nenhum problema
FB2828,AT1577,19/11/2024,SOC152,10,Encaminhamento hospitalar foi eficiente.,Nenhum problema
FB2829,AT0782,28/09/2025,SOC270,8,Chegada rápida evitou agravamento do quadro.,Nenhum problema
FB2830,AT0761,01/08/2025,SOC219,7,Encaminhamento hospitalar foi eficiente.,Nenhum problema
FB2831,AT3208,31/03/2025,SOC119,1,Gravidade do caso impossibilitou reanimação.,Morte acidental
FB2832,AT7427,05/07/2026,SOC271,9,Procedimento realizado de forma segura.,Nenhum problema
FB2833,AT7768,22/08/2026,SOC094,8,Equipe atuou rapidamente no local.,Nenhum problema
FB2834,AT1190,18/10/2024,SOC227,9,Atendimento rápido e organizado.,Nenhum problema
FB2835,AT1809,06/12/2024,SOC260,7,Procedimento ocorreu conforme planejado.,Nenhum problema
FB2836,AT2059,14/12/2024,SOC205,6,Kit de emergência incompleto na viatura.,Falta de equipamento
FB2837,AT2211,21/01/2025,SOC285,9,Chegada rápida evitou agravamento do quadro.,Nenhum problema
FB2838,AT1289,19/10/2024,SOC108,10,Equipe preparada para situação crítica.,Nenhum problema
FB2839,AT2315,20/01/2025,SOC249,8,Atendimento organizado e seguro.,Nenhum problema
FB2840,AT4913,18/09/2025,SOC121,9,Equipe atuou rapidamente no local.,Nenhum problema
FB2841,AT4829,12/08/2025,SOC275,3,Fila no pronto-socorro atrasou o atendimento.,Demora no atendimento
FB2842,AT1199,10/10/2024,SOC083,2,Gravidade do caso impossibilitou reanimação.,Morte acidental
FB2843,AT5759,09/12/2025,SOC210,8,Equipe atuou rapidamente no local.,Nenhum problema
FB2844,AT7356,19/06/2026,SOC130,9,Suporte adequado durante todo o atendimento.,Nenhum problema
FB2845,AT3486,29/04/2025,SOC115,1,Paciente não resistiu aos ferimentos.,Morte acidental
FB2846,AT2095,07/01/2025,SOC065,9,Equipe demonstrou grande eficiência.,Nenhum problema
FB2847,AT6597,11/04/2026,SOC240,3,Houve dificuldade de comunicação com o hospital.,Falha de comunicação
FB2848,AT5650,22/12/2025,SOC150,8,"Atendimento tranquilo, sem intercorrências.",Nenhum problema
FB2849,AT2160,23/01/2025,SOC084,10,Excelente coordenação entre viatura e hospital.,Nenhum problema
FB2850,AT0982,31/07/2026,SOC177,4,Equipamento necessário não estava disponível.,Falta de equipamento
FB2851,AT5533,02/12/2025,SOC299,7,Atendimento excelente do início ao fim.,Nenhum problema
FB2852,AT5986,27/01/2026,SOC205,7,Procedimento padrão seguido corretamente.,Nenhum problema
FB2853,AT1920,09/12/2024,SOC216,9,Suporte adequado durante todo o atendimento.,Nenhum problema
FB2854,AT0066,09/04/2026,SOC089,6,Falta de insumo básico dificultou o procedimento.,Falta de equipamento
FB2855,AT4437,27/07/2025,SOC250,9,Encaminhamento hospitalar foi eficiente.,Nenhum problema
FB2856,AT7515,03/08/2026,SOC130,10,Paciente estabilizado rapidamente pela equipe.,Nenhum problema
FB2857,AT4894,06/09/2025,SOC038,7,Equipe preparada para situação crítica.,Nenhum problema
FB2858,AT1478,30/11/2024,SOC241,9,Ótima triagem e encaminhamento adequado.,Nenhum problema
FB2859,AT5420,19/11/2025,SOC278,6,Falta de insumo básico dificultou o procedimento.,Falta de equipamento
FB2860,AT6050,05/02/2026,SOC181,5,Falta de insumo básico dificultou o procedimento.,Falta de equipamento
FB2861,AT0335,08/07/2026,SOC148,10,Excelente coordenação entre viatura e hospital.,Nenhum problema
FB2862,AT3378,11/04/2025,SOC019,7,Atendimento ocorreu sem complicações.,Nenhum problema
FB2863,AT2301,26/01/2025,SOC020,10,Equipe preparada para situação crítica.,Nenhum problema
FB2864,AT2864,18/03/2025,SOC268,5,Equipamento necessário não estava disponível.,Falta de equipamento
FB2865,AT0271,17/03/2026,SOC167,7,Equipe preparada para situação crítica.,Nenhum problema
FB2866,AT7188,04/06/2026,SOC050,8,Equipe preparada para situação crítica.,Nenhum problema
FB2867,AT5123,18/10/2025,SOC234,9,Paciente estabilizado rapidamente pela equipe.,Nenhum problema
FB2868,AT2506,09/01/2025,SOC278,10,Ótima triagem e encaminhamento adequado.,Nenhum problema
FB2869,AT6853,30/05/2026,SOC221,8,Equipe cordial e atenciosa com o paciente.,Nenhum problema
FB2870,AT5826,29/12/2025,SOC283,4,Falta de insumo básico dificultou o procedimento.,Falta de equipamento
FB2871,AT2507,08/01/2025,SOC180,5,Ocorrência apresentou atraso significativo.,Demora no atendimento
FB2872,AT1993,25/12/2024,SOC152,10,Bom trabalho em equipe durante o socorro.,Nenhum problema
FB2873,AT6892,02/06/2026,SOC167,3,Houve espera moderada no hospital.,Demora no atendimento
FB2874,AT3851,10/05/2025,SOC263,9,Resposta rápida e comunicação clara.,Nenhum problema
FB2875,AT4592,03/07/2025,SOC276,5,Atendimento adequado apesar da espera.,Demora no atendimento
FB2876,AT6949,08/05/2026,SOC008,7,"Atendimento tranquilo, sem intercorrências.",Nenhum problema
FB2877,AT7025,20/06/2026,SOC261,2,Falha no repasse de dados entre equipes.,Falha de comunicação
FB2878,AT4348,06/07/2025,SOC156,7,Atendimento rápido e equipe bem preparada.,Nenhum problema
FB2879,AT4508,26/07/2025,SOC052,8,Equipe preparada para situação crítica.,Nenhum problema
FB2880,AT4917,29/09/2025,SOC216,1,Paciente sofreu morte acidental no local.,Morte acidental
FB2881,AT4972,29/09/2025,SOC263,7,Paciente estabilizado rapidamente pela equipe.,Nenhum problema
FB2882,AT1251,28/10/2024,SOC241,9,Bom trabalho em equipe durante o socorro.,Nenhum problema
FB2883,AT5303,10/10/2025,SOC218,4,Informações do chamado estavam incompletas.,Falha de comunicação
FB2884,AT6942,11/05/2026,SOC107,7,Espera prolongada para triagem no hospital.,Demora no atendimento
FB2885,AT7575,25/07/2026,SOC015,8,Comunicação eficiente durante a ocorrência.,Nenhum problema
FB2886,AT3994,14/06/2025,SOC299,9,Atendimento organizado e seguro.,Nenhum problema
FB2887,AT6956,07/05/2026,SOC251,10,Equipe cordial e atenciosa com o paciente.,Nenhum problema
FB2888,AT4902,02/09/2025,SOC129,9,Procedimento realizado de forma segura.,Nenhum problema
FB2889,AT2138,17/01/2025,SOC031,7,Paciente estabilizado rapidamente pela equipe.,Nenhum problema
FB2890,AT6409,19/03/2026,SOC275,7,Equipe demonstrou excelente preparo.,Nenhum problema
FB2891,AT4941,20/09/2025,SOC268,6,Houve espera moderada no hospital.,Demora no atendimento
FB2892,AT3140,27/03/2025,SOC266,8,Procedimento padrão seguido corretamente.,Nenhum problema
FB2893,AT6912,20/05/2026,SOC293,10,Procedimento padrão seguido corretamente.,Nenhum problema
FB2894,AT7743,10/08/2026,SOC016,10,Comunicação entre socorristas foi boa.,Nenhum problema
FB2895,AT7037,13/06/2026,SOC235,5,Tempo de deslocamento acima do esperado.,Demora no atendimento
FB2896,AT4902,06/09/2025,SOC223,2,Comunicação com a central apresentou ruído.,Falha de comunicação
FB2897,AT4300,28/07/2025,SOC297,3,Demora para liberar leito hospitalar.,Demora no atendimento
FB2898,AT7874,06/08/2026,SOC249,9,Atendimento organizado e seguro.,Nenhum problema
FB2899,AT2124,10/01/2025,SOC034,7,Houve espera moderada no hospital.,Demora no atendimento
FB2900,AT3646,17/05/2025,SOC194,7,Tempo de resposta foi satisfatório.,Nenhum problema
FB2901,AT4377,19/07/2025,SOC094,10,Comunicação entre socorristas foi boa.,Nenhum problema
FB2902,AT3439,07/04/2025,SOC055,5,Falha no repasse de dados entre equipes.,Falha de comunicação
FB2903,AT3024,17/03/2025,SOC210,5,Houve pequena demora para localizar o hospital.,Demora no atendimento
FB2904,AT4562,03/07/2025,SOC135,7,Bom trabalho em equipe durante o socorro.,Nenhum problema
FB2905,AT1973,16/12/2024,SOC199,8,Comunicação entre socorristas foi boa.,Nenhum problema
FB2906,AT3085,19/03/2025,SOC108,8,Boa integração entre as equipes.,Nenhum problema
FB2907,AT5151,23/10/2025,SOC100,10,Boa integração entre as equipes.,Nenhum problema
FB2908,AT7614,15/08/2026,SOC063,3,Houve dificuldade de comunicação com o hospital.,Falha de comunicação
FB2909,AT6167,18/02/2026,SOC155,4,Falta de insumo básico dificultou o procedimento.,Falta de equipamento
FB2910,AT7455,09/07/2026,SOC030,7,Ocorrência conduzida com muita competência.,Nenhum problema
FB2911,AT7151,15/06/2026,SOC205,9,Ocorrência conduzida com muita competência.,Nenhum problema
FB2912,AT3735,01/05/2025,SOC154,8,Equipe demonstrou excelente preparo.,Nenhum problema
FB2913,AT7585,03/08/2026,SOC085,1,Gravidade do caso impossibilitou reanimação.,Morte acidental
FB2914,AT7209,30/06/2026,SOC300,8,Ótima triagem e encaminhamento adequado.,Nenhum problema
FB2915,AT2761,21/02/2025,SOC272,7,Equipe preparada para situação crítica.,Nenhum problema
FB2916,AT1956,29/12/2024,SOC087,5,Falha no repasse de dados entre equipes.,Falha de comunicação
FB2917,AT1933,11/12/2024,SOC081,10,Resposta rápida e comunicação clara.,Nenhum problema
FB2918,AT5354,07/10/2025,SOC006,7,Espera prolongada para triagem no hospital.,Demora no atendimento
FB2919,AT3036,29/03/2025,SOC025,9,Bom trabalho em equipe durante o socorro.,Nenhum problema
FB2920,AT0685,28/06/2025,SOC170,5,Faltou equipamento durante o atendimento.,Falta de equipamento
FB2921,AT2990,04/03/2025,SOC215,9,Paciente estabilizado rapidamente pela equipe.,Nenhum problema
FB2922,AT5196,12/10/2025,SOC044,7,Ocorrência apresentou atraso significativo.,Demora no atendimento
FB2923,AT2757,20/02/2025,SOC222,8,Atendimento rápido e organizado.,Nenhum problema
FB2924,AT0358,07/01/2026,SOC087,10,Equipe preparada para situação crítica.,Nenhum problema
FB2925,AT3765,11/05/2025,SOC053,7,Procedimento ocorreu conforme planejado.,Nenhum problema
FB2926,AT2386,19/01/2025,SOC234,2,Endereço informado estava impreciso.,Falha de comunicação
FB2927,AT2877,12/03/2025,SOC176,6,Falta de insumo básico dificultou o procedimento.,Falta de equipamento
FB2928,AT6121,02/03/2026,SOC265,9,Equipe demonstrou grande eficiência.,Nenhum problema
FB2929,AT3492,17/04/2025,SOC218,7,Resposta rápida e comunicação clara.,Nenhum problema
FB2930,AT7417,15/07/2026,SOC173,6,Espera prolongada para triagem no hospital.,Demora no atendimento
FB2931,AT1348,02/10/2024,SOC297,2,Endereço informado estava impreciso.,Falha de comunicação
FB2932,AT0678,28/06/2025,SOC005,7,Paciente estabilizado rapidamente pela equipe.,Nenhum problema
FB2933,AT6208,06/03/2026,SOC169,10,Comunicação entre socorristas foi boa.,Nenhum problema
FB2934,AT1015,11/09/2024,SOC153,1,Gravidade do caso impossibilitou reanimação.,Morte acidental
FB2935,AT1372,26/11/2024,SOC243,10,Resposta rápida e comunicação clara.,Nenhum problema
FB2936,AT0076,24/02/2026,SOC086,7,Tempo de resposta foi satisfatório.,Nenhum problema
FB2937,AT6826,27/05/2026,SOC163,7,Atendimento organizado e seguro.,Nenhum problema
FB2938,AT7026,27/06/2026,SOC087,3,Comunicação com a central apresentou ruído.,Falha de comunicação
FB2939,AT7105,08/06/2026,SOC165,10,Procedimento ocorreu conforme planejado.,Nenhum problema
FB2940,AT2181,24/01/2025,SOC146,10,Equipe ágil e excelente suporte hospitalar.,Nenhum problema
FB2941,AT4265,04/08/2025,SOC281,7,Chegada rápida evitou agravamento do quadro.,Nenhum problema
FB2942,AT3458,27/04/2025,SOC178,4,Houve espera moderada no hospital.,Demora no atendimento
FB2943,AT2564,06/02/2025,SOC145,9,Atendimento rápido e equipe bem preparada.,Nenhum problema
FB2944,AT5683,14/12/2025,SOC272,9,Equipe atuou rapidamente no local.,Nenhum problema
FB2945,AT5124,01/11/2025,SOC056,9,Atendimento ocorreu sem complicações.,Nenhum problema
FB2946,AT6527,23/04/2026,SOC175,10,Comunicação eficiente durante a ocorrência.,Nenhum problema
FB2947,AT3488,11/04/2025,SOC178,8,Atendimento rápido e organizado.,Nenhum problema
FB2948,AT6023,22/02/2026,SOC072,6,Espera prolongada para triagem no hospital.,Demora no atendimento
FB2949,AT0597,24/04/2025,SOC120,10,Comunicação entre socorristas foi boa.,Nenhum problema
FB2950,AT1550,17/11/2024,SOC172,8,Atendimento ocorreu sem complicações.,Nenhum problema
FB2951,AT3055,02/04/2025,SOC167,5,Comunicação com a central apresentou ruído.,Falha de comunicação
FB2952,AT6919,10/05/2026,SOC180,5,Endereço informado estava impreciso.,Falha de comunicação
FB2953,AT0863,06/11/2025,SOC021,10,Comunicação entre socorristas foi boa.,Nenhum problema
FB2954,AT6122,06/02/2026,SOC251,10,Suporte adequado durante todo o atendimento.,Nenhum problema
FB2955,AT6567,23/04/2026,SOC197,8,Boa integração entre as equipes.,Nenhum problema
FB2956,AT4458,15/07/2025,SOC009,5,Informações do chamado estavam incompletas.,Falha de comunicação
FB2957,AT0220,28/07/2026,SOC060,10,Atendimento rápido e equipe bem preparada.,Nenhum problema
FB2958,AT1243,01/11/2024,SOC260,5,Falha no repasse de dados entre equipes.,Falha de comunicação
FB2959,AT1255,13/10/2024,SOC173,5,Informações do chamado estavam incompletas.,Falha de comunicação
FB2960,AT7295,14/06/2026,SOC020,7,Equipe cordial e atenciosa com o paciente.,Nenhum problema
FB2961,AT5936,14/01/2026,SOC127,10,Atendimento rápido e organizado.,Nenhum problema
FB2962,AT0601,19/04/2025,SOC078,9,Tempo de resposta foi satisfatório.,Nenhum problema
FB2963,AT4810,29/08/2025,SOC294,7,Ocorrência conduzida com muita competência.,Nenhum problema
FB2964,AT5297,11/10/2025,SOC073,10,Suporte adequado durante todo o atendimento.,Nenhum problema
FB2965,AT4561,25/07/2025,SOC042,4,Kit de emergência incompleto na viatura.,Falta de equipamento
FB2966,AT4547,05/07/2025,SOC231,2,Gravidade do caso impossibilitou reanimação.,Morte acidental
FB2967,AT4195,25/06/2025,SOC193,9,Atendimento rápido e equipe bem preparada.,Nenhum problema
FB2968,AT2569,17/02/2025,SOC094,1,Paciente sofreu morte acidental no local.,Morte acidental
FB2969,AT3936,25/05/2025,SOC193,7,Bom trabalho em equipe durante o socorro.,Nenhum problema
FB2970,AT2999,15/03/2025,SOC090,10,Comunicação entre socorristas foi boa.,Nenhum problema
FB2971,AT7765,23/08/2026,SOC300,2,Paciente não resistiu aos ferimentos.,Morte acidental
FB2972,AT6844,01/06/2026,SOC193,10,Atendimento ocorreu sem complicações.,Nenhum problema
FB2973,AT5431,28/11/2025,SOC074,9,Boa integração entre as equipes.,Nenhum problema
FB2974,AT3231,16/03/2025,SOC261,7,Chegada rápida evitou agravamento do quadro.,Nenhum problema
FB2975,AT1080,24/09/2024,SOC169,5,Ambulância sem parte do material necessário.,Falta de equipamento
FB2976,AT6317,08/03/2026,SOC112,4,Equipamento necessário não estava disponível.,Falta de equipamento
FB2977,AT7036,25/06/2026,SOC051,4,Informações do chamado estavam incompletas.,Falha de comunicação
FB2978,AT7412,19/07/2026,SOC132,9,Excelente coordenação entre viatura e hospital.,Nenhum problema
FB2979,AT5014,11/09/2025,SOC068,8,Paciente estabilizado rapidamente pela equipe.,Nenhum problema
FB2980,AT3936,22/05/2025,SOC183,7,Procedimento padrão seguido corretamente.,Nenhum problema
FB2981,AT7995,08/08/2026,SOC151,9,Equipe preparada para situação crítica.,Nenhum problema
FB2982,AT1984,30/12/2024,SOC005,9,Atendimento ocorreu sem complicações.,Nenhum problema
FB2983,AT4480,31/07/2025,SOC112,7,Ocorrência apresentou atraso significativo.,Demora no atendimento
FB2984,AT6420,04/03/2026,SOC007,10,Atendimento ocorreu sem complicações.,Nenhum problema
FB2985,AT7030,22/06/2026,SOC091,7,Atendimento organizado e seguro.,Nenhum problema
FB2986,AT1097,26/09/2024,SOC046,9,Comunicação entre socorristas foi boa.,Nenhum problema
FB2987,AT6586,04/05/2026,SOC031,9,Excelente coordenação entre viatura e hospital.,Nenhum problema
FB2988,AT1264,16/10/2024,SOC093,7,Suporte adequado durante todo o atendimento.,Nenhum problema
FB2989,AT3803,07/05/2025,SOC041,10,Tempo de resposta foi satisfatório.,Nenhum problema
FB2990,AT4461,01/08/2025,SOC068,8,Ocorrência conduzida com muita competência.,Nenhum problema
FB2991,AT1980,20/12/2024,SOC251,8,Bom trabalho em equipe durante o socorro.,Nenhum problema
FB2992,AT7836,20/08/2026,SOC049,7,Equipe preparada para situação crítica.,Nenhum problema
FB2993,AT3340,03/04/2025,SOC255,10,Equipe ágil e excelente suporte hospitalar.,Nenhum problema
FB2994,AT4615,27/07/2025,SOC016,7,Tempo de resposta foi satisfatório.,Nenhum problema
FB2995,AT6463,14/03/2026,SOC129,8,Resposta rápida e comunicação clara.,Nenhum problema
FB2996,AT3447,07/04/2025,SOC057,8,Paciente estabilizado rapidamente pela equipe.,Nenhum problema
FB2997,AT6820,10/05/2026,SOC166,5,Demora para liberar leito hospitalar.,Demora no atendimento
FB2998,AT7331,12/06/2026,SOC120,9,"Atendimento tranquilo, sem intercorrências.",Nenhum problema
FB2999,AT3773,09/05/2025,SOC149,7,Comunicação entre socorristas foi boa.,Nenhum problema
FB3000,AT7060,28/06/2026,SOC198,7,Excelente coordenação entre viatura e hospital.,Nenhum problema
FB3001,AT3004,02/03/2025,SOC256,3,Houve dificuldade de comunicação com o hospital.,Falha de comunicação
FB3002,AT2051,09/12/2024,SOC273,10,Chegada rápida evitou agravamento do quadro.,Nenhum problema
FB3003,AT0825,31/10/2025,SOC086,8,Encaminhamento hospitalar foi eficiente.,Nenhum problema
FB3004,AT2648,15/02/2025,SOC087,8,Equipe ágil e excelente suporte hospitalar.,Nenhum problema
FB3005,AT2756,11/02/2025,SOC138,3,Houve dificuldade de comunicação com o hospital.,Falha de comunicação
FB3006,AT0452,09/11/2024,SOC260,5,Ambulância sem parte do material necessário.,Falta de equipamento
FB3007,AT0401,14/09/2024,SOC261,5,Houve espera moderada no hospital.,Demora no atendimento
FB3008,AT3474,15/04/2025,SOC047,9,Encaminhamento hospitalar foi eficiente.,Nenhum problema
FB3009,AT0851,15/11/2025,SOC152,9,Equipe ágil e excelente suporte hospitalar.,Nenhum problema
FB3010,AT3216,23/03/2025,SOC004,8,Equipe ágil e excelente suporte hospitalar.,Nenhum problema
FB3011,AT1969,14/12/2024,SOC277,2,Comunicação com a central apresentou ruído.,Falha de comunicação
FB3012,AT4474,22/07/2025,SOC260,5,Falha no repasse de dados entre equipes.,Falha de comunicação
FB3013,AT2376,20/01/2025,SOC172,8,Ótima triagem e encaminhamento adequado.,Nenhum problema
FB3014,AT3650,26/05/2025,SOC006,10,Chegada rápida evitou agravamento do quadro.,Nenhum problema
FB3015,AT2783,04/03/2025,SOC072,2,Gravidade do caso impossibilitou reanimação.,Morte acidental
FB3016,AT5828,17/12/2025,SOC075,6,Houve pequena demora para localizar o hospital.,Demora no atendimento
FB3017,AT3171,16/03/2025,SOC291,5,Kit de emergência incompleto na viatura.,Falta de equipamento
FB3018,AT6523,26/04/2026,SOC044,2,Comunicação com a central apresentou ruído.,Falha de comunicação
FB3019,AT0318,13/07/2026,SOC164,9,Atendimento excelente do início ao fim.,Nenhum problema
FB3020,AT5776,27/12/2025,SOC184,8,Atendimento organizado e seguro.,Nenhum problema
FB3021,AT5981,17/01/2026,SOC097,2,Falha no repasse de dados entre equipes.,Falha de comunicação
FB3022,AT6440,15/03/2026,SOC062,7,Boa integração entre as equipes.,Nenhum problema
FB3023,AT2000,14/12/2024,SOC254,1,Óbito constatado apesar dos esforços da equipe.,Morte acidental
FB3024,AT3480,13/04/2025,SOC070,10,Atendimento excelente do início ao fim.,Nenhum problema
FB3025,AT0368,20/08/2026,SOC081,4,Informações do chamado estavam incompletas.,Falha de comunicação
FB3026,AT7381,02/08/2026,SOC043,3,Houve dificuldade de comunicação com o hospital.,Falha de comunicação
FB3027,AT4524,12/07/2025,SOC293,7,Fila no pronto-socorro atrasou o atendimento.,Demora no atendimento
FB3028,AT4346,19/07/2025,SOC268,7,Chegada rápida evitou agravamento do quadro.,Nenhum problema
FB3029,AT2590,25/02/2025,SOC094,7,Demora para liberar leito hospitalar.,Demora no atendimento
FB3030,AT7975,16/08/2026,SOC093,9,Procedimento ocorreu conforme planejado.,Nenhum problema
FB3031,AT2744,07/02/2025,SOC264,3,Demora para liberar leito hospitalar.,Demora no atendimento
FB3032,AT4298,02/07/2025,SOC176,8,Equipe demonstrou grande eficiência.,Nenhum problema
FB3033,AT2777,04/02/2025,SOC263,9,Equipe ágil e excelente suporte hospitalar.,Nenhum problema
FB3034,AT4480,27/07/2025,SOC297,2,Óbito constatado apesar dos esforços da equipe.,Morte acidental
FB3035,AT4220,02/07/2025,SOC037,7,Equipe demonstrou grande eficiência.,Nenhum problema
FB3036,AT2654,25/02/2025,SOC279,10,Atendimento rápido e equipe bem preparada.,Nenhum problema
FB3037,AT2045,27/12/2024,SOC083,9,Ótima triagem e encaminhamento adequado.,Nenhum problema
FB3038,AT6610,22/04/2026,SOC176,2,Paciente não resistiu aos ferimentos.,Morte acidental
FB3039,AT7644,11/08/2026,SOC225,10,Comunicação eficiente durante a ocorrência.,Nenhum problema
FB3040,AT3412,09/04/2025,SOC259,6,Falta de insumo básico dificultou o procedimento.,Falta de equipamento
FB3041,AT6842,19/05/2026,SOC102,5,Falha no repasse de dados entre equipes.,Falha de comunicação
FB3042,AT7196,20/06/2026,SOC034,8,Comunicação eficiente durante a ocorrência.,Nenhum problema
FB3043,AT2644,28/02/2025,SOC195,8,Equipe demonstrou grande eficiência.,Nenhum problema
FB3044,AT2990,08/03/2025,SOC054,10,Ótima triagem e encaminhamento adequado.,Nenhum problema
FB3045,AT7209,30/06/2026,SOC003,8,Boa integração entre as equipes.,Nenhum problema
FB3046,AT6624,02/04/2026,SOC068,3,Trânsito prejudicou o tempo de chegada.,Demora no atendimento
FB3047,AT4728,14/08/2025,SOC189,2,Paciente não resistiu aos ferimentos.,Morte acidental
FB3048,AT6102,19/02/2026,SOC020,8,Ótima triagem e encaminhamento adequado.,Nenhum problema
FB3049,AT3811,02/05/2025,SOC154,8,Atendimento rápido e organizado.,Nenhum problema
FB3050,AT3787,07/05/2025,SOC150,10,Paciente estabilizado rapidamente pela equipe.,Nenhum problema
FB3051,AT2631,05/02/2025,SOC185,2,Óbito constatado apesar dos esforços da equipe.,Morte acidental
FB3052,AT1924,26/12/2024,SOC090,10,Bom trabalho em equipe durante o socorro.,Nenhum problema
FB3053,AT3598,07/04/2025,SOC213,6,Kit de emergência incompleto na viatura.,Falta de equipamento
FB3054,AT3061,26/03/2025,SOC056,3,Endereço informado estava impreciso.,Falha de comunicação
FB3055,AT4659,25/08/2025,SOC187,6,Equipamento necessário não estava disponível.,Falta de equipamento
FB3056,AT2485,10/01/2025,SOC278,6,Equipamento necessário não estava disponível.,Falta de equipamento
FB3057,AT3416,11/04/2025,SOC044,6,Ambulância sem parte do material necessário.,Falta de equipamento
FB3058,AT6093,02/03/2026,SOC175,2,Endereço informado estava impreciso.,Falha de comunicação
FB3059,AT7088,20/06/2026,SOC165,4,Endereço informado estava impreciso.,Falha de comunicação
FB3060,AT3386,12/04/2025,SOC153,7,Comunicação eficiente durante a ocorrência.,Nenhum problema
FB3061,AT6826,28/05/2026,SOC215,8,Atendimento rápido e organizado.,Nenhum problema
FB3062,AT7883,19/08/2026,SOC002,8,Resposta rápida e comunicação clara.,Nenhum problema
FB3063,AT1986,13/12/2024,SOC004,9,Paciente estabilizado rapidamente pela equipe.,Nenhum problema
FB3064,AT6657,23/04/2026,SOC105,2,Falha no repasse de dados entre equipes.,Falha de comunicação
FB3065,AT4146,13/06/2025,SOC201,6,Ambulância sem parte do material necessário.,Falta de equipamento
FB3066,AT7373,31/07/2026,SOC108,7,Atendimento rápido e organizado.,Nenhum problema
FB3067,AT3401,13/04/2025,SOC049,7,"Atendimento tranquilo, sem intercorrências.",Nenhum problema
FB3068,AT6679,10/04/2026,SOC213,8,Atendimento rápido e organizado.,Nenhum problema
FB3069,AT1590,23/11/2024,SOC177,7,Atendimento rápido e organizado.,Nenhum problema
FB3070,AT7648,09/08/2026,SOC175,4,Demora para liberar leito hospitalar.,Demora no atendimento
FB3071,AT5126,15/10/2025,SOC168,5,Atendimento adequado apesar da espera.,Demora no atendimento
FB3072,AT7434,10/07/2026,SOC015,8,Tempo de resposta foi satisfatório.,Nenhum problema
FB3073,AT0974,06/07/2026,SOC141,1,Gravidade do caso impossibilitou reanimação.,Morte acidental
FB3074,AT7545,01/08/2026,SOC204,7,Suporte adequado durante todo o atendimento.,Nenhum problema
FB3075,AT7289,23/06/2026,SOC066,7,Equipe demonstrou grande eficiência.,Nenhum problema
FB3076,AT5523,13/11/2025,SOC026,8,Atendimento rápido e equipe bem preparada.,Nenhum problema
FB3077,AT0324,02/06/2026,SOC274,10,Ótima triagem e encaminhamento adequado.,Nenhum problema
FB3078,AT7076,22/06/2026,SOC150,4,Atendimento adequado apesar da espera.,Demora no atendimento
FB3079,AT4308,16/07/2025,SOC064,9,Chegada rápida evitou agravamento do quadro.,Nenhum problema
FB3080,AT2961,27/03/2025,SOC217,5,Falta de insumo básico dificultou o procedimento.,Falta de equipamento
FB3081,AT7409,20/07/2026,SOC111,5,Equipamento necessário não estava disponível.,Falta de equipamento
FB3082,AT4605,17/07/2025,SOC248,6,Ambulância sem parte do material necessário.,Falta de equipamento
FB3083,AT3205,27/03/2025,SOC170,4,Houve dificuldade de comunicação com o hospital.,Falha de comunicação
FB3084,AT1362,21/11/2024,SOC111,1,Paciente não resistiu aos ferimentos.,Morte acidental
FB3085,AT7825,31/08/2026,SOC218,8,Boa integração entre as equipes.,Nenhum problema
FB3086,AT1661,15/12/2024,SOC052,9,Equipe demonstrou excelente preparo.,Nenhum problema
FB3087,AT3669,27/05/2025,SOC122,2,Paciente sofreu morte acidental no local.,Morte acidental
FB3088,AT5463,09/11/2025,SOC195,3,Houve espera moderada no hospital.,Demora no atendimento
FB3089,AT7382,05/07/2026,SOC255,7,Procedimento realizado de forma segura.,Nenhum problema
FB3090,AT5817,16/12/2025,SOC216,8,Atendimento excelente do início ao fim.,Nenhum problema
FB3091,AT2314,08/01/2025,SOC285,10,Chegada rápida evitou agravamento do quadro.,Nenhum problema
FB3092,AT7164,07/06/2026,SOC188,9,Ocorrência conduzida com muita competência.,Nenhum problema
FB3093,AT2158,30/01/2025,SOC236,9,Bom trabalho em equipe durante o socorro.,Nenhum problema
FB3094,AT7833,26/08/2026,SOC142,2,Óbito constatado apesar dos esforços da equipe.,Morte acidental
FB3095,AT5951,16/01/2026,SOC217,8,Atendimento excelente do início ao fim.,Nenhum problema
FB3096,AT5044,15/09/2025,SOC179,5,Ambulância sem parte do material necessário.,Falta de equipamento
FB3097,AT5325,01/11/2025,SOC241,7,Encaminhamento hospitalar foi eficiente.,Nenhum problema
FB3098,AT5670,31/12/2025,SOC290,8,Procedimento realizado de forma segura.,Nenhum problema
FB3099,AT6707,02/04/2026,SOC156,3,Comunicação com a central apresentou ruído.,Falha de comunicação
FB3100,AT7151,19/06/2026,SOC085,7,Paciente estabilizado rapidamente pela equipe.,Nenhum problema
FB3101,AT2170,17/01/2025,SOC043,7,Atendimento ocorreu sem complicações.,Nenhum problema
FB3102,AT3508,26/04/2025,SOC075,7,Comunicação eficiente durante a ocorrência.,Nenhum problema
FB3103,AT7294,18/06/2026,SOC277,4,Equipamento necessário não estava disponível.,Falta de equipamento
FB3104,AT3111,23/03/2025,SOC231,5,Kit de emergência incompleto na viatura.,Falta de equipamento
FB3105,AT1785,05/12/2024,SOC167,4,Trânsito prejudicou o tempo de chegada.,Demora no atendimento
FB3106,AT0927,29/04/2026,SOC133,9,Atendimento ocorreu sem complicações.,Nenhum problema
FB3107,AT1205,04/10/2024,SOC295,8,Bom trabalho em equipe durante o socorro.,Nenhum problema
FB3108,AT2108,29/01/2025,SOC146,8,Ocorrência conduzida com muita competência.,Nenhum problema
FB3109,AT4450,24/07/2025,SOC292,7,Equipe demonstrou grande eficiência.,Nenhum problema
FB3110,AT4406,24/07/2025,SOC160,7,Procedimento padrão seguido corretamente.,Nenhum problema
FB3111,AT1970,21/12/2024,SOC113,8,Atendimento organizado e seguro.,Nenhum problema
FB3112,AT4724,11/08/2025,SOC076,9,Tempo de resposta foi satisfatório.,Nenhum problema
FB3113,AT1427,13/11/2024,SOC193,4,Comunicação com a central apresentou ruído.,Falha de comunicação
FB3114,AT7650,17/08/2026,SOC271,2,Paciente não resistiu aos ferimentos.,Morte acidental
FB3115,AT5409,21/11/2025,SOC253,10,Equipe ágil e excelente suporte hospitalar.,Nenhum problema
FB3116,AT4698,03/09/2025,SOC179,6,Faltou equipamento durante o atendimento.,Falta de equipamento
FB3117,AT5500,29/11/2025,SOC138,10,Atendimento organizado e seguro.,Nenhum problema
FB3118,AT1399,04/12/2024,SOC242,9,Procedimento padrão seguido corretamente.,Nenhum problema
FB3119,AT0722,06/07/2025,SOC276,6,Houve espera moderada no hospital.,Demora no atendimento
FB3120,AT0147,04/07/2026,SOC177,5,Ambulância sem parte do material necessário.,Falta de equipamento
FB3121,AT1592,14/11/2024,SOC267,2,Óbito constatado apesar dos esforços da equipe.,Morte acidental
FB3122,AT0327,08/02/2026,SOC244,7,Espera prolongada para triagem no hospital.,Demora no atendimento
FB3123,AT1053,17/09/2024,SOC047,6,Equipamento necessário não estava disponível.,Falta de equipamento
FB3124,AT1695,14/12/2024,SOC247,4,Houve espera moderada no hospital.,Demora no atendimento
FB3125,AT1530,16/11/2024,SOC065,8,Procedimento realizado de forma segura.,Nenhum problema
FB3126,AT2261,21/01/2025,SOC077,8,Equipe ágil e excelente suporte hospitalar.,Nenhum problema
FB3127,AT7335,02/07/2026,SOC066,8,Atendimento ocorreu sem complicações.,Nenhum problema
FB3128,AT7114,21/06/2026,SOC176,5,Falha no repasse de dados entre equipes.,Falha de comunicação
FB3129,AT1142,03/09/2024,SOC108,7,Boa integração entre as equipes.,Nenhum problema
FB3130,AT6489,18/04/2026,SOC214,9,Atendimento ocorreu sem complicações.,Nenhum problema
FB3131,AT0495,02/01/2025,SOC212,10,Ocorrência conduzida com muita competência.,Nenhum problema
FB3132,AT3669,26/05/2025,SOC281,6,Demora na regulação do leito hospitalar.,Demora no atendimento
FB3133,AT6150,14/02/2026,SOC059,10,Tempo de resposta foi satisfatório.,Nenhum problema
FB3134,AT4938,14/09/2025,SOC162,4,Demora na regulação do leito hospitalar.,Demora no atendimento
FB3135,AT5073,14/10/2025,SOC093,9,Boa integração entre as equipes.,Nenhum problema
FB3136,AT6616,11/04/2026,SOC042,7,Procedimento ocorreu conforme planejado.,Nenhum problema
FB3137,AT0654,09/05/2025,SOC226,2,Gravidade do caso impossibilitou reanimação.,Morte acidental
FB3138,AT2603,20/02/2025,SOC096,3,Falha no repasse de dados entre equipes.,Falha de comunicação
FB3139,AT6823,02/06/2026,SOC180,3,Houve dificuldade de comunicação com o hospital.,Falha de comunicação
FB3140,AT2589,19/02/2025,SOC148,10,Encaminhamento hospitalar foi eficiente.,Nenhum problema
FB3141,AT1064,28/09/2024,SOC261,10,Suporte adequado durante todo o atendimento.,Nenhum problema
FB3142,AT4328,05/07/2025,SOC140,10,Equipe atuou rapidamente no local.,Nenhum problema
FB3143,AT3634,01/06/2025,SOC124,3,Endereço informado estava impreciso.,Falha de comunicação
FB3144,AT4765,20/08/2025,SOC196,10,Encaminhamento hospitalar foi eficiente.,Nenhum problema
FB3145,AT1737,22/12/2024,SOC003,7,Equipe ágil e excelente suporte hospitalar.,Nenhum problema
FB3146,AT1082,26/09/2024,SOC022,4,Trânsito prejudicou o tempo de chegada.,Demora no atendimento
FB3147,AT1049,19/09/2024,SOC296,10,Atendimento rápido e organizado.,Nenhum problema
FB3148,AT6180,25/02/2026,SOC274,10,Excelente coordenação entre viatura e hospital.,Nenhum problema
FB3149,AT5917,15/01/2026,SOC106,9,Ocorrência conduzida com muita competência.,Nenhum problema
FB3150,AT6599,28/04/2026,SOC287,10,Resposta rápida e comunicação clara.,Nenhum problema
FB3151,AT1845,15/12/2024,SOC122,8,Boa integração entre as equipes.,Nenhum problema
FB3152,AT3200,10/03/2025,SOC239,8,Comunicação entre socorristas foi boa.,Nenhum problema
FB3153,AT6089,01/03/2026,SOC085,10,Atendimento rápido e organizado.,Nenhum problema
FB3154,AT5640,25/12/2025,SOC241,2,Óbito constatado apesar dos esforços da equipe.,Morte acidental
FB3155,AT6635,07/04/2026,SOC102,6,Falta de insumo básico dificultou o procedimento.,Falta de equipamento
FB3156,AT1549,17/11/2024,SOC241,1,Gravidade do caso impossibilitou reanimação.,Morte acidental
FB3157,AT3410,09/04/2025,SOC245,9,Comunicação eficiente durante a ocorrência.,Nenhum problema
FB3158,AT1991,19/12/2024,SOC042,4,Endereço informado estava impreciso.,Falha de comunicação
FB3159,AT5925,11/01/2026,SOC187,9,Atendimento organizado e seguro.,Nenhum problema
FB3160,AT4604,10/07/2025,SOC023,3,Atendimento adequado apesar da espera.,Demora no atendimento
FB3161,AT0978,06/07/2026,SOC290,9,Bom trabalho em equipe durante o socorro.,Nenhum problema
FB3162,AT6178,10/02/2026,SOC126,2,Paciente não resistiu aos ferimentos.,Morte acidental
FB3163,AT3504,13/04/2025,SOC145,2,Comunicação com a central apresentou ruído.,Falha de comunicação
FB3164,AT2305,05/01/2025,SOC074,8,Equipe ágil e excelente suporte hospitalar.,Nenhum problema
FB3165,AT6411,19/03/2026,SOC229,2,Gravidade do caso impossibilitou reanimação.,Morte acidental
FB3166,AT6823,02/06/2026,SOC156,7,Tempo de resposta foi satisfatório.,Nenhum problema
FB3167,AT1097,23/09/2024,SOC222,6,Ambulância sem parte do material necessário.,Falta de equipamento
FB3168,AT7018,07/06/2026,SOC184,2,Paciente não resistiu aos ferimentos.,Morte acidental
FB3169,AT3599,17/04/2025,SOC179,7,Procedimento padrão seguido corretamente.,Nenhum problema
FB3170,AT6938,10/05/2026,SOC280,10,Tempo de resposta foi satisfatório.,Nenhum problema
FB3171,AT5170,04/10/2025,SOC065,7,Equipe preparada para situação crítica.,Nenhum problema
FB3172,AT2107,16/01/2025,SOC137,5,Ocorrência apresentou atraso significativo.,Demora no atendimento
FB3173,AT4847,09/09/2025,SOC081,8,Equipe preparada para situação crítica.,Nenhum problema
FB3174,AT3551,02/04/2025,SOC274,7,Boa integração entre as equipes.,Nenhum problema
FB3175,AT2740,20/02/2025,SOC001,3,Fila no pronto-socorro atrasou o atendimento.,Demora no atendimento
FB3176,AT3533,01/04/2025,SOC213,1,Paciente não resistiu aos ferimentos.,Morte acidental
FB3177,AT2591,19/02/2025,SOC147,10,Suporte adequado durante todo o atendimento.,Nenhum problema
FB3178,AT0864,17/11/2025,SOC089,2,Gravidade do caso impossibilitou reanimação.,Morte acidental
FB3179,AT4984,06/09/2025,SOC197,6,Atendimento adequado apesar da espera.,Demora no atendimento
FB3180,AT4044,04/06/2025,SOC030,5,Fila no pronto-socorro atrasou o atendimento.,Demora no atendimento
FB3181,AT0458,17/11/2024,SOC152,9,Procedimento realizado de forma segura.,Nenhum problema
FB3182,AT4730,16/08/2025,SOC193,9,Excelente coordenação entre viatura e hospital.,Nenhum problema
FB3183,AT1815,07/12/2024,SOC087,5,Faltou equipamento durante o atendimento.,Falta de equipamento
FB3184,AT1539,30/11/2024,SOC214,8,Equipe demonstrou grande eficiência.,Nenhum problema
FB3185,AT4826,02/09/2025,SOC006,7,Equipe atuou rapidamente no local.,Nenhum problema
FB3186,AT4461,31/07/2025,SOC244,5,Informações do chamado estavam incompletas.,Falha de comunicação
FB3187,AT2651,07/02/2025,SOC181,7,Demora na regulação do leito hospitalar.,Demora no atendimento
FB3188,AT3082,07/03/2025,SOC057,8,Equipe demonstrou excelente preparo.,Nenhum problema
FB3189,AT5532,13/11/2025,SOC160,9,Equipe demonstrou excelente preparo.,Nenhum problema
FB3190,AT5437,10/11/2025,SOC141,7,Tempo de deslocamento acima do esperado.,Demora no atendimento
FB3191,AT6551,23/04/2026,SOC045,9,Atendimento ocorreu sem complicações.,Nenhum problema
FB3192,AT6927,11/05/2026,SOC194,10,Bom trabalho em equipe durante o socorro.,Nenhum problema
FB3193,AT0782,03/10/2025,SOC253,3,Informações do chamado estavam incompletas.,Falha de comunicação
FB3194,AT7250,17/06/2026,SOC084,1,Paciente não resistiu aos ferimentos.,Morte acidental
FB3195,AT7199,21/06/2026,SOC143,6,Demora para liberar leito hospitalar.,Demora no atendimento
FB3196,AT6552,24/04/2026,SOC127,8,Equipe demonstrou excelente preparo.,Nenhum problema
FB3197,AT7067,19/06/2026,SOC266,4,Informações do chamado estavam incompletas.,Falha de comunicação
FB3198,AT1921,18/12/2024,SOC223,8,Excelente coordenação entre viatura e hospital.,Nenhum problema
FB3199,AT4855,05/09/2025,SOC265,10,Atendimento rápido e organizado.,Nenhum problema
FB3200,AT0997,22/08/2026,SOC113,10,Suporte adequado durante todo o atendimento.,Nenhum problema
FB3201,AT4297,16/07/2025,SOC208,6,Demora na regulação do leito hospitalar.,Demora no atendimento
FB3202,AT2401,12/01/2025,SOC242,9,Comunicação eficiente durante a ocorrência.,Nenhum problema
FB3203,AT6803,21/05/2026,SOC277,6,Demora para liberar leito hospitalar.,Demora no atendimento
FB3204,AT2694,16/02/2025,SOC288,10,Tempo de resposta foi satisfatório.,Nenhum problema
FB3205,AT2394,05/01/2025,SOC288,7,Paciente estabilizado rapidamente pela equipe.,Nenhum problema
FB3206,AT0660,07/05/2025,SOC242,10,Equipe atuou rapidamente no local.,Nenhum problema
FB3207,AT5297,13/10/2025,SOC225,8,Ocorrência conduzida com muita competência.,Nenhum problema
FB3208,AT0534,25/02/2025,SOC224,6,Demora na regulação do leito hospitalar.,Demora no atendimento
FB3209,AT3967,30/06/2025,SOC042,7,Tempo de resposta foi satisfatório.,Nenhum problema
FB3210,AT5182,30/10/2025,SOC074,10,Comunicação eficiente durante a ocorrência.,Nenhum problema
FB3211,AT7290,28/06/2026,SOC128,10,Equipe ágil e excelente suporte hospitalar.,Nenhum problema
FB3212,AT6294,11/03/2026,SOC243,1,Paciente não resistiu aos ferimentos.,Morte acidental
FB3213,AT4900,10/09/2025,SOC059,10,Suporte adequado durante todo o atendimento.,Nenhum problema
FB3214,AT4620,04/08/2025,SOC140,7,Encaminhamento hospitalar foi eficiente.,Nenhum problema
FB3215,AT1483,06/11/2024,SOC046,9,Comunicação entre socorristas foi boa.,Nenhum problema
FB3216,AT2916,04/03/2025,SOC060,9,"Atendimento tranquilo, sem intercorrências.",Nenhum problema
FB3217,AT3444,14/04/2025,SOC216,7,Bom trabalho em equipe durante o socorro.,Nenhum problema
FB3218,AT0578,12/03/2025,SOC139,5,Espera prolongada para triagem no hospital.,Demora no atendimento
FB3219,AT3522,09/04/2025,SOC126,3,Houve pequena demora para localizar o hospital.,Demora no atendimento
FB3220,AT0023,18/03/2026,SOC230,6,Equipamento necessário não estava disponível.,Falta de equipamento
FB3221,AT6424,26/03/2026,SOC108,8,Paciente estabilizado rapidamente pela equipe.,Nenhum problema
FB3222,AT0918,20/03/2026,SOC217,8,Atendimento organizado e seguro.,Nenhum problema
FB3223,AT2771,18/02/2025,SOC179,2,Endereço informado estava impreciso.,Falha de comunicação
FB3224,AT6258,11/03/2026,SOC117,9,Equipe demonstrou excelente preparo.,Nenhum problema
FB3225,AT5649,16/12/2025,SOC069,5,Ambulância sem parte do material necessário.,Falta de equipamento
FB3226,AT7738,24/08/2026,SOC132,7,Procedimento ocorreu conforme planejado.,Nenhum problema
FB3227,AT5676,11/12/2025,SOC298,5,Equipamento necessário não estava disponível.,Falta de equipamento
FB3228,AT4757,11/08/2025,SOC278,1,Paciente sofreu morte acidental no local.,Morte acidental
FB3229,AT0401,09/09/2024,SOC086,5,Houve pequena demora para localizar o hospital.,Demora no atendimento
FB3230,AT4516,18/07/2025,SOC208,7,Procedimento padrão seguido corretamente.,Nenhum problema
FB3231,AT7513,06/07/2026,SOC045,8,Comunicação eficiente durante a ocorrência.,Nenhum problema
FB3232,AT5966,13/01/2026,SOC146,4,Ambulância sem parte do material necessário.,Falta de equipamento
FB3233,AT2177,06/01/2025,SOC003,8,Ótima triagem e encaminhamento adequado.,Nenhum problema
FB3234,AT6335,26/03/2026,SOC218,7,Tempo de resposta foi satisfatório.,Nenhum problema
FB3235,AT2285,16/01/2025,SOC078,7,Equipe ágil e excelente suporte hospitalar.,Nenhum problema
FB3236,AT7711,04/08/2026,SOC164,10,Excelente coordenação entre viatura e hospital.,Nenhum problema
FB3237,AT1500,03/12/2024,SOC183,8,Ocorrência conduzida com muita competência.,Nenhum problema
FB3238,AT4421,19/07/2025,SOC205,7,Atendimento organizado e seguro.,Nenhum problema
FB3239,AT4094,22/06/2025,SOC290,2,Óbito constatado apesar dos esforços da equipe.,Morte acidental
FB3240,AT4483,05/08/2025,SOC192,10,Comunicação entre socorristas foi boa.,Nenhum problema
FB3241,AT4062,12/06/2025,SOC106,7,Equipe demonstrou excelente preparo.,Nenhum problema
FB3242,AT6442,01/04/2026,SOC140,10,Atendimento excelente do início ao fim.,Nenhum problema
FB3243,AT2044,03/01/2025,SOC257,9,Equipe atuou rapidamente no local.,Nenhum problema
FB3244,AT3256,28/03/2025,SOC102,10,Comunicação entre socorristas foi boa.,Nenhum problema
FB3245,AT5335,25/10/2025,SOC172,10,Excelente coordenação entre viatura e hospital.,Nenhum problema
FB3246,AT6714,17/04/2026,SOC104,3,Falha no repasse de dados entre equipes.,Falha de comunicação
FB3247,AT4648,18/08/2025,SOC113,5,Atendimento adequado apesar da espera.,Demora no atendimento
FB3248,AT0997,20/08/2026,SOC195,8,Atendimento organizado e seguro.,Nenhum problema
FB3249,AT7978,26/08/2026,SOC020,1,Gravidade do caso impossibilitou reanimação.,Morte acidental
FB3250,AT3828,11/05/2025,SOC158,9,Ótima triagem e encaminhamento adequado.,Nenhum problema
FB3251,AT6128,27/02/2026,SOC110,5,Houve dificuldade de comunicação com o hospital.,Falha de comunicação
FB3252,AT1528,06/11/2024,SOC246,3,Comunicação com a central apresentou ruído.,Falha de comunicação
FB3253,AT5191,17/10/2025,SOC087,10,Chegada rápida evitou agravamento do quadro.,Nenhum problema
FB3254,AT4868,30/09/2025,SOC136,10,Equipe preparada para situação crítica.,Nenhum problema
FB3255,AT6417,08/03/2026,SOC079,9,Procedimento realizado de forma segura.,Nenhum problema
FB3256,AT7898,20/08/2026,SOC183,2,Paciente sofreu morte acidental no local.,Morte acidental
FB3257,AT3294,19/04/2025,SOC169,8,Equipe ágil e excelente suporte hospitalar.,Nenhum problema
FB3258,AT4116,10/06/2025,SOC055,8,Comunicação entre socorristas foi boa.,Nenhum problema
FB3259,AT3209,03/03/2025,SOC196,9,Atendimento rápido e organizado.,Nenhum problema
FB3260,AT6413,08/03/2026,SOC104,9,Equipe preparada para situação crítica.,Nenhum problema
FB3261,AT5574,06/12/2025,SOC183,7,Bom trabalho em equipe durante o socorro.,Nenhum problema
FB3262,AT4779,17/08/2025,SOC043,6,Kit de emergência incompleto na viatura.,Falta de equipamento
FB3263,AT2197,13/01/2025,SOC062,10,Equipe cordial e atenciosa com o paciente.,Nenhum problema
FB3264,AT5169,03/11/2025,SOC015,10,Equipe demonstrou excelente preparo.,Nenhum problema
FB3265,AT3765,08/05/2025,SOC059,7,Atendimento rápido e equipe bem preparada.,Nenhum problema
FB3266,AT4791,28/08/2025,SOC150,4,Faltou equipamento durante o atendimento.,Falta de equipamento
FB3267,AT0968,11/07/2026,SOC292,6,Tempo de deslocamento acima do esperado.,Demora no atendimento
FB3268,AT3811,05/05/2025,SOC019,4,Falta de insumo básico dificultou o procedimento.,Falta de equipamento
FB3269,AT7938,21/08/2026,SOC071,4,Kit de emergência incompleto na viatura.,Falta de equipamento
FB3270,AT2577,27/02/2025,SOC271,3,Falha no repasse de dados entre equipes.,Falha de comunicação
FB3271,AT7178,25/06/2026,SOC202,9,Tempo de resposta foi satisfatório.,Nenhum problema
FB3272,AT0353,27/06/2026,SOC252,8,Excelente coordenação entre viatura e hospital.,Nenhum problema
FB3273,AT2136,05/01/2025,SOC064,7,Equipe preparada para situação crítica.,Nenhum problema
FB3274,AT3646,18/05/2025,SOC185,4,Informações do chamado estavam incompletas.,Falha de comunicação
FB3275,AT2810,03/02/2025,SOC255,8,Procedimento padrão seguido corretamente.,Nenhum problema
FB3276,AT0049,03/04/2026,SOC268,9,Boa integração entre as equipes.,Nenhum problema
FB3277,AT4965,02/09/2025,SOC155,10,Bom trabalho em equipe durante o socorro.,Nenhum problema
FB3278,AT2440,31/01/2025,SOC006,8,Equipe ágil e excelente suporte hospitalar.,Nenhum problema
FB3279,AT5158,09/10/2025,SOC210,10,Chegada rápida evitou agravamento do quadro.,Nenhum problema
FB3280,AT5681,15/12/2025,SOC053,4,Endereço informado estava impreciso.,Falha de comunicação
FB3281,AT6351,26/03/2026,SOC010,6,Tempo de deslocamento acima do esperado.,Demora no atendimento
FB3282,AT3348,29/04/2025,SOC127,9,Equipe ágil e excelente suporte hospitalar.,Nenhum problema
FB3283,AT2903,04/04/2025,SOC050,10,Excelente coordenação entre viatura e hospital.,Nenhum problema
FB3284,AT4862,03/09/2025,SOC247,8,Excelente coordenação entre viatura e hospital.,Nenhum problema
FB3285,AT0814,28/10/2025,SOC029,4,Faltou equipamento durante o atendimento.,Falta de equipamento
FB3286,AT2991,12/03/2025,SOC264,3,Endereço informado estava impreciso.,Falha de comunicação
FB3287,AT7378,11/07/2026,SOC277,7,Atendimento rápido e organizado.,Nenhum problema
FB3288,AT0882,07/12/2025,SOC022,3,Endereço informado estava impreciso.,Falha de comunicação
FB3289,AT7727,26/08/2026,SOC121,1,Paciente sofreu morte acidental no local.,Morte acidental
FB3290,AT1209,22/10/2024,SOC068,2,Gravidade do caso impossibilitou reanimação.,Morte acidental
FB3291,AT2900,10/03/2025,SOC135,8,Procedimento realizado de forma segura.,Nenhum problema
FB3292,AT2455,31/01/2025,SOC081,8,Comunicação entre socorristas foi boa.,Nenhum problema
FB3293,AT4249,16/07/2025,SOC067,5,Falta de insumo básico dificultou o procedimento.,Falta de equipamento
FB3294,AT4238,01/08/2025,SOC297,1,Paciente sofreu morte acidental no local.,Morte acidental
FB3295,AT2951,19/03/2025,SOC210,6,Houve espera moderada no hospital.,Demora no atendimento
FB3296,AT7589,06/07/2026,SOC023,9,Comunicação entre socorristas foi boa.,Nenhum problema
FB3297,AT6152,22/02/2026,SOC055,2,Informações do chamado estavam incompletas.,Falha de comunicação
FB3298,AT5446,09/11/2025,SOC050,9,Procedimento realizado de forma segura.,Nenhum problema
FB3299,AT4082,21/06/2025,SOC183,2,Comunicação com a central apresentou ruído.,Falha de comunicação
FB3300,AT1170,06/09/2024,SOC279,2,Endereço informado estava impreciso.,Falha de comunicação
FB3301,AT3718,14/05/2025,SOC191,9,Paciente estabilizado rapidamente pela equipe.,Nenhum problema
FB3302,AT0854,07/11/2025,SOC108,9,Excelente coordenação entre viatura e hospital.,Nenhum problema
FB3303,AT2664,06/02/2025,SOC068,4,Faltou equipamento durante o atendimento.,Falta de equipamento
FB3304,AT7798,30/08/2026,SOC289,2,Paciente não resistiu aos ferimentos.,Morte acidental
FB3305,AT7936,13/08/2026,SOC021,2,Paciente não resistiu aos ferimentos.,Morte acidental
FB3306,AT2609,02/03/2025,SOC255,9,Equipe cordial e atenciosa com o paciente.,Nenhum problema
FB3307,AT4266,14/07/2025,SOC014,4,Comunicação com a central apresentou ruído.,Falha de comunicação
FB3308,AT0869,23/11/2025,SOC131,10,Equipe ágil e excelente suporte hospitalar.,Nenhum problema
FB3309,AT1228,14/10/2024,SOC201,10,Procedimento ocorreu conforme planejado.,Nenhum problema
FB3310,AT4292,06/07/2025,SOC020,10,Atendimento rápido e equipe bem preparada.,Nenhum problema
FB3311,AT1252,01/11/2024,SOC167,9,Atendimento rápido e equipe bem preparada.,Nenhum problema
FB3312,AT4760,28/08/2025,SOC195,4,Tempo de deslocamento acima do esperado.,Demora no atendimento
FB3313,AT1080,28/09/2024,SOC055,4,Faltou equipamento durante o atendimento.,Falta de equipamento
FB3314,AT3969,12/06/2025,SOC202,9,Atendimento organizado e seguro.,Nenhum problema
FB3315,AT1282,19/10/2024,SOC002,9,Procedimento padrão seguido corretamente.,Nenhum problema
FB3316,AT2759,16/02/2025,SOC296,4,Demora para liberar leito hospitalar.,Demora no atendimento
FB3317,AT2748,13/02/2025,SOC299,6,Falta de insumo básico dificultou o procedimento.,Falta de equipamento
FB3318,AT5775,23/12/2025,SOC176,8,Atendimento rápido e equipe bem preparada.,Nenhum problema
FB3319,AT7942,09/08/2026,SOC273,5,Falta de insumo básico dificultou o procedimento.,Falta de equipamento
FB3320,AT6254,15/03/2026,SOC168,10,Paciente estabilizado rapidamente pela equipe.,Nenhum problema
FB3321,AT5722,16/12/2025,SOC285,8,Atendimento rápido e organizado.,Nenhum problema
FB3322,AT4896,15/09/2025,SOC009,10,Equipe preparada para situação crítica.,Nenhum problema
FB3323,AT5761,16/12/2025,SOC089,1,Paciente sofreu morte acidental no local.,Morte acidental
FB3324,AT7441,11/07/2026,SOC057,1,Óbito constatado apesar dos esforços da equipe.,Morte acidental
FB3325,AT0421,10/10/2024,SOC213,9,Ótima triagem e encaminhamento adequado.,Nenhum problema
FB3326,AT1452,12/11/2024,SOC297,4,Demora na regulação do leito hospitalar.,Demora no atendimento
FB3327,AT1874,07/12/2024,SOC279,4,Houve espera moderada no hospital.,Demora no atendimento
FB3328,AT5927,04/02/2026,SOC159,8,Atendimento organizado e seguro.,Nenhum problema
FB3329,AT5417,22/11/2025,SOC044,10,Suporte adequado durante todo o atendimento.,Nenhum problema
FB3330,AT5109,08/10/2025,SOC123,10,Ocorrência conduzida com muita competência.,Nenhum problema
FB3331,AT1901,02/12/2024,SOC124,8,Procedimento padrão seguido corretamente.,Nenhum problema
FB3332,AT5402,04/12/2025,SOC119,7,Ocorrência conduzida com muita competência.,Nenhum problema
FB3333,AT7924,31/08/2026,SOC082,8,Atendimento rápido e organizado.,Nenhum problema
FB3334,AT3404,23/04/2025,SOC087,4,Falta de insumo básico dificultou o procedimento.,Falta de equipamento
FB3335,AT4596,08/07/2025,SOC238,7,Resposta rápida e comunicação clara.,Nenhum problema
FB3336,AT1459,13/11/2024,SOC127,9,Procedimento padrão seguido corretamente.,Nenhum problema
FB3337,AT3122,14/03/2025,SOC279,9,Comunicação entre socorristas foi boa.,Nenhum problema
FB3338,AT5090,31/10/2025,SOC233,7,Resposta rápida e comunicação clara.,Nenhum problema
FB3339,AT0744,22/08/2025,SOC262,7,Demora para liberar leito hospitalar.,Demora no atendimento
FB3340,AT7082,05/06/2026,SOC058,7,Atendimento excelente do início ao fim.,Nenhum problema
FB3341,AT1544,17/11/2024,SOC245,8,Equipe atuou rapidamente no local.,Nenhum problema
FB3342,AT3794,26/05/2025,SOC091,3,Tempo de deslocamento acima do esperado.,Demora no atendimento
FB3343,AT7307,05/07/2026,SOC072,7,Atendimento ocorreu sem complicações.,Nenhum problema
FB3344,AT2296,21/01/2025,SOC118,9,Ótima triagem e encaminhamento adequado.,Nenhum problema
FB3345,AT7440,14/07/2026,SOC191,3,Trânsito prejudicou o tempo de chegada.,Demora no atendimento
FB3346,AT4796,06/08/2025,SOC034,9,Atendimento rápido e equipe bem preparada.,Nenhum problema
FB3347,AT6240,14/03/2026,SOC273,7,Procedimento ocorreu conforme planejado.,Nenhum problema
FB3348,AT3402,05/04/2025,SOC245,5,Trânsito prejudicou o tempo de chegada.,Demora no atendimento
FB3349,AT6701,13/04/2026,SOC199,9,Equipe ágil e excelente suporte hospitalar.,Nenhum problema
FB3350,AT5549,23/11/2025,SOC061,3,Comunicação com a central apresentou ruído.,Falha de comunicação
FB3351,AT5708,04/01/2026,SOC155,8,Atendimento organizado e seguro.,Nenhum problema
FB3352,AT0885,05/12/2025,SOC082,9,Tempo de resposta foi satisfatório.,Nenhum problema
FB3353,AT2516,16/01/2025,SOC151,7,Chegada rápida evitou agravamento do quadro.,Nenhum problema
FB3354,AT4191,06/06/2025,SOC031,5,Espera prolongada para triagem no hospital.,Demora no atendimento
FB3355,AT3090,28/03/2025,SOC097,4,Falha no repasse de dados entre equipes.,Falha de comunicação
FB3356,AT5143,08/10/2025,SOC028,1,Gravidade do caso impossibilitou reanimação.,Morte acidental
FB3357,AT3679,13/05/2025,SOC265,8,Encaminhamento hospitalar foi eficiente.,Nenhum problema
FB3358,AT2054,25/12/2024,SOC206,4,Falta de insumo básico dificultou o procedimento.,Falta de equipamento
FB3359,AT5158,13/10/2025,SOC071,8,Excelente coordenação entre viatura e hospital.,Nenhum problema
FB3360,AT1079,02/10/2024,SOC118,10,Procedimento realizado de forma segura.,Nenhum problema
FB3361,AT2865,07/03/2025,SOC001,7,Ótima triagem e encaminhamento adequado.,Nenhum problema
FB3362,AT6171,15/02/2026,SOC219,3,Houve pequena demora para localizar o hospital.,Demora no atendimento
FB3363,AT2078,28/12/2024,SOC062,6,Equipamento necessário não estava disponível.,Falta de equipamento
FB3364,AT0453,10/11/2024,SOC020,2,Óbito constatado apesar dos esforços da equipe.,Morte acidental
FB3365,AT3241,14/03/2025,SOC202,8,Excelente coordenação entre viatura e hospital.,Nenhum problema
FB3366,AT0589,17/04/2025,SOC169,8,Paciente estabilizado rapidamente pela equipe.,Nenhum problema
FB3367,AT4526,28/07/2025,SOC200,8,Atendimento rápido e organizado.,Nenhum problema
FB3368,AT6287,01/04/2026,SOC081,9,Comunicação entre socorristas foi boa.,Nenhum problema
FB3369,AT2617,24/02/2025,SOC280,8,Equipe preparada para situação crítica.,Nenhum problema
FB3370,AT2395,04/02/2025,SOC276,8,Boa integração entre as equipes.,Nenhum problema
FB3371,AT3613,24/05/2025,SOC008,5,Ambulância sem parte do material necessário.,Falta de equipamento
FB3372,AT4833,30/08/2025,SOC093,4,Houve dificuldade de comunicação com o hospital.,Falha de comunicação
FB3373,AT2028,26/12/2024,SOC140,5,Falta de insumo básico dificultou o procedimento.,Falta de equipamento
FB3374,AT1251,28/10/2024,SOC220,8,Ocorrência conduzida com muita competência.,Nenhum problema
FB3375,AT6377,18/03/2026,SOC202,7,Atendimento excelente do início ao fim.,Nenhum problema
FB3376,AT3839,29/05/2025,SOC094,9,Ocorrência conduzida com muita competência.,Nenhum problema
FB3377,AT5764,22/12/2025,SOC098,5,Falha no repasse de dados entre equipes.,Falha de comunicação
FB3378,AT6349,12/03/2026,SOC152,4,Equipamento necessário não estava disponível.,Falta de equipamento
FB3379,AT7523,31/07/2026,SOC209,8,Equipe ágil e excelente suporte hospitalar.,Nenhum problema
FB3380,AT2876,26/03/2025,SOC147,8,"Atendimento tranquilo, sem intercorrências.",Nenhum problema
FB3381,AT0352,10/06/2026,SOC050,6,Kit de emergência incompleto na viatura.,Falta de equipamento
FB3382,AT7133,24/06/2026,SOC180,8,Comunicação entre socorristas foi boa.,Nenhum problema
FB3383,AT7235,05/06/2026,SOC092,10,Procedimento padrão seguido corretamente.,Nenhum problema
FB3384,AT4531,28/07/2025,SOC165,3,Endereço informado estava impreciso.,Falha de comunicação
FB3385,AT7953,24/08/2026,SOC297,1,Paciente não resistiu aos ferimentos.,Morte acidental
FB3386,AT1847,25/12/2024,SOC171,8,Atendimento rápido e organizado.,Nenhum problema
FB3387,AT2029,19/12/2024,SOC224,2,Óbito constatado apesar dos esforços da equipe.,Morte acidental
FB3388,AT6781,28/05/2026,SOC077,7,Procedimento ocorreu conforme planejado.,Nenhum problema
FB3389,AT0073,10/02/2026,SOC148,8,Equipe ágil e excelente suporte hospitalar.,Nenhum problema
FB3390,AT6498,07/04/2026,SOC110,10,Suporte adequado durante todo o atendimento.,Nenhum problema
FB3391,AT6469,14/04/2026,SOC176,7,"Atendimento tranquilo, sem intercorrências.",Nenhum problema
FB3392,AT2269,08/01/2025,SOC018,7,Procedimento realizado de forma segura.,Nenhum problema
FB3393,AT2661,18/02/2025,SOC033,5,Falha no repasse de dados entre equipes.,Falha de comunicação
FB3394,AT4021,30/06/2025,SOC082,4,Demora na regulação do leito hospitalar.,Demora no atendimento
FB3395,AT2182,25/01/2025,SOC273,7,Atendimento rápido e equipe bem preparada.,Nenhum problema
FB3396,AT7899,27/08/2026,SOC087,6,Demora na regulação do leito hospitalar.,Demora no atendimento
FB3397,AT0759,03/08/2025,SOC172,2,Paciente não resistiu aos ferimentos.,Morte acidental
FB3398,AT5555,23/12/2025,SOC187,1,Óbito constatado apesar dos esforços da equipe.,Morte acidental
FB3399,AT6481,09/04/2026,SOC192,2,Paciente sofreu morte acidental no local.,Morte acidental
FB3400,AT4050,19/06/2025,SOC187,9,Ótima triagem e encaminhamento adequado.,Nenhum problema
FB3401,AT6388,12/03/2026,SOC287,10,Atendimento ocorreu sem complicações.,Nenhum problema
FB3402,AT5187,14/10/2025,SOC238,4,Espera prolongada para triagem no hospital.,Demora no atendimento
FB3403,AT3372,17/04/2025,SOC132,10,Procedimento ocorreu conforme planejado.,Nenhum problema
FB3404,AT2626,25/02/2025,SOC137,10,Suporte adequado durante todo o atendimento.,Nenhum problema
FB3405,AT6249,23/03/2026,SOC160,8,Paciente estabilizado rapidamente pela equipe.,Nenhum problema
FB3406,AT1691,17/12/2024,SOC055,10,Ocorrência conduzida com muita competência.,Nenhum problema
FB3407,AT6224,10/03/2026,SOC190,1,Paciente não resistiu aos ferimentos.,Morte acidental
FB3408,AT2764,19/02/2025,SOC246,10,Atendimento excelente do início ao fim.,Nenhum problema
FB3409,AT2526,29/01/2025,SOC236,8,Procedimento realizado de forma segura.,Nenhum problema
FB3410,AT2296,19/01/2025,SOC011,4,Demora para liberar leito hospitalar.,Demora no atendimento
FB3411,AT1928,09/12/2024,SOC075,4,Falha no repasse de dados entre equipes.,Falha de comunicação
FB3412,AT7045,13/06/2026,SOC018,4,Comunicação com a central apresentou ruído.,Falha de comunicação
FB3413,AT7346,03/06/2026,SOC037,3,Houve pequena demora para localizar o hospital.,Demora no atendimento
FB3414,AT7188,05/06/2026,SOC226,9,Resposta rápida e comunicação clara.,Nenhum problema
FB3415,AT4599,24/07/2025,SOC091,10,Atendimento excelente do início ao fim.,Nenhum problema
FB3416,AT3093,08/03/2025,SOC023,3,Houve espera moderada no hospital.,Demora no atendimento
FB3417,AT7237,07/06/2026,SOC161,3,Tempo de deslocamento acima do esperado.,Demora no atendimento
FB3418,AT0706,01/07/2025,SOC194,8,"Atendimento tranquilo, sem intercorrências.",Nenhum problema
FB3419,AT2207,16/01/2025,SOC260,9,Equipe demonstrou grande eficiência.,Nenhum problema
FB3420,AT0511,13/01/2025,SOC025,1,Gravidade do caso impossibilitou reanimação.,Morte acidental
FB3421,AT4886,16/09/2025,SOC064,8,Excelente coordenação entre viatura e hospital.,Nenhum problema
FB3422,AT6861,19/05/2026,SOC284,1,Paciente não resistiu aos ferimentos.,Morte acidental
FB3423,AT5079,16/10/2025,SOC255,8,Atendimento ocorreu sem complicações.,Nenhum problema
FB3424,AT1132,07/09/2024,SOC063,8,Procedimento ocorreu conforme planejado.,Nenhum problema
FB3425,AT2148,22/01/2025,SOC209,3,Ocorrência apresentou atraso significativo.,Demora no atendimento
FB3426,AT7205,11/06/2026,SOC200,7,Demora na regulação do leito hospitalar.,Demora no atendimento
FB3427,AT6371,11/03/2026,SOC041,10,Equipe demonstrou grande eficiência.,Nenhum problema
FB3428,AT0488,04/12/2024,SOC121,6,Kit de emergência incompleto na viatura.,Falta de equipamento
FB3429,AT4509,19/07/2025,SOC157,10,Excelente coordenação entre viatura e hospital.,Nenhum problema
FB3430,AT0013,29/07/2026,SOC249,6,Demora para liberar leito hospitalar.,Demora no atendimento
FB3431,AT7369,27/07/2026,SOC069,10,Equipe demonstrou excelente preparo.,Nenhum problema
FB3432,AT5427,17/11/2025,SOC064,9,Comunicação eficiente durante a ocorrência.,Nenhum problema
FB3433,AT0202,28/01/2026,SOC022,1,Paciente não resistiu aos ferimentos.,Morte acidental
FB3434,AT3499,30/04/2025,SOC281,7,Comunicação entre socorristas foi boa.,Nenhum problema
FB3435,AT7118,27/06/2026,SOC098,8,Atendimento rápido e organizado.,Nenhum problema
FB3436,AT1022,14/09/2024,SOC071,10,Atendimento excelente do início ao fim.,Nenhum problema
FB3437,AT0672,27/06/2025,SOC047,8,Procedimento ocorreu conforme planejado.,Nenhum problema
FB3438,AT6665,05/04/2026,SOC276,9,Chegada rápida evitou agravamento do quadro.,Nenhum problema
FB3439,AT4428,28/07/2025,SOC012,10,Resposta rápida e comunicação clara.,Nenhum problema
FB3440,AT4058,03/07/2025,SOC256,5,Comunicação com a central apresentou ruído.,Falha de comunicação
FB3441,AT6139,19/02/2026,SOC214,8,Procedimento ocorreu conforme planejado.,Nenhum problema
FB3442,AT0973,14/07/2026,SOC073,5,Atendimento adequado apesar da espera.,Demora no atendimento
FB3443,AT6477,04/04/2026,SOC222,9,Equipe ágil e excelente suporte hospitalar.,Nenhum problema
FB3444,AT5769,27/12/2025,SOC142,7,Encaminhamento hospitalar foi eficiente.,Nenhum problema
FB3445,AT2759,18/02/2025,SOC108,6,Equipamento necessário não estava disponível.,Falta de equipamento
FB3446,AT2130,01/02/2025,SOC161,2,Comunicação com a central apresentou ruído.,Falha de comunicação
FB3447,AT2010,26/12/2024,SOC092,7,Encaminhamento hospitalar foi eficiente.,Nenhum problema
FB3448,AT7280,19/06/2026,SOC208,8,Chegada rápida evitou agravamento do quadro.,Nenhum problema
FB3449,AT7389,10/07/2026,SOC260,9,Equipe demonstrou grande eficiência.,Nenhum problema
FB3450,AT5479,03/11/2025,SOC181,8,Procedimento ocorreu conforme planejado.,Nenhum problema
FB3451,AT1147,07/09/2024,SOC146,1,Gravidade do caso impossibilitou reanimação.,Morte acidental
FB3452,AT0782,03/10/2025,SOC273,4,Atendimento adequado apesar da espera.,Demora no atendimento
FB3453,AT4599,27/07/2025,SOC194,10,Resposta rápida e comunicação clara.,Nenhum problema
FB3454,AT3646,15/05/2025,SOC158,6,Kit de emergência incompleto na viatura.,Falta de equipamento
FB3455,AT4917,28/09/2025,SOC255,4,Houve dificuldade de comunicação com o hospital.,Falha de comunicação
FB3456,AT7439,19/07/2026,SOC058,9,Equipe preparada para situação crítica.,Nenhum problema
FB3457,AT7654,25/08/2026,SOC030,9,Excelente coordenação entre viatura e hospital.,Nenhum problema
FB3458,AT7933,13/08/2026,SOC083,7,Procedimento ocorreu conforme planejado.,Nenhum problema
FB3459,AT6270,06/03/2026,SOC027,8,Procedimento realizado de forma segura.,Nenhum problema
FB3460,AT5823,09/12/2025,SOC125,4,Tempo de deslocamento acima do esperado.,Demora no atendimento
FB3461,AT3803,08/05/2025,SOC144,9,Encaminhamento hospitalar foi eficiente.,Nenhum problema
FB3462,AT5123,18/10/2025,SOC113,1,Gravidade do caso impossibilitou reanimação.,Morte acidental
FB3463,AT5888,22/01/2026,SOC211,1,Paciente sofreu morte acidental no local.,Morte acidental
FB3464,AT3962,10/06/2025,SOC124,7,Procedimento padrão seguido corretamente.,Nenhum problema
FB3465,AT5391,09/11/2025,SOC264,7,Atendimento excelente do início ao fim.,Nenhum problema
FB3466,AT5190,16/10/2025,SOC135,10,Atendimento organizado e seguro.,Nenhum problema
FB3467,AT1952,13/12/2024,SOC057,9,Paciente estabilizado rapidamente pela equipe.,Nenhum problema
FB3468,AT6860,20/05/2026,SOC259,6,Falta de insumo básico dificultou o procedimento.,Falta de equipamento
FB3469,AT5858,15/01/2026,SOC097,7,Encaminhamento hospitalar foi eficiente.,Nenhum problema
FB3470,AT6291,29/03/2026,SOC071,5,Demora para liberar leito hospitalar.,Demora no atendimento
FB3471,AT4427,14/07/2025,SOC125,8,Equipe cordial e atenciosa com o paciente.,Nenhum problema
FB3472,AT6451,20/03/2026,SOC048,7,Equipe demonstrou excelente preparo.,Nenhum problema
FB3473,AT2975,31/03/2025,SOC119,9,Equipe atuou rapidamente no local.,Nenhum problema
FB3474,AT1973,15/12/2024,SOC208,2,Houve dificuldade de comunicação com o hospital.,Falha de comunicação
FB3475,AT3064,31/03/2025,SOC023,7,Procedimento ocorreu conforme planejado.,Nenhum problema
FB3476,AT0559,31/03/2025,SOC068,4,Equipamento necessário não estava disponível.,Falta de equipamento
FB3477,AT5476,01/12/2025,SOC126,9,Chegada rápida evitou agravamento do quadro.,Nenhum problema
FB3478,AT3983,22/06/2025,SOC202,7,Demora na regulação do leito hospitalar.,Demora no atendimento
FB3479,AT7934,13/08/2026,SOC136,9,Equipe cordial e atenciosa com o paciente.,Nenhum problema
FB3480,AT2529,26/01/2025,SOC119,2,Paciente não resistiu aos ferimentos.,Morte acidental
FB3481,AT3986,30/06/2025,SOC234,7,Ocorrência conduzida com muita competência.,Nenhum problema
FB3482,AT1252,28/10/2024,SOC238,2,Óbito constatado apesar dos esforços da equipe.,Morte acidental
FB3483,AT1466,04/11/2024,SOC250,9,Procedimento padrão seguido corretamente.,Nenhum problema
FB3484,AT2982,27/03/2025,SOC044,5,Comunicação com a central apresentou ruído.,Falha de comunicação
FB3485,AT6030,21/02/2026,SOC121,8,Atendimento ocorreu sem complicações.,Nenhum problema
FB3486,AT1785,03/12/2024,SOC137,8,Equipe demonstrou grande eficiência.,Nenhum problema
FB3487,AT3888,20/05/2025,SOC014,6,Ocorrência apresentou atraso significativo.,Demora no atendimento
FB3488,AT0847,28/11/2025,SOC192,9,Procedimento realizado de forma segura.,Nenhum problema
FB3489,AT6316,20/03/2026,SOC105,10,Resposta rápida e comunicação clara.,Nenhum problema
FB3490,AT3603,03/05/2025,SOC279,2,Paciente não resistiu aos ferimentos.,Morte acidental
FB3491,AT5815,21/12/2025,SOC135,8,Equipe preparada para situação crítica.,Nenhum problema
FB3492,AT3832,31/05/2025,SOC124,10,Tempo de resposta foi satisfatório.,Nenhum problema
FB3493,AT7884,17/08/2026,SOC225,10,Atendimento organizado e seguro.,Nenhum problema
FB3494,AT7872,07/08/2026,SOC055,7,Equipe demonstrou excelente preparo.,Nenhum problema
FB3495,AT3380,26/04/2025,SOC148,10,Equipe demonstrou excelente preparo.,Nenhum problema
FB3496,AT7033,10/06/2026,SOC071,7,Atendimento excelente do início ao fim.,Nenhum problema
FB3497,AT4019,23/06/2025,SOC253,8,Equipe atuou rapidamente no local.,Nenhum problema
FB3498,AT1060,14/09/2024,SOC081,10,Atendimento rápido e organizado.,Nenhum problema
FB3499,AT5959,06/01/2026,SOC089,8,Boa integração entre as equipes.,Nenhum problema
FB3500,AT2426,28/01/2025,SOC081,10,Equipe cordial e atenciosa com o paciente.,Nenhum problema
