indicador_id,data,hospital_id,leitos_ocupados,leitos_disponiveis,taxa_ocupacao,quantidade_atendimentos,casos_baixa_gravidade,casos_media_gravidade,casos_alta_gravidade,casos_criticos,tempo_espera_medio_min,falhas_comunicacao
IND00001,01/09/2024,HOSP001,183,17,0.92,1,0,0,0,1,14,0
IND00002,01/10/2024,HOSP001,175,25,0.88,0,0,0,0,0,23,0
IND00003,01/11/2024,HOSP001,173,27,0.86,1,0,1,0,0,35,0
IND00004,01/12/2024,HOSP001,178,22,0.89,0,0,0,0,0,27,0
IND00005,01/01/2025,HOSP001,174,26,0.87,2,0,1,1,0,12,0
IND00006,01/02/2025,HOSP001,172,28,0.86,1,0,0,0,1,17,0
IND00007,01/03/2025,HOSP001,177,23,0.89,3,2,0,1,0,33,0
IND00008,01/04/2025,HOSP001,166,34,0.83,4,0,0,1,3,24,0
IND00009,01/05/2025,HOSP001,185,15,0.93,0,0,0,0,0,36,0
IND00010,01/06/2025,HOSP001,182,18,0.91,0,0,0,0,0,30,0
IND00011,01/07/2025,HOSP001,176,24,0.88,0,0,0,0,0,34,0
IND00012,01/08/2025,HOSP001,169,31,0.84,0,0,0,0,0,32,0
IND00013,01/09/2025,HOSP001,170,30,0.85,1,0,0,1,0,26,0
IND00014,01/10/2025,HOSP001,179,21,0.9,0,0,0,0,0,25,0
IND00015,01/11/2025,HOSP001,175,25,0.88,1,0,0,0,1,14,0
IND00016,01/12/2025,HOSP001,181,19,0.91,0,0,0,0,0,32,0
IND00017,01/01/2026,HOSP001,166,34,0.83,0,0,0,0,0,27,0
IND00018,01/02/2026,HOSP001,178,22,0.89,0,0,0,0,0,27,0
IND00019,01/03/2026,HOSP001,178,22,0.89,2,0,1,1,0,30,0
IND00020,01/04/2026,HOSP001,179,21,0.9,1,0,1,0,0,53,0
IND00021,01/05/2026,HOSP001,171,29,0.85,1,0,1,0,0,52,1
IND00022,01/06/2026,HOSP001,177,23,0.89,3,0,1,2,0,26,0
IND00023,01/07/2026,HOSP001,176,24,0.88,0,0,0,0,0,29,0
IND00024,01/08/2026,HOSP001,170,30,0.85,2,0,0,2,0,36,0
IND00025,01/09/2024,HOSP002,158,22,0.88,1,0,0,1,0,59,0
IND00026,01/10/2024,HOSP002,146,34,0.81,1,0,0,0,1,29,0
IND00027,01/11/2024,HOSP002,146,34,0.81,0,0,0,0,0,20,0
IND00028,01/12/2024,HOSP002,146,34,0.81,0,0,0,0,0,36,0
IND00029,01/01/2025,HOSP002,143,37,0.79,4,0,1,2,1,26,1
IND00030,01/02/2025,HOSP002,154,26,0.86,2,0,0,2,0,27,0
IND00031,01/03/2025,HOSP002,160,20,0.89,1,1,0,0,0,43,0
IND00032,01/04/2025,HOSP002,163,17,0.91,2,0,1,1,0,29,1
IND00033,01/05/2025,HOSP002,150,30,0.83,4,0,0,4,0,24,0
IND00034,01/06/2025,HOSP002,151,29,0.84,0,0,0,0,0,25,0
IND00035,01/07/2025,HOSP002,147,33,0.82,1,0,0,0,1,53,0
IND00036,01/08/2025,HOSP002,157,23,0.87,0,0,0,0,0,35,0
IND00037,01/09/2025,HOSP002,152,28,0.84,0,0,0,0,0,30,0
IND00038,01/10/2025,HOSP002,133,47,0.74,1,0,0,1,0,20,0
IND00039,01/11/2025,HOSP002,151,29,0.84,0,0,0,0,0,38,0
IND00040,01/12/2025,HOSP002,142,38,0.79,0,0,0,0,0,25,0
IND00041,01/01/2026,HOSP002,160,20,0.89,0,0,0,0,0,27,0
IND00042,01/02/2026,HOSP002,153,27,0.85,0,0,0,0,0,31,0
IND00043,01/03/2026,HOSP002,153,27,0.85,0,0,0,0,0,16,0
IND00044,01/04/2026,HOSP002,153,27,0.85,2,0,2,0,0,28,0
IND00045,01/05/2026,HOSP002,150,30,0.83,0,0,0,0,0,34,0
IND00046,01/06/2026,HOSP002,147,33,0.82,1,0,0,1,0,7,0
IND00047,01/07/2026,HOSP002,145,35,0.81,1,0,0,1,0,14,0
IND00048,01/08/2026,HOSP002,158,22,0.88,1,0,0,0,1,30,0
IND00049,01/09/2024,HOSP003,193,27,0.88,1,1,0,0,0,52,0
IND00050,01/10/2024,HOSP003,178,42,0.81,0,0,0,0,0,38,0
IND00051,01/11/2024,HOSP003,184,36,0.84,1,0,0,0,1,49,0
IND00052,01/12/2024,HOSP003,178,42,0.81,0,0,0,0,0,36,0
IND00053,01/01/2025,HOSP003,198,22,0.9,0,0,0,0,0,33,0
IND00054,01/02/2025,HOSP003,187,33,0.85,0,0,0,0,0,28,0
IND00055,01/03/2025,HOSP003,189,31,0.86,1,0,0,1,0,45,0
IND00056,01/04/2025,HOSP003,200,20,0.91,1,0,0,1,0,36,0
IND00057,01/05/2025,HOSP003,197,23,0.9,0,0,0,0,0,36,0
IND00058,01/06/2025,HOSP003,195,25,0.89,1,0,0,1,0,8,0
IND00059,01/07/2025,HOSP003,191,29,0.87,0,0,0,0,0,35,0
IND00060,01/08/2025,HOSP003,188,32,0.85,0,0,0,0,0,31,0
IND00061,01/09/2025,HOSP003,202,18,0.92,0,0,0,0,0,29,0
IND00062,01/10/2025,HOSP003,201,19,0.91,1,0,1,0,0,25,0
IND00063,01/11/2025,HOSP003,194,26,0.88,1,0,0,0,1,48,0
IND00064,01/12/2025,HOSP003,194,26,0.88,0,0,0,0,0,27,0
IND00065,01/01/2026,HOSP003,205,15,0.93,0,0,0,0,0,22,0
IND00066,01/02/2026,HOSP003,190,30,0.86,0,0,0,0,0,36,0
IND00067,01/03/2026,HOSP003,191,29,0.87,0,0,0,0,0,16,0
IND00068,01/04/2026,HOSP003,189,31,0.86,0,0,0,0,0,27,0
IND00069,01/05/2026,HOSP003,180,40,0.82,0,0,0,0,0,30,0
IND00070,01/06/2026,HOSP003,174,46,0.79,0,0,0,0,0,34,0
IND00071,01/07/2026,HOSP003,183,37,0.83,0,0,0,0,0,39,0
IND00072,01/08/2026,HOSP003,186,34,0.85,1,0,0,0,1,31,0
IND00073,01/09/2024,HOSP004,108,52,0.68,0,0,0,0,0,35,0
IND00074,01/10/2024,HOSP004,111,49,0.69,0,0,0,0,0,27,0
IND00075,01/11/2024,HOSP004,110,50,0.69,1,0,0,1,0,27,0
IND00076,01/12/2024,HOSP004,119,41,0.74,0,0,0,0,0,33,0
IND00077,01/01/2025,HOSP004,115,45,0.72,0,0,0,0,0,22,0
IND00078,01/02/2025,HOSP004,117,43,0.73,0,0,0,0,0,37,0
IND00079,01/03/2025,HOSP004,114,46,0.71,0,0,0,0,0,28,0
IND00080,01/04/2025,HOSP004,114,46,0.71,1,0,1,0,0,23,0
IND00081,01/05/2025,HOSP004,116,44,0.72,0,0,0,0,0,25,0
IND00082,01/06/2025,HOSP004,115,45,0.72,0,0,0,0,0,25,0
IND00083,01/07/2025,HOSP004,113,47,0.71,0,0,0,0,0,29,0
IND00084,01/08/2025,HOSP004,114,46,0.71,0,0,0,0,0,27,0
IND00085,01/09/2025,HOSP004,114,46,0.71,0,0,0,0,0,42,0
IND00086,01/10/2025,HOSP004,107,53,0.67,0,0,0,0,0,25,0
IND00087,01/11/2025,HOSP004,109,51,0.68,1,0,0,1,0,21,0
IND00088,01/12/2025,HOSP004,102,58,0.64,1,0,1,0,0,18,0
IND00089,01/01/2026,HOSP004,112,48,0.7,0,0,0,0,0,29,0
IND00090,01/02/2026,HOSP004,98,62,0.61,1,0,1,0,0,16,0
IND00091,01/03/2026,HOSP004,103,57,0.64,0,0,0,0,0,29,0
IND00092,01/04/2026,HOSP004,113,47,0.71,0,0,0,0,0,29,0
IND00093,01/05/2026,HOSP004,113,47,0.71,1,1,0,0,0,24,0
IND00094,01/06/2026,HOSP004,113,47,0.71,0,0,0,0,0,29,0
IND00095,01/07/2026,HOSP004,107,53,0.67,0,0,0,0,0,26,0
IND00096,01/08/2026,HOSP004,119,41,0.74,0,0,0,0,0,25,0
IND00097,01/09/2024,HOSP005,202,48,0.81,1,0,0,1,0,11,1
IND00098,01/10/2024,HOSP005,217,33,0.87,0,0,0,0,0,24,0
IND00099,01/11/2024,HOSP005,206,44,0.82,0,0,0,0,0,20,0
IND00100,01/12/2024,HOSP005,215,35,0.86,0,0,0,0,0,30,0
IND00101,01/01/2025,HOSP005,207,43,0.83,0,0,0,0,0,35,0
IND00102,01/02/2025,HOSP005,217,33,0.87,2,0,0,2,0,26,1
IND00103,01/03/2025,HOSP005,209,41,0.84,0,0,0,0,0,26,0
IND00104,01/04/2025,HOSP005,207,43,0.83,2,0,0,2,0,34,0
IND00105,01/05/2025,HOSP005,201,49,0.8,0,0,0,0,0,26,0
IND00106,01/06/2025,HOSP005,219,31,0.88,0,0,0,0,0,27,0
IND00107,01/07/2025,HOSP005,204,46,0.82,0,0,0,0,0,26,0
IND00108,01/08/2025,HOSP005,222,28,0.89,0,0,0,0,0,20,0
IND00109,01/09/2025,HOSP005,208,42,0.83,0,0,0,0,0,37,0
IND00110,01/10/2025,HOSP005,197,53,0.79,1,0,0,1,0,28,0
IND00111,01/11/2025,HOSP005,205,45,0.82,1,0,0,1,0,19,0
IND00112,01/12/2025,HOSP005,210,40,0.84,1,0,1,0,0,38,1
IND00113,01/01/2026,HOSP005,198,52,0.79,0,0,0,0,0,31,0
IND00114,01/02/2026,HOSP005,213,37,0.85,1,0,1,0,0,18,0
IND00115,01/03/2026,HOSP005,193,57,0.77,0,0,0,0,0,25,0
IND00116,01/04/2026,HOSP005,213,37,0.85,2,0,0,1,1,26,1
IND00117,01/05/2026,HOSP005,213,37,0.85,2,0,1,0,1,38,0
IND00118,01/06/2026,HOSP005,199,51,0.8,1,0,0,1,0,25,0
IND00119,01/07/2026,HOSP005,216,34,0.86,1,0,0,0,1,63,0
IND00120,01/08/2026,HOSP005,187,63,0.75,1,0,1,0,0,33,0
IND00121,01/09/2024,HOSP006,187,8,0.96,1,0,0,1,0,22,0
IND00122,01/10/2024,HOSP006,183,12,0.94,2,0,1,1,0,38,0
IND00123,01/11/2024,HOSP006,171,24,0.88,2,1,0,1,0,39,0
IND00124,01/12/2024,HOSP006,175,20,0.9,1,0,1,0,0,25,0
IND00125,01/01/2025,HOSP006,191,4,0.98,1,0,0,1,0,62,0
IND00126,01/02/2025,HOSP006,186,9,0.95,2,0,1,0,1,34,0
IND00127,01/03/2025,HOSP006,172,23,0.88,1,0,1,0,0,13,0
IND00128,01/04/2025,HOSP006,186,9,0.95,2,1,0,1,0,22,0
IND00129,01/05/2025,HOSP006,178,17,0.91,1,0,1,0,0,39,0
IND00130,01/06/2025,HOSP006,176,19,0.9,3,0,1,2,0,17,0
IND00131,01/07/2025,HOSP006,167,28,0.86,2,0,0,2,0,8,0
IND00132,01/08/2025,HOSP006,179,16,0.92,1,0,0,1,0,24,0
IND00133,01/09/2025,HOSP006,181,14,0.93,0,0,0,0,0,31,0
IND00134,01/10/2025,HOSP006,178,17,0.91,3,0,0,3,0,24,0
IND00135,01/11/2025,HOSP006,179,16,0.92,0,0,0,0,0,26,0
IND00136,01/12/2025,HOSP006,179,16,0.92,1,0,0,1,0,21,0
IND00137,01/01/2026,HOSP006,183,12,0.94,2,0,2,0,0,18,0
IND00138,01/02/2026,HOSP006,182,13,0.93,2,0,0,2,0,28,0
IND00139,01/03/2026,HOSP006,180,15,0.92,1,0,1,0,0,30,0
IND00140,01/04/2026,HOSP006,191,4,0.98,2,0,1,1,0,27,0
IND00141,01/05/2026,HOSP006,180,15,0.92,1,0,0,1,0,31,0
IND00142,01/06/2026,HOSP006,168,27,0.86,5,0,1,4,0,37,0
IND00143,01/07/2026,HOSP006,189,6,0.97,3,0,0,3,0,23,0
IND00144,01/08/2026,HOSP006,183,12,0.94,1,0,0,1,0,10,0
IND00145,01/09/2024,HOSP007,129,46,0.74,3,0,1,2,0,32,0
IND00146,01/10/2024,HOSP007,130,45,0.74,2,0,0,2,0,22,0
IND00147,01/11/2024,HOSP007,134,41,0.77,0,0,0,0,0,28,0
IND00148,01/12/2024,HOSP007,140,35,0.8,1,1,0,0,0,44,0
IND00149,01/01/2025,HOSP007,145,30,0.83,0,0,0,0,0,31,0
IND00150,01/02/2025,HOSP007,132,43,0.75,2,0,1,0,1,27,0
IND00151,01/03/2025,HOSP007,144,31,0.82,1,0,0,1,0,25,0
IND00152,01/04/2025,HOSP007,139,36,0.79,3,0,2,0,1,37,2
IND00153,01/05/2025,HOSP007,134,41,0.77,3,0,1,2,0,32,0
IND00154,01/06/2025,HOSP007,145,30,0.83,4,0,4,0,0,29,1
IND00155,01/07/2025,HOSP007,141,34,0.81,2,0,0,2,0,26,0
IND00156,01/08/2025,HOSP007,137,38,0.78,0,0,0,0,0,34,0
IND00157,01/09/2025,HOSP007,135,40,0.77,2,1,0,1,0,27,0
IND00158,01/10/2025,HOSP007,137,38,0.78,1,0,0,1,0,41,0
IND00159,01/11/2025,HOSP007,137,38,0.78,0,0,0,0,0,38,0
IND00160,01/12/2025,HOSP007,148,27,0.85,3,0,3,0,0,23,1
IND00161,01/01/2026,HOSP007,139,36,0.79,1,0,0,1,0,23,0
IND00162,01/02/2026,HOSP007,123,52,0.7,1,0,0,1,0,30,0
IND00163,01/03/2026,HOSP007,138,37,0.79,6,0,2,3,1,24,0
IND00164,01/04/2026,HOSP007,133,42,0.76,2,0,1,1,0,36,0
IND00165,01/05/2026,HOSP007,139,36,0.79,2,0,1,1,0,44,0
IND00166,01/06/2026,HOSP007,144,31,0.82,2,0,0,2,0,22,0
IND00167,01/07/2026,HOSP007,126,49,0.72,1,0,1,0,0,41,0
IND00168,01/08/2026,HOSP007,147,28,0.84,1,0,1,0,0,39,0
IND00169,01/09/2024,HOSP008,156,54,0.74,1,0,0,1,0,25,0
IND00170,01/10/2024,HOSP008,148,62,0.7,1,0,0,1,0,39,0
IND00171,01/11/2024,HOSP008,146,64,0.7,4,0,0,3,1,34,0
IND00172,01/12/2024,HOSP008,147,63,0.7,1,0,0,0,1,48,0
IND00173,01/01/2025,HOSP008,144,66,0.69,2,0,1,0,1,20,0
IND00174,01/02/2025,HOSP008,154,56,0.73,0,0,0,0,0,39,0
IND00175,01/03/2025,HOSP008,141,69,0.67,1,0,0,1,0,41,0
IND00176,01/04/2025,HOSP008,145,65,0.69,1,0,0,1,0,13,0
IND00177,01/05/2025,HOSP008,149,61,0.71,0,0,0,0,0,27,0
IND00178,01/06/2025,HOSP008,143,67,0.68,1,0,0,1,0,26,0
IND00179,01/07/2025,HOSP008,148,62,0.7,3,1,2,0,0,36,0
IND00180,01/08/2025,HOSP008,148,62,0.7,1,0,0,0,1,8,0
IND00181,01/09/2025,HOSP008,164,46,0.78,1,0,0,1,0,40,0
IND00182,01/10/2025,HOSP008,161,49,0.77,1,0,0,1,0,5,0
IND00183,01/11/2025,HOSP008,159,51,0.76,1,0,1,0,0,36,0
IND00184,01/12/2025,HOSP008,153,57,0.73,1,0,0,1,0,23,0
IND00185,01/01/2026,HOSP008,149,61,0.71,2,0,2,0,0,32,0
IND00186,01/02/2026,HOSP008,148,62,0.7,1,0,1,0,0,34,0
IND00187,01/03/2026,HOSP008,144,66,0.69,2,0,0,2,0,30,0
IND00188,01/04/2026,HOSP008,152,58,0.72,0,0,0,0,0,26,0
IND00189,01/05/2026,HOSP008,143,67,0.68,2,0,0,2,0,24,0
IND00190,01/06/2026,HOSP008,145,65,0.69,0,0,0,0,0,29,0
IND00191,01/07/2026,HOSP008,157,53,0.75,1,0,0,1,0,24,0
IND00192,01/08/2026,HOSP008,142,68,0.68,2,0,1,0,1,24,0
IND00193,01/09/2024,HOSP009,139,16,0.9,0,0,0,0,0,30,0
IND00194,01/10/2024,HOSP009,137,18,0.88,0,0,0,0,0,25,0
IND00195,01/11/2024,HOSP009,138,17,0.89,0,0,0,0,0,25,0
IND00196,01/12/2024,HOSP009,130,25,0.84,0,0,0,0,0,34,0
IND00197,01/01/2025,HOSP009,146,9,0.94,2,1,1,0,0,30,0
IND00198,01/02/2025,HOSP009,141,14,0.91,1,0,1,0,0,36,0
IND00199,01/03/2025,HOSP009,147,8,0.95,0,0,0,0,0,39,0
IND00200,01/04/2025,HOSP009,152,3,0.98,0,0,0,0,0,28,0
IND00201,01/05/2025,HOSP009,136,19,0.88,0,0,0,0,0,25,0
IND00202,01/06/2025,HOSP009,134,21,0.86,1,0,1,0,0,41,0
IND00203,01/07/2025,HOSP009,142,13,0.92,0,0,0,0,0,27,0
IND00204,01/08/2025,HOSP009,146,9,0.94,1,0,0,1,0,38,0
IND00205,01/09/2025,HOSP009,143,12,0.92,0,0,0,0,0,23,0
IND00206,01/10/2025,HOSP009,148,7,0.95,2,0,2,0,0,28,0
IND00207,01/11/2025,HOSP009,144,11,0.93,0,0,0,0,0,27,0
IND00208,01/12/2025,HOSP009,135,20,0.87,0,0,0,0,0,31,0
IND00209,01/01/2026,HOSP009,138,17,0.89,2,0,2,0,0,19,0
IND00210,01/02/2026,HOSP009,139,16,0.9,0,0,0,0,0,28,0
IND00211,01/03/2026,HOSP009,148,7,0.95,0,0,0,0,0,36,0
IND00212,01/04/2026,HOSP009,146,9,0.94,0,0,0,0,0,30,0
IND00213,01/05/2026,HOSP009,149,6,0.96,0,0,0,0,0,32,0
IND00214,01/06/2026,HOSP009,143,12,0.92,0,0,0,0,0,28,0
IND00215,01/07/2026,HOSP009,142,13,0.92,0,0,0,0,0,37,0
IND00216,01/08/2026,HOSP009,132,23,0.85,0,0,0,0,0,22,0
IND00217,01/09/2024,HOSP010,196,34,0.85,1,0,0,1,0,32,0
IND00218,01/10/2024,HOSP010,185,45,0.8,1,0,0,1,0,21,0
IND00219,01/11/2024,HOSP010,195,35,0.85,1,0,1,0,0,24,0
IND00220,01/12/2024,HOSP010,187,43,0.81,1,0,1,0,0,34,0
IND00221,01/01/2025,HOSP010,200,30,0.87,3,0,0,3,0,28,0
IND00222,01/02/2025,HOSP010,197,33,0.86,2,0,1,1,0,34,0
IND00223,01/03/2025,HOSP010,191,39,0.83,2,0,1,1,0,52,0
IND00224,01/04/2025,HOSP010,208,22,0.9,1,0,0,1,0,60,0
IND00225,01/05/2025,HOSP010,191,39,0.83,1,0,0,1,0,26,0
IND00226,01/06/2025,HOSP010,196,34,0.85,1,0,0,1,0,29,1
IND00227,01/07/2025,HOSP010,196,34,0.85,3,0,1,2,0,27,1
IND00228,01/08/2025,HOSP010,216,14,0.94,0,0,0,0,0,27,0
IND00229,01/09/2025,HOSP010,186,44,0.81,2,0,0,2,0,26,0
IND00230,01/10/2025,HOSP010,193,37,0.84,0,0,0,0,0,22,0
IND00231,01/11/2025,HOSP010,204,26,0.89,2,0,0,2,0,30,0
IND00232,01/12/2025,HOSP010,193,37,0.84,0,0,0,0,0,34,0
IND00233,01/01/2026,HOSP010,198,32,0.86,0,0,0,0,0,34,0
IND00234,01/02/2026,HOSP010,190,40,0.83,1,0,0,0,1,18,1
IND00235,01/03/2026,HOSP010,193,37,0.84,0,0,0,0,0,26,0
IND00236,01/04/2026,HOSP010,200,30,0.87,1,0,0,1,0,14,0
IND00237,01/05/2026,HOSP010,190,40,0.83,1,0,1,0,0,27,0
IND00238,01/06/2026,HOSP010,188,42,0.82,1,0,1,0,0,68,0
IND00239,01/07/2026,HOSP010,187,43,0.81,0,0,0,0,0,39,0
IND00240,01/08/2026,HOSP010,197,33,0.86,0,0,0,0,0,27,0
IND00241,01/09/2024,HOSP011,129,56,0.7,1,0,0,1,0,31,0
IND00242,01/10/2024,HOSP011,142,43,0.77,1,1,0,0,0,23,0
IND00243,01/11/2024,HOSP011,128,57,0.69,3,0,1,0,2,25,0
IND00244,01/12/2024,HOSP011,146,39,0.79,3,1,0,1,1,26,1
IND00245,01/01/2025,HOSP011,135,50,0.73,1,0,1,0,0,20,0
IND00246,01/02/2025,HOSP011,139,46,0.75,0,0,0,0,0,21,0
IND00247,01/03/2025,HOSP011,134,51,0.72,4,0,2,2,0,30,1
IND00248,01/04/2025,HOSP011,137,48,0.74,1,0,0,0,1,25,0
IND00249,01/05/2025,HOSP011,143,42,0.77,1,0,0,1,0,35,1
IND00250,01/06/2025,HOSP011,133,52,0.72,0,0,0,0,0,27,0
IND00251,01/07/2025,HOSP011,141,44,0.76,0,0,0,0,0,31,0
IND00252,01/08/2025,HOSP011,136,49,0.74,1,1,0,0,0,18,0
IND00253,01/09/2025,HOSP011,131,54,0.71,0,0,0,0,0,28,0
IND00254,01/10/2025,HOSP011,137,48,0.74,3,0,1,2,0,32,0
IND00255,01/11/2025,HOSP011,134,51,0.72,1,0,0,1,0,30,0
IND00256,01/12/2025,HOSP011,126,59,0.68,2,1,0,1,0,24,0
IND00257,01/01/2026,HOSP011,131,54,0.71,0,0,0,0,0,42,0
IND00258,01/02/2026,HOSP011,144,41,0.78,2,0,0,2,0,32,0
IND00259,01/03/2026,HOSP011,139,46,0.75,0,0,0,0,0,34,0
IND00260,01/04/2026,HOSP011,132,53,0.71,2,0,0,1,1,19,0
IND00261,01/05/2026,HOSP011,126,59,0.68,3,1,1,1,0,25,0
IND00262,01/06/2026,HOSP011,148,37,0.8,0,0,0,0,0,39,0
IND00263,01/07/2026,HOSP011,135,50,0.73,1,0,0,0,1,31,0
IND00264,01/08/2026,HOSP011,138,47,0.75,3,1,0,1,1,35,0
IND00265,01/09/2024,HOSP012,166,24,0.87,1,0,1,0,0,25,0
IND00266,01/10/2024,HOSP012,156,34,0.82,1,0,0,1,0,34,0
IND00267,01/11/2024,HOSP012,155,35,0.82,0,0,0,0,0,37,0
IND00268,01/12/2024,HOSP012,170,20,0.89,1,0,1,0,0,26,0
IND00269,01/01/2025,HOSP012,150,40,0.79,2,0,0,2,0,30,0
IND00270,01/02/2025,HOSP012,162,28,0.85,1,0,0,1,0,12,0
IND00271,01/03/2025,HOSP012,156,34,0.82,2,1,0,0,1,21,0
IND00272,01/04/2025,HOSP012,168,22,0.88,1,0,1,0,0,41,0
IND00273,01/05/2025,HOSP012,150,40,0.79,4,1,1,2,0,26,0
IND00274,01/06/2025,HOSP012,165,25,0.87,0,0,0,0,0,19,0
IND00275,01/07/2025,HOSP012,157,33,0.83,0,0,0,0,0,27,0
IND00276,01/08/2025,HOSP012,155,35,0.82,1,0,0,1,0,29,0
IND00277,01/09/2025,HOSP012,157,33,0.83,1,0,0,0,1,25,0
IND00278,01/10/2025,HOSP012,156,34,0.82,3,0,2,1,0,36,0
IND00279,01/11/2025,HOSP012,161,29,0.85,1,1,0,0,0,42,0
IND00280,01/12/2025,HOSP012,167,23,0.88,1,0,0,1,0,30,0
IND00281,01/01/2026,HOSP012,156,34,0.82,0,0,0,0,0,13,0
IND00282,01/02/2026,HOSP012,173,17,0.91,2,1,1,0,0,32,0
IND00283,01/03/2026,HOSP012,163,27,0.86,1,0,0,1,0,15,0
IND00284,01/04/2026,HOSP012,165,25,0.87,0,0,0,0,0,25,0
IND00285,01/05/2026,HOSP012,170,20,0.89,0,0,0,0,0,35,0
IND00286,01/06/2026,HOSP012,159,31,0.84,2,0,0,2,0,42,0
IND00287,01/07/2026,HOSP012,156,34,0.82,1,0,0,0,1,47,0
IND00288,01/08/2026,HOSP012,150,40,0.79,1,0,0,1,0,32,0
IND00289,01/09/2024,HOSP013,220,5,0.98,3,0,0,3,0,29,0
IND00290,01/10/2024,HOSP013,208,17,0.92,1,0,1,0,0,34,0
IND00291,01/11/2024,HOSP013,207,18,0.92,2,0,2,0,0,26,0
IND00292,01/12/2024,HOSP013,214,11,0.95,1,0,1,0,0,20,0
IND00293,01/01/2025,HOSP013,208,17,0.92,1,0,0,1,0,38,0
IND00294,01/02/2025,HOSP013,198,27,0.88,1,1,0,0,0,18,0
IND00295,01/03/2025,HOSP013,213,12,0.95,3,0,1,2,0,22,0
IND00296,01/04/2025,HOSP013,207,18,0.92,1,0,1,0,0,26,0
IND00297,01/05/2025,HOSP013,200,25,0.89,2,0,0,1,1,37,0
IND00298,01/06/2025,HOSP013,206,19,0.92,1,0,0,1,0,16,0
IND00299,01/07/2025,HOSP013,208,17,0.92,2,0,1,0,1,23,0
IND00300,01/08/2025,HOSP013,217,8,0.96,1,0,1,0,0,47,0
IND00301,01/09/2025,HOSP013,211,14,0.94,0,0,0,0,0,24,0
IND00302,01/10/2025,HOSP013,201,24,0.89,2,0,1,1,0,48,0
IND00303,01/11/2025,HOSP013,208,17,0.92,2,0,0,2,0,22,0
IND00304,01/12/2025,HOSP013,213,12,0.95,1,0,1,0,0,39,0
IND00305,01/01/2026,HOSP013,209,16,0.93,3,0,1,2,0,36,0
IND00306,01/02/2026,HOSP013,205,20,0.91,2,0,0,2,0,27,0
IND00307,01/03/2026,HOSP013,209,16,0.93,5,0,2,3,0,26,1
IND00308,01/04/2026,HOSP013,206,19,0.92,0,0,0,0,0,25,0
IND00309,01/05/2026,HOSP013,191,34,0.85,2,0,0,2,0,26,0
IND00310,01/06/2026,HOSP013,219,6,0.97,2,0,1,1,0,36,0
IND00311,01/07/2026,HOSP013,201,24,0.89,1,0,0,1,0,39,0
IND00312,01/08/2026,HOSP013,197,28,0.88,1,0,1,0,0,23,0
IND00313,01/09/2024,HOSP014,133,37,0.78,0,0,0,0,0,31,0
IND00314,01/10/2024,HOSP014,132,38,0.78,0,0,0,0,0,34,0
IND00315,01/11/2024,HOSP014,132,38,0.78,0,0,0,0,0,27,0
IND00316,01/12/2024,HOSP014,133,37,0.78,2,0,1,0,1,32,0
IND00317,01/01/2025,HOSP014,124,46,0.73,0,0,0,0,0,27,0
IND00318,01/02/2025,HOSP014,122,48,0.72,0,0,0,0,0,34,0
IND00319,01/03/2025,HOSP014,133,37,0.78,0,0,0,0,0,30,0
IND00320,01/04/2025,HOSP014,129,41,0.76,0,0,0,0,0,27,0
IND00321,01/05/2025,HOSP014,126,44,0.74,1,0,0,0,1,43,0
IND00322,01/06/2025,HOSP014,117,53,0.69,0,0,0,0,0,31,0
IND00323,01/07/2025,HOSP014,114,56,0.67,0,0,0,0,0,29,0
IND00324,01/08/2025,HOSP014,123,47,0.72,0,0,0,0,0,30,0
IND00325,01/09/2025,HOSP014,118,52,0.69,0,0,0,0,0,41,0
IND00326,01/10/2025,HOSP014,131,39,0.77,0,0,0,0,0,27,0
IND00327,01/11/2025,HOSP014,117,53,0.69,0,0,0,0,0,26,0
IND00328,01/12/2025,HOSP014,130,40,0.76,0,0,0,0,0,37,0
IND00329,01/01/2026,HOSP014,129,41,0.76,0,0,0,0,0,25,0
IND00330,01/02/2026,HOSP014,122,48,0.72,1,0,0,1,0,18,0
IND00331,01/03/2026,HOSP014,125,45,0.74,0,0,0,0,0,39,0
IND00332,01/04/2026,HOSP014,132,38,0.78,0,0,0,0,0,28,0
IND00333,01/05/2026,HOSP014,134,36,0.79,1,0,1,0,0,51,0
IND00334,01/06/2026,HOSP014,120,50,0.71,0,0,0,0,0,29,0
IND00335,01/07/2026,HOSP014,144,26,0.85,0,0,0,0,0,33,0
IND00336,01/08/2026,HOSP014,120,50,0.71,0,0,0,0,0,36,0
IND00337,01/09/2024,HOSP015,220,25,0.9,1,0,1,0,0,13,0
IND00338,01/10/2024,HOSP015,213,32,0.87,1,0,0,1,0,33,0
IND00339,01/11/2024,HOSP015,212,33,0.87,0,0,0,0,0,35,0
IND00340,01/12/2024,HOSP015,217,28,0.89,2,0,0,1,1,24,0
IND00341,01/01/2025,HOSP015,216,29,0.88,3,0,2,1,0,23,0
IND00342,01/02/2025,HOSP015,220,25,0.9,1,0,0,0,1,26,0
IND00343,01/03/2025,HOSP015,224,21,0.91,3,0,0,2,1,33,0
IND00344,01/04/2025,HOSP015,217,28,0.89,3,0,0,3,0,36,0
IND00345,01/05/2025,HOSP015,200,45,0.82,2,0,1,1,0,24,0
IND00346,01/06/2025,HOSP015,207,38,0.84,0,0,0,0,0,28,0
IND00347,01/07/2025,HOSP015,221,24,0.9,0,0,0,0,0,27,0
IND00348,01/08/2025,HOSP015,211,34,0.86,2,0,0,2,0,22,0
IND00349,01/09/2025,HOSP015,206,39,0.84,1,0,0,0,1,30,0
IND00350,01/10/2025,HOSP015,216,29,0.88,2,0,2,0,0,28,0
IND00351,01/11/2025,HOSP015,220,25,0.9,1,0,1,0,0,32,0
IND00352,01/12/2025,HOSP015,226,19,0.92,2,0,0,1,1,46,0
IND00353,01/01/2026,HOSP015,216,29,0.88,2,1,0,1,0,36,1
IND00354,01/02/2026,HOSP015,229,16,0.93,0,0,0,0,0,31,0
IND00355,01/03/2026,HOSP015,213,32,0.87,0,0,0,0,0,30,0
IND00356,01/04/2026,HOSP015,218,27,0.89,0,0,0,0,0,25,0
IND00357,01/05/2026,HOSP015,223,22,0.91,0,0,0,0,0,31,0
IND00358,01/06/2026,HOSP015,223,22,0.91,1,0,1,0,0,17,0
IND00359,01/07/2026,HOSP015,231,14,0.94,0,0,0,0,0,35,0
IND00360,01/08/2026,HOSP015,223,22,0.91,2,0,0,1,1,32,0
IND00361,01/09/2024,HOSP016,173,27,0.86,2,0,1,1,0,28,0
IND00362,01/10/2024,HOSP016,177,23,0.89,2,0,1,1,0,21,0
IND00363,01/11/2024,HOSP016,176,24,0.88,1,0,1,0,0,24,0
IND00364,01/12/2024,HOSP016,157,43,0.79,0,0,0,0,0,30,0
IND00365,01/01/2025,HOSP016,158,42,0.79,2,1,1,0,0,29,0
IND00366,01/02/2025,HOSP016,170,30,0.85,1,0,0,0,1,33,0
IND00367,01/03/2025,HOSP016,168,32,0.84,0,0,0,0,0,38,0
IND00368,01/04/2025,HOSP016,175,25,0.88,0,0,0,0,0,31,0
IND00369,01/05/2025,HOSP016,172,28,0.86,1,0,1,0,0,27,0
IND00370,01/06/2025,HOSP016,182,18,0.91,1,0,0,1,0,5,0
IND00371,01/07/2025,HOSP016,159,41,0.8,2,0,2,0,0,24,0
IND00372,01/08/2025,HOSP016,168,32,0.84,2,0,1,1,0,32,0
IND00373,01/09/2025,HOSP016,173,27,0.86,1,0,1,0,0,17,0
IND00374,01/10/2025,HOSP016,159,41,0.8,2,1,0,1,0,32,0
IND00375,01/11/2025,HOSP016,169,31,0.84,1,0,1,0,0,34,1
IND00376,01/12/2025,HOSP016,173,27,0.86,2,0,0,1,1,34,0
IND00377,01/01/2026,HOSP016,164,36,0.82,1,0,0,1,0,22,0
IND00378,01/02/2026,HOSP016,178,22,0.89,2,0,1,0,1,28,0
IND00379,01/03/2026,HOSP016,162,38,0.81,4,1,2,1,0,32,1
IND00380,01/04/2026,HOSP016,163,37,0.81,3,0,0,3,0,35,0
IND00381,01/05/2026,HOSP016,168,32,0.84,1,0,0,1,0,32,0
IND00382,01/06/2026,HOSP016,166,34,0.83,1,0,0,1,0,33,0
IND00383,01/07/2026,HOSP016,167,33,0.83,1,0,0,0,1,17,0
IND00384,01/08/2026,HOSP016,171,29,0.85,2,0,1,1,0,37,0
IND00385,01/09/2024,HOSP017,120,45,0.73,0,0,0,0,0,28,0
IND00386,01/10/2024,HOSP017,119,46,0.72,1,0,0,1,0,36,0
IND00387,01/11/2024,HOSP017,120,45,0.73,2,0,0,2,0,30,0
IND00388,01/12/2024,HOSP017,116,49,0.7,2,0,1,1,0,22,0
IND00389,01/01/2025,HOSP017,118,47,0.72,2,0,1,1,0,26,0
IND00390,01/02/2025,HOSP017,112,53,0.68,1,0,0,1,0,20,0
IND00391,01/03/2025,HOSP017,129,36,0.78,1,0,1,0,0,9,0
IND00392,01/04/2025,HOSP017,114,51,0.69,2,0,0,2,0,32,0
IND00393,01/05/2025,HOSP017,117,48,0.71,0,0,0,0,0,29,0
IND00394,01/06/2025,HOSP017,123,42,0.75,0,0,0,0,0,26,0
IND00395,01/07/2025,HOSP017,114,51,0.69,0,0,0,0,0,23,0
IND00396,01/08/2025,HOSP017,123,42,0.75,0,0,0,0,0,32,0
IND00397,01/09/2025,HOSP017,120,45,0.73,0,0,0,0,0,24,0
IND00398,01/10/2025,HOSP017,128,37,0.78,1,0,0,1,0,52,0
IND00399,01/11/2025,HOSP017,127,38,0.77,0,0,0,0,0,27,0
IND00400,01/12/2025,HOSP017,128,37,0.78,0,0,0,0,0,28,0
IND00401,01/01/2026,HOSP017,121,44,0.73,1,0,0,1,0,43,0
IND00402,01/02/2026,HOSP017,118,47,0.72,2,0,1,1,0,5,0
IND00403,01/03/2026,HOSP017,122,43,0.74,2,0,0,2,0,26,0
IND00404,01/04/2026,HOSP017,115,50,0.7,1,0,0,1,0,40,0
IND00405,01/05/2026,HOSP017,122,43,0.74,1,0,1,0,0,29,0
IND00406,01/06/2026,HOSP017,112,53,0.68,2,0,1,1,0,15,1
IND00407,01/07/2026,HOSP017,115,50,0.7,0,0,0,0,0,31,0
IND00408,01/08/2026,HOSP017,122,43,0.74,0,0,0,0,0,32,0
IND00409,01/09/2024,HOSP018,160,55,0.74,0,0,0,0,0,29,0
IND00410,01/10/2024,HOSP018,147,68,0.68,2,0,1,1,0,38,0
IND00411,01/11/2024,HOSP018,158,57,0.73,6,1,3,2,0,26,1
IND00412,01/12/2024,HOSP018,152,63,0.71,13,1,5,6,1,30,2
IND00413,01/01/2025,HOSP018,157,58,0.73,6,0,3,2,1,27,2
IND00414,01/02/2025,HOSP018,150,65,0.7,4,0,3,1,0,35,0
IND00415,01/03/2025,HOSP018,158,57,0.73,7,0,3,3,1,33,0
IND00416,01/04/2025,HOSP018,167,48,0.78,8,0,1,6,1,33,0
IND00417,01/05/2025,HOSP018,163,52,0.76,2,0,1,1,0,56,0
IND00418,01/06/2025,HOSP018,159,56,0.74,0,0,0,0,0,18,0
IND00419,01/07/2025,HOSP018,155,60,0.72,3,0,0,2,1,35,0
IND00420,01/08/2025,HOSP018,147,68,0.68,6,1,2,2,1,26,1
IND00421,01/09/2025,HOSP018,162,53,0.75,0,0,0,0,0,28,0
IND00422,01/10/2025,HOSP018,141,74,0.66,5,0,1,4,0,23,0
IND00423,01/11/2025,HOSP018,152,63,0.71,2,0,2,0,0,21,0
IND00424,01/12/2025,HOSP018,157,58,0.73,3,0,2,0,1,31,0
IND00425,01/01/2026,HOSP018,153,62,0.71,2,0,0,2,0,27,0
IND00426,01/02/2026,HOSP018,153,62,0.71,6,1,2,3,0,26,0
IND00427,01/03/2026,HOSP018,147,68,0.68,3,0,2,1,0,34,0
IND00428,01/04/2026,HOSP018,150,65,0.7,6,0,0,5,1,28,1
IND00429,01/05/2026,HOSP018,151,64,0.7,2,0,0,2,0,28,0
IND00430,01/06/2026,HOSP018,147,68,0.68,2,0,0,1,1,27,0
IND00431,01/07/2026,HOSP018,152,63,0.71,5,1,2,2,0,25,1
IND00432,01/08/2026,HOSP018,159,56,0.74,4,0,2,1,1,32,0
IND00433,01/09/2024,HOSP019,140,10,0.93,0,0,0,0,0,24,0
IND00434,01/10/2024,HOSP019,134,16,0.89,0,0,0,0,0,28,0
IND00435,01/11/2024,HOSP019,142,8,0.95,1,0,0,1,0,47,1
IND00436,01/12/2024,HOSP019,131,19,0.87,0,0,0,0,0,35,0
IND00437,01/01/2025,HOSP019,137,13,0.91,0,0,0,0,0,34,0
IND00438,01/02/2025,HOSP019,131,19,0.87,0,0,0,0,0,30,0
IND00439,01/03/2025,HOSP019,136,14,0.91,0,0,0,0,0,32,0
IND00440,01/04/2025,HOSP019,134,16,0.89,0,0,0,0,0,20,0
IND00441,01/05/2025,HOSP019,142,8,0.95,0,0,0,0,0,30,0
IND00442,01/06/2025,HOSP019,138,12,0.92,0,0,0,0,0,33,0
IND00443,01/07/2025,HOSP019,147,3,0.98,0,0,0,0,0,25,0
IND00444,01/08/2025,HOSP019,130,20,0.87,0,0,0,0,0,31,0
IND00445,01/09/2025,HOSP019,137,13,0.91,0,0,0,0,0,27,0
IND00446,01/10/2025,HOSP019,140,10,0.93,0,0,0,0,0,35,0
IND00447,01/11/2025,HOSP019,141,9,0.94,1,0,1,0,0,27,0
IND00448,01/12/2025,HOSP019,145,5,0.97,0,0,0,0,0,35,0
IND00449,01/01/2026,HOSP019,135,15,0.9,0,0,0,0,0,26,0
IND00450,01/02/2026,HOSP019,142,8,0.95,1,0,0,1,0,33,0
IND00451,01/03/2026,HOSP019,128,22,0.85,0,0,0,0,0,37,0
IND00452,01/04/2026,HOSP019,128,22,0.85,1,0,1,0,0,51,0
IND00453,01/05/2026,HOSP019,136,14,0.91,1,0,0,1,0,43,0
IND00454,01/06/2026,HOSP019,146,4,0.97,0,0,0,0,0,28,0
IND00455,01/07/2026,HOSP019,142,8,0.95,0,0,0,0,0,41,0
IND00456,01/08/2026,HOSP019,133,17,0.89,0,0,0,0,0,26,0
IND00457,01/09/2024,HOSP020,187,48,0.8,1,0,1,0,0,33,0
IND00458,01/10/2024,HOSP020,173,62,0.74,2,0,2,0,0,20,0
IND00459,01/11/2024,HOSP020,179,56,0.76,2,0,0,0,2,24,0
IND00460,01/12/2024,HOSP020,179,56,0.76,1,0,1,0,0,13,0
IND00461,01/01/2025,HOSP020,182,53,0.77,1,0,1,0,0,31,0
IND00462,01/02/2025,HOSP020,188,47,0.8,0,0,0,0,0,29,0
IND00463,01/03/2025,HOSP020,172,63,0.73,3,0,2,1,0,21,0
IND00464,01/04/2025,HOSP020,167,68,0.71,0,0,0,0,0,30,0
IND00465,01/05/2025,HOSP020,172,63,0.73,3,0,2,1,0,23,0
IND00466,01/06/2025,HOSP020,187,48,0.8,1,0,0,1,0,36,0
IND00467,01/07/2025,HOSP020,177,58,0.75,4,0,4,0,0,42,0
IND00468,01/08/2025,HOSP020,176,59,0.75,1,0,0,1,0,29,1
IND00469,01/09/2025,HOSP020,182,53,0.77,3,0,1,0,2,25,1
IND00470,01/10/2025,HOSP020,173,62,0.74,2,1,0,1,0,24,0
IND00471,01/11/2025,HOSP020,175,60,0.74,1,0,0,1,0,35,0
IND00472,01/12/2025,HOSP020,182,53,0.77,1,1,0,0,0,42,0
IND00473,01/01/2026,HOSP020,168,67,0.71,3,0,1,2,0,26,0
IND00474,01/02/2026,HOSP020,181,54,0.77,0,0,0,0,0,25,0
IND00475,01/03/2026,HOSP020,179,56,0.76,1,0,0,0,1,36,1
IND00476,01/04/2026,HOSP020,156,79,0.66,0,0,0,0,0,19,0
IND00477,01/05/2026,HOSP020,175,60,0.74,3,0,2,1,0,29,0
IND00478,01/06/2026,HOSP020,182,53,0.77,2,0,2,0,0,26,0
IND00479,01/07/2026,HOSP020,183,52,0.78,1,0,0,0,1,21,0
IND00480,01/08/2026,HOSP020,191,44,0.81,1,0,0,1,0,24,0
IND00481,01/09/2024,HOSP021,149,41,0.78,1,0,1,0,0,7,0
IND00482,01/10/2024,HOSP021,153,37,0.81,0,0,0,0,0,24,0
IND00483,01/11/2024,HOSP021,152,38,0.8,1,0,0,1,0,32,0
IND00484,01/12/2024,HOSP021,160,30,0.84,0,0,0,0,0,35,0
IND00485,01/01/2025,HOSP021,153,37,0.81,1,0,0,1,0,22,0
IND00486,01/02/2025,HOSP021,145,45,0.76,1,0,1,0,0,39,0
IND00487,01/03/2025,HOSP021,149,41,0.78,0,0,0,0,0,27,0
IND00488,01/04/2025,HOSP021,152,38,0.8,1,0,0,1,0,21,0
IND00489,01/05/2025,HOSP021,151,39,0.79,0,0,0,0,0,27,0
IND00490,01/06/2025,HOSP021,156,34,0.82,0,0,0,0,0,38,0
IND00491,01/07/2025,HOSP021,152,38,0.8,0,0,0,0,0,32,0
IND00492,01/08/2025,HOSP021,148,42,0.78,0,0,0,0,0,33,0
IND00493,01/09/2025,HOSP021,155,35,0.82,0,0,0,0,0,34,0
IND00494,01/10/2025,HOSP021,152,38,0.8,0,0,0,0,0,24,0
IND00495,01/11/2025,HOSP021,156,34,0.82,0,0,0,0,0,30,0
IND00496,01/12/2025,HOSP021,146,44,0.77,0,0,0,0,0,30,0
IND00497,01/01/2026,HOSP021,157,33,0.83,0,0,0,0,0,28,0
IND00498,01/02/2026,HOSP021,142,48,0.75,1,0,1,0,0,36,0
IND00499,01/03/2026,HOSP021,154,36,0.81,1,0,0,1,0,22,0
IND00500,01/04/2026,HOSP021,159,31,0.84,0,0,0,0,0,23,0
IND00501,01/05/2026,HOSP021,142,48,0.75,0,0,0,0,0,32,0
IND00502,01/06/2026,HOSP021,146,44,0.77,1,0,1,0,0,24,0
IND00503,01/07/2026,HOSP021,150,40,0.79,1,0,0,1,0,28,0
IND00504,01/08/2026,HOSP021,150,40,0.79,0,0,0,0,0,19,0
IND00505,01/09/2024,HOSP022,146,39,0.79,0,0,0,0,0,23,0
IND00506,01/10/2024,HOSP022,159,26,0.86,0,0,0,0,0,24,0
IND00507,01/11/2024,HOSP022,141,44,0.76,0,0,0,0,0,26,0
IND00508,01/12/2024,HOSP022,146,39,0.79,1,0,0,1,0,42,0
IND00509,01/01/2025,HOSP022,159,26,0.86,0,0,0,0,0,34,0
IND00510,01/02/2025,HOSP022,155,30,0.84,0,0,0,0,0,39,0
IND00511,01/03/2025,HOSP022,157,28,0.85,3,0,0,3,0,32,0
IND00512,01/04/2025,HOSP022,151,34,0.82,0,0,0,0,0,39,0
IND00513,01/05/2025,HOSP022,149,36,0.81,0,0,0,0,0,34,0
IND00514,01/06/2025,HOSP022,160,25,0.86,1,0,0,1,0,19,0
IND00515,01/07/2025,HOSP022,157,28,0.85,1,0,0,1,0,40,0
IND00516,01/08/2025,HOSP022,145,40,0.78,0,0,0,0,0,31,0
IND00517,01/09/2025,HOSP022,160,25,0.86,1,0,1,0,0,40,0
IND00518,01/10/2025,HOSP022,158,27,0.85,0,0,0,0,0,15,0
IND00519,01/11/2025,HOSP022,161,24,0.87,0,0,0,0,0,36,0
IND00520,01/12/2025,HOSP022,149,36,0.81,1,0,0,1,0,40,0
IND00521,01/01/2026,HOSP022,154,31,0.83,1,0,0,1,0,45,0
IND00522,01/02/2026,HOSP022,162,23,0.88,0,0,0,0,0,44,0
IND00523,01/03/2026,HOSP022,146,39,0.79,2,0,0,1,1,36,0
IND00524,01/04/2026,HOSP022,160,25,0.86,0,0,0,0,0,32,0
IND00525,01/05/2026,HOSP022,153,32,0.83,0,0,0,0,0,30,0
IND00526,01/06/2026,HOSP022,148,37,0.8,0,0,0,0,0,33,0
IND00527,01/07/2026,HOSP022,157,28,0.85,3,0,1,1,1,35,0
IND00528,01/08/2026,HOSP022,158,27,0.85,1,1,0,0,0,30,0
IND00529,01/09/2024,HOSP023,163,42,0.8,0,0,0,0,0,33,0
IND00530,01/10/2024,HOSP023,158,47,0.77,1,0,0,1,0,40,0
IND00531,01/11/2024,HOSP023,164,41,0.8,0,0,0,0,0,30,0
IND00532,01/12/2024,HOSP023,158,47,0.77,2,0,0,2,0,24,0
IND00533,01/01/2025,HOSP023,163,42,0.8,0,0,0,0,0,27,0
IND00534,01/02/2025,HOSP023,162,43,0.79,0,0,0,0,0,31,0
IND00535,01/03/2025,HOSP023,164,41,0.8,4,0,2,1,1,23,1
IND00536,01/04/2025,HOSP023,158,47,0.77,2,0,1,1,0,38,0
IND00537,01/05/2025,HOSP023,159,46,0.78,1,0,0,1,0,38,0
IND00538,01/06/2025,HOSP023,158,47,0.77,0,0,0,0,0,21,0
IND00539,01/07/2025,HOSP023,163,42,0.8,0,0,0,0,0,18,0
IND00540,01/08/2025,HOSP023,161,44,0.79,1,0,1,0,0,27,0
IND00541,01/09/2025,HOSP023,167,38,0.81,0,0,0,0,0,37,0
IND00542,01/10/2025,HOSP023,165,40,0.8,2,0,0,2,0,44,0
IND00543,01/11/2025,HOSP023,169,36,0.82,2,0,0,2,0,34,0
IND00544,01/12/2025,HOSP023,151,54,0.74,1,0,0,1,0,34,0
IND00545,01/01/2026,HOSP023,154,51,0.75,0,0,0,0,0,26,0
IND00546,01/02/2026,HOSP023,164,41,0.8,3,0,0,3,0,27,0
IND00547,01/03/2026,HOSP023,162,43,0.79,4,1,1,0,2,32,1
IND00548,01/04/2026,HOSP023,164,41,0.8,1,1,0,0,0,44,0
IND00549,01/05/2026,HOSP023,168,37,0.82,1,0,0,1,0,16,0
IND00550,01/06/2026,HOSP023,161,44,0.79,1,0,0,1,0,25,1
IND00551,01/07/2026,HOSP023,161,44,0.79,1,0,0,1,0,14,0
IND00552,01/08/2026,HOSP023,147,58,0.72,2,0,2,0,0,34,0
IND00553,01/09/2024,HOSP024,104,61,0.63,0,0,0,0,0,33,0
IND00554,01/10/2024,HOSP024,111,54,0.67,0,0,0,0,0,38,0
IND00555,01/11/2024,HOSP024,107,58,0.65,1,0,0,1,0,31,0
IND00556,01/12/2024,HOSP024,101,64,0.61,1,0,0,0,1,31,0
IND00557,01/01/2025,HOSP024,107,58,0.65,1,0,1,0,0,20,0
IND00558,01/02/2025,HOSP024,120,45,0.73,1,0,0,1,0,29,0
IND00559,01/03/2025,HOSP024,125,40,0.76,2,0,0,2,0,24,1
IND00560,01/04/2025,HOSP024,115,50,0.7,0,0,0,0,0,36,0
IND00561,01/05/2025,HOSP024,105,60,0.64,1,0,0,1,0,31,0
IND00562,01/06/2025,HOSP024,120,45,0.73,1,0,0,1,0,42,0
IND00563,01/07/2025,HOSP024,108,57,0.65,0,0,0,0,0,26,0
IND00564,01/08/2025,HOSP024,113,52,0.68,1,0,0,1,0,41,0
IND00565,01/09/2025,HOSP024,119,46,0.72,1,0,0,1,0,31,0
IND00566,01/10/2025,HOSP024,114,51,0.69,1,0,1,0,0,30,0
IND00567,01/11/2025,HOSP024,117,48,0.71,0,0,0,0,0,31,0
IND00568,01/12/2025,HOSP024,115,50,0.7,0,0,0,0,0,22,0
IND00569,01/01/2026,HOSP024,95,70,0.58,0,0,0,0,0,28,0
IND00570,01/02/2026,HOSP024,107,58,0.65,1,0,0,0,1,34,0
IND00571,01/03/2026,HOSP024,116,49,0.7,0,0,0,0,0,35,0
IND00572,01/04/2026,HOSP024,106,59,0.64,2,2,0,0,0,27,0
IND00573,01/05/2026,HOSP024,114,51,0.69,0,0,0,0,0,29,0
IND00574,01/06/2026,HOSP024,114,51,0.69,1,0,0,1,0,35,0
IND00575,01/07/2026,HOSP024,114,51,0.69,0,0,0,0,0,12,0
IND00576,01/08/2026,HOSP024,108,57,0.65,2,0,2,0,0,41,1
IND00577,01/09/2024,HOSP025,179,76,0.7,2,1,1,0,0,28,0
IND00578,01/10/2024,HOSP025,189,66,0.74,0,0,0,0,0,16,0
IND00579,01/11/2024,HOSP025,203,52,0.8,1,0,1,0,0,39,0
IND00580,01/12/2024,HOSP025,193,62,0.76,4,0,0,3,1,34,0
IND00581,01/01/2025,HOSP025,178,77,0.7,4,0,2,1,1,25,1
IND00582,01/02/2025,HOSP025,199,56,0.78,3,0,1,2,0,19,0
IND00583,01/03/2025,HOSP025,185,70,0.73,2,0,0,2,0,32,0
IND00584,01/04/2025,HOSP025,196,59,0.77,3,0,3,0,0,30,0
IND00585,01/05/2025,HOSP025,193,62,0.76,3,0,1,2,0,25,0
IND00586,01/06/2025,HOSP025,193,62,0.76,1,0,1,0,0,26,0
IND00587,01/07/2025,HOSP025,193,62,0.76,0,0,0,0,0,24,0
IND00588,01/08/2025,HOSP025,199,56,0.78,1,0,1,0,0,46,0
IND00589,01/09/2025,HOSP025,186,69,0.73,1,1,0,0,0,27,0
IND00590,01/10/2025,HOSP025,184,71,0.72,4,0,1,2,1,33,0
IND00591,01/11/2025,HOSP025,189,66,0.74,2,0,0,2,0,22,0
IND00592,01/12/2025,HOSP025,180,75,0.71,2,0,1,1,0,22,0
IND00593,01/01/2026,HOSP025,173,82,0.68,1,0,1,0,0,17,0
IND00594,01/02/2026,HOSP025,198,57,0.78,1,0,0,1,0,41,0
IND00595,01/03/2026,HOSP025,187,68,0.73,1,1,0,0,0,35,0
IND00596,01/04/2026,HOSP025,192,63,0.75,1,0,1,0,0,31,0
IND00597,01/05/2026,HOSP025,181,74,0.71,4,0,2,2,0,29,2
IND00598,01/06/2026,HOSP025,194,61,0.76,4,0,2,1,1,16,1
IND00599,01/07/2026,HOSP025,193,62,0.76,0,0,0,0,0,37,0
IND00600,01/08/2026,HOSP025,206,49,0.81,5,0,2,3,0,33,0
IND00601,01/09/2024,HOSP026,142,33,0.81,1,0,0,1,0,55,0
IND00602,01/10/2024,HOSP026,140,35,0.8,0,0,0,0,0,30,0
IND00603,01/11/2024,HOSP026,129,46,0.74,1,0,0,1,0,25,0
IND00604,01/12/2024,HOSP026,138,37,0.79,0,0,0,0,0,30,0
IND00605,01/01/2025,HOSP026,133,42,0.76,1,0,0,0,1,5,0
IND00606,01/02/2025,HOSP026,135,40,0.77,0,0,0,0,0,21,0
IND00607,01/03/2025,HOSP026,144,31,0.82,0,0,0,0,0,30,0
IND00608,01/04/2025,HOSP026,141,34,0.81,3,0,0,3,0,19,0
IND00609,01/05/2025,HOSP026,136,39,0.78,0,0,0,0,0,16,0
IND00610,01/06/2025,HOSP026,142,33,0.81,0,0,0,0,0,31,0
IND00611,01/07/2025,HOSP026,139,36,0.79,0,0,0,0,0,36,0
IND00612,01/08/2025,HOSP026,135,40,0.77,1,0,1,0,0,24,0
IND00613,01/09/2025,HOSP026,130,45,0.74,0,0,0,0,0,24,0
IND00614,01/10/2025,HOSP026,146,29,0.83,1,0,1,0,0,55,0
IND00615,01/11/2025,HOSP026,134,41,0.77,0,0,0,0,0,35,0
IND00616,01/12/2025,HOSP026,135,40,0.77,0,0,0,0,0,25,0
IND00617,01/01/2026,HOSP026,132,43,0.75,0,0,0,0,0,30,0
IND00618,01/02/2026,HOSP026,143,32,0.82,0,0,0,0,0,28,0
IND00619,01/03/2026,HOSP026,149,26,0.85,0,0,0,0,0,29,0
IND00620,01/04/2026,HOSP026,126,49,0.72,0,0,0,0,0,38,0
IND00621,01/05/2026,HOSP026,133,42,0.76,0,0,0,0,0,34,0
IND00622,01/06/2026,HOSP026,135,40,0.77,1,0,0,1,0,12,0
IND00623,01/07/2026,HOSP026,144,31,0.82,1,0,0,1,0,14,0
IND00624,01/08/2026,HOSP026,134,41,0.77,1,0,1,0,0,14,0
IND00625,01/09/2024,HOSP027,168,27,0.86,0,0,0,0,0,25,0
IND00626,01/10/2024,HOSP027,168,27,0.86,0,0,0,0,0,13,0
IND00627,01/11/2024,HOSP027,174,21,0.89,2,0,2,0,0,40,0
IND00628,01/12/2024,HOSP027,171,24,0.88,2,0,1,1,0,29,1
IND00629,01/01/2025,HOSP027,172,23,0.88,1,0,0,0,1,36,0
IND00630,01/02/2025,HOSP027,162,33,0.83,1,0,0,1,0,29,1
IND00631,01/03/2025,HOSP027,169,26,0.87,4,0,1,2,1,22,0
IND00632,01/04/2025,HOSP027,163,32,0.84,1,0,0,1,0,30,0
IND00633,01/05/2025,HOSP027,160,35,0.82,1,0,0,1,0,5,0
IND00634,01/06/2025,HOSP027,175,20,0.9,0,0,0,0,0,34,0
IND00635,01/07/2025,HOSP027,165,30,0.85,1,0,0,1,0,46,1
IND00636,01/08/2025,HOSP027,159,36,0.82,0,0,0,0,0,33,0
IND00637,01/09/2025,HOSP027,162,33,0.83,0,0,0,0,0,30,0
IND00638,01/10/2025,HOSP027,161,34,0.83,1,0,0,0,1,18,0
IND00639,01/11/2025,HOSP027,175,20,0.9,0,0,0,0,0,26,0
IND00640,01/12/2025,HOSP027,172,23,0.88,0,0,0,0,0,38,0
IND00641,01/01/2026,HOSP027,166,29,0.85,0,0,0,0,0,18,0
IND00642,01/02/2026,HOSP027,168,27,0.86,0,0,0,0,0,24,0
IND00643,01/03/2026,HOSP027,171,24,0.88,2,0,2,0,0,14,0
IND00644,01/04/2026,HOSP027,164,31,0.84,3,0,2,1,0,24,0
IND00645,01/05/2026,HOSP027,172,23,0.88,0,0,0,0,0,20,0
IND00646,01/06/2026,HOSP027,177,18,0.91,1,0,1,0,0,28,0
IND00647,01/07/2026,HOSP027,167,28,0.86,1,0,1,0,0,30,0
IND00648,01/08/2026,HOSP027,166,29,0.85,2,0,0,2,0,26,0
IND00649,01/09/2024,HOSP028,195,35,0.85,5,1,1,3,0,28,0
IND00650,01/10/2024,HOSP028,179,51,0.78,0,0,0,0,0,31,0
IND00651,01/11/2024,HOSP028,183,47,0.8,1,0,0,0,1,6,0
IND00652,01/12/2024,HOSP028,191,39,0.83,6,0,1,5,0,29,1
IND00653,01/01/2025,HOSP028,198,32,0.86,3,0,0,2,1,23,0
IND00654,01/02/2025,HOSP028,183,47,0.8,3,0,1,0,2,31,1
IND00655,01/03/2025,HOSP028,169,61,0.73,1,0,1,0,0,26,0
IND00656,01/04/2025,HOSP028,186,44,0.81,0,0,0,0,0,26,0
IND00657,01/05/2025,HOSP028,199,31,0.87,1,0,0,1,0,33,0
IND00658,01/06/2025,HOSP028,182,48,0.79,1,0,0,0,1,31,1
IND00659,01/07/2025,HOSP028,182,48,0.79,1,0,0,1,0,35,0
IND00660,01/08/2025,HOSP028,192,38,0.83,2,0,0,2,0,26,0
IND00661,01/09/2025,HOSP028,189,41,0.82,2,0,1,0,1,17,0
IND00662,01/10/2025,HOSP028,191,39,0.83,3,1,1,0,1,22,0
IND00663,01/11/2025,HOSP028,199,31,0.87,1,0,0,0,1,16,0
IND00664,01/12/2025,HOSP028,188,42,0.82,3,1,1,0,1,29,1
IND00665,01/01/2026,HOSP028,189,41,0.82,1,0,1,0,0,40,0
IND00666,01/02/2026,HOSP028,195,35,0.85,2,0,0,2,0,28,0
IND00667,01/03/2026,HOSP028,185,45,0.8,0,0,0,0,0,41,0
IND00668,01/04/2026,HOSP028,194,36,0.84,1,0,0,1,0,12,0
IND00669,01/05/2026,HOSP028,185,45,0.8,0,0,0,0,0,29,0
IND00670,01/06/2026,HOSP028,187,43,0.81,1,1,0,0,0,36,0
IND00671,01/07/2026,HOSP028,191,39,0.83,0,0,0,0,0,28,0
IND00672,01/08/2026,HOSP028,182,48,0.79,2,0,1,1,0,18,0
IND00673,01/09/2024,HOSP029,117,28,0.81,0,0,0,0,0,32,0
IND00674,01/10/2024,HOSP029,118,27,0.81,0,0,0,0,0,25,0
IND00675,01/11/2024,HOSP029,119,26,0.82,1,0,0,1,0,33,0
IND00676,01/12/2024,HOSP029,112,33,0.77,0,0,0,0,0,23,0
IND00677,01/01/2025,HOSP029,112,33,0.77,0,0,0,0,0,32,0
IND00678,01/02/2025,HOSP029,119,26,0.82,0,0,0,0,0,26,0
IND00679,01/03/2025,HOSP029,115,30,0.79,2,0,1,1,0,26,0
IND00680,01/04/2025,HOSP029,115,30,0.79,0,0,0,0,0,35,0
IND00681,01/05/2025,HOSP029,115,30,0.79,0,0,0,0,0,31,0
IND00682,01/06/2025,HOSP029,119,26,0.82,0,0,0,0,0,30,0
IND00683,01/07/2025,HOSP029,114,31,0.79,1,0,0,1,0,22,0
IND00684,01/08/2025,HOSP029,110,35,0.76,0,0,0,0,0,29,0
IND00685,01/09/2025,HOSP029,121,24,0.83,0,0,0,0,0,28,0
IND00686,01/10/2025,HOSP029,105,40,0.72,0,0,0,0,0,31,0
IND00687,01/11/2025,HOSP029,111,34,0.77,0,0,0,0,0,27,0
IND00688,01/12/2025,HOSP029,115,30,0.79,0,0,0,0,0,17,0
IND00689,01/01/2026,HOSP029,111,34,0.77,2,0,0,2,0,22,0
IND00690,01/02/2026,HOSP029,119,26,0.82,0,0,0,0,0,29,0
IND00691,01/03/2026,HOSP029,117,28,0.81,1,0,0,1,0,33,0
IND00692,01/04/2026,HOSP029,114,31,0.79,3,0,1,1,1,34,0
IND00693,01/05/2026,HOSP029,125,20,0.86,0,0,0,0,0,26,0
IND00694,01/06/2026,HOSP029,114,31,0.79,1,0,0,0,1,30,0
IND00695,01/07/2026,HOSP029,114,31,0.79,0,0,0,0,0,21,0
IND00696,01/08/2026,HOSP029,112,33,0.77,0,0,0,0,0,33,0
IND00697,01/09/2024,HOSP030,177,63,0.74,0,0,0,0,0,27,0
IND00698,01/10/2024,HOSP030,177,63,0.74,1,0,1,0,0,47,0
IND00699,01/11/2024,HOSP030,190,50,0.79,2,0,1,0,1,30,0
IND00700,01/12/2024,HOSP030,182,58,0.76,0,0,0,0,0,19,0
IND00701,01/01/2025,HOSP030,183,57,0.76,1,0,0,1,0,33,0
IND00702,01/02/2025,HOSP030,183,57,0.76,0,0,0,0,0,28,0
IND00703,01/03/2025,HOSP030,184,56,0.77,0,0,0,0,0,25,0
IND00704,01/04/2025,HOSP030,176,64,0.73,2,0,1,0,1,26,0
IND00705,01/05/2025,HOSP030,156,84,0.65,0,0,0,0,0,19,0
IND00706,01/06/2025,HOSP030,182,58,0.76,0,0,0,0,0,31,0
IND00707,01/07/2025,HOSP030,175,65,0.73,2,0,2,0,0,24,0
IND00708,01/08/2025,HOSP030,174,66,0.72,0,0,0,0,0,23,0
IND00709,01/09/2025,HOSP030,182,58,0.76,0,0,0,0,0,33,0
IND00710,01/10/2025,HOSP030,164,76,0.68,1,0,0,1,0,43,0
IND00711,01/11/2025,HOSP030,178,62,0.74,0,0,0,0,0,24,0
IND00712,01/12/2025,HOSP030,176,64,0.73,1,0,0,0,1,50,0
IND00713,01/01/2026,HOSP030,182,58,0.76,0,0,0,0,0,35,0
IND00714,01/02/2026,HOSP030,177,63,0.74,0,0,0,0,0,31,0
IND00715,01/03/2026,HOSP030,166,74,0.69,1,0,1,0,0,36,0
IND00716,01/04/2026,HOSP030,169,71,0.7,0,0,0,0,0,30,0
IND00717,01/05/2026,HOSP030,165,75,0.69,2,0,2,0,0,30,0
IND00718,01/06/2026,HOSP030,173,67,0.72,1,1,0,0,0,31,0
IND00719,01/07/2026,HOSP030,180,60,0.75,0,0,0,0,0,24,0
IND00720,01/08/2026,HOSP030,180,60,0.75,0,0,0,0,0,34,0
IND00721,01/09/2024,HOSP031,172,33,0.84,0,0,0,0,0,32,0
IND00722,01/10/2024,HOSP031,181,24,0.88,1,0,0,1,0,41,0
IND00723,01/11/2024,HOSP031,181,24,0.88,0,0,0,0,0,27,0
IND00724,01/12/2024,HOSP031,185,20,0.9,0,0,0,0,0,32,0
IND00725,01/01/2025,HOSP031,173,32,0.84,0,0,0,0,0,23,0
IND00726,01/02/2025,HOSP031,174,31,0.85,0,0,0,0,0,21,0
IND00727,01/03/2025,HOSP031,192,13,0.94,0,0,0,0,0,28,0
IND00728,01/04/2025,HOSP031,168,37,0.82,0,0,0,0,0,29,0
IND00729,01/05/2025,HOSP031,169,36,0.82,0,0,0,0,0,31,0
IND00730,01/06/2025,HOSP031,176,29,0.86,1,0,0,1,0,5,0
IND00731,01/07/2025,HOSP031,185,20,0.9,0,0,0,0,0,29,0
IND00732,01/08/2025,HOSP031,181,24,0.88,0,0,0,0,0,36,0
IND00733,01/09/2025,HOSP031,190,15,0.93,0,0,0,0,0,21,0
IND00734,01/10/2025,HOSP031,176,29,0.86,0,0,0,0,0,32,0
IND00735,01/11/2025,HOSP031,181,24,0.88,0,0,0,0,0,30,0
IND00736,01/12/2025,HOSP031,187,18,0.91,0,0,0,0,0,37,0
IND00737,01/01/2026,HOSP031,179,26,0.87,1,0,1,0,0,49,0
IND00738,01/02/2026,HOSP031,185,20,0.9,0,0,0,0,0,30,0
IND00739,01/03/2026,HOSP031,183,22,0.89,0,0,0,0,0,31,0
IND00740,01/04/2026,HOSP031,169,36,0.82,0,0,0,0,0,39,0
IND00741,01/05/2026,HOSP031,180,25,0.88,0,0,0,0,0,34,0
IND00742,01/06/2026,HOSP031,179,26,0.87,0,0,0,0,0,32,0
IND00743,01/07/2026,HOSP031,187,18,0.91,0,0,0,0,0,27,0
IND00744,01/08/2026,HOSP031,182,23,0.89,0,0,0,0,0,30,0
IND00745,01/09/2024,HOSP032,133,47,0.74,0,0,0,0,0,19,0
IND00746,01/10/2024,HOSP032,130,50,0.72,0,0,0,0,0,24,0
IND00747,01/11/2024,HOSP032,119,61,0.66,0,0,0,0,0,33,0
IND00748,01/12/2024,HOSP032,129,51,0.72,1,0,1,0,0,37,0
IND00749,01/01/2025,HOSP032,144,36,0.8,0,0,0,0,0,18,0
IND00750,01/02/2025,HOSP032,124,56,0.69,2,0,0,2,0,36,1
IND00751,01/03/2025,HOSP032,123,57,0.68,0,0,0,0,0,29,0
IND00752,01/04/2025,HOSP032,126,54,0.7,2,0,1,1,0,42,0
IND00753,01/05/2025,HOSP032,146,34,0.81,0,0,0,0,0,29,0
IND00754,01/06/2025,HOSP032,134,46,0.74,1,0,0,1,0,34,0
IND00755,01/07/2025,HOSP032,128,52,0.71,1,0,1,0,0,38,0
IND00756,01/08/2025,HOSP032,146,34,0.81,0,0,0,0,0,31,0
IND00757,01/09/2025,HOSP032,136,44,0.76,0,0,0,0,0,19,0
IND00758,01/10/2025,HOSP032,134,46,0.74,1,0,0,1,0,25,0
IND00759,01/11/2025,HOSP032,134,46,0.74,1,0,1,0,0,26,0
IND00760,01/12/2025,HOSP032,124,56,0.69,1,0,0,1,0,49,0
IND00761,01/01/2026,HOSP032,127,53,0.71,0,0,0,0,0,17,0
IND00762,01/02/2026,HOSP032,126,54,0.7,0,0,0,0,0,35,0
IND00763,01/03/2026,HOSP032,142,38,0.79,1,0,1,0,0,26,0
IND00764,01/04/2026,HOSP032,131,49,0.73,0,0,0,0,0,30,0
IND00765,01/05/2026,HOSP032,124,56,0.69,2,0,1,1,0,20,0
IND00766,01/06/2026,HOSP032,137,43,0.76,0,0,0,0,0,31,0
IND00767,01/07/2026,HOSP032,132,48,0.73,1,0,1,0,0,44,0
IND00768,01/08/2026,HOSP032,135,45,0.75,0,0,0,0,0,38,0
IND00769,01/09/2024,HOSP033,184,31,0.86,0,0,0,0,0,30,0
IND00770,01/10/2024,HOSP033,182,33,0.85,1,0,0,1,0,14,0
IND00771,01/11/2024,HOSP033,185,30,0.86,4,0,2,1,1,24,0
IND00772,01/12/2024,HOSP033,184,31,0.86,4,1,0,2,1,21,1
IND00773,01/01/2025,HOSP033,180,35,0.84,2,0,1,1,0,19,0
IND00774,01/02/2025,HOSP033,187,28,0.87,4,0,2,2,0,34,1
IND00775,01/03/2025,HOSP033,177,38,0.82,7,0,5,2,0,23,0
IND00776,01/04/2025,HOSP033,186,29,0.87,2,0,0,1,1,38,0
IND00777,01/05/2025,HOSP033,197,18,0.92,4,0,1,2,1,24,0
IND00778,01/06/2025,HOSP033,188,27,0.87,3,0,1,2,0,23,0
IND00779,01/07/2025,HOSP033,193,22,0.9,4,1,0,2,1,26,1
IND00780,01/08/2025,HOSP033,188,27,0.87,3,0,1,2,0,25,0
IND00781,01/09/2025,HOSP033,181,34,0.84,1,0,0,0,1,20,0
IND00782,01/10/2025,HOSP033,182,33,0.85,4,0,1,3,0,34,0
IND00783,01/11/2025,HOSP033,176,39,0.82,0,0,0,0,0,17,0
IND00784,01/12/2025,HOSP033,178,37,0.83,3,0,1,1,1,40,0
IND00785,01/01/2026,HOSP033,205,10,0.95,3,1,0,2,0,33,1
IND00786,01/02/2026,HOSP033,182,33,0.85,1,0,1,0,0,12,0
IND00787,01/03/2026,HOSP033,181,34,0.84,2,0,0,1,1,34,0
IND00788,01/04/2026,HOSP033,197,18,0.92,3,0,3,0,0,28,0
IND00789,01/05/2026,HOSP033,201,14,0.93,8,0,4,4,0,28,0
IND00790,01/06/2026,HOSP033,193,22,0.9,1,0,0,1,0,49,0
IND00791,01/07/2026,HOSP033,179,36,0.83,1,0,0,1,0,39,0
IND00792,01/08/2026,HOSP033,194,21,0.9,4,1,0,2,1,19,0
IND00793,01/09/2024,HOSP034,118,42,0.74,0,0,0,0,0,27,0
IND00794,01/10/2024,HOSP034,124,36,0.78,0,0,0,0,0,34,0
IND00795,01/11/2024,HOSP034,136,24,0.85,0,0,0,0,0,26,0
IND00796,01/12/2024,HOSP034,125,35,0.78,1,0,1,0,0,24,0
IND00797,01/01/2025,HOSP034,132,28,0.82,1,0,0,1,0,16,0
IND00798,01/02/2025,HOSP034,123,37,0.77,1,0,0,1,0,52,0
IND00799,01/03/2025,HOSP034,133,27,0.83,2,0,0,2,0,40,0
IND00800,01/04/2025,HOSP034,129,31,0.81,2,0,0,2,0,39,0
IND00801,01/05/2025,HOSP034,123,37,0.77,0,0,0,0,0,27,0
IND00802,01/06/2025,HOSP034,126,34,0.79,2,0,1,1,0,26,1
IND00803,01/07/2025,HOSP034,128,32,0.8,0,0,0,0,0,25,0
IND00804,01/08/2025,HOSP034,130,30,0.81,0,0,0,0,0,38,0
IND00805,01/09/2025,HOSP034,128,32,0.8,3,2,0,0,1,29,0
IND00806,01/10/2025,HOSP034,127,33,0.79,1,0,1,0,0,35,0
IND00807,01/11/2025,HOSP034,126,34,0.79,1,1,0,0,0,41,0
IND00808,01/12/2025,HOSP034,127,33,0.79,0,0,0,0,0,36,0
IND00809,01/01/2026,HOSP034,134,26,0.84,0,0,0,0,0,18,0
IND00810,01/02/2026,HOSP034,131,29,0.82,4,1,2,1,0,26,0
IND00811,01/03/2026,HOSP034,131,29,0.82,2,0,1,1,0,26,0
IND00812,01/04/2026,HOSP034,129,31,0.81,0,0,0,0,0,40,0
IND00813,01/05/2026,HOSP034,125,35,0.78,1,0,0,0,1,37,0
IND00814,01/06/2026,HOSP034,124,36,0.78,1,0,0,0,1,22,0
IND00815,01/07/2026,HOSP034,141,19,0.88,1,0,0,1,0,36,0
IND00816,01/08/2026,HOSP034,132,28,0.82,3,1,0,2,0,35,0
IND00817,01/09/2024,HOSP035,195,55,0.78,0,0,0,0,0,24,0
IND00818,01/10/2024,HOSP035,198,52,0.79,0,0,0,0,0,41,0
IND00819,01/11/2024,HOSP035,192,58,0.77,0,0,0,0,0,21,0
IND00820,01/12/2024,HOSP035,227,23,0.91,0,0,0,0,0,35,0
IND00821,01/01/2025,HOSP035,210,40,0.84,2,0,1,1,0,25,0
IND00822,01/02/2025,HOSP035,208,42,0.83,0,0,0,0,0,26,0
IND00823,01/03/2025,HOSP035,195,55,0.78,0,0,0,0,0,28,0
IND00824,01/04/2025,HOSP035,222,28,0.89,0,0,0,0,0,34,0
IND00825,01/05/2025,HOSP035,198,52,0.79,1,0,0,1,0,17,0
IND00826,01/06/2025,HOSP035,197,53,0.79,0,0,0,0,0,25,0
IND00827,01/07/2025,HOSP035,209,41,0.84,0,0,0,0,0,31,0
IND00828,01/08/2025,HOSP035,219,31,0.88,0,0,0,0,0,31,0
IND00829,01/09/2025,HOSP035,211,39,0.84,1,0,0,0,1,24,0
IND00830,01/10/2025,HOSP035,202,48,0.81,0,0,0,0,0,36,0
IND00831,01/11/2025,HOSP035,206,44,0.82,0,0,0,0,0,37,0
IND00832,01/12/2025,HOSP035,193,57,0.77,0,0,0,0,0,40,0
IND00833,01/01/2026,HOSP035,199,51,0.8,0,0,0,0,0,31,0
IND00834,01/02/2026,HOSP035,213,37,0.85,0,0,0,0,0,31,0
IND00835,01/03/2026,HOSP035,184,66,0.74,0,0,0,0,0,26,0
IND00836,01/04/2026,HOSP035,192,58,0.77,1,0,1,0,0,25,0
IND00837,01/05/2026,HOSP035,205,45,0.82,0,0,0,0,0,24,0
IND00838,01/06/2026,HOSP035,210,40,0.84,1,0,1,0,0,38,0
IND00839,01/07/2026,HOSP035,188,62,0.75,1,0,0,1,0,19,1
IND00840,01/08/2026,HOSP035,202,48,0.81,0,0,0,0,0,21,0
IND00841,01/09/2024,HOSP036,137,53,0.72,1,0,1,0,0,40,0
IND00842,01/10/2024,HOSP036,154,36,0.81,0,0,0,0,0,28,0
IND00843,01/11/2024,HOSP036,148,42,0.78,0,0,0,0,0,30,0
IND00844,01/12/2024,HOSP036,149,41,0.78,0,0,0,0,0,29,0
IND00845,01/01/2025,HOSP036,143,47,0.75,0,0,0,0,0,32,0
IND00846,01/02/2025,HOSP036,144,46,0.76,0,0,0,0,0,21,0
IND00847,01/03/2025,HOSP036,147,43,0.77,1,0,1,0,0,30,0
IND00848,01/04/2025,HOSP036,142,48,0.75,0,0,0,0,0,39,0
IND00849,01/05/2025,HOSP036,145,45,0.76,0,0,0,0,0,31,0
IND00850,01/06/2025,HOSP036,143,47,0.75,0,0,0,0,0,35,0
IND00851,01/07/2025,HOSP036,144,46,0.76,0,0,0,0,0,31,0
IND00852,01/08/2025,HOSP036,137,53,0.72,0,0,0,0,0,24,0
IND00853,01/09/2025,HOSP036,160,30,0.84,0,0,0,0,0,27,0
IND00854,01/10/2025,HOSP036,147,43,0.77,0,0,0,0,0,10,0
IND00855,01/11/2025,HOSP036,150,40,0.79,0,0,0,0,0,30,0
IND00856,01/12/2025,HOSP036,146,44,0.77,0,0,0,0,0,29,0
IND00857,01/01/2026,HOSP036,150,40,0.79,0,0,0,0,0,36,0
IND00858,01/02/2026,HOSP036,148,42,0.78,2,0,0,1,1,31,0
IND00859,01/03/2026,HOSP036,141,49,0.74,0,0,0,0,0,19,0
IND00860,01/04/2026,HOSP036,142,48,0.75,0,0,0,0,0,28,0
IND00861,01/05/2026,HOSP036,146,44,0.77,0,0,0,0,0,27,0
IND00862,01/06/2026,HOSP036,145,45,0.76,1,0,0,1,0,42,0
IND00863,01/07/2026,HOSP036,150,40,0.79,0,0,0,0,0,22,0
IND00864,01/08/2026,HOSP036,137,53,0.72,0,0,0,0,0,20,0
IND00865,01/09/2024,HOSP037,128,42,0.75,4,1,2,0,1,28,0
IND00866,01/10/2024,HOSP037,136,34,0.8,2,0,1,1,0,27,1
IND00867,01/11/2024,HOSP037,126,44,0.74,1,0,0,1,0,38,0
IND00868,01/12/2024,HOSP037,119,51,0.7,8,0,3,3,2,31,1
IND00869,01/01/2025,HOSP037,123,47,0.72,2,0,0,1,1,32,0
IND00870,01/02/2025,HOSP037,125,45,0.74,0,0,0,0,0,22,0
IND00871,01/03/2025,HOSP037,130,40,0.76,4,1,2,1,0,36,0
IND00872,01/04/2025,HOSP037,112,58,0.66,4,0,1,2,1,18,1
IND00873,01/05/2025,HOSP037,115,55,0.68,2,0,0,2,0,18,0
IND00874,01/06/2025,HOSP037,122,48,0.72,5,0,0,3,2,28,0
IND00875,01/07/2025,HOSP037,135,35,0.79,4,0,2,1,1,30,1
IND00876,01/08/2025,HOSP037,117,53,0.69,1,0,0,1,0,32,0
IND00877,01/09/2025,HOSP037,119,51,0.7,0,0,0,0,0,35,0
IND00878,01/10/2025,HOSP037,126,44,0.74,4,0,2,2,0,32,0
IND00879,01/11/2025,HOSP037,123,47,0.72,2,1,0,0,1,44,0
IND00880,01/12/2025,HOSP037,120,50,0.71,5,0,3,1,1,39,0
IND00881,01/01/2026,HOSP037,127,43,0.75,1,0,0,1,0,38,0
IND00882,01/02/2026,HOSP037,129,41,0.76,4,0,2,1,1,18,0
IND00883,01/03/2026,HOSP037,120,50,0.71,7,1,1,5,0,36,0
IND00884,01/04/2026,HOSP037,126,44,0.74,2,0,1,1,0,17,0
IND00885,01/05/2026,HOSP037,125,45,0.74,2,1,1,0,0,32,0
IND00886,01/06/2026,HOSP037,125,45,0.74,3,0,1,1,1,34,0
IND00887,01/07/2026,HOSP037,123,47,0.72,1,0,0,1,0,22,0
IND00888,01/08/2026,HOSP037,128,42,0.75,3,0,2,1,0,20,0
IND00889,01/09/2024,HOSP038,159,61,0.72,0,0,0,0,0,35,0
IND00890,01/10/2024,HOSP038,171,49,0.78,1,0,0,1,0,28,0
IND00891,01/11/2024,HOSP038,169,51,0.77,2,0,0,2,0,40,1
IND00892,01/12/2024,HOSP038,157,63,0.71,2,0,1,1,0,28,0
IND00893,01/01/2025,HOSP038,169,51,0.77,2,0,0,2,0,14,0
IND00894,01/02/2025,HOSP038,176,44,0.8,1,0,1,0,0,32,0
IND00895,01/03/2025,HOSP038,172,48,0.78,1,0,0,1,0,26,0
IND00896,01/04/2025,HOSP038,160,60,0.73,5,0,0,5,0,33,0
IND00897,01/05/2025,HOSP038,161,59,0.73,3,0,0,3,0,30,0
IND00898,01/06/2025,HOSP038,159,61,0.72,5,0,3,2,0,30,0
IND00899,01/07/2025,HOSP038,156,64,0.71,1,0,1,0,0,20,0
IND00900,01/08/2025,HOSP038,156,64,0.71,0,0,0,0,0,20,0
IND00901,01/09/2025,HOSP038,154,66,0.7,2,0,1,1,0,34,0
IND00902,01/10/2025,HOSP038,155,65,0.7,0,0,0,0,0,28,0
IND00903,01/11/2025,HOSP038,161,59,0.73,0,0,0,0,0,32,0
IND00904,01/12/2025,HOSP038,157,63,0.71,3,0,0,2,1,19,0
IND00905,01/01/2026,HOSP038,162,58,0.74,0,0,0,0,0,31,0
IND00906,01/02/2026,HOSP038,166,54,0.75,1,0,0,1,0,5,0
IND00907,01/03/2026,HOSP038,160,60,0.73,2,0,1,1,0,19,0
IND00908,01/04/2026,HOSP038,158,62,0.72,2,0,1,0,1,40,0
IND00909,01/05/2026,HOSP038,160,60,0.73,0,0,0,0,0,20,0
IND00910,01/06/2026,HOSP038,147,73,0.67,2,0,1,1,0,24,0
IND00911,01/07/2026,HOSP038,154,66,0.7,1,0,1,0,0,5,0
IND00912,01/08/2026,HOSP038,168,52,0.76,2,0,0,2,0,22,0
IND00913,01/09/2024,HOSP039,129,26,0.83,1,0,1,0,0,52,0
IND00914,01/10/2024,HOSP039,121,34,0.78,1,0,0,1,0,31,0
IND00915,01/11/2024,HOSP039,126,29,0.81,0,0,0,0,0,25,0
IND00916,01/12/2024,HOSP039,127,28,0.82,3,0,1,1,1,27,0
IND00917,01/01/2025,HOSP039,128,27,0.83,0,0,0,0,0,20,0
IND00918,01/02/2025,HOSP039,134,21,0.86,0,0,0,0,0,35,0
IND00919,01/03/2025,HOSP039,136,19,0.88,1,1,0,0,0,18,0
IND00920,01/04/2025,HOSP039,128,27,0.83,3,0,1,2,0,25,1
IND00921,01/05/2025,HOSP039,129,26,0.83,0,0,0,0,0,44,0
IND00922,01/06/2025,HOSP039,136,19,0.88,2,0,0,2,0,32,0
IND00923,01/07/2025,HOSP039,130,25,0.84,2,0,0,2,0,30,0
IND00924,01/08/2025,HOSP039,130,25,0.84,1,0,0,1,0,16,0
IND00925,01/09/2025,HOSP039,143,12,0.92,1,0,0,1,0,38,0
IND00926,01/10/2025,HOSP039,134,21,0.86,0,0,0,0,0,29,0
IND00927,01/11/2025,HOSP039,130,25,0.84,2,0,1,1,0,42,0
IND00928,01/12/2025,HOSP039,121,34,0.78,1,0,1,0,0,5,0
IND00929,01/01/2026,HOSP039,138,17,0.89,0,0,0,0,0,16,0
IND00930,01/02/2026,HOSP039,133,22,0.86,1,0,0,1,0,23,0
IND00931,01/03/2026,HOSP039,130,25,0.84,0,0,0,0,0,34,0
IND00932,01/04/2026,HOSP039,131,24,0.85,0,0,0,0,0,38,0
IND00933,01/05/2026,HOSP039,125,30,0.81,2,0,1,1,0,20,0
IND00934,01/06/2026,HOSP039,128,27,0.83,2,0,0,2,0,34,0
IND00935,01/07/2026,HOSP039,128,27,0.83,0,0,0,0,0,38,0
IND00936,01/08/2026,HOSP039,132,23,0.85,4,0,2,2,0,31,0
IND00937,01/09/2024,HOSP040,168,67,0.71,0,0,0,0,0,30,0
IND00938,01/10/2024,HOSP040,182,53,0.77,0,0,0,0,0,32,0
IND00939,01/11/2024,HOSP040,172,63,0.73,0,0,0,0,0,29,0
IND00940,01/12/2024,HOSP040,162,73,0.69,0,0,0,0,0,33,0
IND00941,01/01/2025,HOSP040,182,53,0.77,1,0,1,0,0,19,0
IND00942,01/02/2025,HOSP040,186,49,0.79,0,0,0,0,0,34,0
IND00943,01/03/2025,HOSP040,175,60,0.74,0,0,0,0,0,24,0
IND00944,01/04/2025,HOSP040,168,67,0.71,1,0,0,1,0,55,0
IND00945,01/05/2025,HOSP040,163,72,0.69,0,0,0,0,0,25,0
IND00946,01/06/2025,HOSP040,185,50,0.79,0,0,0,0,0,27,0
IND00947,01/07/2025,HOSP040,189,46,0.8,0,0,0,0,0,28,0
IND00948,01/08/2025,HOSP040,178,57,0.76,0,0,0,0,0,30,0
IND00949,01/09/2025,HOSP040,183,52,0.78,1,0,0,1,0,31,0
IND00950,01/10/2025,HOSP040,174,61,0.74,0,0,0,0,0,35,0
IND00951,01/11/2025,HOSP040,176,59,0.75,1,0,0,1,0,22,0
IND00952,01/12/2025,HOSP040,182,53,0.77,1,0,0,1,0,32,0
IND00953,01/01/2026,HOSP040,193,42,0.82,0,0,0,0,0,21,0
IND00954,01/02/2026,HOSP040,181,54,0.77,0,0,0,0,0,34,0
IND00955,01/03/2026,HOSP040,179,56,0.76,0,0,0,0,0,28,0
IND00956,01/04/2026,HOSP040,181,54,0.77,0,0,0,0,0,12,0
IND00957,01/05/2026,HOSP040,172,63,0.73,0,0,0,0,0,27,0
IND00958,01/06/2026,HOSP040,162,73,0.69,0,0,0,0,0,27,0
IND00959,01/07/2026,HOSP040,170,65,0.72,1,0,0,1,0,28,0
IND00960,01/08/2026,HOSP040,173,62,0.74,0,0,0,0,0,32,0
IND00961,01/09/2024,HOSP041,131,69,0.66,0,0,0,0,0,32,0
IND00962,01/10/2024,HOSP041,146,54,0.73,0,0,0,0,0,29,0
IND00963,01/11/2024,HOSP041,138,62,0.69,0,0,0,0,0,24,0
IND00964,01/12/2024,HOSP041,130,70,0.65,2,1,0,1,0,36,0
IND00965,01/01/2025,HOSP041,140,60,0.7,0,0,0,0,0,34,0
IND00966,01/02/2025,HOSP041,142,58,0.71,1,0,1,0,0,23,0
IND00967,01/03/2025,HOSP041,142,58,0.71,2,0,1,1,0,28,0
IND00968,01/04/2025,HOSP041,140,60,0.7,0,0,0,0,0,25,0
IND00969,01/05/2025,HOSP041,139,61,0.69,2,0,0,1,1,34,0
IND00970,01/06/2025,HOSP041,136,64,0.68,0,0,0,0,0,22,0
IND00971,01/07/2025,HOSP041,141,59,0.7,1,1,0,0,0,38,1
IND00972,01/08/2025,HOSP041,132,68,0.66,3,0,0,3,0,37,0
IND00973,01/09/2025,HOSP041,131,69,0.66,0,0,0,0,0,25,0
IND00974,01/10/2025,HOSP041,141,59,0.7,0,0,0,0,0,26,0
IND00975,01/11/2025,HOSP041,143,57,0.71,0,0,0,0,0,28,0
IND00976,01/12/2025,HOSP041,139,61,0.69,0,0,0,0,0,26,0
IND00977,01/01/2026,HOSP041,143,57,0.71,0,0,0,0,0,27,0
IND00978,01/02/2026,HOSP041,146,54,0.73,2,0,0,2,0,26,0
IND00979,01/03/2026,HOSP041,152,48,0.76,1,0,1,0,0,5,0
IND00980,01/04/2026,HOSP041,132,68,0.66,0,0,0,0,0,33,0
IND00981,01/05/2026,HOSP041,146,54,0.73,1,0,0,0,1,29,0
IND00982,01/06/2026,HOSP041,150,50,0.75,0,0,0,0,0,34,0
IND00983,01/07/2026,HOSP041,121,79,0.6,0,0,0,0,0,32,0
IND00984,01/08/2026,HOSP041,133,67,0.67,1,0,0,1,0,11,0
IND00985,01/09/2024,HOSP042,132,53,0.71,1,0,0,1,0,21,0
IND00986,01/10/2024,HOSP042,129,56,0.7,0,0,0,0,0,27,0
IND00987,01/11/2024,HOSP042,139,46,0.75,0,0,0,0,0,25,0
IND00988,01/12/2024,HOSP042,144,41,0.78,0,0,0,0,0,28,0
IND00989,01/01/2025,HOSP042,139,46,0.75,1,0,1,0,0,34,0
IND00990,01/02/2025,HOSP042,137,48,0.74,4,0,1,2,1,26,0
IND00991,01/03/2025,HOSP042,132,53,0.71,2,1,0,1,0,29,0
IND00992,01/04/2025,HOSP042,134,51,0.72,3,0,1,2,0,31,0
IND00993,01/05/2025,HOSP042,135,50,0.73,1,0,0,1,0,24,0
IND00994,01/06/2025,HOSP042,135,50,0.73,0,0,0,0,0,28,0
IND00995,01/07/2025,HOSP042,140,45,0.76,0,0,0,0,0,34,0
IND00996,01/08/2025,HOSP042,136,49,0.74,0,0,0,0,0,27,0
IND00997,01/09/2025,HOSP042,142,43,0.77,0,0,0,0,0,22,0
IND00998,01/10/2025,HOSP042,134,51,0.72,1,0,1,0,0,40,0
IND00999,01/11/2025,HOSP042,139,46,0.75,1,0,0,1,0,17,0
IND01000,01/12/2025,HOSP042,134,51,0.72,0,0,0,0,0,24,0
IND01001,01/01/2026,HOSP042,131,54,0.71,0,0,0,0,0,39,0
IND01002,01/02/2026,HOSP042,134,51,0.72,1,0,0,1,0,50,0
IND01003,01/03/2026,HOSP042,126,59,0.68,1,0,0,1,0,50,0
IND01004,01/04/2026,HOSP042,136,49,0.74,0,0,0,0,0,23,0
IND01005,01/05/2026,HOSP042,127,58,0.69,1,0,0,0,1,24,0
IND01006,01/06/2026,HOSP042,128,57,0.69,2,0,1,1,0,34,0
IND01007,01/07/2026,HOSP042,138,47,0.75,0,0,0,0,0,22,0
IND01008,01/08/2026,HOSP042,137,48,0.74,0,0,0,0,0,27,0
IND01009,01/09/2024,HOSP043,191,19,0.91,2,0,1,1,0,42,0
IND01010,01/10/2024,HOSP043,198,12,0.94,0,0,0,0,0,39,0
IND01011,01/11/2024,HOSP043,173,37,0.82,0,0,0,0,0,29,0
IND01012,01/12/2024,HOSP043,192,18,0.91,3,0,2,1,0,28,0
IND01013,01/01/2025,HOSP043,201,9,0.96,2,0,0,2,0,25,0
IND01014,01/02/2025,HOSP043,193,17,0.92,0,0,0,0,0,31,0
IND01015,01/03/2025,HOSP043,201,9,0.96,0,0,0,0,0,20,0
IND01016,01/04/2025,HOSP043,188,22,0.9,0,0,0,0,0,20,0
IND01017,01/05/2025,HOSP043,194,16,0.92,2,0,0,1,1,39,0
IND01018,01/06/2025,HOSP043,204,6,0.97,0,0,0,0,0,29,0
IND01019,01/07/2025,HOSP043,189,21,0.9,4,0,1,2,1,24,0
IND01020,01/08/2025,HOSP043,196,14,0.93,0,0,0,0,0,26,0
IND01021,01/09/2025,HOSP043,183,27,0.87,0,0,0,0,0,31,0
IND01022,01/10/2025,HOSP043,192,18,0.91,2,0,0,1,1,36,0
IND01023,01/11/2025,HOSP043,188,22,0.9,0,0,0,0,0,22,0
IND01024,01/12/2025,HOSP043,184,26,0.88,0,0,0,0,0,35,0
IND01025,01/01/2026,HOSP043,186,24,0.89,1,0,0,1,0,39,0
IND01026,01/02/2026,HOSP043,192,18,0.91,0,0,0,0,0,37,0
IND01027,01/03/2026,HOSP043,182,28,0.87,1,0,0,1,0,18,0
IND01028,01/04/2026,HOSP043,194,16,0.92,3,1,1,1,0,33,1
IND01029,01/05/2026,HOSP043,187,23,0.89,0,0,0,0,0,20,0
IND01030,01/06/2026,HOSP043,187,23,0.89,1,0,0,1,0,26,0
IND01031,01/07/2026,HOSP043,199,11,0.95,0,0,0,0,0,30,0
IND01032,01/08/2026,HOSP043,203,7,0.97,1,0,0,1,0,26,0
IND01033,01/09/2024,HOSP044,146,29,0.83,0,0,0,0,0,27,0
IND01034,01/10/2024,HOSP044,156,19,0.89,0,0,0,0,0,37,0
IND01035,01/11/2024,HOSP044,159,16,0.91,1,0,1,0,0,49,0
IND01036,01/12/2024,HOSP044,155,20,0.89,3,0,2,1,0,26,0
IND01037,01/01/2025,HOSP044,147,28,0.84,3,0,0,1,2,38,1
IND01038,01/02/2025,HOSP044,152,23,0.87,0,0,0,0,0,30,0
IND01039,01/03/2025,HOSP044,142,33,0.81,0,0,0,0,0,34,0
IND01040,01/04/2025,HOSP044,147,28,0.84,1,0,0,1,0,46,0
IND01041,01/05/2025,HOSP044,151,24,0.86,0,0,0,0,0,28,0
IND01042,01/06/2025,HOSP044,145,30,0.83,1,0,0,1,0,30,0
IND01043,01/07/2025,HOSP044,151,24,0.86,0,0,0,0,0,31,0
IND01044,01/08/2025,HOSP044,146,29,0.83,0,0,0,0,0,41,0
IND01045,01/09/2025,HOSP044,141,34,0.81,1,0,1,0,0,25,0
IND01046,01/10/2025,HOSP044,141,34,0.81,0,0,0,0,0,41,0
IND01047,01/11/2025,HOSP044,152,23,0.87,0,0,0,0,0,19,0
IND01048,01/12/2025,HOSP044,144,31,0.82,2,0,1,1,0,24,0
IND01049,01/01/2026,HOSP044,154,21,0.88,0,0,0,0,0,31,0
IND01050,01/02/2026,HOSP044,153,22,0.87,2,0,1,0,1,18,1
IND01051,01/03/2026,HOSP044,153,22,0.87,1,0,1,0,0,12,0
IND01052,01/04/2026,HOSP044,153,22,0.87,1,0,1,0,0,9,0
IND01053,01/05/2026,HOSP044,148,27,0.85,1,0,0,1,0,30,0
IND01054,01/06/2026,HOSP044,145,30,0.83,2,0,0,1,1,16,0
IND01055,01/07/2026,HOSP044,149,26,0.85,0,0,0,0,0,30,0
IND01056,01/08/2026,HOSP044,145,30,0.83,2,0,1,0,1,30,0
IND01057,01/09/2024,HOSP045,189,56,0.77,0,0,0,0,0,23,0
IND01058,01/10/2024,HOSP045,189,56,0.77,2,0,0,1,1,25,0
IND01059,01/11/2024,HOSP045,202,43,0.82,3,0,0,3,0,31,0
IND01060,01/12/2024,HOSP045,202,43,0.82,4,0,0,3,1,25,0
IND01061,01/01/2025,HOSP045,183,62,0.75,1,0,0,1,0,46,0
IND01062,01/02/2025,HOSP045,194,51,0.79,1,0,0,1,0,58,0
IND01063,01/03/2025,HOSP045,189,56,0.77,3,0,1,2,0,30,0
IND01064,01/04/2025,HOSP045,204,41,0.83,3,0,0,2,1,29,0
IND01065,01/05/2025,HOSP045,201,44,0.82,1,0,0,1,0,31,0
IND01066,01/06/2025,HOSP045,204,41,0.83,1,0,0,0,1,31,0
IND01067,01/07/2025,HOSP045,191,54,0.78,2,0,0,1,1,27,0
IND01068,01/08/2025,HOSP045,201,44,0.82,0,0,0,0,0,24,0
IND01069,01/09/2025,HOSP045,195,50,0.8,1,0,0,0,1,22,0
IND01070,01/10/2025,HOSP045,194,51,0.79,0,0,0,0,0,30,0
IND01071,01/11/2025,HOSP045,200,45,0.82,2,0,1,1,0,36,0
IND01072,01/12/2025,HOSP045,195,50,0.8,5,0,2,1,2,35,1
IND01073,01/01/2026,HOSP045,199,46,0.81,2,0,1,1,0,26,0
IND01074,01/02/2026,HOSP045,194,51,0.79,3,0,0,3,0,30,0
IND01075,01/03/2026,HOSP045,190,55,0.78,2,0,1,1,0,32,0
IND01076,01/04/2026,HOSP045,195,50,0.8,2,0,2,0,0,34,0
IND01077,01/05/2026,HOSP045,196,49,0.8,6,1,3,1,1,34,1
IND01078,01/06/2026,HOSP045,199,46,0.81,1,1,0,0,0,58,0
IND01079,01/07/2026,HOSP045,202,43,0.82,1,0,0,1,0,10,0
IND01080,01/08/2026,HOSP045,187,58,0.76,5,1,2,1,1,33,2
IND01081,01/09/2024,HOSP046,136,44,0.76,0,0,0,0,0,35,0
IND01082,01/10/2024,HOSP046,139,41,0.77,0,0,0,0,0,32,0
IND01083,01/11/2024,HOSP046,147,33,0.82,1,0,0,1,0,32,0
IND01084,01/12/2024,HOSP046,148,32,0.82,0,0,0,0,0,26,0
IND01085,01/01/2025,HOSP046,149,31,0.83,0,0,0,0,0,23,0
IND01086,01/02/2025,HOSP046,135,45,0.75,0,0,0,0,0,17,0
IND01087,01/03/2025,HOSP046,146,34,0.81,0,0,0,0,0,38,0
IND01088,01/04/2025,HOSP046,154,26,0.86,0,0,0,0,0,26,0
IND01089,01/05/2025,HOSP046,133,47,0.74,1,0,0,0,1,28,0
IND01090,01/06/2025,HOSP046,126,54,0.7,0,0,0,0,0,24,0
IND01091,01/07/2025,HOSP046,146,34,0.81,0,0,0,0,0,31,0
IND01092,01/08/2025,HOSP046,141,39,0.78,0,0,0,0,0,28,0
IND01093,01/09/2025,HOSP046,140,40,0.78,0,0,0,0,0,29,0
IND01094,01/10/2025,HOSP046,144,36,0.8,0,0,0,0,0,33,0
IND01095,01/11/2025,HOSP046,129,51,0.72,1,0,0,1,0,40,0
IND01096,01/12/2025,HOSP046,147,33,0.82,1,0,1,0,0,5,0
IND01097,01/01/2026,HOSP046,143,37,0.79,0,0,0,0,0,26,0
IND01098,01/02/2026,HOSP046,142,38,0.79,1,0,0,1,0,30,0
IND01099,01/03/2026,HOSP046,137,43,0.76,1,0,0,1,0,32,0
IND01100,01/04/2026,HOSP046,129,51,0.72,1,0,1,0,0,28,0
IND01101,01/05/2026,HOSP046,136,44,0.76,0,0,0,0,0,23,0
IND01102,01/06/2026,HOSP046,138,42,0.77,0,0,0,0,0,28,0
IND01103,01/07/2026,HOSP046,139,41,0.77,0,0,0,0,0,29,0
IND01104,01/08/2026,HOSP046,132,48,0.73,0,0,0,0,0,23,0
IND01105,01/09/2024,HOSP047,171,24,0.88,1,0,1,0,0,34,0
IND01106,01/10/2024,HOSP047,174,21,0.89,1,0,0,1,0,52,0
IND01107,01/11/2024,HOSP047,173,22,0.89,0,0,0,0,0,22,0
IND01108,01/12/2024,HOSP047,187,8,0.96,2,0,1,0,1,29,0
IND01109,01/01/2025,HOSP047,171,24,0.88,0,0,0,0,0,23,0
IND01110,01/02/2025,HOSP047,165,30,0.85,0,0,0,0,0,34,0
IND01111,01/03/2025,HOSP047,171,24,0.88,0,0,0,0,0,37,0
IND01112,01/04/2025,HOSP047,175,20,0.9,0,0,0,0,0,36,0
IND01113,01/05/2025,HOSP047,176,19,0.9,1,0,1,0,0,19,0
IND01114,01/06/2025,HOSP047,178,17,0.91,0,0,0,0,0,24,0
IND01115,01/07/2025,HOSP047,162,33,0.83,2,0,0,1,1,27,1
IND01116,01/08/2025,HOSP047,178,17,0.91,0,0,0,0,0,25,0
IND01117,01/09/2025,HOSP047,181,14,0.93,0,0,0,0,0,21,0
IND01118,01/10/2025,HOSP047,166,29,0.85,3,0,2,1,0,33,0
IND01119,01/11/2025,HOSP047,175,20,0.9,0,0,0,0,0,40,0
IND01120,01/12/2025,HOSP047,167,28,0.86,1,0,1,0,0,33,0
IND01121,01/01/2026,HOSP047,175,20,0.9,1,0,1,0,0,26,0
IND01122,01/02/2026,HOSP047,175,20,0.9,0,0,0,0,0,26,0
IND01123,01/03/2026,HOSP047,161,34,0.83,2,1,1,0,0,36,0
IND01124,01/04/2026,HOSP047,172,23,0.88,0,0,0,0,0,29,0
IND01125,01/05/2026,HOSP047,158,37,0.81,1,0,1,0,0,22,0
IND01126,01/06/2026,HOSP047,180,15,0.92,0,0,0,0,0,26,0
IND01127,01/07/2026,HOSP047,168,27,0.86,1,0,0,1,0,20,0
IND01128,01/08/2026,HOSP047,177,18,0.91,2,1,0,0,1,26,0
IND01129,01/09/2024,HOSP048,169,56,0.75,1,0,0,1,0,38,0
IND01130,01/10/2024,HOSP048,170,55,0.76,0,0,0,0,0,30,0
IND01131,01/11/2024,HOSP048,158,67,0.7,2,0,1,0,1,22,0
IND01132,01/12/2024,HOSP048,161,64,0.72,2,0,0,2,0,40,0
IND01133,01/01/2025,HOSP048,180,45,0.8,3,0,1,1,1,30,0
IND01134,01/02/2025,HOSP048,159,66,0.71,1,0,0,1,0,38,0
IND01135,01/03/2025,HOSP048,166,59,0.74,0,0,0,0,0,23,0
IND01136,01/04/2025,HOSP048,170,55,0.76,1,0,0,1,0,23,0
IND01137,01/05/2025,HOSP048,154,71,0.68,0,0,0,0,0,25,0
IND01138,01/06/2025,HOSP048,161,64,0.72,0,0,0,0,0,24,0
IND01139,01/07/2025,HOSP048,169,56,0.75,1,0,0,1,0,6,0
IND01140,01/08/2025,HOSP048,150,75,0.67,1,0,0,1,0,14,0
IND01141,01/09/2025,HOSP048,176,49,0.78,0,0,0,0,0,15,0
IND01142,01/10/2025,HOSP048,160,65,0.71,3,0,0,3,0,22,1
IND01143,01/11/2025,HOSP048,145,80,0.64,0,0,0,0,0,30,0
IND01144,01/12/2025,HOSP048,156,69,0.69,0,0,0,0,0,33,0
IND01145,01/01/2026,HOSP048,158,67,0.7,0,0,0,0,0,35,0
IND01146,01/02/2026,HOSP048,162,63,0.72,1,0,1,0,0,29,1
IND01147,01/03/2026,HOSP048,166,59,0.74,1,0,1,0,0,46,0
IND01148,01/04/2026,HOSP048,173,52,0.77,0,0,0,0,0,38,0
IND01149,01/05/2026,HOSP048,170,55,0.76,0,0,0,0,0,34,0
IND01150,01/06/2026,HOSP048,171,54,0.76,0,0,0,0,0,28,0
IND01151,01/07/2026,HOSP048,169,56,0.75,2,0,0,1,1,32,0
IND01152,01/08/2026,HOSP048,142,83,0.63,0,0,0,0,0,32,0
IND01153,01/09/2024,HOSP049,122,28,0.81,1,0,1,0,0,23,0
IND01154,01/10/2024,HOSP049,132,18,0.88,0,0,0,0,0,26,0
IND01155,01/11/2024,HOSP049,131,19,0.87,0,0,0,0,0,34,0
IND01156,01/12/2024,HOSP049,131,19,0.87,2,0,1,1,0,14,0
IND01157,01/01/2025,HOSP049,120,30,0.8,3,1,1,1,0,23,1
IND01158,01/02/2025,HOSP049,124,26,0.83,1,0,0,1,0,41,0
IND01159,01/03/2025,HOSP049,130,20,0.87,2,0,1,0,1,29,1
IND01160,01/04/2025,HOSP049,143,7,0.95,1,0,0,1,0,29,1
IND01161,01/05/2025,HOSP049,131,19,0.87,3,0,0,1,2,26,0
IND01162,01/06/2025,HOSP049,130,20,0.87,1,1,0,0,0,39,0
IND01163,01/07/2025,HOSP049,124,26,0.83,1,1,0,0,0,43,0
IND01164,01/08/2025,HOSP049,129,21,0.86,0,0,0,0,0,27,0
IND01165,01/09/2025,HOSP049,124,26,0.83,0,0,0,0,0,15,0
IND01166,01/10/2025,HOSP049,118,32,0.79,0,0,0,0,0,29,0
IND01167,01/11/2025,HOSP049,115,35,0.77,0,0,0,0,0,29,0
IND01168,01/12/2025,HOSP049,135,15,0.9,0,0,0,0,0,22,0
IND01169,01/01/2026,HOSP049,122,28,0.81,1,0,1,0,0,19,0
IND01170,01/02/2026,HOSP049,129,21,0.86,0,0,0,0,0,32,0
IND01171,01/03/2026,HOSP049,123,27,0.82,1,0,1,0,0,16,0
IND01172,01/04/2026,HOSP049,124,26,0.83,0,0,0,0,0,36,0
IND01173,01/05/2026,HOSP049,120,30,0.8,1,0,1,0,0,26,0
IND01174,01/06/2026,HOSP049,126,24,0.84,1,0,1,0,0,32,0
IND01175,01/07/2026,HOSP049,127,23,0.85,0,0,0,0,0,22,0
IND01176,01/08/2026,HOSP049,122,28,0.81,0,0,0,0,0,33,0
IND01177,01/09/2024,HOSP050,172,88,0.66,1,0,0,0,1,26,0
IND01178,01/10/2024,HOSP050,169,91,0.65,1,0,0,1,0,41,0
IND01179,01/11/2024,HOSP050,177,83,0.68,1,0,1,0,0,40,0
IND01180,01/12/2024,HOSP050,189,71,0.73,3,1,0,2,0,24,0
IND01181,01/01/2025,HOSP050,192,68,0.74,2,0,0,2,0,41,0
IND01182,01/02/2025,HOSP050,187,73,0.72,1,0,0,1,0,23,0
IND01183,01/03/2025,HOSP050,166,94,0.64,2,0,1,1,0,40,0
IND01184,01/04/2025,HOSP050,175,85,0.67,2,0,0,1,1,46,0
IND01185,01/05/2025,HOSP050,181,79,0.7,1,0,1,0,0,41,0
IND01186,01/06/2025,HOSP050,174,86,0.67,0,0,0,0,0,34,0
IND01187,01/07/2025,HOSP050,164,96,0.63,4,0,2,2,0,22,1
IND01188,01/08/2025,HOSP050,185,75,0.71,0,0,0,0,0,23,0
IND01189,01/09/2025,HOSP050,179,81,0.69,4,0,1,1,2,32,0
IND01190,01/10/2025,HOSP050,174,86,0.67,2,0,1,0,1,22,0
IND01191,01/11/2025,HOSP050,164,96,0.63,0,0,0,0,0,26,0
IND01192,01/12/2025,HOSP050,171,89,0.66,1,0,0,1,0,18,0
IND01193,01/01/2026,HOSP050,180,80,0.69,0,0,0,0,0,23,0
IND01194,01/02/2026,HOSP050,163,97,0.63,2,0,1,1,0,24,0
IND01195,01/03/2026,HOSP050,176,84,0.68,0,0,0,0,0,26,0
IND01196,01/04/2026,HOSP050,185,75,0.71,1,0,1,0,0,17,0
IND01197,01/05/2026,HOSP050,182,78,0.7,2,0,0,2,0,19,0
IND01198,01/06/2026,HOSP050,169,91,0.65,2,0,1,0,1,28,1
IND01199,01/07/2026,HOSP050,164,96,0.63,1,1,0,0,0,37,0
IND01200,01/08/2026,HOSP050,186,74,0.72,1,0,0,1,0,34,0
IND01201,01/09/2024,HOSP051,155,40,0.79,0,0,0,0,0,29,0
IND01202,01/10/2024,HOSP051,174,21,0.89,0,0,0,0,0,36,0
IND01203,01/11/2024,HOSP051,166,29,0.85,1,0,1,0,0,37,0
IND01204,01/12/2024,HOSP051,174,21,0.89,0,0,0,0,0,25,0
IND01205,01/01/2025,HOSP051,153,42,0.78,1,0,1,0,0,10,0
IND01206,01/02/2025,HOSP051,164,31,0.84,1,0,0,0,1,32,0
IND01207,01/03/2025,HOSP051,165,30,0.85,0,0,0,0,0,20,0
IND01208,01/04/2025,HOSP051,165,30,0.85,0,0,0,0,0,10,0
IND01209,01/05/2025,HOSP051,159,36,0.82,0,0,0,0,0,25,0
IND01210,01/06/2025,HOSP051,172,23,0.88,0,0,0,0,0,21,0
IND01211,01/07/2025,HOSP051,158,37,0.81,2,0,1,1,0,53,0
IND01212,01/08/2025,HOSP051,168,27,0.86,1,0,0,0,1,36,0
IND01213,01/09/2025,HOSP051,162,33,0.83,1,0,1,0,0,22,0
IND01214,01/10/2025,HOSP051,163,32,0.84,0,0,0,0,0,30,0
IND01215,01/11/2025,HOSP051,168,27,0.86,0,0,0,0,0,30,0
IND01216,01/12/2025,HOSP051,145,50,0.74,2,0,0,1,1,26,0
IND01217,01/01/2026,HOSP051,166,29,0.85,0,0,0,0,0,20,0
IND01218,01/02/2026,HOSP051,166,29,0.85,2,0,1,0,1,20,0
IND01219,01/03/2026,HOSP051,165,30,0.85,0,0,0,0,0,31,0
IND01220,01/04/2026,HOSP051,166,29,0.85,0,0,0,0,0,28,0
IND01221,01/05/2026,HOSP051,164,31,0.84,2,0,0,2,0,26,0
IND01222,01/06/2026,HOSP051,167,28,0.86,0,0,0,0,0,27,0
IND01223,01/07/2026,HOSP051,163,32,0.84,0,0,0,0,0,26,0
IND01224,01/08/2026,HOSP051,176,19,0.9,0,0,0,0,0,35,0
IND01225,01/09/2024,HOSP052,172,3,0.98,0,0,0,0,0,32,0
IND01226,01/10/2024,HOSP052,159,16,0.91,0,0,0,0,0,30,0
IND01227,01/11/2024,HOSP052,159,16,0.91,2,0,1,1,0,28,0
IND01228,01/12/2024,HOSP052,153,22,0.87,1,0,0,1,0,36,0
IND01229,01/01/2025,HOSP052,158,17,0.9,1,0,1,0,0,22,0
IND01230,01/02/2025,HOSP052,152,23,0.87,1,0,0,1,0,17,0
IND01231,01/03/2025,HOSP052,165,10,0.94,0,0,0,0,0,36,0
IND01232,01/04/2025,HOSP052,155,20,0.89,3,0,3,0,0,42,1
IND01233,01/05/2025,HOSP052,134,41,0.77,0,0,0,0,0,29,0
IND01234,01/06/2025,HOSP052,167,8,0.95,0,0,0,0,0,30,0
IND01235,01/07/2025,HOSP052,156,19,0.89,0,0,0,0,0,32,0
IND01236,01/08/2025,HOSP052,149,26,0.85,1,0,0,1,0,26,0
IND01237,01/09/2025,HOSP052,160,15,0.91,1,0,1,0,0,40,0
IND01238,01/10/2025,HOSP052,170,5,0.97,1,0,0,1,0,47,0
IND01239,01/11/2025,HOSP052,163,12,0.93,0,0,0,0,0,27,0
IND01240,01/12/2025,HOSP052,156,19,0.89,0,0,0,0,0,22,0
IND01241,01/01/2026,HOSP052,148,27,0.85,0,0,0,0,0,39,0
IND01242,01/02/2026,HOSP052,164,11,0.94,0,0,0,0,0,34,0
IND01243,01/03/2026,HOSP052,159,16,0.91,0,0,0,0,0,21,0
IND01244,01/04/2026,HOSP052,160,15,0.91,0,0,0,0,0,23,0
IND01245,01/05/2026,HOSP052,157,18,0.9,0,0,0,0,0,23,0
IND01246,01/06/2026,HOSP052,150,25,0.86,1,0,0,0,1,44,0
IND01247,01/07/2026,HOSP052,158,17,0.9,1,0,0,1,0,52,0
IND01248,01/08/2026,HOSP052,153,22,0.87,1,0,0,1,0,26,0
IND01249,01/09/2024,HOSP053,176,39,0.82,0,0,0,0,0,20,0
IND01250,01/10/2024,HOSP053,190,25,0.88,1,0,0,1,0,35,0
IND01251,01/11/2024,HOSP053,185,30,0.86,0,0,0,0,0,31,0
IND01252,01/12/2024,HOSP053,180,35,0.84,3,1,1,1,0,34,0
IND01253,01/01/2025,HOSP053,199,16,0.93,1,0,0,1,0,34,0
IND01254,01/02/2025,HOSP053,182,33,0.85,2,0,1,1,0,30,0
IND01255,01/03/2025,HOSP053,175,40,0.81,1,0,0,0,1,24,0
IND01256,01/04/2025,HOSP053,184,31,0.86,1,0,0,1,0,41,0
IND01257,01/05/2025,HOSP053,182,33,0.85,0,0,0,0,0,38,0
IND01258,01/06/2025,HOSP053,174,41,0.81,1,0,1,0,0,25,0
IND01259,01/07/2025,HOSP053,188,27,0.87,1,0,0,1,0,42,0
IND01260,01/08/2025,HOSP053,185,30,0.86,1,0,1,0,0,33,0
IND01261,01/09/2025,HOSP053,171,44,0.8,0,0,0,0,0,31,0
IND01262,01/10/2025,HOSP053,188,27,0.87,1,0,0,0,1,32,0
IND01263,01/11/2025,HOSP053,181,34,0.84,2,0,0,1,1,16,0
IND01264,01/12/2025,HOSP053,184,31,0.86,0,0,0,0,0,38,0
IND01265,01/01/2026,HOSP053,176,39,0.82,0,0,0,0,0,26,0
IND01266,01/02/2026,HOSP053,186,29,0.87,0,0,0,0,0,30,0
IND01267,01/03/2026,HOSP053,192,23,0.89,1,0,0,0,1,20,0
IND01268,01/04/2026,HOSP053,183,32,0.85,2,0,1,0,1,24,0
IND01269,01/05/2026,HOSP053,179,36,0.83,0,0,0,0,0,23,0
IND01270,01/06/2026,HOSP053,194,21,0.9,0,0,0,0,0,29,0
IND01271,01/07/2026,HOSP053,189,26,0.88,0,0,0,0,0,35,0
IND01272,01/08/2026,HOSP053,170,45,0.79,0,0,0,0,0,33,0
IND01273,01/09/2024,HOSP054,113,52,0.68,0,0,0,0,0,35,0
IND01274,01/10/2024,HOSP054,124,41,0.75,0,0,0,0,0,27,0
IND01275,01/11/2024,HOSP054,115,50,0.7,0,0,0,0,0,34,0
IND01276,01/12/2024,HOSP054,111,54,0.67,0,0,0,0,0,37,0
IND01277,01/01/2025,HOSP054,116,49,0.7,0,0,0,0,0,32,0
IND01278,01/02/2025,HOSP054,111,54,0.67,0,0,0,0,0,21,0
IND01279,01/03/2025,HOSP054,103,62,0.62,0,0,0,0,0,31,0
IND01280,01/04/2025,HOSP054,111,54,0.67,0,0,0,0,0,30,0
IND01281,01/05/2025,HOSP054,129,36,0.78,0,0,0,0,0,25,0
IND01282,01/06/2025,HOSP054,122,43,0.74,0,0,0,0,0,23,0
IND01283,01/07/2025,HOSP054,122,43,0.74,0,0,0,0,0,24,0
IND01284,01/08/2025,HOSP054,111,54,0.67,0,0,0,0,0,36,0
IND01285,01/09/2025,HOSP054,107,58,0.65,0,0,0,0,0,30,0
IND01286,01/10/2025,HOSP054,121,44,0.73,0,0,0,0,0,39,0
IND01287,01/11/2025,HOSP054,107,58,0.65,0,0,0,0,0,18,0
IND01288,01/12/2025,HOSP054,113,52,0.68,0,0,0,0,0,31,0
IND01289,01/01/2026,HOSP054,104,61,0.63,0,0,0,0,0,38,0
IND01290,01/02/2026,HOSP054,124,41,0.75,0,0,0,0,0,40,0
IND01291,01/03/2026,HOSP054,120,45,0.73,0,0,0,0,0,26,0
IND01292,01/04/2026,HOSP054,117,48,0.71,0,0,0,0,0,38,0
IND01293,01/05/2026,HOSP054,114,51,0.69,0,0,0,0,0,35,0
IND01294,01/06/2026,HOSP054,114,51,0.69,1,0,1,0,0,13,0
IND01295,01/07/2026,HOSP054,122,43,0.74,0,0,0,0,0,36,0
IND01296,01/08/2026,HOSP054,120,45,0.73,1,0,0,1,0,25,0
IND01297,01/09/2024,HOSP055,196,44,0.82,0,0,0,0,0,30,0
IND01298,01/10/2024,HOSP055,206,34,0.86,0,0,0,0,0,35,0
IND01299,01/11/2024,HOSP055,185,55,0.77,4,0,1,1,2,25,1
IND01300,01/12/2024,HOSP055,185,55,0.77,1,0,1,0,0,41,0
IND01301,01/01/2025,HOSP055,200,40,0.83,3,0,0,3,0,32,0
IND01302,01/02/2025,HOSP055,202,38,0.84,1,0,0,1,0,39,0
IND01303,01/03/2025,HOSP055,211,29,0.88,2,0,2,0,0,22,0
IND01304,01/04/2025,HOSP055,191,49,0.8,2,0,0,2,0,26,0
IND01305,01/05/2025,HOSP055,186,54,0.78,1,0,1,0,0,29,0
IND01306,01/06/2025,HOSP055,192,48,0.8,1,0,1,0,0,24,0
IND01307,01/07/2025,HOSP055,192,48,0.8,3,0,2,1,0,36,0
IND01308,01/08/2025,HOSP055,204,36,0.85,2,0,0,0,2,33,0
IND01309,01/09/2025,HOSP055,188,52,0.78,0,0,0,0,0,34,0
IND01310,01/10/2025,HOSP055,206,34,0.86,0,0,0,0,0,25,0
IND01311,01/11/2025,HOSP055,192,48,0.8,1,0,0,1,0,33,0
IND01312,01/12/2025,HOSP055,208,32,0.87,1,0,1,0,0,35,0
IND01313,01/01/2026,HOSP055,194,46,0.81,1,1,0,0,0,38,0
IND01314,01/02/2026,HOSP055,192,48,0.8,1,0,0,1,0,31,0
IND01315,01/03/2026,HOSP055,195,45,0.81,1,0,1,0,0,46,0
IND01316,01/04/2026,HOSP055,199,41,0.83,1,0,0,1,0,11,1
IND01317,01/05/2026,HOSP055,196,44,0.82,0,0,0,0,0,13,0
IND01318,01/06/2026,HOSP055,198,42,0.82,3,1,1,0,1,30,0
IND01319,01/07/2026,HOSP055,192,48,0.8,1,0,1,0,0,32,0
IND01320,01/08/2026,HOSP055,195,45,0.81,4,0,3,0,1,28,1
IND01321,01/09/2024,HOSP056,138,47,0.75,0,0,0,0,0,36,0
IND01322,01/10/2024,HOSP056,145,40,0.78,2,0,0,2,0,24,1
IND01323,01/11/2024,HOSP056,143,42,0.77,1,0,0,0,1,30,1
IND01324,01/12/2024,HOSP056,149,36,0.81,2,0,0,2,0,22,0
IND01325,01/01/2025,HOSP056,145,40,0.78,1,0,1,0,0,47,0
IND01326,01/02/2025,HOSP056,140,45,0.76,1,0,1,0,0,31,0
IND01327,01/03/2025,HOSP056,149,36,0.81,2,1,1,0,0,30,0
IND01328,01/04/2025,HOSP056,137,48,0.74,1,0,0,1,0,11,0
IND01329,01/05/2025,HOSP056,138,47,0.75,2,0,2,0,0,39,0
IND01330,01/06/2025,HOSP056,137,48,0.74,0,0,0,0,0,35,0
IND01331,01/07/2025,HOSP056,148,37,0.8,2,0,0,2,0,24,1
IND01332,01/08/2025,HOSP056,151,34,0.82,1,0,1,0,0,14,0
IND01333,01/09/2025,HOSP056,130,55,0.7,4,1,1,1,1,26,0
IND01334,01/10/2025,HOSP056,141,44,0.76,0,0,0,0,0,33,0
IND01335,01/11/2025,HOSP056,130,55,0.7,2,0,1,1,0,24,0
IND01336,01/12/2025,HOSP056,146,39,0.79,1,0,1,0,0,51,0
IND01337,01/01/2026,HOSP056,133,52,0.72,1,0,1,0,0,30,0
IND01338,01/02/2026,HOSP056,154,31,0.83,0,0,0,0,0,27,0
IND01339,01/03/2026,HOSP056,131,54,0.71,2,0,0,2,0,28,0
IND01340,01/04/2026,HOSP056,151,34,0.82,2,0,0,2,0,22,0
IND01341,01/05/2026,HOSP056,139,46,0.75,5,0,0,5,0,30,0
IND01342,01/06/2026,HOSP056,138,47,0.75,5,0,2,3,0,30,0
IND01343,01/07/2026,HOSP056,148,37,0.8,3,0,2,1,0,21,1
IND01344,01/08/2026,HOSP056,140,45,0.76,3,0,1,2,0,31,0
IND01345,01/09/2024,HOSP057,174,26,0.87,0,0,0,0,0,27,0
IND01346,01/10/2024,HOSP057,190,10,0.95,0,0,0,0,0,20,0
IND01347,01/11/2024,HOSP057,177,23,0.89,1,0,0,1,0,16,0
IND01348,01/12/2024,HOSP057,178,22,0.89,4,0,3,1,0,28,0
IND01349,01/01/2025,HOSP057,183,17,0.92,1,0,1,0,0,16,0
IND01350,01/02/2025,HOSP057,177,23,0.89,0,0,0,0,0,38,0
IND01351,01/03/2025,HOSP057,178,22,0.89,3,0,2,1,0,23,0
IND01352,01/04/2025,HOSP057,179,21,0.9,0,0,0,0,0,28,0
IND01353,01/05/2025,HOSP057,177,23,0.89,1,0,0,0,1,22,0
IND01354,01/06/2025,HOSP057,189,11,0.94,0,0,0,0,0,34,0
IND01355,01/07/2025,HOSP057,169,31,0.84,1,0,1,0,0,18,0
IND01356,01/08/2025,HOSP057,185,15,0.93,0,0,0,0,0,27,0
IND01357,01/09/2025,HOSP057,175,25,0.88,0,0,0,0,0,15,0
IND01358,01/10/2025,HOSP057,177,23,0.89,0,0,0,0,0,34,0
IND01359,01/11/2025,HOSP057,171,29,0.85,0,0,0,0,0,36,0
IND01360,01/12/2025,HOSP057,190,10,0.95,0,0,0,0,0,40,0
IND01361,01/01/2026,HOSP057,182,18,0.91,1,0,0,1,0,26,0
IND01362,01/02/2026,HOSP057,173,27,0.86,1,0,0,0,1,35,0
IND01363,01/03/2026,HOSP057,184,16,0.92,1,0,0,0,1,40,0
IND01364,01/04/2026,HOSP057,173,27,0.86,1,0,1,0,0,37,0
IND01365,01/05/2026,HOSP057,173,27,0.86,0,0,0,0,0,28,0
IND01366,01/06/2026,HOSP057,170,30,0.85,0,0,0,0,0,26,0
IND01367,01/07/2026,HOSP057,174,26,0.87,0,0,0,0,0,30,0
IND01368,01/08/2026,HOSP057,173,27,0.86,0,0,0,0,0,23,0
IND01369,01/09/2024,HOSP058,167,63,0.73,2,0,0,1,1,34,0
IND01370,01/10/2024,HOSP058,158,72,0.69,1,0,1,0,0,51,0
IND01371,01/11/2024,HOSP058,152,78,0.66,1,0,0,0,1,26,0
IND01372,01/12/2024,HOSP058,160,70,0.7,3,1,1,0,1,21,0
IND01373,01/01/2025,HOSP058,164,66,0.71,3,0,0,3,0,29,0
IND01374,01/02/2025,HOSP058,157,73,0.68,1,0,0,0,1,51,0
IND01375,01/03/2025,HOSP058,152,78,0.66,2,0,1,1,0,33,0
IND01376,01/04/2025,HOSP058,160,70,0.7,2,0,1,1,0,24,0
IND01377,01/05/2025,HOSP058,166,64,0.72,2,0,2,0,0,37,0
IND01378,01/06/2025,HOSP058,163,67,0.71,3,1,1,1,0,32,0
IND01379,01/07/2025,HOSP058,160,70,0.7,5,1,0,3,1,39,1
IND01380,01/08/2025,HOSP058,155,75,0.67,1,0,1,0,0,14,0
IND01381,01/09/2025,HOSP058,171,59,0.74,1,0,0,1,0,29,0
IND01382,01/10/2025,HOSP058,175,55,0.76,4,0,2,1,1,42,0
IND01383,01/11/2025,HOSP058,160,70,0.7,2,0,0,1,1,42,0
IND01384,01/12/2025,HOSP058,176,54,0.77,4,1,0,2,1,26,1
IND01385,01/01/2026,HOSP058,154,76,0.67,3,1,0,1,1,27,0
IND01386,01/02/2026,HOSP058,160,70,0.7,1,0,0,0,1,17,0
IND01387,01/03/2026,HOSP058,152,78,0.66,4,0,1,3,0,28,0
IND01388,01/04/2026,HOSP058,153,77,0.67,1,0,0,1,0,29,0
IND01389,01/05/2026,HOSP058,160,70,0.7,2,0,1,1,0,37,0
IND01390,01/06/2026,HOSP058,136,94,0.59,4,0,0,4,0,29,0
IND01391,01/07/2026,HOSP058,164,66,0.71,1,0,1,0,0,35,0
IND01392,01/08/2026,HOSP058,159,71,0.69,0,0,0,0,0,24,0
IND01393,01/09/2024,HOSP059,109,46,0.7,0,0,0,0,0,33,0
IND01394,01/10/2024,HOSP059,110,45,0.71,0,0,0,0,0,28,0
IND01395,01/11/2024,HOSP059,102,53,0.66,0,0,0,0,0,26,0
IND01396,01/12/2024,HOSP059,102,53,0.66,1,0,0,1,0,43,1
IND01397,01/01/2025,HOSP059,110,45,0.71,2,0,0,2,0,34,0
IND01398,01/02/2025,HOSP059,105,50,0.68,0,0,0,0,0,31,0
IND01399,01/03/2025,HOSP059,99,56,0.64,0,0,0,0,0,27,0
IND01400,01/04/2025,HOSP059,105,50,0.68,1,0,1,0,0,17,0
IND01401,01/05/2025,HOSP059,107,48,0.69,1,0,1,0,0,34,0
IND01402,01/06/2025,HOSP059,117,38,0.75,3,0,3,0,0,30,0
IND01403,01/07/2025,HOSP059,97,58,0.63,3,0,2,1,0,22,0
IND01404,01/08/2025,HOSP059,109,46,0.7,2,0,1,0,1,36,0
IND01405,01/09/2025,HOSP059,102,53,0.66,0,0,0,0,0,43,0
IND01406,01/10/2025,HOSP059,103,52,0.66,1,0,0,1,0,42,0
IND01407,01/11/2025,HOSP059,108,47,0.7,2,0,0,1,1,36,0
IND01408,01/12/2025,HOSP059,109,46,0.7,0,0,0,0,0,27,0
IND01409,01/01/2026,HOSP059,112,43,0.72,1,1,0,0,0,29,0
IND01410,01/02/2026,HOSP059,99,56,0.64,0,0,0,0,0,38,0
IND01411,01/03/2026,HOSP059,107,48,0.69,0,0,0,0,0,33,0
IND01412,01/04/2026,HOSP059,113,42,0.73,5,1,3,1,0,43,2
IND01413,01/05/2026,HOSP059,107,48,0.69,1,0,0,1,0,16,0
IND01414,01/06/2026,HOSP059,105,50,0.68,0,0,0,0,0,35,0
IND01415,01/07/2026,HOSP059,98,57,0.63,0,0,0,0,0,31,0
IND01416,01/08/2026,HOSP059,108,47,0.7,1,0,1,0,0,65,0
IND01417,01/09/2024,HOSP060,174,76,0.7,2,0,0,2,0,27,0
IND01418,01/10/2024,HOSP060,185,65,0.74,1,0,0,1,0,38,0
IND01419,01/11/2024,HOSP060,166,84,0.66,0,0,0,0,0,28,0
IND01420,01/12/2024,HOSP060,186,64,0.74,3,1,0,2,0,34,0
IND01421,01/01/2025,HOSP060,183,67,0.73,2,0,0,2,0,36,0
IND01422,01/02/2025,HOSP060,172,78,0.69,1,0,1,0,0,28,0
IND01423,01/03/2025,HOSP060,155,95,0.62,7,1,2,4,0,32,1
IND01424,01/04/2025,HOSP060,174,76,0.7,3,0,1,2,0,32,1
IND01425,01/05/2025,HOSP060,179,71,0.72,0,0,0,0,0,29,0
IND01426,01/06/2025,HOSP060,175,75,0.7,0,0,0,0,0,25,0
IND01427,01/07/2025,HOSP060,173,77,0.69,3,0,1,1,1,31,0
IND01428,01/08/2025,HOSP060,178,72,0.71,2,0,0,2,0,40,1
IND01429,01/09/2025,HOSP060,169,81,0.68,3,1,1,1,0,29,0
IND01430,01/10/2025,HOSP060,178,72,0.71,0,0,0,0,0,31,0
IND01431,01/11/2025,HOSP060,169,81,0.68,1,0,0,1,0,33,0
IND01432,01/12/2025,HOSP060,186,64,0.74,4,0,1,1,2,34,0
IND01433,01/01/2026,HOSP060,185,65,0.74,2,0,2,0,0,29,0
IND01434,01/02/2026,HOSP060,170,80,0.68,1,0,0,0,1,29,0
IND01435,01/03/2026,HOSP060,168,82,0.67,0,0,0,0,0,35,0
IND01436,01/04/2026,HOSP060,181,69,0.72,1,0,1,0,0,27,0
IND01437,01/05/2026,HOSP060,175,75,0.7,5,1,3,1,0,29,0
IND01438,01/06/2026,HOSP060,163,87,0.65,4,0,1,3,0,32,0
IND01439,01/07/2026,HOSP060,177,73,0.71,1,0,0,1,0,15,0
IND01440,01/08/2026,HOSP060,169,81,0.68,1,1,0,0,0,24,0
IND01441,01/09/2024,HOSP061,156,49,0.76,0,0,0,0,0,15,0
IND01442,01/10/2024,HOSP061,159,46,0.78,0,0,0,0,0,22,0
IND01443,01/11/2024,HOSP061,150,55,0.73,0,0,0,0,0,22,0
IND01444,01/12/2024,HOSP061,159,46,0.78,0,0,0,0,0,33,0
IND01445,01/01/2025,HOSP061,153,52,0.75,0,0,0,0,0,33,0
IND01446,01/02/2025,HOSP061,155,50,0.76,0,0,0,0,0,26,0
IND01447,01/03/2025,HOSP061,152,53,0.74,0,0,0,0,0,38,0
IND01448,01/04/2025,HOSP061,146,59,0.71,0,0,0,0,0,27,0
IND01449,01/05/2025,HOSP061,169,36,0.82,0,0,0,0,0,32,0
IND01450,01/06/2025,HOSP061,163,42,0.8,0,0,0,0,0,34,0
IND01451,01/07/2025,HOSP061,146,59,0.71,1,0,1,0,0,38,0
IND01452,01/08/2025,HOSP061,160,45,0.78,1,0,1,0,0,27,0
IND01453,01/09/2025,HOSP061,154,51,0.75,0,0,0,0,0,28,0
IND01454,01/10/2025,HOSP061,143,62,0.7,1,0,0,1,0,40,0
IND01455,01/11/2025,HOSP061,162,43,0.79,0,0,0,0,0,35,0
IND01456,01/12/2025,HOSP061,148,57,0.72,0,0,0,0,0,27,0
IND01457,01/01/2026,HOSP061,155,50,0.76,0,0,0,0,0,29,0
IND01458,01/02/2026,HOSP061,159,46,0.78,0,0,0,0,0,30,0
IND01459,01/03/2026,HOSP061,153,52,0.75,0,0,0,0,0,33,0
IND01460,01/04/2026,HOSP061,163,42,0.8,0,0,0,0,0,37,0
IND01461,01/05/2026,HOSP061,152,53,0.74,1,0,0,0,1,20,0
IND01462,01/06/2026,HOSP061,164,41,0.8,0,0,0,0,0,24,0
IND01463,01/07/2026,HOSP061,155,50,0.76,0,0,0,0,0,21,0
IND01464,01/08/2026,HOSP061,161,44,0.79,0,0,0,0,0,33,0
IND01465,01/09/2024,HOSP062,167,13,0.93,0,0,0,0,0,17,0
IND01466,01/10/2024,HOSP062,155,25,0.86,0,0,0,0,0,29,0
IND01467,01/11/2024,HOSP062,156,24,0.87,0,0,0,0,0,32,0
IND01468,01/12/2024,HOSP062,156,24,0.87,1,0,0,1,0,5,0
IND01469,01/01/2025,HOSP062,151,29,0.84,0,0,0,0,0,19,0
IND01470,01/02/2025,HOSP062,172,8,0.96,2,0,0,1,1,38,0
IND01471,01/03/2025,HOSP062,166,14,0.92,2,1,1,0,0,28,1
IND01472,01/04/2025,HOSP062,173,7,0.96,0,0,0,0,0,24,0
IND01473,01/05/2025,HOSP062,161,19,0.89,1,0,0,0,1,40,0
IND01474,01/06/2025,HOSP062,158,22,0.88,0,0,0,0,0,27,0
IND01475,01/07/2025,HOSP062,157,23,0.87,1,0,1,0,0,41,0
IND01476,01/08/2025,HOSP062,164,16,0.91,0,0,0,0,0,28,0
IND01477,01/09/2025,HOSP062,165,15,0.92,0,0,0,0,0,29,0
IND01478,01/10/2025,HOSP062,147,33,0.82,2,1,1,0,0,22,1
IND01479,01/11/2025,HOSP062,162,18,0.9,2,0,0,2,0,32,0
IND01480,01/12/2025,HOSP062,160,20,0.89,2,0,1,1,0,29,0
IND01481,01/01/2026,HOSP062,155,25,0.86,0,0,0,0,0,31,0
IND01482,01/02/2026,HOSP062,162,18,0.9,0,0,0,0,0,33,0
IND01483,01/03/2026,HOSP062,161,19,0.89,1,0,0,0,1,38,1
IND01484,01/04/2026,HOSP062,164,16,0.91,0,0,0,0,0,20,0
IND01485,01/05/2026,HOSP062,166,14,0.92,0,0,0,0,0,36,0
IND01486,01/06/2026,HOSP062,165,15,0.92,1,0,1,0,0,29,0
IND01487,01/07/2026,HOSP062,158,22,0.88,0,0,0,0,0,27,0
IND01488,01/08/2026,HOSP062,154,26,0.86,1,0,0,0,1,43,0
IND01489,01/09/2024,HOSP063,182,38,0.83,0,0,0,0,0,26,0
IND01490,01/10/2024,HOSP063,182,38,0.83,2,1,0,0,1,28,0
IND01491,01/11/2024,HOSP063,179,41,0.81,3,0,0,3,0,25,1
IND01492,01/12/2024,HOSP063,189,31,0.86,1,0,0,0,1,38,0
IND01493,01/01/2025,HOSP063,183,37,0.83,3,0,1,2,0,24,0
IND01494,01/02/2025,HOSP063,187,33,0.85,5,0,1,3,1,38,0
IND01495,01/03/2025,HOSP063,182,38,0.83,3,0,2,1,0,35,0
IND01496,01/04/2025,HOSP063,197,23,0.9,1,0,0,1,0,39,0
IND01497,01/05/2025,HOSP063,193,27,0.88,0,0,0,0,0,35,0
IND01498,01/06/2025,HOSP063,181,39,0.82,1,0,1,0,0,23,0
IND01499,01/07/2025,HOSP063,177,43,0.8,6,2,0,2,2,33,1
IND01500,01/08/2025,HOSP063,191,29,0.87,1,0,0,1,0,24,0
IND01501,01/09/2025,HOSP063,180,40,0.82,0,0,0,0,0,26,0
IND01502,01/10/2025,HOSP063,168,52,0.76,2,1,0,1,0,34,0
IND01503,01/11/2025,HOSP063,176,44,0.8,1,0,1,0,0,29,0
IND01504,01/12/2025,HOSP063,182,38,0.83,0,0,0,0,0,24,0
IND01505,01/01/2026,HOSP063,179,41,0.81,1,1,0,0,0,34,0
IND01506,01/02/2026,HOSP063,178,42,0.81,0,0,0,0,0,18,0
IND01507,01/03/2026,HOSP063,187,33,0.85,2,0,0,0,2,23,0
IND01508,01/04/2026,HOSP063,162,58,0.74,0,0,0,0,0,36,0
IND01509,01/05/2026,HOSP063,185,35,0.84,4,1,0,2,1,35,0
IND01510,01/06/2026,HOSP063,183,37,0.83,2,0,1,1,0,39,0
IND01511,01/07/2026,HOSP063,178,42,0.81,2,1,1,0,0,23,0
IND01512,01/08/2026,HOSP063,188,32,0.85,1,0,0,1,0,25,0
IND01513,01/09/2024,HOSP064,132,28,0.82,0,0,0,0,0,18,0
IND01514,01/10/2024,HOSP064,135,25,0.84,0,0,0,0,0,21,0
IND01515,01/11/2024,HOSP064,136,24,0.85,0,0,0,0,0,16,0
IND01516,01/12/2024,HOSP064,133,27,0.83,0,0,0,0,0,27,0
IND01517,01/01/2025,HOSP064,136,24,0.85,0,0,0,0,0,18,0
IND01518,01/02/2025,HOSP064,138,22,0.86,0,0,0,0,0,36,0
IND01519,01/03/2025,HOSP064,130,30,0.81,0,0,0,0,0,25,0
IND01520,01/04/2025,HOSP064,136,24,0.85,0,0,0,0,0,22,0
IND01521,01/05/2025,HOSP064,136,24,0.85,0,0,0,0,0,31,0
IND01522,01/06/2025,HOSP064,140,20,0.88,0,0,0,0,0,23,0
IND01523,01/07/2025,HOSP064,133,27,0.83,0,0,0,0,0,28,0
IND01524,01/08/2025,HOSP064,140,20,0.88,0,0,0,0,0,34,0
IND01525,01/09/2025,HOSP064,144,16,0.9,0,0,0,0,0,24,0
IND01526,01/10/2025,HOSP064,137,23,0.86,0,0,0,0,0,27,0
IND01527,01/11/2025,HOSP064,130,30,0.81,0,0,0,0,0,25,0
IND01528,01/12/2025,HOSP064,130,30,0.81,0,0,0,0,0,27,0
IND01529,01/01/2026,HOSP064,134,26,0.84,0,0,0,0,0,47,0
IND01530,01/02/2026,HOSP064,136,24,0.85,0,0,0,0,0,16,0
IND01531,01/03/2026,HOSP064,134,26,0.84,0,0,0,0,0,34,0
IND01532,01/04/2026,HOSP064,148,12,0.93,0,0,0,0,0,29,0
IND01533,01/05/2026,HOSP064,130,30,0.81,0,0,0,0,0,25,0
IND01534,01/06/2026,HOSP064,125,35,0.78,0,0,0,0,0,35,0
IND01535,01/07/2026,HOSP064,140,20,0.88,0,0,0,0,0,36,0
IND01536,01/08/2026,HOSP064,146,14,0.91,1,0,1,0,0,33,0
IND01537,01/09/2024,HOSP065,159,86,0.65,1,0,0,1,0,27,0
IND01538,01/10/2024,HOSP065,171,74,0.7,0,0,0,0,0,24,0
IND01539,01/11/2024,HOSP065,180,65,0.73,0,0,0,0,0,28,0
IND01540,01/12/2024,HOSP065,171,74,0.7,1,1,0,0,0,30,0
IND01541,01/01/2025,HOSP065,178,67,0.73,1,0,0,1,0,26,0
IND01542,01/02/2025,HOSP065,181,64,0.74,0,0,0,0,0,25,0
IND01543,01/03/2025,HOSP065,174,71,0.71,4,0,0,3,1,30,0
IND01544,01/04/2025,HOSP065,182,63,0.74,1,0,0,1,0,23,1
IND01545,01/05/2025,HOSP065,168,77,0.69,2,0,0,2,0,26,0
IND01546,01/06/2025,HOSP065,163,82,0.67,3,1,1,1,0,27,0
IND01547,01/07/2025,HOSP065,169,76,0.69,6,0,1,4,1,28,1
IND01548,01/08/2025,HOSP065,161,84,0.66,2,0,1,1,0,35,0
IND01549,01/09/2025,HOSP065,167,78,0.68,0,0,0,0,0,32,0
IND01550,01/10/2025,HOSP065,166,79,0.68,0,0,0,0,0,30,0
IND01551,01/11/2025,HOSP065,161,84,0.66,1,0,0,1,0,33,0
IND01552,01/12/2025,HOSP065,158,87,0.64,1,0,1,0,0,16,0
IND01553,01/01/2026,HOSP065,171,74,0.7,1,0,1,0,0,29,1
IND01554,01/02/2026,HOSP065,175,70,0.71,1,0,0,0,1,19,0
IND01555,01/03/2026,HOSP065,168,77,0.69,1,0,1,0,0,28,0
IND01556,01/04/2026,HOSP065,182,63,0.74,2,0,1,1,0,29,0
IND01557,01/05/2026,HOSP065,153,92,0.62,1,0,0,1,0,35,0
IND01558,01/06/2026,HOSP065,178,67,0.73,4,0,1,1,2,23,0
IND01559,01/07/2026,HOSP065,168,77,0.69,1,0,1,0,0,21,0
IND01560,01/08/2026,HOSP065,154,91,0.63,3,1,1,1,0,22,2
IND01561,01/09/2024,HOSP066,135,55,0.71,0,0,0,0,0,29,0
IND01562,01/10/2024,HOSP066,138,52,0.73,1,0,0,1,0,31,0
IND01563,01/11/2024,HOSP066,138,52,0.73,2,0,0,2,0,40,0
IND01564,01/12/2024,HOSP066,128,62,0.67,0,0,0,0,0,31,0
IND01565,01/01/2025,HOSP066,126,64,0.66,1,0,1,0,0,40,0
IND01566,01/02/2025,HOSP066,142,48,0.75,1,0,0,1,0,19,0
IND01567,01/03/2025,HOSP066,138,52,0.73,3,0,2,1,0,15,0
IND01568,01/04/2025,HOSP066,137,53,0.72,0,0,0,0,0,32,0
IND01569,01/05/2025,HOSP066,139,51,0.73,1,0,1,0,0,38,0
IND01570,01/06/2025,HOSP066,136,54,0.72,1,0,0,1,0,43,1
IND01571,01/07/2025,HOSP066,125,65,0.66,2,0,2,0,0,26,0
IND01572,01/08/2025,HOSP066,148,42,0.78,0,0,0,0,0,38,0
IND01573,01/09/2025,HOSP066,136,54,0.72,1,0,0,0,1,42,0
IND01574,01/10/2025,HOSP066,138,52,0.73,0,0,0,0,0,24,0
IND01575,01/11/2025,HOSP066,123,67,0.65,1,0,1,0,0,28,0
IND01576,01/12/2025,HOSP066,134,56,0.71,2,0,0,1,1,36,0
IND01577,01/01/2026,HOSP066,141,49,0.74,0,0,0,0,0,29,0
IND01578,01/02/2026,HOSP066,140,50,0.74,0,0,0,0,0,43,0
IND01579,01/03/2026,HOSP066,134,56,0.71,1,0,0,1,0,34,0
IND01580,01/04/2026,HOSP066,138,52,0.73,1,0,0,1,0,33,0
IND01581,01/05/2026,HOSP066,128,62,0.67,1,0,0,1,0,31,0
IND01582,01/06/2026,HOSP066,131,59,0.69,0,0,0,0,0,25,0
IND01583,01/07/2026,HOSP066,139,51,0.73,6,0,1,4,1,40,1
IND01584,01/08/2026,HOSP066,125,65,0.66,0,0,0,0,0,36,0
IND01585,01/09/2024,HOSP067,138,32,0.81,0,0,0,0,0,23,0
IND01586,01/10/2024,HOSP067,143,27,0.84,0,0,0,0,0,33,0
IND01587,01/11/2024,HOSP067,137,33,0.81,0,0,0,0,0,28,0
IND01588,01/12/2024,HOSP067,134,36,0.79,2,0,0,2,0,24,0
IND01589,01/01/2025,HOSP067,126,44,0.74,1,0,1,0,0,43,0
IND01590,01/02/2025,HOSP067,130,40,0.76,0,0,0,0,0,31,0
IND01591,01/03/2025,HOSP067,127,43,0.75,2,0,0,1,1,36,1
IND01592,01/04/2025,HOSP067,135,35,0.79,0,0,0,0,0,27,0
IND01593,01/05/2025,HOSP067,131,39,0.77,0,0,0,0,0,37,0
IND01594,01/06/2025,HOSP067,132,38,0.78,0,0,0,0,0,29,0
IND01595,01/07/2025,HOSP067,132,38,0.78,1,0,1,0,0,39,0
IND01596,01/08/2025,HOSP067,130,40,0.76,0,0,0,0,0,28,0
IND01597,01/09/2025,HOSP067,132,38,0.78,0,0,0,0,0,32,0
IND01598,01/10/2025,HOSP067,130,40,0.76,0,0,0,0,0,25,0
IND01599,01/11/2025,HOSP067,127,43,0.75,0,0,0,0,0,15,0
IND01600,01/12/2025,HOSP067,141,29,0.83,0,0,0,0,0,20,0
IND01601,01/01/2026,HOSP067,130,40,0.76,0,0,0,0,0,25,0
IND01602,01/02/2026,HOSP067,135,35,0.79,0,0,0,0,0,39,0
IND01603,01/03/2026,HOSP067,125,45,0.74,2,0,1,1,0,18,0
IND01604,01/04/2026,HOSP067,122,48,0.72,0,0,0,0,0,42,0
IND01605,01/05/2026,HOSP067,129,41,0.76,0,0,0,0,0,21,0
IND01606,01/06/2026,HOSP067,134,36,0.79,0,0,0,0,0,30,0
IND01607,01/07/2026,HOSP067,135,35,0.79,0,0,0,0,0,25,0
IND01608,01/08/2026,HOSP067,139,31,0.82,0,0,0,0,0,30,0
IND01609,01/09/2024,HOSP068,178,32,0.85,1,0,0,1,0,29,0
IND01610,01/10/2024,HOSP068,174,36,0.83,1,1,0,0,0,34,0
IND01611,01/11/2024,HOSP068,176,34,0.84,2,0,0,1,1,26,0
IND01612,01/12/2024,HOSP068,171,39,0.81,3,0,2,0,1,29,0
IND01613,01/01/2025,HOSP068,171,39,0.81,1,0,0,1,0,30,0
IND01614,01/02/2025,HOSP068,171,39,0.81,5,2,1,2,0,23,1
IND01615,01/03/2025,HOSP068,169,41,0.8,2,0,2,0,0,32,0
IND01616,01/04/2025,HOSP068,163,47,0.78,1,0,1,0,0,35,1
IND01617,01/05/2025,HOSP068,172,38,0.82,2,1,1,0,0,26,0
IND01618,01/06/2025,HOSP068,173,37,0.82,0,0,0,0,0,21,0
IND01619,01/07/2025,HOSP068,164,46,0.78,1,0,0,1,0,37,0
IND01620,01/08/2025,HOSP068,178,32,0.85,1,0,1,0,0,16,0
IND01621,01/09/2025,HOSP068,183,27,0.87,1,0,1,0,0,38,0
IND01622,01/10/2025,HOSP068,160,50,0.76,3,0,2,0,1,35,0
IND01623,01/11/2025,HOSP068,185,25,0.88,2,0,2,0,0,54,0
IND01624,01/12/2025,HOSP068,179,31,0.85,3,0,0,1,2,28,0
IND01625,01/01/2026,HOSP068,170,40,0.81,1,0,0,1,0,36,0
IND01626,01/02/2026,HOSP068,177,33,0.84,1,0,0,1,0,28,0
IND01627,01/03/2026,HOSP068,177,33,0.84,2,0,0,1,1,16,0
IND01628,01/04/2026,HOSP068,180,30,0.86,1,0,0,1,0,47,0
IND01629,01/05/2026,HOSP068,171,39,0.81,0,0,0,0,0,31,0
IND01630,01/06/2026,HOSP068,179,31,0.85,0,0,0,0,0,24,0
IND01631,01/07/2026,HOSP068,166,44,0.79,1,0,0,1,0,61,0
IND01632,01/08/2026,HOSP068,163,47,0.78,5,2,2,1,0,24,1
IND01633,01/09/2024,HOSP069,124,26,0.83,0,0,0,0,0,22,0
IND01634,01/10/2024,HOSP069,126,24,0.84,1,0,0,1,0,35,0
IND01635,01/11/2024,HOSP069,126,24,0.84,0,0,0,0,0,25,0
IND01636,01/12/2024,HOSP069,127,23,0.85,0,0,0,0,0,17,0
IND01637,01/01/2025,HOSP069,130,20,0.87,0,0,0,0,0,33,0
IND01638,01/02/2025,HOSP069,125,25,0.83,0,0,0,0,0,24,0
IND01639,01/03/2025,HOSP069,119,31,0.79,1,0,0,1,0,34,1
IND01640,01/04/2025,HOSP069,124,26,0.83,1,0,0,1,0,41,0
IND01641,01/05/2025,HOSP069,130,20,0.87,0,0,0,0,0,38,0
IND01642,01/06/2025,HOSP069,130,20,0.87,0,0,0,0,0,34,0
IND01643,01/07/2025,HOSP069,127,23,0.85,0,0,0,0,0,36,0
IND01644,01/08/2025,HOSP069,123,27,0.82,1,0,0,1,0,15,0
IND01645,01/09/2025,HOSP069,131,19,0.87,0,0,0,0,0,27,0
IND01646,01/10/2025,HOSP069,130,20,0.87,1,0,0,1,0,32,0
IND01647,01/11/2025,HOSP069,130,20,0.87,0,0,0,0,0,37,0
IND01648,01/12/2025,HOSP069,124,26,0.83,2,0,0,1,1,28,2
IND01649,01/01/2026,HOSP069,132,18,0.88,0,0,0,0,0,37,0
IND01650,01/02/2026,HOSP069,139,11,0.93,0,0,0,0,0,27,0
IND01651,01/03/2026,HOSP069,135,15,0.9,0,0,0,0,0,29,0
IND01652,01/04/2026,HOSP069,127,23,0.85,2,0,1,0,1,20,0
IND01653,01/05/2026,HOSP069,124,26,0.83,0,0,0,0,0,38,0
IND01654,01/06/2026,HOSP069,129,21,0.86,1,0,0,1,0,39,0
IND01655,01/07/2026,HOSP069,129,21,0.86,0,0,0,0,0,30,0
IND01656,01/08/2026,HOSP069,138,12,0.92,0,0,0,0,0,25,0
IND01657,01/09/2024,HOSP070,210,45,0.82,1,0,0,1,0,13,0
IND01658,01/10/2024,HOSP070,217,38,0.85,5,0,1,4,0,22,0
IND01659,01/11/2024,HOSP070,221,34,0.87,5,1,1,2,1,31,0
IND01660,01/12/2024,HOSP070,210,45,0.82,5,0,1,3,1,30,1
IND01661,01/01/2025,HOSP070,219,36,0.86,8,0,3,4,1,19,1
IND01662,01/02/2025,HOSP070,197,58,0.77,4,0,2,1,1,40,0
IND01663,01/03/2025,HOSP070,208,47,0.82,3,0,1,2,0,28,0
IND01664,01/04/2025,HOSP070,205,50,0.8,8,0,3,4,1,30,0
IND01665,01/05/2025,HOSP070,202,53,0.79,5,1,2,2,0,23,2
IND01666,01/06/2025,HOSP070,204,51,0.8,4,0,2,2,0,34,1
IND01667,01/07/2025,HOSP070,200,55,0.78,7,0,4,2,1,26,0
IND01668,01/08/2025,HOSP070,204,51,0.8,1,0,1,0,0,25,0
IND01669,01/09/2025,HOSP070,201,54,0.79,2,0,1,1,0,34,0
IND01670,01/10/2025,HOSP070,220,35,0.86,1,0,0,1,0,22,0
IND01671,01/11/2025,HOSP070,202,53,0.79,4,0,0,3,1,29,0
IND01672,01/12/2025,HOSP070,204,51,0.8,5,0,3,2,0,21,1
IND01673,01/01/2026,HOSP070,208,47,0.82,1,0,0,0,1,28,0
IND01674,01/02/2026,HOSP070,209,46,0.82,3,0,1,2,0,37,0
IND01675,01/03/2026,HOSP070,197,58,0.77,6,0,2,3,1,20,2
IND01676,01/04/2026,HOSP070,224,31,0.88,7,0,3,2,2,33,0
IND01677,01/05/2026,HOSP070,209,46,0.82,4,0,2,0,2,27,0
IND01678,01/06/2026,HOSP070,221,34,0.87,7,0,2,3,2,26,0
IND01679,01/07/2026,HOSP070,200,55,0.78,2,0,1,1,0,43,1
IND01680,01/08/2026,HOSP070,195,60,0.76,6,2,1,2,1,23,0
IND01681,01/09/2024,HOSP071,153,47,0.77,0,0,0,0,0,35,0
IND01682,01/10/2024,HOSP071,142,58,0.71,2,0,0,1,1,44,0
IND01683,01/11/2024,HOSP071,141,59,0.7,5,1,3,0,1,29,0
IND01684,01/12/2024,HOSP071,136,64,0.68,0,0,0,0,0,36,0
IND01685,01/01/2025,HOSP071,150,50,0.75,3,0,2,1,0,43,1
IND01686,01/02/2025,HOSP071,160,40,0.8,0,0,0,0,0,24,0
IND01687,01/03/2025,HOSP071,147,53,0.73,6,0,0,4,2,35,1
IND01688,01/04/2025,HOSP071,148,52,0.74,2,0,0,2,0,36,0
IND01689,01/05/2025,HOSP071,151,49,0.76,4,0,1,3,0,28,0
IND01690,01/06/2025,HOSP071,150,50,0.75,6,1,2,2,1,29,1
IND01691,01/07/2025,HOSP071,153,47,0.77,4,0,0,3,1,30,0
IND01692,01/08/2025,HOSP071,156,44,0.78,2,0,2,0,0,28,0
IND01693,01/09/2025,HOSP071,147,53,0.73,5,0,1,4,0,24,1
IND01694,01/10/2025,HOSP071,141,59,0.7,1,0,1,0,0,47,1
IND01695,01/11/2025,HOSP071,145,55,0.72,0,0,0,0,0,32,0
IND01696,01/12/2025,HOSP071,154,46,0.77,1,0,1,0,0,17,0
IND01697,01/01/2026,HOSP071,148,52,0.74,0,0,0,0,0,29,0
IND01698,01/02/2026,HOSP071,152,48,0.76,1,0,0,1,0,20,0
IND01699,01/03/2026,HOSP071,153,47,0.77,2,0,2,0,0,44,0
IND01700,01/04/2026,HOSP071,149,51,0.74,0,0,0,0,0,36,0
IND01701,01/05/2026,HOSP071,157,43,0.79,1,0,0,1,0,33,0
IND01702,01/06/2026,HOSP071,153,47,0.77,2,0,1,1,0,32,0
IND01703,01/07/2026,HOSP071,146,54,0.73,2,0,1,1,0,38,0
IND01704,01/08/2026,HOSP071,144,56,0.72,1,0,1,0,0,8,0
IND01705,01/09/2024,HOSP072,128,57,0.69,1,0,0,1,0,27,0
IND01706,01/10/2024,HOSP072,136,49,0.74,1,0,0,1,0,28,0
IND01707,01/11/2024,HOSP072,136,49,0.74,0,0,0,0,0,25,0
IND01708,01/12/2024,HOSP072,136,49,0.74,0,0,0,0,0,37,0
IND01709,01/01/2025,HOSP072,133,52,0.72,1,0,0,1,0,12,0
IND01710,01/02/2025,HOSP072,136,49,0.74,0,0,0,0,0,34,0
IND01711,01/03/2025,HOSP072,124,61,0.67,0,0,0,0,0,27,0
IND01712,01/04/2025,HOSP072,142,43,0.77,1,0,0,1,0,16,0
IND01713,01/05/2025,HOSP072,121,64,0.65,0,0,0,0,0,26,0
IND01714,01/06/2025,HOSP072,125,60,0.68,0,0,0,0,0,22,0
IND01715,01/07/2025,HOSP072,142,43,0.77,1,0,0,1,0,34,0
IND01716,01/08/2025,HOSP072,141,44,0.76,1,0,0,1,0,37,0
IND01717,01/09/2025,HOSP072,130,55,0.7,1,0,0,1,0,39,0
IND01718,01/10/2025,HOSP072,140,45,0.76,0,0,0,0,0,37,0
IND01719,01/11/2025,HOSP072,134,51,0.72,0,0,0,0,0,23,0
IND01720,01/12/2025,HOSP072,125,60,0.68,1,0,1,0,0,35,0
IND01721,01/01/2026,HOSP072,134,51,0.72,0,0,0,0,0,28,0
IND01722,01/02/2026,HOSP072,132,53,0.71,0,0,0,0,0,40,0
IND01723,01/03/2026,HOSP072,136,49,0.74,0,0,0,0,0,34,0
IND01724,01/04/2026,HOSP072,130,55,0.7,0,0,0,0,0,31,0
IND01725,01/05/2026,HOSP072,137,48,0.74,0,0,0,0,0,31,0
IND01726,01/06/2026,HOSP072,131,54,0.71,1,0,0,1,0,21,0
IND01727,01/07/2026,HOSP072,137,48,0.74,2,0,1,1,0,24,0
IND01728,01/08/2026,HOSP072,131,54,0.71,3,0,2,1,0,41,0
IND01729,01/09/2024,HOSP073,173,52,0.77,1,0,0,1,0,23,0
IND01730,01/10/2024,HOSP073,170,55,0.76,1,0,0,0,1,24,0
IND01731,01/11/2024,HOSP073,179,46,0.8,1,0,0,1,0,29,0
IND01732,01/12/2024,HOSP073,188,37,0.84,2,0,0,1,1,25,0
IND01733,01/01/2025,HOSP073,182,43,0.81,1,1,0,0,0,20,0
IND01734,01/02/2025,HOSP073,176,49,0.78,3,1,2,0,0,26,0
IND01735,01/03/2025,HOSP073,170,55,0.76,2,0,1,0,1,44,0
IND01736,01/04/2025,HOSP073,176,49,0.78,2,0,0,1,1,21,0
IND01737,01/05/2025,HOSP073,178,47,0.79,0,0,0,0,0,28,0
IND01738,01/06/2025,HOSP073,172,53,0.76,0,0,0,0,0,21,0
IND01739,01/07/2025,HOSP073,171,54,0.76,2,1,1,0,0,23,0
IND01740,01/08/2025,HOSP073,163,62,0.72,2,1,0,1,0,39,0
IND01741,01/09/2025,HOSP073,173,52,0.77,1,0,0,1,0,34,0
IND01742,01/10/2025,HOSP073,167,58,0.74,1,0,0,1,0,20,0
IND01743,01/11/2025,HOSP073,174,51,0.77,0,0,0,0,0,32,0
IND01744,01/12/2025,HOSP073,179,46,0.8,0,0,0,0,0,22,0
IND01745,01/01/2026,HOSP073,183,42,0.81,2,0,0,1,1,24,1
IND01746,01/02/2026,HOSP073,188,37,0.84,1,1,0,0,0,39,0
IND01747,01/03/2026,HOSP073,169,56,0.75,1,0,1,0,0,19,0
IND01748,01/04/2026,HOSP073,155,70,0.69,1,0,0,1,0,16,0
IND01749,01/05/2026,HOSP073,175,50,0.78,1,0,1,0,0,46,0
IND01750,01/06/2026,HOSP073,180,45,0.8,2,0,1,1,0,32,0
IND01751,01/07/2026,HOSP073,181,44,0.8,1,0,1,0,0,15,0
IND01752,01/08/2026,HOSP073,167,58,0.74,1,0,0,0,1,13,0
IND01753,01/09/2024,HOSP074,134,31,0.81,1,0,0,1,0,27,0
IND01754,01/10/2024,HOSP074,115,50,0.7,1,0,1,0,0,11,0
IND01755,01/11/2024,HOSP074,122,43,0.74,3,0,1,2,0,30,0
IND01756,01/12/2024,HOSP074,127,38,0.77,2,0,1,1,0,22,0
IND01757,01/01/2025,HOSP074,111,54,0.67,2,0,1,0,1,30,0
IND01758,01/02/2025,HOSP074,121,44,0.73,2,0,0,2,0,18,0
IND01759,01/03/2025,HOSP074,127,38,0.77,2,0,0,1,1,26,0
IND01760,01/04/2025,HOSP074,125,40,0.76,0,0,0,0,0,42,0
IND01761,01/05/2025,HOSP074,130,35,0.79,2,0,1,1,0,46,0
IND01762,01/06/2025,HOSP074,123,42,0.75,1,0,0,1,0,26,0
IND01763,01/07/2025,HOSP074,121,44,0.73,2,1,1,0,0,38,0
IND01764,01/08/2025,HOSP074,120,45,0.73,1,0,0,1,0,12,0
IND01765,01/09/2025,HOSP074,119,46,0.72,1,0,0,1,0,46,0
IND01766,01/10/2025,HOSP074,130,35,0.79,1,0,1,0,0,19,0
IND01767,01/11/2025,HOSP074,121,44,0.73,1,0,0,0,1,19,0
IND01768,01/12/2025,HOSP074,125,40,0.76,2,0,2,0,0,30,0
IND01769,01/01/2026,HOSP074,121,44,0.73,1,0,0,1,0,24,0
IND01770,01/02/2026,HOSP074,114,51,0.69,0,0,0,0,0,19,0
IND01771,01/03/2026,HOSP074,126,39,0.76,1,0,1,0,0,28,0
IND01772,01/04/2026,HOSP074,122,43,0.74,0,0,0,0,0,27,0
IND01773,01/05/2026,HOSP074,114,51,0.69,3,0,0,2,1,21,0
IND01774,01/06/2026,HOSP074,114,51,0.69,4,0,2,1,1,37,0
IND01775,01/07/2026,HOSP074,113,52,0.68,2,0,1,1,0,14,0
IND01776,01/08/2026,HOSP074,126,39,0.76,3,0,2,1,0,38,0
IND01777,01/09/2024,HOSP075,194,41,0.83,0,0,0,0,0,29,0
IND01778,01/10/2024,HOSP075,212,23,0.9,0,0,0,0,0,25,0
IND01779,01/11/2024,HOSP075,209,26,0.89,1,0,1,0,0,16,0
IND01780,01/12/2024,HOSP075,201,34,0.86,1,0,0,1,0,49,0
IND01781,01/01/2025,HOSP075,199,36,0.85,0,0,0,0,0,29,0
IND01782,01/02/2025,HOSP075,183,52,0.78,0,0,0,0,0,33,0
IND01783,01/03/2025,HOSP075,198,37,0.84,1,0,0,1,0,48,0
IND01784,01/04/2025,HOSP075,211,24,0.9,0,0,0,0,0,38,0
IND01785,01/05/2025,HOSP075,204,31,0.87,2,0,2,0,0,31,0
IND01786,01/06/2025,HOSP075,199,36,0.85,0,0,0,0,0,30,0
IND01787,01/07/2025,HOSP075,216,19,0.92,2,0,1,0,1,38,0
IND01788,01/08/2025,HOSP075,197,38,0.84,1,0,0,1,0,7,0
IND01789,01/09/2025,HOSP075,202,33,0.86,1,0,1,0,0,18,0
IND01790,01/10/2025,HOSP075,193,42,0.82,3,0,1,1,1,39,1
IND01791,01/11/2025,HOSP075,197,38,0.84,0,0,0,0,0,29,0
IND01792,01/12/2025,HOSP075,195,40,0.83,0,0,0,0,0,31,0
IND01793,01/01/2026,HOSP075,192,43,0.82,1,0,1,0,0,20,0
IND01794,01/02/2026,HOSP075,192,43,0.82,0,0,0,0,0,29,0
IND01795,01/03/2026,HOSP075,198,37,0.84,0,0,0,0,0,25,0
IND01796,01/04/2026,HOSP075,199,36,0.85,2,0,0,1,1,27,0
IND01797,01/05/2026,HOSP075,205,30,0.87,0,0,0,0,0,29,0
IND01798,01/06/2026,HOSP075,215,20,0.91,1,0,0,1,0,37,0
IND01799,01/07/2026,HOSP075,187,48,0.8,0,0,0,0,0,36,0
IND01800,01/08/2026,HOSP075,190,45,0.81,0,0,0,0,0,30,0
IND01801,01/09/2024,HOSP076,156,19,0.89,0,0,0,0,0,29,0
IND01802,01/10/2024,HOSP076,164,11,0.94,0,0,0,0,0,28,0
IND01803,01/11/2024,HOSP076,164,11,0.94,0,0,0,0,0,33,0
IND01804,01/12/2024,HOSP076,163,12,0.93,0,0,0,0,0,32,0
IND01805,01/01/2025,HOSP076,163,12,0.93,0,0,0,0,0,32,0
IND01806,01/02/2025,HOSP076,155,20,0.89,0,0,0,0,0,27,0
IND01807,01/03/2025,HOSP076,159,16,0.91,0,0,0,0,0,15,0
IND01808,01/04/2025,HOSP076,149,26,0.85,0,0,0,0,0,25,0
IND01809,01/05/2025,HOSP076,172,3,0.98,0,0,0,0,0,29,0
IND01810,01/06/2025,HOSP076,148,27,0.85,1,0,1,0,0,33,1
IND01811,01/07/2025,HOSP076,151,24,0.86,0,0,0,0,0,24,0
IND01812,01/08/2025,HOSP076,150,25,0.86,0,0,0,0,0,33,0
IND01813,01/09/2025,HOSP076,152,23,0.87,0,0,0,0,0,24,0
IND01814,01/10/2025,HOSP076,164,11,0.94,0,0,0,0,0,16,0
IND01815,01/11/2025,HOSP076,158,17,0.9,1,0,1,0,0,41,0
IND01816,01/12/2025,HOSP076,154,21,0.88,0,0,0,0,0,34,0
IND01817,01/01/2026,HOSP076,147,28,0.84,0,0,0,0,0,28,0
IND01818,01/02/2026,HOSP076,161,14,0.92,0,0,0,0,0,29,0
IND01819,01/03/2026,HOSP076,159,16,0.91,0,0,0,0,0,19,0
IND01820,01/04/2026,HOSP076,154,21,0.88,0,0,0,0,0,27,0
IND01821,01/05/2026,HOSP076,155,20,0.89,0,0,0,0,0,28,0
IND01822,01/06/2026,HOSP076,164,11,0.94,0,0,0,0,0,29,0
IND01823,01/07/2026,HOSP076,149,26,0.85,0,0,0,0,0,34,0
IND01824,01/08/2026,HOSP076,148,27,0.85,0,0,0,0,0,25,0
IND01825,01/09/2024,HOSP077,166,29,0.85,0,0,0,0,0,28,0
IND01826,01/10/2024,HOSP077,155,40,0.79,0,0,0,0,0,39,0
IND01827,01/11/2024,HOSP077,169,26,0.87,0,0,0,0,0,28,0
IND01828,01/12/2024,HOSP077,178,17,0.91,1,1,0,0,0,24,0
IND01829,01/01/2025,HOSP077,165,30,0.85,1,0,1,0,0,26,0
IND01830,01/02/2025,HOSP077,160,35,0.82,1,0,0,1,0,46,1
IND01831,01/03/2025,HOSP077,171,24,0.88,1,0,0,1,0,23,0
IND01832,01/04/2025,HOSP077,162,33,0.83,2,1,0,1,0,35,0
IND01833,01/05/2025,HOSP077,158,37,0.81,0,0,0,0,0,38,0
IND01834,01/06/2025,HOSP077,168,27,0.86,2,0,1,1,0,25,0
IND01835,01/07/2025,HOSP077,163,32,0.84,1,0,0,0,1,20,0
IND01836,01/08/2025,HOSP077,165,30,0.85,0,0,0,0,0,19,0
IND01837,01/09/2025,HOSP077,173,22,0.89,0,0,0,0,0,28,0
IND01838,01/10/2025,HOSP077,176,19,0.9,2,0,0,1,1,30,0
IND01839,01/11/2025,HOSP077,166,29,0.85,0,0,0,0,0,36,0
IND01840,01/12/2025,HOSP077,162,33,0.83,1,0,1,0,0,21,0
IND01841,01/01/2026,HOSP077,163,32,0.84,0,0,0,0,0,33,0
IND01842,01/02/2026,HOSP077,173,22,0.89,0,0,0,0,0,38,0
IND01843,01/03/2026,HOSP077,165,30,0.85,0,0,0,0,0,27,0
IND01844,01/04/2026,HOSP077,171,24,0.88,3,0,2,1,0,31,0
IND01845,01/05/2026,HOSP077,172,23,0.88,1,0,0,1,0,57,0
IND01846,01/06/2026,HOSP077,150,45,0.77,2,1,0,1,0,42,0
IND01847,01/07/2026,HOSP077,168,27,0.86,1,0,0,1,0,14,0
IND01848,01/08/2026,HOSP077,174,21,0.89,0,0,0,0,0,30,0
IND01849,01/09/2024,HOSP078,153,62,0.71,0,0,0,0,0,15,0
IND01850,01/10/2024,HOSP078,156,59,0.73,0,0,0,0,0,21,0
IND01851,01/11/2024,HOSP078,157,58,0.73,2,1,0,1,0,26,0
IND01852,01/12/2024,HOSP078,150,65,0.7,0,0,0,0,0,32,0
IND01853,01/01/2025,HOSP078,146,69,0.68,2,0,0,2,0,30,0
IND01854,01/02/2025,HOSP078,148,67,0.69,0,0,0,0,0,25,0
IND01855,01/03/2025,HOSP078,154,61,0.72,1,0,0,1,0,39,0
IND01856,01/04/2025,HOSP078,142,73,0.66,1,0,1,0,0,20,0
IND01857,01/05/2025,HOSP078,157,58,0.73,0,0,0,0,0,34,0
IND01858,01/06/2025,HOSP078,152,63,0.71,1,0,0,1,0,36,1
IND01859,01/07/2025,HOSP078,142,73,0.66,0,0,0,0,0,27,0
IND01860,01/08/2025,HOSP078,141,74,0.66,0,0,0,0,0,32,0
IND01861,01/09/2025,HOSP078,139,76,0.65,0,0,0,0,0,24,0
IND01862,01/10/2025,HOSP078,150,65,0.7,0,0,0,0,0,23,0
IND01863,01/11/2025,HOSP078,160,55,0.74,0,0,0,0,0,35,0
IND01864,01/12/2025,HOSP078,155,60,0.72,0,0,0,0,0,32,0
IND01865,01/01/2026,HOSP078,150,65,0.7,0,0,0,0,0,29,0
IND01866,01/02/2026,HOSP078,151,64,0.7,1,0,1,0,0,29,0
IND01867,01/03/2026,HOSP078,143,72,0.67,0,0,0,0,0,34,0
IND01868,01/04/2026,HOSP078,158,57,0.73,3,0,1,2,0,27,0
IND01869,01/05/2026,HOSP078,146,69,0.68,0,0,0,0,0,34,0
IND01870,01/06/2026,HOSP078,152,63,0.71,2,0,0,2,0,39,0
IND01871,01/07/2026,HOSP078,144,71,0.67,0,0,0,0,0,36,0
IND01872,01/08/2026,HOSP078,178,37,0.83,0,0,0,0,0,27,0
IND01873,01/09/2024,HOSP079,130,25,0.84,0,0,0,0,0,25,0
IND01874,01/10/2024,HOSP079,144,11,0.93,0,0,0,0,0,29,0
IND01875,01/11/2024,HOSP079,135,20,0.87,2,0,1,0,1,34,0
IND01876,01/12/2024,HOSP079,134,21,0.86,0,0,0,0,0,31,0
IND01877,01/01/2025,HOSP079,137,18,0.88,1,0,0,1,0,31,0
IND01878,01/02/2025,HOSP079,133,22,0.86,0,0,0,0,0,21,0
IND01879,01/03/2025,HOSP079,135,20,0.87,0,0,0,0,0,16,0
IND01880,01/04/2025,HOSP079,137,18,0.88,0,0,0,0,0,31,0
IND01881,01/05/2025,HOSP079,133,22,0.86,0,0,0,0,0,36,0
IND01882,01/06/2025,HOSP079,129,26,0.83,1,0,1,0,0,16,0
IND01883,01/07/2025,HOSP079,137,18,0.88,1,0,1,0,0,27,0
IND01884,01/08/2025,HOSP079,135,20,0.87,0,0,0,0,0,30,0
IND01885,01/09/2025,HOSP079,137,18,0.88,1,0,0,1,0,33,0
IND01886,01/10/2025,HOSP079,138,17,0.89,0,0,0,0,0,27,0
IND01887,01/11/2025,HOSP079,132,23,0.85,1,0,1,0,0,29,0
IND01888,01/12/2025,HOSP079,133,22,0.86,0,0,0,0,0,30,0
IND01889,01/01/2026,HOSP079,135,20,0.87,0,0,0,0,0,30,0
IND01890,01/02/2026,HOSP079,121,34,0.78,0,0,0,0,0,23,0
IND01891,01/03/2026,HOSP079,135,20,0.87,0,0,0,0,0,31,0
IND01892,01/04/2026,HOSP079,136,19,0.88,0,0,0,0,0,36,0
IND01893,01/05/2026,HOSP079,130,25,0.84,0,0,0,0,0,31,0
IND01894,01/06/2026,HOSP079,132,23,0.85,4,2,1,1,0,16,2
IND01895,01/07/2026,HOSP079,133,22,0.86,2,0,1,0,1,38,0
IND01896,01/08/2026,HOSP079,130,25,0.84,0,0,0,0,0,28,0
IND01897,01/09/2024,HOSP080,174,76,0.7,2,0,1,1,0,34,0
IND01898,01/10/2024,HOSP080,175,75,0.7,1,0,1,0,0,8,0
IND01899,01/11/2024,HOSP080,178,72,0.71,1,0,0,1,0,47,0
IND01900,01/12/2024,HOSP080,173,77,0.69,0,0,0,0,0,33,0
IND01901,01/01/2025,HOSP080,177,73,0.71,0,0,0,0,0,33,0
IND01902,01/02/2025,HOSP080,170,80,0.68,2,0,0,1,1,34,0
IND01903,01/03/2025,HOSP080,168,82,0.67,2,0,1,1,0,36,0
IND01904,01/04/2025,HOSP080,174,76,0.7,2,0,1,1,0,26,0
IND01905,01/05/2025,HOSP080,165,85,0.66,1,1,0,0,0,53,0
IND01906,01/06/2025,HOSP080,179,71,0.72,0,0,0,0,0,23,0
IND01907,01/07/2025,HOSP080,173,77,0.69,1,0,1,0,0,23,0
IND01908,01/08/2025,HOSP080,161,89,0.64,0,0,0,0,0,37,0
IND01909,01/09/2025,HOSP080,178,72,0.71,3,0,1,2,0,33,1
IND01910,01/10/2025,HOSP080,169,81,0.68,4,0,0,3,1,37,0
IND01911,01/11/2025,HOSP080,156,94,0.62,1,0,0,1,0,40,0
IND01912,01/12/2025,HOSP080,169,81,0.68,1,0,1,0,0,18,0
IND01913,01/01/2026,HOSP080,164,86,0.66,1,0,0,1,0,24,0
IND01914,01/02/2026,HOSP080,171,79,0.68,0,0,0,0,0,34,0
IND01915,01/03/2026,HOSP080,175,75,0.7,1,0,0,1,0,22,0
IND01916,01/04/2026,HOSP080,175,75,0.7,0,0,0,0,0,31,0
IND01917,01/05/2026,HOSP080,161,89,0.64,1,0,1,0,0,31,0
IND01918,01/06/2026,HOSP080,165,85,0.66,2,1,1,0,0,24,0
IND01919,01/07/2026,HOSP080,161,89,0.64,0,0,0,0,0,32,0
IND01920,01/08/2026,HOSP080,181,69,0.72,1,0,0,1,0,38,1
IND01921,01/09/2024,HOSP081,148,42,0.78,0,0,0,0,0,30,0
IND01922,01/10/2024,HOSP081,139,51,0.73,1,0,1,0,0,57,0
IND01923,01/11/2024,HOSP081,146,44,0.77,0,0,0,0,0,25,0
IND01924,01/12/2024,HOSP081,134,56,0.71,4,0,2,1,1,34,0
IND01925,01/01/2025,HOSP081,146,44,0.77,1,0,1,0,0,5,0
IND01926,01/02/2025,HOSP081,138,52,0.73,2,0,0,1,1,30,0
IND01927,01/03/2025,HOSP081,139,51,0.73,4,1,1,2,0,18,1
IND01928,01/04/2025,HOSP081,129,61,0.68,5,0,3,2,0,28,1
IND01929,01/05/2025,HOSP081,134,56,0.71,3,0,1,2,0,25,0
IND01930,01/06/2025,HOSP081,136,54,0.72,0,0,0,0,0,33,0
IND01931,01/07/2025,HOSP081,131,59,0.69,4,0,0,2,2,34,0
IND01932,01/08/2025,HOSP081,135,55,0.71,0,0,0,0,0,29,0
IND01933,01/09/2025,HOSP081,128,62,0.67,1,0,1,0,0,8,0
IND01934,01/10/2025,HOSP081,140,50,0.74,1,0,0,0,1,21,0
IND01935,01/11/2025,HOSP081,136,54,0.72,0,0,0,0,0,36,0
IND01936,01/12/2025,HOSP081,133,57,0.7,1,0,0,0,1,43,0
IND01937,01/01/2026,HOSP081,126,64,0.66,1,0,0,0,1,30,0
IND01938,01/02/2026,HOSP081,124,66,0.65,1,0,0,1,0,31,0
IND01939,01/03/2026,HOSP081,141,49,0.74,0,0,0,0,0,26,0
IND01940,01/04/2026,HOSP081,146,44,0.77,3,1,2,0,0,23,0
IND01941,01/05/2026,HOSP081,126,64,0.66,1,0,0,1,0,15,0
IND01942,01/06/2026,HOSP081,136,54,0.72,2,0,0,2,0,29,0
IND01943,01/07/2026,HOSP081,138,52,0.73,1,1,0,0,0,42,0
IND01944,01/08/2026,HOSP081,131,59,0.69,1,0,0,1,0,21,0
IND01945,01/09/2024,HOSP082,150,30,0.83,1,0,1,0,0,31,0
IND01946,01/10/2024,HOSP082,160,20,0.89,1,0,0,1,0,21,0
IND01947,01/11/2024,HOSP082,155,25,0.86,0,0,0,0,0,25,0
IND01948,01/12/2024,HOSP082,147,33,0.82,0,0,0,0,0,24,0
IND01949,01/01/2025,HOSP082,158,22,0.88,2,0,1,1,0,34,0
IND01950,01/02/2025,HOSP082,162,18,0.9,1,0,0,1,0,31,0
IND01951,01/03/2025,HOSP082,150,30,0.83,0,0,0,0,0,35,0
IND01952,01/04/2025,HOSP082,157,23,0.87,1,0,0,1,0,51,0
IND01953,01/05/2025,HOSP082,158,22,0.88,4,1,0,1,2,41,1
IND01954,01/06/2025,HOSP082,144,36,0.8,0,0,0,0,0,29,0
IND01955,01/07/2025,HOSP082,161,19,0.89,1,0,0,0,1,44,0
IND01956,01/08/2025,HOSP082,148,32,0.82,1,0,1,0,0,47,0
IND01957,01/09/2025,HOSP082,150,30,0.83,1,0,1,0,0,33,0
IND01958,01/10/2025,HOSP082,152,28,0.84,0,0,0,0,0,26,0
IND01959,01/11/2025,HOSP082,147,33,0.82,1,0,1,0,0,20,0
IND01960,01/12/2025,HOSP082,150,30,0.83,0,0,0,0,0,22,0
IND01961,01/01/2026,HOSP082,151,29,0.84,0,0,0,0,0,44,0
IND01962,01/02/2026,HOSP082,144,36,0.8,0,0,0,0,0,30,0
IND01963,01/03/2026,HOSP082,160,20,0.89,1,0,0,1,0,40,0
IND01964,01/04/2026,HOSP082,139,41,0.77,1,0,0,0,1,37,1
IND01965,01/05/2026,HOSP082,149,31,0.83,1,0,1,0,0,12,0
IND01966,01/06/2026,HOSP082,161,19,0.89,1,0,0,1,0,26,0
IND01967,01/07/2026,HOSP082,149,31,0.83,0,0,0,0,0,25,0
IND01968,01/08/2026,HOSP082,143,37,0.79,1,0,0,1,0,30,0
IND01969,01/09/2024,HOSP083,157,63,0.71,0,0,0,0,0,26,0
IND01970,01/10/2024,HOSP083,149,71,0.68,1,1,0,0,0,34,0
IND01971,01/11/2024,HOSP083,160,60,0.73,0,0,0,0,0,36,0
IND01972,01/12/2024,HOSP083,190,30,0.86,0,0,0,0,0,27,0
IND01973,01/01/2025,HOSP083,149,71,0.68,0,0,0,0,0,23,0
IND01974,01/02/2025,HOSP083,176,44,0.8,1,0,1,0,0,45,0
IND01975,01/03/2025,HOSP083,174,46,0.79,1,0,0,1,0,27,0
IND01976,01/04/2025,HOSP083,165,55,0.75,2,0,0,2,0,35,0
IND01977,01/05/2025,HOSP083,157,63,0.71,0,0,0,0,0,28,0
IND01978,01/06/2025,HOSP083,178,42,0.81,1,0,1,0,0,24,0
IND01979,01/07/2025,HOSP083,159,61,0.72,3,1,0,1,1,36,0
IND01980,01/08/2025,HOSP083,153,67,0.7,0,0,0,0,0,39,0
IND01981,01/09/2025,HOSP083,178,42,0.81,0,0,0,0,0,36,0
IND01982,01/10/2025,HOSP083,165,55,0.75,0,0,0,0,0,37,0
IND01983,01/11/2025,HOSP083,186,34,0.85,0,0,0,0,0,25,0
IND01984,01/12/2025,HOSP083,168,52,0.76,1,0,0,1,0,34,0
IND01985,01/01/2026,HOSP083,172,48,0.78,0,0,0,0,0,21,0
IND01986,01/02/2026,HOSP083,167,53,0.76,1,0,0,0,1,9,0
IND01987,01/03/2026,HOSP083,164,56,0.75,3,0,1,2,0,29,0
IND01988,01/04/2026,HOSP083,167,53,0.76,1,0,0,0,1,29,0
IND01989,01/05/2026,HOSP083,173,47,0.79,0,0,0,0,0,27,0
IND01990,01/06/2026,HOSP083,158,62,0.72,1,0,0,0,1,37,0
IND01991,01/07/2026,HOSP083,158,62,0.72,1,0,0,1,0,37,0
IND01992,01/08/2026,HOSP083,163,57,0.74,1,0,1,0,0,27,0
IND01993,01/09/2024,HOSP084,147,23,0.86,0,0,0,0,0,27,0
IND01994,01/10/2024,HOSP084,151,19,0.89,2,0,1,1,0,31,0
IND01995,01/11/2024,HOSP084,154,16,0.91,0,0,0,0,0,29,0
IND01996,01/12/2024,HOSP084,146,24,0.86,0,0,0,0,0,34,0
IND01997,01/01/2025,HOSP084,144,26,0.85,1,0,0,1,0,19,0
IND01998,01/02/2025,HOSP084,147,23,0.86,1,0,0,1,0,42,0
IND01999,01/03/2025,HOSP084,155,15,0.91,3,0,0,2,1,22,0
IND02000,01/04/2025,HOSP084,157,13,0.92,1,0,0,1,0,35,0
IND02001,01/05/2025,HOSP084,147,23,0.86,1,0,0,1,0,35,1
IND02002,01/06/2025,HOSP084,155,15,0.91,1,0,1,0,0,31,0
IND02003,01/07/2025,HOSP084,150,20,0.88,1,0,0,1,0,42,0
IND02004,01/08/2025,HOSP084,148,22,0.87,2,0,1,0,1,28,0
IND02005,01/09/2025,HOSP084,153,17,0.9,1,0,0,0,1,15,0
IND02006,01/10/2025,HOSP084,152,18,0.89,0,0,0,0,0,26,0
IND02007,01/11/2025,HOSP084,146,24,0.86,2,0,1,1,0,23,0
IND02008,01/12/2025,HOSP084,138,32,0.81,0,0,0,0,0,24,0
IND02009,01/01/2026,HOSP084,148,22,0.87,0,0,0,0,0,23,0
IND02010,01/02/2026,HOSP084,156,14,0.92,0,0,0,0,0,33,0
IND02011,01/03/2026,HOSP084,153,17,0.9,1,0,1,0,0,40,1
IND02012,01/04/2026,HOSP084,150,20,0.88,0,0,0,0,0,31,0
IND02013,01/05/2026,HOSP084,148,22,0.87,0,0,0,0,0,34,0
IND02014,01/06/2026,HOSP084,150,20,0.88,1,0,0,1,0,39,0
IND02015,01/07/2026,HOSP084,152,18,0.89,0,0,0,0,0,21,0
IND02016,01/08/2026,HOSP084,140,30,0.82,5,0,4,0,1,26,2
IND02017,01/09/2024,HOSP085,203,42,0.83,1,0,1,0,0,10,0
IND02018,01/10/2024,HOSP085,193,52,0.79,0,0,0,0,0,26,0
IND02019,01/11/2024,HOSP085,206,39,0.84,1,0,0,1,0,40,0
IND02020,01/12/2024,HOSP085,218,27,0.89,0,0,0,0,0,36,0
IND02021,01/01/2025,HOSP085,199,46,0.81,0,0,0,0,0,31,0
IND02022,01/02/2025,HOSP085,209,36,0.85,0,0,0,0,0,36,0
IND02023,01/03/2025,HOSP085,208,37,0.85,0,0,0,0,0,35,0
IND02024,01/04/2025,HOSP085,206,39,0.84,0,0,0,0,0,33,0
IND02025,01/05/2025,HOSP085,223,22,0.91,2,0,1,1,0,34,0
IND02026,01/06/2025,HOSP085,217,28,0.89,1,0,0,1,0,24,0
IND02027,01/07/2025,HOSP085,200,45,0.82,4,2,1,1,0,29,0
IND02028,01/08/2025,HOSP085,210,35,0.86,1,0,0,1,0,9,0
IND02029,01/09/2025,HOSP085,210,35,0.86,2,0,0,2,0,20,0
IND02030,01/10/2025,HOSP085,195,50,0.8,1,0,0,1,0,20,0
IND02031,01/11/2025,HOSP085,205,40,0.84,0,0,0,0,0,25,0
IND02032,01/12/2025,HOSP085,197,48,0.8,0,0,0,0,0,28,0
IND02033,01/01/2026,HOSP085,201,44,0.82,0,0,0,0,0,31,0
IND02034,01/02/2026,HOSP085,204,41,0.83,0,0,0,0,0,43,0
IND02035,01/03/2026,HOSP085,200,45,0.82,0,0,0,0,0,33,0
IND02036,01/04/2026,HOSP085,197,48,0.8,0,0,0,0,0,28,0
IND02037,01/05/2026,HOSP085,211,34,0.86,1,0,1,0,0,38,1
IND02038,01/06/2026,HOSP085,219,26,0.89,0,0,0,0,0,30,0
IND02039,01/07/2026,HOSP085,197,48,0.8,0,0,0,0,0,31,0
IND02040,01/08/2026,HOSP085,205,40,0.84,1,0,0,1,0,35,0
IND02041,01/09/2024,HOSP086,180,20,0.9,0,0,0,0,0,28,0
IND02042,01/10/2024,HOSP086,164,36,0.82,0,0,0,0,0,33,0
IND02043,01/11/2024,HOSP086,164,36,0.82,0,0,0,0,0,35,0
IND02044,01/12/2024,HOSP086,161,39,0.81,0,0,0,0,0,43,0
IND02045,01/01/2025,HOSP086,166,34,0.83,0,0,0,0,0,38,0
IND02046,01/02/2025,HOSP086,179,21,0.9,0,0,0,0,0,31,0
IND02047,01/03/2025,HOSP086,162,38,0.81,0,0,0,0,0,25,0
IND02048,01/04/2025,HOSP086,163,37,0.81,0,0,0,0,0,22,0
IND02049,01/05/2025,HOSP086,169,31,0.84,0,0,0,0,0,35,0
IND02050,01/06/2025,HOSP086,151,49,0.76,0,0,0,0,0,36,0
IND02051,01/07/2025,HOSP086,171,29,0.85,0,0,0,0,0,38,0
IND02052,01/08/2025,HOSP086,177,23,0.89,0,0,0,0,0,31,0
IND02053,01/09/2025,HOSP086,189,11,0.94,0,0,0,0,0,29,0
IND02054,01/10/2025,HOSP086,181,19,0.91,0,0,0,0,0,29,0
IND02055,01/11/2025,HOSP086,172,28,0.86,0,0,0,0,0,34,0
IND02056,01/12/2025,HOSP086,173,27,0.86,0,0,0,0,0,17,0
IND02057,01/01/2026,HOSP086,159,41,0.8,0,0,0,0,0,19,0
IND02058,01/02/2026,HOSP086,165,35,0.82,0,0,0,0,0,14,0
IND02059,01/03/2026,HOSP086,164,36,0.82,0,0,0,0,0,26,0
IND02060,01/04/2026,HOSP086,164,36,0.82,1,1,0,0,0,12,0
IND02061,01/05/2026,HOSP086,180,20,0.9,0,0,0,0,0,28,0
IND02062,01/06/2026,HOSP086,168,32,0.84,0,0,0,0,0,36,0
IND02063,01/07/2026,HOSP086,161,39,0.81,2,0,0,2,0,34,1
IND02064,01/08/2026,HOSP086,176,24,0.88,0,0,0,0,0,29,0
IND02065,01/09/2024,HOSP087,137,38,0.78,1,0,1,0,0,32,0
IND02066,01/10/2024,HOSP087,143,32,0.82,1,0,1,0,0,39,0
IND02067,01/11/2024,HOSP087,154,21,0.88,1,0,0,1,0,37,0
IND02068,01/12/2024,HOSP087,144,31,0.82,0,0,0,0,0,32,0
IND02069,01/01/2025,HOSP087,151,24,0.86,2,0,0,2,0,34,0
IND02070,01/02/2025,HOSP087,149,26,0.85,1,0,0,1,0,30,0
IND02071,01/03/2025,HOSP087,148,27,0.85,3,0,1,2,0,37,0
IND02072,01/04/2025,HOSP087,132,43,0.75,1,0,1,0,0,21,0
IND02073,01/05/2025,HOSP087,153,22,0.87,3,0,0,2,1,33,1
IND02074,01/06/2025,HOSP087,146,29,0.83,2,0,1,1,0,20,0
IND02075,01/07/2025,HOSP087,156,19,0.89,2,1,1,0,0,33,0
IND02076,01/08/2025,HOSP087,149,26,0.85,1,0,0,1,0,42,0
IND02077,01/09/2025,HOSP087,162,13,0.93,2,0,1,1,0,29,0
IND02078,01/10/2025,HOSP087,149,26,0.85,1,0,1,0,0,59,0
IND02079,01/11/2025,HOSP087,153,22,0.87,0,0,0,0,0,28,0
IND02080,01/12/2025,HOSP087,133,42,0.76,0,0,0,0,0,26,0
IND02081,01/01/2026,HOSP087,137,38,0.78,1,0,1,0,0,33,0
IND02082,01/02/2026,HOSP087,146,29,0.83,1,0,1,0,0,30,0
IND02083,01/03/2026,HOSP087,137,38,0.78,0,0,0,0,0,23,0
IND02084,01/04/2026,HOSP087,144,31,0.82,0,0,0,0,0,30,0
IND02085,01/05/2026,HOSP087,145,30,0.83,2,0,1,1,0,50,0
IND02086,01/06/2026,HOSP087,150,25,0.86,0,0,0,0,0,29,0
IND02087,01/07/2026,HOSP087,136,39,0.78,0,0,0,0,0,23,0
IND02088,01/08/2026,HOSP087,148,27,0.85,2,1,1,0,0,32,0
IND02089,01/09/2024,HOSP088,204,26,0.89,0,0,0,0,0,26,0
IND02090,01/10/2024,HOSP088,201,29,0.87,0,0,0,0,0,23,0
IND02091,01/11/2024,HOSP088,207,23,0.9,0,0,0,0,0,24,0
IND02092,01/12/2024,HOSP088,215,15,0.93,2,1,1,0,0,28,0
IND02093,01/01/2025,HOSP088,211,19,0.92,1,0,0,0,1,26,0
IND02094,01/02/2025,HOSP088,212,18,0.92,0,0,0,0,0,36,0
IND02095,01/03/2025,HOSP088,224,6,0.97,2,0,2,0,0,18,0
IND02096,01/04/2025,HOSP088,200,30,0.87,0,0,0,0,0,31,0
IND02097,01/05/2025,HOSP088,205,25,0.89,5,1,1,3,0,30,0
IND02098,01/06/2025,HOSP088,204,26,0.89,0,0,0,0,0,32,0
IND02099,01/07/2025,HOSP088,205,25,0.89,4,0,1,3,0,40,0
IND02100,01/08/2025,HOSP088,198,32,0.86,2,0,2,0,0,34,0
IND02101,01/09/2025,HOSP088,206,24,0.9,1,0,0,1,0,35,0
IND02102,01/10/2025,HOSP088,215,15,0.93,2,0,1,0,1,36,1
IND02103,01/11/2025,HOSP088,206,24,0.9,1,0,0,1,0,16,1
IND02104,01/12/2025,HOSP088,197,33,0.86,1,0,0,1,0,13,0
IND02105,01/01/2026,HOSP088,206,24,0.9,0,0,0,0,0,23,0
IND02106,01/02/2026,HOSP088,201,29,0.87,0,0,0,0,0,26,0
IND02107,01/03/2026,HOSP088,203,27,0.88,4,0,1,3,0,25,0
IND02108,01/04/2026,HOSP088,197,33,0.86,1,0,0,0,1,49,0
IND02109,01/05/2026,HOSP088,215,15,0.93,0,0,0,0,0,36,0
IND02110,01/06/2026,HOSP088,211,19,0.92,0,0,0,0,0,25,0
IND02111,01/07/2026,HOSP088,211,19,0.92,1,0,0,1,0,18,0
IND02112,01/08/2026,HOSP088,218,12,0.95,1,0,0,1,0,41,0
IND02113,01/09/2024,HOSP089,149,11,0.93,0,0,0,0,0,25,0
IND02114,01/10/2024,HOSP089,141,19,0.88,0,0,0,0,0,33,0
IND02115,01/11/2024,HOSP089,138,22,0.86,0,0,0,0,0,36,0
IND02116,01/12/2024,HOSP089,138,22,0.86,0,0,0,0,0,36,0
IND02117,01/01/2025,HOSP089,136,24,0.85,0,0,0,0,0,30,0
IND02118,01/02/2025,HOSP089,144,16,0.9,0,0,0,0,0,25,0
IND02119,01/03/2025,HOSP089,146,14,0.91,1,0,0,1,0,33,1
IND02120,01/04/2025,HOSP089,151,9,0.94,1,1,0,0,0,35,0
IND02121,01/05/2025,HOSP089,150,10,0.94,1,0,1,0,0,21,0
IND02122,01/06/2025,HOSP089,147,13,0.92,0,0,0,0,0,31,0
IND02123,01/07/2025,HOSP089,137,23,0.86,0,0,0,0,0,32,0
IND02124,01/08/2025,HOSP089,132,28,0.82,0,0,0,0,0,28,0
IND02125,01/09/2025,HOSP089,145,15,0.91,2,0,0,2,0,34,0
IND02126,01/10/2025,HOSP089,135,25,0.84,2,0,1,1,0,28,0
IND02127,01/11/2025,HOSP089,138,22,0.86,0,0,0,0,0,28,0
IND02128,01/12/2025,HOSP089,136,24,0.85,2,0,0,2,0,40,0
IND02129,01/01/2026,HOSP089,137,23,0.86,1,1,0,0,0,42,0
IND02130,01/02/2026,HOSP089,133,27,0.83,0,0,0,0,0,33,0
IND02131,01/03/2026,HOSP089,140,20,0.88,1,0,0,1,0,25,0
IND02132,01/04/2026,HOSP089,140,20,0.88,2,0,0,2,0,31,0
IND02133,01/05/2026,HOSP089,143,17,0.89,1,0,1,0,0,30,0
IND02134,01/06/2026,HOSP089,138,22,0.86,1,0,0,1,0,30,0
IND02135,01/07/2026,HOSP089,145,15,0.91,2,0,0,2,0,30,0
IND02136,01/08/2026,HOSP089,143,17,0.89,3,0,1,2,0,26,0
IND02137,01/09/2024,HOSP090,169,86,0.66,1,0,1,0,0,26,0
IND02138,01/10/2024,HOSP090,174,81,0.68,0,0,0,0,0,40,0
IND02139,01/11/2024,HOSP090,173,82,0.68,0,0,0,0,0,19,0
IND02140,01/12/2024,HOSP090,167,88,0.65,0,0,0,0,0,29,0
IND02141,01/01/2025,HOSP090,180,75,0.71,0,0,0,0,0,20,0
IND02142,01/02/2025,HOSP090,179,76,0.7,1,0,0,1,0,13,0
IND02143,01/03/2025,HOSP090,168,87,0.66,2,0,0,2,0,29,0
IND02144,01/04/2025,HOSP090,176,79,0.69,0,0,0,0,0,29,0
IND02145,01/05/2025,HOSP090,191,64,0.75,3,0,2,0,1,31,0
IND02146,01/06/2025,HOSP090,176,79,0.69,0,0,0,0,0,27,0
IND02147,01/07/2025,HOSP090,183,72,0.72,1,0,0,1,0,40,0
IND02148,01/08/2025,HOSP090,172,83,0.67,0,0,0,0,0,41,0
IND02149,01/09/2025,HOSP090,173,82,0.68,2,0,1,0,1,34,0
IND02150,01/10/2025,HOSP090,181,74,0.71,0,0,0,0,0,32,0
IND02151,01/11/2025,HOSP090,178,77,0.7,1,0,1,0,0,30,0
IND02152,01/12/2025,HOSP090,166,89,0.65,0,0,0,0,0,23,0
IND02153,01/01/2026,HOSP090,169,86,0.66,2,1,0,1,0,31,0
IND02154,01/02/2026,HOSP090,173,82,0.68,0,0,0,0,0,38,0
IND02155,01/03/2026,HOSP090,163,92,0.64,0,0,0,0,0,20,0
IND02156,01/04/2026,HOSP090,174,81,0.68,1,0,0,1,0,14,0
IND02157,01/05/2026,HOSP090,182,73,0.71,3,0,1,0,2,23,0
IND02158,01/06/2026,HOSP090,176,79,0.69,1,0,1,0,0,37,0
IND02159,01/07/2026,HOSP090,179,76,0.7,1,0,0,1,0,32,0
IND02160,01/08/2026,HOSP090,184,71,0.72,4,0,0,4,0,28,0
IND02161,01/09/2024,HOSP091,166,19,0.9,1,0,0,1,0,47,0
IND02162,01/10/2024,HOSP091,170,15,0.92,0,0,0,0,0,33,0
IND02163,01/11/2024,HOSP091,176,9,0.95,1,0,0,1,0,40,0
IND02164,01/12/2024,HOSP091,174,11,0.94,2,0,1,1,0,35,0
IND02165,01/01/2025,HOSP091,164,21,0.89,4,1,2,1,0,25,0
IND02166,01/02/2025,HOSP091,157,28,0.85,1,0,0,1,0,18,1
IND02167,01/03/2025,HOSP091,173,12,0.94,5,1,0,3,1,34,0
IND02168,01/04/2025,HOSP091,167,18,0.9,2,0,2,0,0,31,0
IND02169,01/05/2025,HOSP091,172,13,0.93,1,0,0,1,0,38,0
IND02170,01/06/2025,HOSP091,178,7,0.96,6,2,0,3,1,28,0
IND02171,01/07/2025,HOSP091,179,6,0.97,3,0,0,3,0,26,0
IND02172,01/08/2025,HOSP091,160,25,0.86,1,0,0,0,1,21,0
IND02173,01/09/2025,HOSP091,163,22,0.88,1,0,0,1,0,5,1
IND02174,01/10/2025,HOSP091,167,18,0.9,1,1,0,0,0,17,0
IND02175,01/11/2025,HOSP091,167,18,0.9,1,0,0,0,1,24,0
IND02176,01/12/2025,HOSP091,168,17,0.91,1,0,0,1,0,38,0
IND02177,01/01/2026,HOSP091,174,11,0.94,0,0,0,0,0,40,0
IND02178,01/02/2026,HOSP091,166,19,0.9,1,0,0,1,0,18,0
IND02179,01/03/2026,HOSP091,161,24,0.87,1,0,0,0,1,27,0
IND02180,01/04/2026,HOSP091,166,19,0.9,2,0,2,0,0,33,0
IND02181,01/05/2026,HOSP091,171,14,0.92,0,0,0,0,0,31,0
IND02182,01/06/2026,HOSP091,164,21,0.89,2,1,0,1,0,28,0
IND02183,01/07/2026,HOSP091,181,4,0.98,0,0,0,0,0,33,0
IND02184,01/08/2026,HOSP091,165,20,0.89,4,1,1,2,0,35,0
IND02185,01/09/2024,HOSP092,145,45,0.76,0,0,0,0,0,32,0
IND02186,01/10/2024,HOSP092,149,41,0.78,0,0,0,0,0,28,0
IND02187,01/11/2024,HOSP092,145,45,0.76,0,0,0,0,0,31,0
IND02188,01/12/2024,HOSP092,157,33,0.83,0,0,0,0,0,20,0
IND02189,01/01/2025,HOSP092,151,39,0.79,0,0,0,0,0,32,0
IND02190,01/02/2025,HOSP092,146,44,0.77,0,0,0,0,0,25,0
IND02191,01/03/2025,HOSP092,153,37,0.81,1,0,1,0,0,26,0
IND02192,01/04/2025,HOSP092,150,40,0.79,0,0,0,0,0,34,0
IND02193,01/05/2025,HOSP092,146,44,0.77,0,0,0,0,0,27,0
IND02194,01/06/2025,HOSP092,133,57,0.7,0,0,0,0,0,28,0
IND02195,01/07/2025,HOSP092,154,36,0.81,0,0,0,0,0,28,0
IND02196,01/08/2025,HOSP092,142,48,0.75,0,0,0,0,0,24,0
IND02197,01/09/2025,HOSP092,152,38,0.8,0,0,0,0,0,32,0
IND02198,01/10/2025,HOSP092,144,46,0.76,0,0,0,0,0,28,0
IND02199,01/11/2025,HOSP092,148,42,0.78,0,0,0,0,0,23,0
IND02200,01/12/2025,HOSP092,151,39,0.79,0,0,0,0,0,26,0
IND02201,01/01/2026,HOSP092,149,41,0.78,1,0,0,0,1,22,0
IND02202,01/02/2026,HOSP092,144,46,0.76,0,0,0,0,0,28,0
IND02203,01/03/2026,HOSP092,138,52,0.73,1,0,0,1,0,35,0
IND02204,01/04/2026,HOSP092,159,31,0.84,1,0,0,1,0,36,0
IND02205,01/05/2026,HOSP092,161,29,0.85,1,0,0,1,0,20,0
IND02206,01/06/2026,HOSP092,161,29,0.85,4,0,4,0,0,35,0
IND02207,01/07/2026,HOSP092,145,45,0.76,1,0,0,1,0,30,0
IND02208,01/08/2026,HOSP092,151,39,0.79,0,0,0,0,0,31,0
IND02209,01/09/2024,HOSP093,156,54,0.74,0,0,0,0,0,30,0
IND02210,01/10/2024,HOSP093,158,52,0.75,0,0,0,0,0,26,0
IND02211,01/11/2024,HOSP093,148,62,0.7,0,0,0,0,0,31,0
IND02212,01/12/2024,HOSP093,175,35,0.83,0,0,0,0,0,42,0
IND02213,01/01/2025,HOSP093,162,48,0.77,0,0,0,0,0,27,0
IND02214,01/02/2025,HOSP093,162,48,0.77,1,0,0,1,0,24,0
IND02215,01/03/2025,HOSP093,143,67,0.68,1,0,0,1,0,44,0
IND02216,01/04/2025,HOSP093,172,38,0.82,0,0,0,0,0,12,0
IND02217,01/05/2025,HOSP093,152,58,0.72,2,0,1,1,0,30,0
IND02218,01/06/2025,HOSP093,155,55,0.74,0,0,0,0,0,22,0
IND02219,01/07/2025,HOSP093,144,66,0.69,0,0,0,0,0,25,0
IND02220,01/08/2025,HOSP093,159,51,0.76,0,0,0,0,0,36,0
IND02221,01/09/2025,HOSP093,159,51,0.76,1,0,1,0,0,16,0
IND02222,01/10/2025,HOSP093,158,52,0.75,0,0,0,0,0,36,0
IND02223,01/11/2025,HOSP093,157,53,0.75,0,0,0,0,0,26,0
IND02224,01/12/2025,HOSP093,153,57,0.73,0,0,0,0,0,30,0
IND02225,01/01/2026,HOSP093,147,63,0.7,0,0,0,0,0,28,0
IND02226,01/02/2026,HOSP093,162,48,0.77,0,0,0,0,0,22,0
IND02227,01/03/2026,HOSP093,161,49,0.77,0,0,0,0,0,29,0
IND02228,01/04/2026,HOSP093,168,42,0.8,0,0,0,0,0,31,0
IND02229,01/05/2026,HOSP093,155,55,0.74,0,0,0,0,0,23,0
IND02230,01/06/2026,HOSP093,158,52,0.75,0,0,0,0,0,30,0
IND02231,01/07/2026,HOSP093,163,47,0.78,0,0,0,0,0,36,0
IND02232,01/08/2026,HOSP093,155,55,0.74,1,0,0,1,0,22,0
IND02233,01/09/2024,HOSP094,130,20,0.87,1,0,0,1,0,42,0
IND02234,01/10/2024,HOSP094,146,4,0.97,1,0,1,0,0,26,0
IND02235,01/11/2024,HOSP094,126,24,0.84,2,0,1,1,0,24,0
IND02236,01/12/2024,HOSP094,134,16,0.89,2,0,0,2,0,35,0
IND02237,01/01/2025,HOSP094,132,18,0.88,3,0,2,1,0,20,0
IND02238,01/02/2025,HOSP094,127,23,0.85,1,0,1,0,0,32,0
IND02239,01/03/2025,HOSP094,134,16,0.89,1,0,0,1,0,29,0
IND02240,01/04/2025,HOSP094,134,16,0.89,1,0,0,0,1,44,0
IND02241,01/05/2025,HOSP094,143,7,0.95,0,0,0,0,0,19,0
IND02242,01/06/2025,HOSP094,131,19,0.87,0,0,0,0,0,30,0
IND02243,01/07/2025,HOSP094,137,13,0.91,0,0,0,0,0,34,0
IND02244,01/08/2025,HOSP094,132,18,0.88,0,0,0,0,0,35,0
IND02245,01/09/2025,HOSP094,137,13,0.91,0,0,0,0,0,22,0
IND02246,01/10/2025,HOSP094,130,20,0.87,1,0,0,1,0,44,0
IND02247,01/11/2025,HOSP094,127,23,0.85,0,0,0,0,0,27,0
IND02248,01/12/2025,HOSP094,136,14,0.91,2,0,0,2,0,20,0
IND02249,01/01/2026,HOSP094,138,12,0.92,0,0,0,0,0,29,0
IND02250,01/02/2026,HOSP094,124,26,0.83,1,0,0,0,1,17,0
IND02251,01/03/2026,HOSP094,135,15,0.9,0,0,0,0,0,35,0
IND02252,01/04/2026,HOSP094,135,15,0.9,0,0,0,0,0,40,0
IND02253,01/05/2026,HOSP094,126,24,0.84,1,0,0,1,0,28,0
IND02254,01/06/2026,HOSP094,128,22,0.85,0,0,0,0,0,30,0
IND02255,01/07/2026,HOSP094,131,19,0.87,2,0,1,1,0,38,1
IND02256,01/08/2026,HOSP094,133,17,0.89,3,0,3,0,0,28,0
IND02257,01/09/2024,HOSP095,233,7,0.97,0,0,0,0,0,36,0
IND02258,01/10/2024,HOSP095,228,12,0.95,0,0,0,0,0,28,0
IND02259,01/11/2024,HOSP095,212,28,0.88,1,0,0,1,0,41,0
IND02260,01/12/2024,HOSP095,221,19,0.92,1,0,0,0,1,47,0
IND02261,01/01/2025,HOSP095,229,11,0.95,1,0,1,0,0,60,0
IND02262,01/02/2025,HOSP095,224,16,0.93,0,0,0,0,0,27,0
IND02263,01/03/2025,HOSP095,206,34,0.86,1,0,0,1,0,5,0
IND02264,01/04/2025,HOSP095,204,36,0.85,2,0,1,0,1,26,0
IND02265,01/05/2025,HOSP095,219,21,0.91,0,0,0,0,0,35,0
IND02266,01/06/2025,HOSP095,225,15,0.94,0,0,0,0,0,39,0
IND02267,01/07/2025,HOSP095,213,27,0.89,1,0,0,1,0,35,0
IND02268,01/08/2025,HOSP095,212,28,0.88,0,0,0,0,0,40,0
IND02269,01/09/2025,HOSP095,205,35,0.85,0,0,0,0,0,25,0
IND02270,01/10/2025,HOSP095,211,29,0.88,0,0,0,0,0,23,0
IND02271,01/11/2025,HOSP095,218,22,0.91,1,0,0,1,0,38,0
IND02272,01/12/2025,HOSP095,211,29,0.88,0,0,0,0,0,39,0
IND02273,01/01/2026,HOSP095,216,24,0.9,0,0,0,0,0,16,0
IND02274,01/02/2026,HOSP095,230,10,0.96,1,0,0,1,0,34,0
IND02275,01/03/2026,HOSP095,198,42,0.82,0,0,0,0,0,28,0
IND02276,01/04/2026,HOSP095,222,18,0.93,0,0,0,0,0,25,0
IND02277,01/05/2026,HOSP095,219,21,0.91,1,0,0,1,0,27,0
IND02278,01/06/2026,HOSP095,222,18,0.93,0,0,0,0,0,37,0
IND02279,01/07/2026,HOSP095,216,24,0.9,0,0,0,0,0,30,0
IND02280,01/08/2026,HOSP095,221,19,0.92,0,0,0,0,0,32,0
IND02281,01/09/2024,HOSP096,181,14,0.93,1,0,0,1,0,35,0
IND02282,01/10/2024,HOSP096,171,24,0.88,3,0,1,1,1,27,0
IND02283,01/11/2024,HOSP096,178,17,0.91,2,0,2,0,0,29,0
IND02284,01/12/2024,HOSP096,174,21,0.89,3,0,1,2,0,37,0
IND02285,01/01/2025,HOSP096,172,23,0.88,3,0,1,2,0,30,0
IND02286,01/02/2025,HOSP096,167,28,0.86,6,0,2,3,1,40,0
IND02287,01/03/2025,HOSP096,163,32,0.84,2,0,2,0,0,30,0
IND02288,01/04/2025,HOSP096,161,34,0.83,2,0,2,0,0,40,0
IND02289,01/05/2025,HOSP096,174,21,0.89,0,0,0,0,0,30,0
IND02290,01/06/2025,HOSP096,170,25,0.87,4,0,0,3,1,45,0
IND02291,01/07/2025,HOSP096,172,23,0.88,2,0,1,1,0,19,0
IND02292,01/08/2025,HOSP096,161,34,0.83,2,0,2,0,0,22,0
IND02293,01/09/2025,HOSP096,161,34,0.83,1,0,0,1,0,15,0
IND02294,01/10/2025,HOSP096,165,30,0.85,2,0,0,1,1,20,0
IND02295,01/11/2025,HOSP096,164,31,0.84,0,0,0,0,0,27,0
IND02296,01/12/2025,HOSP096,171,24,0.88,2,0,0,1,1,38,0
IND02297,01/01/2026,HOSP096,180,15,0.92,1,0,1,0,0,38,0
IND02298,01/02/2026,HOSP096,177,18,0.91,0,0,0,0,0,32,0
IND02299,01/03/2026,HOSP096,167,28,0.86,0,0,0,0,0,23,0
IND02300,01/04/2026,HOSP096,162,33,0.83,2,0,0,1,1,31,0
IND02301,01/05/2026,HOSP096,170,25,0.87,1,0,0,1,0,26,0
IND02302,01/06/2026,HOSP096,169,26,0.87,2,0,1,0,1,24,0
IND02303,01/07/2026,HOSP096,160,35,0.82,2,0,1,0,1,20,0
IND02304,01/08/2026,HOSP096,159,36,0.82,6,1,3,1,1,27,0
IND02305,01/09/2024,HOSP097,152,28,0.84,1,1,0,0,0,47,1
IND02306,01/10/2024,HOSP097,150,30,0.83,0,0,0,0,0,23,0
IND02307,01/11/2024,HOSP097,154,26,0.86,2,0,1,1,0,26,0
IND02308,01/12/2024,HOSP097,152,28,0.84,1,0,0,1,0,29,0
IND02309,01/01/2025,HOSP097,154,26,0.86,2,0,2,0,0,40,0
IND02310,01/02/2025,HOSP097,152,28,0.84,0,0,0,0,0,26,0
IND02311,01/03/2025,HOSP097,150,30,0.83,0,0,0,0,0,28,0
IND02312,01/04/2025,HOSP097,161,19,0.89,3,0,2,1,0,39,1
IND02313,01/05/2025,HOSP097,161,19,0.89,1,0,0,0,1,22,0
IND02314,01/06/2025,HOSP097,157,23,0.87,0,0,0,0,0,25,0
IND02315,01/07/2025,HOSP097,146,34,0.81,2,0,0,1,1,30,0
IND02316,01/08/2025,HOSP097,145,35,0.81,0,0,0,0,0,30,0
IND02317,01/09/2025,HOSP097,151,29,0.84,1,1,0,0,0,28,0
IND02318,01/10/2025,HOSP097,164,16,0.91,3,0,1,2,0,34,0
IND02319,01/11/2025,HOSP097,141,39,0.78,0,0,0,0,0,42,0
IND02320,01/12/2025,HOSP097,140,40,0.78,2,0,1,1,0,32,0
IND02321,01/01/2026,HOSP097,152,28,0.84,1,0,0,1,0,49,1
IND02322,01/02/2026,HOSP097,149,31,0.83,1,0,0,1,0,18,0
IND02323,01/03/2026,HOSP097,150,30,0.83,1,1,0,0,0,23,0
IND02324,01/04/2026,HOSP097,162,18,0.9,1,0,0,0,1,33,0
IND02325,01/05/2026,HOSP097,150,30,0.83,2,0,1,0,1,27,0
IND02326,01/06/2026,HOSP097,134,46,0.74,0,0,0,0,0,27,0
IND02327,01/07/2026,HOSP097,158,22,0.88,2,0,0,2,0,28,0
IND02328,01/08/2026,HOSP097,148,32,0.82,3,0,1,1,1,26,0
IND02329,01/09/2024,HOSP098,170,55,0.76,4,0,1,2,1,25,1
IND02330,01/10/2024,HOSP098,156,69,0.69,0,0,0,0,0,34,0
IND02331,01/11/2024,HOSP098,158,67,0.7,0,0,0,0,0,27,0
IND02332,01/12/2024,HOSP098,161,64,0.72,4,0,1,1,2,33,0
IND02333,01/01/2025,HOSP098,142,83,0.63,1,1,0,0,0,35,0
IND02334,01/02/2025,HOSP098,138,87,0.61,2,0,1,1,0,28,0
IND02335,01/03/2025,HOSP098,142,83,0.63,1,0,0,1,0,37,0
IND02336,01/04/2025,HOSP098,161,64,0.72,1,0,0,1,0,46,0
IND02337,01/05/2025,HOSP098,152,73,0.68,1,0,0,1,0,37,0
IND02338,01/06/2025,HOSP098,149,76,0.66,2,0,1,1,0,41,0
IND02339,01/07/2025,HOSP098,155,70,0.69,3,0,1,2,0,26,0
IND02340,01/08/2025,HOSP098,158,67,0.7,0,0,0,0,0,36,0
IND02341,01/09/2025,HOSP098,160,65,0.71,1,0,0,1,0,15,0
IND02342,01/10/2025,HOSP098,147,78,0.65,3,0,1,2,0,28,1
IND02343,01/11/2025,HOSP098,144,81,0.64,1,0,0,0,1,20,0
IND02344,01/12/2025,HOSP098,154,71,0.68,0,0,0,0,0,22,0
IND02345,01/01/2026,HOSP098,143,82,0.64,4,0,2,1,1,23,1
IND02346,01/02/2026,HOSP098,147,78,0.65,0,0,0,0,0,34,0
IND02347,01/03/2026,HOSP098,145,80,0.64,3,1,1,1,0,25,0
IND02348,01/04/2026,HOSP098,145,80,0.64,1,0,0,1,0,42,0
IND02349,01/05/2026,HOSP098,146,79,0.65,2,0,0,1,1,18,0
IND02350,01/06/2026,HOSP098,156,69,0.69,0,0,0,0,0,31,0
IND02351,01/07/2026,HOSP098,146,79,0.65,2,0,1,1,0,32,0
IND02352,01/08/2026,HOSP098,156,69,0.69,2,0,1,0,1,30,1
IND02353,01/09/2024,HOSP099,124,41,0.75,0,0,0,0,0,31,0
IND02354,01/10/2024,HOSP099,113,52,0.68,0,0,0,0,0,22,0
IND02355,01/11/2024,HOSP099,122,43,0.74,0,0,0,0,0,26,0
IND02356,01/12/2024,HOSP099,125,40,0.76,0,0,0,0,0,37,0
IND02357,01/01/2025,HOSP099,121,44,0.73,0,0,0,0,0,20,0
IND02358,01/02/2025,HOSP099,122,43,0.74,0,0,0,0,0,27,0
IND02359,01/03/2025,HOSP099,129,36,0.78,0,0,0,0,0,32,0
IND02360,01/04/2025,HOSP099,117,48,0.71,1,1,0,0,0,29,0
IND02361,01/05/2025,HOSP099,134,31,0.81,0,0,0,0,0,40,0
IND02362,01/06/2025,HOSP099,123,42,0.75,1,0,0,1,0,26,0
IND02363,01/07/2025,HOSP099,122,43,0.74,0,0,0,0,0,36,0
IND02364,01/08/2025,HOSP099,112,53,0.68,0,0,0,0,0,37,0
IND02365,01/09/2025,HOSP099,122,43,0.74,0,0,0,0,0,26,0
IND02366,01/10/2025,HOSP099,117,48,0.71,0,0,0,0,0,30,0
IND02367,01/11/2025,HOSP099,133,32,0.81,1,0,1,0,0,13,0
IND02368,01/12/2025,HOSP099,131,34,0.79,0,0,0,0,0,25,0
IND02369,01/01/2026,HOSP099,118,47,0.72,0,0,0,0,0,27,0
IND02370,01/02/2026,HOSP099,127,38,0.77,0,0,0,0,0,30,0
IND02371,01/03/2026,HOSP099,116,49,0.7,1,0,1,0,0,18,0
IND02372,01/04/2026,HOSP099,126,39,0.76,0,0,0,0,0,24,0
IND02373,01/05/2026,HOSP099,120,45,0.73,0,0,0,0,0,37,0
IND02374,01/06/2026,HOSP099,120,45,0.73,1,0,0,1,0,7,0
IND02375,01/07/2026,HOSP099,124,41,0.75,0,0,0,0,0,29,0
IND02376,01/08/2026,HOSP099,123,42,0.75,2,0,2,0,0,24,0
IND02377,01/09/2024,HOSP100,213,47,0.82,0,0,0,0,0,27,0
IND02378,01/10/2024,HOSP100,223,37,0.86,0,0,0,0,0,24,0
IND02379,01/11/2024,HOSP100,231,29,0.89,1,0,0,1,0,38,0
IND02380,01/12/2024,HOSP100,238,22,0.92,1,0,0,1,0,43,0
IND02381,01/01/2025,HOSP100,233,27,0.9,1,0,0,1,0,42,1
IND02382,01/02/2025,HOSP100,231,29,0.89,3,1,0,2,0,21,0
IND02383,01/03/2025,HOSP100,226,34,0.87,1,0,1,0,0,28,0
IND02384,01/04/2025,HOSP100,230,30,0.88,0,0,0,0,0,36,0
IND02385,01/05/2025,HOSP100,230,30,0.88,1,0,0,1,0,54,0
IND02386,01/06/2025,HOSP100,217,43,0.83,2,0,0,2,0,30,0
IND02387,01/07/2025,HOSP100,216,44,0.83,1,0,0,0,1,23,0
IND02388,01/08/2025,HOSP100,220,40,0.85,0,0,0,0,0,33,0
IND02389,01/09/2025,HOSP100,212,48,0.82,0,0,0,0,0,27,0
IND02390,01/10/2025,HOSP100,213,47,0.82,0,0,0,0,0,22,0
IND02391,01/11/2025,HOSP100,232,28,0.89,0,0,0,0,0,34,0
IND02392,01/12/2025,HOSP100,225,35,0.87,0,0,0,0,0,28,0
IND02393,01/01/2026,HOSP100,231,29,0.89,1,0,1,0,0,46,0
IND02394,01/02/2026,HOSP100,225,35,0.87,1,0,1,0,0,49,0
IND02395,01/03/2026,HOSP100,221,39,0.85,1,0,1,0,0,36,0
IND02396,01/04/2026,HOSP100,229,31,0.88,0,0,0,0,0,34,0
IND02397,01/05/2026,HOSP100,216,44,0.83,1,0,0,1,0,46,0
IND02398,01/06/2026,HOSP100,220,40,0.85,0,0,0,0,0,29,0
IND02399,01/07/2026,HOSP100,238,22,0.92,1,0,1,0,0,44,1
IND02400,01/08/2026,HOSP100,230,30,0.88,1,0,0,1,0,32,0
IND02401,01/09/2024,HOSP101,188,12,0.94,0,0,0,0,0,37,0
IND02402,01/10/2024,HOSP101,193,7,0.96,1,0,1,0,0,43,0
IND02403,01/11/2024,HOSP101,184,16,0.92,0,0,0,0,0,29,0
IND02404,01/12/2024,HOSP101,177,23,0.89,1,0,0,1,0,16,0
IND02405,01/01/2025,HOSP101,177,23,0.89,0,0,0,0,0,38,0
IND02406,01/02/2025,HOSP101,187,13,0.94,1,0,0,0,1,14,0
IND02407,01/03/2025,HOSP101,191,9,0.95,0,0,0,0,0,34,0
IND02408,01/04/2025,HOSP101,184,16,0.92,1,0,0,1,0,29,0
IND02409,01/05/2025,HOSP101,180,20,0.9,0,0,0,0,0,21,0
IND02410,01/06/2025,HOSP101,189,11,0.94,0,0,0,0,0,27,0
IND02411,01/07/2025,HOSP101,187,13,0.94,0,0,0,0,0,38,0
IND02412,01/08/2025,HOSP101,183,17,0.92,0,0,0,0,0,30,0
IND02413,01/09/2025,HOSP101,184,16,0.92,0,0,0,0,0,26,0
IND02414,01/10/2025,HOSP101,193,7,0.96,0,0,0,0,0,29,0
IND02415,01/11/2025,HOSP101,183,17,0.92,0,0,0,0,0,36,0
IND02416,01/12/2025,HOSP101,184,16,0.92,0,0,0,0,0,31,0
IND02417,01/01/2026,HOSP101,178,22,0.89,0,0,0,0,0,28,0
IND02418,01/02/2026,HOSP101,187,13,0.94,0,0,0,0,0,19,0
IND02419,01/03/2026,HOSP101,187,13,0.94,0,0,0,0,0,39,0
IND02420,01/04/2026,HOSP101,176,24,0.88,1,0,0,1,0,41,0
IND02421,01/05/2026,HOSP101,179,21,0.9,1,0,1,0,0,22,0
IND02422,01/06/2026,HOSP101,183,17,0.92,0,0,0,0,0,23,0
IND02423,01/07/2026,HOSP101,178,22,0.89,1,0,0,0,1,11,0
IND02424,01/08/2026,HOSP101,184,16,0.92,2,0,1,1,0,37,0
IND02425,01/09/2024,HOSP102,145,40,0.78,4,0,2,2,0,30,0
IND02426,01/10/2024,HOSP102,152,33,0.82,0,0,0,0,0,35,0
IND02427,01/11/2024,HOSP102,143,42,0.77,0,0,0,0,0,20,0
IND02428,01/12/2024,HOSP102,127,58,0.69,2,0,1,1,0,15,0
IND02429,01/01/2025,HOSP102,139,46,0.75,6,0,2,2,2,29,1
IND02430,01/02/2025,HOSP102,134,51,0.72,3,0,0,3,0,35,0
IND02431,01/03/2025,HOSP102,128,57,0.69,0,0,0,0,0,26,0
IND02432,01/04/2025,HOSP102,129,56,0.7,2,0,0,2,0,46,1
IND02433,01/05/2025,HOSP102,140,45,0.76,1,0,1,0,0,29,0
IND02434,01/06/2025,HOSP102,143,42,0.77,1,0,0,1,0,27,0
IND02435,01/07/2025,HOSP102,139,46,0.75,1,0,1,0,0,24,0
IND02436,01/08/2025,HOSP102,140,45,0.76,2,1,0,1,0,41,0
IND02437,01/09/2025,HOSP102,138,47,0.75,0,0,0,0,0,24,0
IND02438,01/10/2025,HOSP102,137,48,0.74,1,0,1,0,0,25,0
IND02439,01/11/2025,HOSP102,133,52,0.72,1,0,0,1,0,25,0
IND02440,01/12/2025,HOSP102,139,46,0.75,0,0,0,0,0,34,0
IND02441,01/01/2026,HOSP102,136,49,0.74,1,0,0,1,0,12,0
IND02442,01/02/2026,HOSP102,142,43,0.77,1,0,0,0,1,28,0
IND02443,01/03/2026,HOSP102,136,49,0.74,1,0,0,0,1,45,0
IND02444,01/04/2026,HOSP102,142,43,0.77,3,1,0,2,0,34,0
IND02445,01/05/2026,HOSP102,140,45,0.76,0,0,0,0,0,26,0
IND02446,01/06/2026,HOSP102,138,47,0.75,2,0,0,1,1,32,0
IND02447,01/07/2026,HOSP102,145,40,0.78,0,0,0,0,0,32,0
IND02448,01/08/2026,HOSP102,144,41,0.78,1,0,0,0,1,21,0
IND02449,01/09/2024,HOSP103,178,37,0.83,3,1,0,2,0,27,0
IND02450,01/10/2024,HOSP103,182,33,0.85,2,0,1,1,0,24,0
IND02451,01/11/2024,HOSP103,183,32,0.85,2,0,1,1,0,32,1
IND02452,01/12/2024,HOSP103,182,33,0.85,3,2,1,0,0,30,0
IND02453,01/01/2025,HOSP103,192,23,0.89,2,0,0,1,1,32,0
IND02454,01/02/2025,HOSP103,197,18,0.92,1,0,0,0,1,23,0
IND02455,01/03/2025,HOSP103,191,24,0.89,3,1,0,1,1,28,0
IND02456,01/04/2025,HOSP103,181,34,0.84,3,0,2,1,0,23,0
IND02457,01/05/2025,HOSP103,196,19,0.91,1,0,1,0,0,23,0
IND02458,01/06/2025,HOSP103,180,35,0.84,1,0,0,1,0,22,0
IND02459,01/07/2025,HOSP103,190,25,0.88,4,0,3,1,0,28,0
IND02460,01/08/2025,HOSP103,189,26,0.88,2,0,0,1,1,20,0
IND02461,01/09/2025,HOSP103,191,24,0.89,1,0,1,0,0,46,0
IND02462,01/10/2025,HOSP103,191,24,0.89,2,0,1,1,0,31,1
IND02463,01/11/2025,HOSP103,179,36,0.83,2,0,0,1,1,12,0
IND02464,01/12/2025,HOSP103,186,29,0.87,3,0,2,0,1,13,1
IND02465,01/01/2026,HOSP103,172,43,0.8,2,0,0,2,0,30,0
IND02466,01/02/2026,HOSP103,184,31,0.86,1,0,0,1,0,18,0
IND02467,01/03/2026,HOSP103,176,39,0.82,3,0,2,0,1,16,0
IND02468,01/04/2026,HOSP103,174,41,0.81,2,0,0,2,0,30,0
IND02469,01/05/2026,HOSP103,194,21,0.9,6,0,2,3,1,30,2
IND02470,01/06/2026,HOSP103,185,30,0.86,6,0,3,2,1,32,1
IND02471,01/07/2026,HOSP103,195,20,0.91,1,0,0,1,0,34,0
IND02472,01/08/2026,HOSP103,181,34,0.84,2,0,2,0,0,22,0
IND02473,01/09/2024,HOSP104,118,37,0.76,1,0,0,1,0,17,0
IND02474,01/10/2024,HOSP104,111,44,0.72,1,0,0,1,0,11,0
IND02475,01/11/2024,HOSP104,107,48,0.69,0,0,0,0,0,39,0
IND02476,01/12/2024,HOSP104,105,50,0.68,4,1,0,3,0,34,0
IND02477,01/01/2025,HOSP104,111,44,0.72,3,1,1,1,0,33,0
IND02478,01/02/2025,HOSP104,102,53,0.66,1,0,0,0,1,27,0
IND02479,01/03/2025,HOSP104,107,48,0.69,2,0,0,0,2,45,1
IND02480,01/04/2025,HOSP104,111,44,0.72,2,0,0,2,0,28,0
IND02481,01/05/2025,HOSP104,113,42,0.73,2,0,0,1,1,17,0
IND02482,01/06/2025,HOSP104,106,49,0.68,0,0,0,0,0,30,0
IND02483,01/07/2025,HOSP104,111,44,0.72,2,1,0,1,0,20,0
IND02484,01/08/2025,HOSP104,110,45,0.71,1,0,0,1,0,48,0
IND02485,01/09/2025,HOSP104,105,50,0.68,1,0,0,1,0,33,0
IND02486,01/10/2025,HOSP104,105,50,0.68,1,0,1,0,0,28,0
IND02487,01/11/2025,HOSP104,110,45,0.71,1,0,0,1,0,15,0
IND02488,01/12/2025,HOSP104,119,36,0.77,0,0,0,0,0,24,0
IND02489,01/01/2026,HOSP104,110,45,0.71,1,0,0,0,1,9,0
IND02490,01/02/2026,HOSP104,108,47,0.7,2,1,1,0,0,41,1
IND02491,01/03/2026,HOSP104,115,40,0.74,2,0,0,2,0,16,0
IND02492,01/04/2026,HOSP104,100,55,0.65,1,0,1,0,0,29,0
IND02493,01/05/2026,HOSP104,103,52,0.66,0,0,0,0,0,27,0
IND02494,01/06/2026,HOSP104,107,48,0.69,3,1,0,1,1,30,0
IND02495,01/07/2026,HOSP104,102,53,0.66,1,0,0,0,1,34,0
IND02496,01/08/2026,HOSP104,114,41,0.74,2,0,0,2,0,21,0
IND02497,01/09/2024,HOSP105,215,35,0.86,0,0,0,0,0,23,0
IND02498,01/10/2024,HOSP105,228,22,0.91,0,0,0,0,0,34,0
IND02499,01/11/2024,HOSP105,204,46,0.82,0,0,0,0,0,33,0
IND02500,01/12/2024,HOSP105,214,36,0.86,0,0,0,0,0,31,0
IND02501,01/01/2025,HOSP105,222,28,0.89,2,0,0,1,1,23,0
IND02502,01/02/2025,HOSP105,213,37,0.85,0,0,0,0,0,23,0
IND02503,01/03/2025,HOSP105,215,35,0.86,1,0,0,1,0,35,0
IND02504,01/04/2025,HOSP105,217,33,0.87,1,0,0,1,0,12,0
IND02505,01/05/2025,HOSP105,207,43,0.83,0,0,0,0,0,16,0
IND02506,01/06/2025,HOSP105,203,47,0.81,1,1,0,0,0,9,0
IND02507,01/07/2025,HOSP105,225,25,0.9,2,0,0,2,0,14,0
IND02508,01/08/2025,HOSP105,225,25,0.9,0,0,0,0,0,27,0
IND02509,01/09/2025,HOSP105,218,32,0.87,1,0,0,1,0,5,0
IND02510,01/10/2025,HOSP105,219,31,0.88,1,0,0,1,0,48,1
IND02511,01/11/2025,HOSP105,219,31,0.88,0,0,0,0,0,27,0
IND02512,01/12/2025,HOSP105,216,34,0.86,0,0,0,0,0,23,0
IND02513,01/01/2026,HOSP105,210,40,0.84,0,0,0,0,0,24,0
IND02514,01/02/2026,HOSP105,205,45,0.82,0,0,0,0,0,27,0
IND02515,01/03/2026,HOSP105,220,30,0.88,1,0,0,1,0,36,0
IND02516,01/04/2026,HOSP105,224,26,0.9,2,0,0,1,1,18,0
IND02517,01/05/2026,HOSP105,208,42,0.83,0,0,0,0,0,34,0
IND02518,01/06/2026,HOSP105,211,39,0.84,0,0,0,0,0,17,0
IND02519,01/07/2026,HOSP105,220,30,0.88,0,0,0,0,0,26,0
IND02520,01/08/2026,HOSP105,218,32,0.87,0,0,0,0,0,34,0
IND02521,01/09/2024,HOSP106,133,57,0.7,0,0,0,0,0,16,0
IND02522,01/10/2024,HOSP106,139,51,0.73,1,0,1,0,0,39,0
IND02523,01/11/2024,HOSP106,158,32,0.83,0,0,0,0,0,28,0
IND02524,01/12/2024,HOSP106,145,45,0.76,2,0,0,1,1,32,0
IND02525,01/01/2025,HOSP106,151,39,0.79,0,0,0,0,0,29,0
IND02526,01/02/2025,HOSP106,143,47,0.75,2,1,0,1,0,44,0
IND02527,01/03/2025,HOSP106,149,41,0.78,1,0,0,1,0,29,0
IND02528,01/04/2025,HOSP106,153,37,0.81,1,0,0,0,1,44,0
IND02529,01/05/2025,HOSP106,155,35,0.82,1,0,0,0,1,26,1
IND02530,01/06/2025,HOSP106,157,33,0.83,1,0,1,0,0,37,0
IND02531,01/07/2025,HOSP106,148,42,0.78,1,0,1,0,0,52,0
IND02532,01/08/2025,HOSP106,140,50,0.74,0,0,0,0,0,30,0
IND02533,01/09/2025,HOSP106,148,42,0.78,1,0,0,0,1,31,0
IND02534,01/10/2025,HOSP106,145,45,0.76,1,0,1,0,0,19,0
IND02535,01/11/2025,HOSP106,133,57,0.7,0,0,0,0,0,40,0
IND02536,01/12/2025,HOSP106,148,42,0.78,1,0,1,0,0,21,0
IND02537,01/01/2026,HOSP106,146,44,0.77,0,0,0,0,0,29,0
IND02538,01/02/2026,HOSP106,150,40,0.79,0,0,0,0,0,25,0
IND02539,01/03/2026,HOSP106,144,46,0.76,1,0,0,1,0,11,0
IND02540,01/04/2026,HOSP106,143,47,0.75,1,0,0,0,1,40,0
IND02541,01/05/2026,HOSP106,143,47,0.75,0,0,0,0,0,26,0
IND02542,01/06/2026,HOSP106,137,53,0.72,3,0,0,2,1,25,0
IND02543,01/07/2026,HOSP106,158,32,0.83,2,0,0,1,1,34,0
IND02544,01/08/2026,HOSP106,148,42,0.78,2,1,1,0,0,25,0
IND02545,01/09/2024,HOSP107,115,55,0.68,0,0,0,0,0,29,0
IND02546,01/10/2024,HOSP107,115,55,0.68,0,0,0,0,0,24,0
IND02547,01/11/2024,HOSP107,126,44,0.74,1,0,1,0,0,18,0
IND02548,01/12/2024,HOSP107,120,50,0.71,0,0,0,0,0,20,0
IND02549,01/01/2025,HOSP107,117,53,0.69,0,0,0,0,0,24,0
IND02550,01/02/2025,HOSP107,112,58,0.66,0,0,0,0,0,27,0
IND02551,01/03/2025,HOSP107,112,58,0.66,0,0,0,0,0,39,0
IND02552,01/04/2025,HOSP107,113,57,0.66,1,0,0,0,1,26,0
IND02553,01/05/2025,HOSP107,121,49,0.71,0,0,0,0,0,25,0
IND02554,01/06/2025,HOSP107,112,58,0.66,1,0,0,1,0,49,1
IND02555,01/07/2025,HOSP107,122,48,0.72,1,0,0,1,0,22,0
IND02556,01/08/2025,HOSP107,120,50,0.71,0,0,0,0,0,25,0
IND02557,01/09/2025,HOSP107,116,54,0.68,0,0,0,0,0,21,0
IND02558,01/10/2025,HOSP107,121,49,0.71,0,0,0,0,0,37,0
IND02559,01/11/2025,HOSP107,119,51,0.7,0,0,0,0,0,31,0
IND02560,01/12/2025,HOSP107,117,53,0.69,0,0,0,0,0,34,0
IND02561,01/01/2026,HOSP107,115,55,0.68,0,0,0,0,0,32,0
IND02562,01/02/2026,HOSP107,120,50,0.71,0,0,0,0,0,25,0
IND02563,01/03/2026,HOSP107,120,50,0.71,0,0,0,0,0,30,0
IND02564,01/04/2026,HOSP107,123,47,0.72,0,0,0,0,0,23,0
IND02565,01/05/2026,HOSP107,110,60,0.65,0,0,0,0,0,32,0
IND02566,01/06/2026,HOSP107,125,45,0.74,0,0,0,0,0,36,0
IND02567,01/07/2026,HOSP107,128,42,0.75,0,0,0,0,0,44,0
IND02568,01/08/2026,HOSP107,112,58,0.66,0,0,0,0,0,24,0
IND02569,01/09/2024,HOSP108,156,64,0.71,1,0,0,1,0,37,0
IND02570,01/10/2024,HOSP108,160,60,0.73,0,0,0,0,0,36,0
IND02571,01/11/2024,HOSP108,157,63,0.71,0,0,0,0,0,34,0
IND02572,01/12/2024,HOSP108,153,67,0.7,2,0,0,1,1,22,1
IND02573,01/01/2025,HOSP108,157,63,0.71,0,0,0,0,0,22,0
IND02574,01/02/2025,HOSP108,160,60,0.73,0,0,0,0,0,30,0
IND02575,01/03/2025,HOSP108,155,65,0.7,0,0,0,0,0,37,0
IND02576,01/04/2025,HOSP108,173,47,0.79,0,0,0,0,0,25,0
IND02577,01/05/2025,HOSP108,158,62,0.72,2,0,0,1,1,38,0
IND02578,01/06/2025,HOSP108,144,76,0.65,1,0,0,1,0,34,0
IND02579,01/07/2025,HOSP108,156,64,0.71,1,0,1,0,0,17,1
IND02580,01/08/2025,HOSP108,171,49,0.78,2,1,0,1,0,10,1
IND02581,01/09/2025,HOSP108,160,60,0.73,0,0,0,0,0,31,0
IND02582,01/10/2025,HOSP108,156,64,0.71,1,0,1,0,0,23,0
IND02583,01/11/2025,HOSP108,156,64,0.71,0,0,0,0,0,28,0
IND02584,01/12/2025,HOSP108,168,52,0.76,1,0,1,0,0,17,0
IND02585,01/01/2026,HOSP108,160,60,0.73,0,0,0,0,0,31,0
IND02586,01/02/2026,HOSP108,143,77,0.65,0,0,0,0,0,25,0
IND02587,01/03/2026,HOSP108,173,47,0.79,1,0,1,0,0,22,0
IND02588,01/04/2026,HOSP108,167,53,0.76,0,0,0,0,0,29,0
IND02589,01/05/2026,HOSP108,161,59,0.73,0,0,0,0,0,32,0
IND02590,01/06/2026,HOSP108,153,67,0.7,1,0,1,0,0,36,1
IND02591,01/07/2026,HOSP108,167,53,0.76,1,0,0,1,0,24,0
IND02592,01/08/2026,HOSP108,163,57,0.74,1,0,0,1,0,31,0
IND02593,01/09/2024,HOSP109,127,33,0.79,0,0,0,0,0,26,0
IND02594,01/10/2024,HOSP109,117,43,0.73,0,0,0,0,0,24,0
IND02595,01/11/2024,HOSP109,118,42,0.74,1,1,0,0,0,52,0
IND02596,01/12/2024,HOSP109,127,33,0.79,0,0,0,0,0,29,0
IND02597,01/01/2025,HOSP109,134,26,0.84,2,0,1,1,0,41,0
IND02598,01/02/2025,HOSP109,130,30,0.81,1,0,0,1,0,14,0
IND02599,01/03/2025,HOSP109,145,15,0.91,0,0,0,0,0,26,0
IND02600,01/04/2025,HOSP109,127,33,0.79,0,0,0,0,0,29,0
IND02601,01/05/2025,HOSP109,126,34,0.79,0,0,0,0,0,24,0
IND02602,01/06/2025,HOSP109,128,32,0.8,0,0,0,0,0,34,0
IND02603,01/07/2025,HOSP109,134,26,0.84,0,0,0,0,0,30,0
IND02604,01/08/2025,HOSP109,121,39,0.76,1,0,0,0,1,27,0
IND02605,01/09/2025,HOSP109,134,26,0.84,0,0,0,0,0,21,0
IND02606,01/10/2025,HOSP109,136,24,0.85,0,0,0,0,0,37,0
IND02607,01/11/2025,HOSP109,128,32,0.8,0,0,0,0,0,24,0
IND02608,01/12/2025,HOSP109,125,35,0.78,0,0,0,0,0,27,0
IND02609,01/01/2026,HOSP109,130,30,0.81,0,0,0,0,0,36,0
IND02610,01/02/2026,HOSP109,138,22,0.86,0,0,0,0,0,24,0
IND02611,01/03/2026,HOSP109,127,33,0.79,0,0,0,0,0,41,0
IND02612,01/04/2026,HOSP109,134,26,0.84,0,0,0,0,0,15,0
IND02613,01/05/2026,HOSP109,135,25,0.84,0,0,0,0,0,12,0
IND02614,01/06/2026,HOSP109,136,24,0.85,1,0,0,1,0,42,0
IND02615,01/07/2026,HOSP109,131,29,0.82,1,0,1,0,0,28,0
IND02616,01/08/2026,HOSP109,128,32,0.8,0,0,0,0,0,30,0
IND02617,01/09/2024,HOSP110,208,37,0.85,0,0,0,0,0,20,0
IND02618,01/10/2024,HOSP110,185,60,0.76,0,0,0,0,0,29,0
IND02619,01/11/2024,HOSP110,189,56,0.77,2,0,0,1,1,44,0
IND02620,01/12/2024,HOSP110,193,52,0.79,5,0,1,4,0,27,0
IND02621,01/01/2025,HOSP110,195,50,0.8,4,0,2,1,1,32,1
IND02622,01/02/2025,HOSP110,185,60,0.76,3,0,1,1,1,28,0
IND02623,01/03/2025,HOSP110,200,45,0.82,1,0,1,0,0,26,0
IND02624,01/04/2025,HOSP110,187,58,0.76,2,0,1,1,0,29,0
IND02625,01/05/2025,HOSP110,197,48,0.8,0,0,0,0,0,24,0
IND02626,01/06/2025,HOSP110,189,56,0.77,0,0,0,0,0,27,0
IND02627,01/07/2025,HOSP110,192,53,0.78,3,0,2,1,0,25,0
IND02628,01/08/2025,HOSP110,199,46,0.81,0,0,0,0,0,31,0
IND02629,01/09/2025,HOSP110,195,50,0.8,0,0,0,0,0,29,0
IND02630,01/10/2025,HOSP110,196,49,0.8,2,0,1,1,0,26,0
IND02631,01/11/2025,HOSP110,201,44,0.82,1,0,0,1,0,35,1
IND02632,01/12/2025,HOSP110,182,63,0.74,1,0,0,1,0,30,0
IND02633,01/01/2026,HOSP110,201,44,0.82,0,0,0,0,0,27,0
IND02634,01/02/2026,HOSP110,207,38,0.84,0,0,0,0,0,26,0
IND02635,01/03/2026,HOSP110,189,56,0.77,1,0,1,0,0,25,0
IND02636,01/04/2026,HOSP110,187,58,0.76,1,0,0,1,0,31,0
IND02637,01/05/2026,HOSP110,183,62,0.75,1,1,0,0,0,30,0
IND02638,01/06/2026,HOSP110,180,65,0.73,0,0,0,0,0,28,0
IND02639,01/07/2026,HOSP110,206,39,0.84,2,0,2,0,0,18,0
IND02640,01/08/2026,HOSP110,191,54,0.78,1,0,1,0,0,38,0
IND02641,01/09/2024,HOSP111,146,34,0.81,1,0,1,0,0,31,0
IND02642,01/10/2024,HOSP111,143,37,0.79,1,0,0,0,1,41,0
IND02643,01/11/2024,HOSP111,141,39,0.78,0,0,0,0,0,25,0
IND02644,01/12/2024,HOSP111,147,33,0.82,2,0,1,0,1,26,0
IND02645,01/01/2025,HOSP111,152,28,0.84,0,0,0,0,0,36,0
IND02646,01/02/2025,HOSP111,148,32,0.82,3,0,0,2,1,28,0
IND02647,01/03/2025,HOSP111,160,20,0.89,0,0,0,0,0,23,0
IND02648,01/04/2025,HOSP111,155,25,0.86,2,0,0,2,0,20,0
IND02649,01/05/2025,HOSP111,154,26,0.86,1,0,1,0,0,29,1
IND02650,01/06/2025,HOSP111,152,28,0.84,0,0,0,0,0,31,0
IND02651,01/07/2025,HOSP111,145,35,0.81,0,0,0,0,0,31,0
IND02652,01/08/2025,HOSP111,139,41,0.77,0,0,0,0,0,18,0
IND02653,01/09/2025,HOSP111,149,31,0.83,1,0,0,0,1,9,0
IND02654,01/10/2025,HOSP111,151,29,0.84,0,0,0,0,0,31,0
IND02655,01/11/2025,HOSP111,152,28,0.84,1,0,0,1,0,49,0
IND02656,01/12/2025,HOSP111,149,31,0.83,2,0,1,1,0,34,0
IND02657,01/01/2026,HOSP111,151,29,0.84,0,0,0,0,0,36,0
IND02658,01/02/2026,HOSP111,157,23,0.87,0,0,0,0,0,28,0
IND02659,01/03/2026,HOSP111,140,40,0.78,0,0,0,0,0,33,0
IND02660,01/04/2026,HOSP111,157,23,0.87,1,0,0,1,0,63,0
IND02661,01/05/2026,HOSP111,153,27,0.85,0,0,0,0,0,29,0
IND02662,01/06/2026,HOSP111,147,33,0.82,0,0,0,0,0,30,0
IND02663,01/07/2026,HOSP111,164,16,0.91,2,0,1,1,0,41,0
IND02664,01/08/2026,HOSP111,151,29,0.84,0,0,0,0,0,34,0
IND02665,01/09/2024,HOSP112,153,42,0.78,0,0,0,0,0,28,0
IND02666,01/10/2024,HOSP112,139,56,0.71,1,0,1,0,0,19,0
IND02667,01/11/2024,HOSP112,147,48,0.75,0,0,0,0,0,32,0
IND02668,01/12/2024,HOSP112,161,34,0.83,0,0,0,0,0,20,0
IND02669,01/01/2025,HOSP112,149,46,0.76,4,1,1,1,1,25,1
IND02670,01/02/2025,HOSP112,154,41,0.79,2,0,1,1,0,18,1
IND02671,01/03/2025,HOSP112,152,43,0.78,3,1,2,0,0,24,0
IND02672,01/04/2025,HOSP112,150,45,0.77,0,0,0,0,0,29,0
IND02673,01/05/2025,HOSP112,136,59,0.7,2,0,1,1,0,42,0
IND02674,01/06/2025,HOSP112,148,47,0.76,2,0,0,1,1,34,0
IND02675,01/07/2025,HOSP112,151,44,0.77,0,0,0,0,0,19,0
IND02676,01/08/2025,HOSP112,155,40,0.79,1,0,0,1,0,40,0
IND02677,01/09/2025,HOSP112,145,50,0.74,0,0,0,0,0,26,0
IND02678,01/10/2025,HOSP112,155,40,0.79,2,0,1,1,0,30,0
IND02679,01/11/2025,HOSP112,158,37,0.81,1,1,0,0,0,20,0
IND02680,01/12/2025,HOSP112,140,55,0.72,0,0,0,0,0,25,0
IND02681,01/01/2026,HOSP112,144,51,0.74,1,0,0,0,1,12,0
IND02682,01/02/2026,HOSP112,150,45,0.77,1,0,1,0,0,9,0
IND02683,01/03/2026,HOSP112,148,47,0.76,1,0,1,0,0,16,0
IND02684,01/04/2026,HOSP112,146,49,0.75,1,0,0,1,0,27,1
IND02685,01/05/2026,HOSP112,154,41,0.79,1,0,0,0,1,39,0
IND02686,01/06/2026,HOSP112,143,52,0.73,0,0,0,0,0,31,0
IND02687,01/07/2026,HOSP112,139,56,0.71,1,0,1,0,0,26,0
IND02688,01/08/2026,HOSP112,146,49,0.75,1,0,0,1,0,29,0
IND02689,01/09/2024,HOSP113,183,47,0.8,0,0,0,0,0,26,0
IND02690,01/10/2024,HOSP113,175,55,0.76,0,0,0,0,0,40,0
IND02691,01/11/2024,HOSP113,191,39,0.83,0,0,0,0,0,27,0
IND02692,01/12/2024,HOSP113,180,50,0.78,2,1,0,0,1,32,0
IND02693,01/01/2025,HOSP113,188,42,0.82,4,0,2,2,0,13,0
IND02694,01/02/2025,HOSP113,190,40,0.83,0,0,0,0,0,23,0
IND02695,01/03/2025,HOSP113,195,35,0.85,0,0,0,0,0,17,0
IND02696,01/04/2025,HOSP113,193,37,0.84,1,0,1,0,0,22,0
IND02697,01/05/2025,HOSP113,197,33,0.86,1,1,0,0,0,24,0
IND02698,01/06/2025,HOSP113,201,29,0.87,1,0,0,1,0,31,0
IND02699,01/07/2025,HOSP113,183,47,0.8,1,0,0,0,1,29,0
IND02700,01/08/2025,HOSP113,186,44,0.81,2,0,1,1,0,26,0
IND02701,01/09/2025,HOSP113,193,37,0.84,0,0,0,0,0,29,0
IND02702,01/10/2025,HOSP113,194,36,0.84,0,0,0,0,0,27,0
IND02703,01/11/2025,HOSP113,177,53,0.77,1,0,0,1,0,30,0
IND02704,01/12/2025,HOSP113,193,37,0.84,0,0,0,0,0,33,0
IND02705,01/01/2026,HOSP113,196,34,0.85,0,0,0,0,0,34,0
IND02706,01/02/2026,HOSP113,204,26,0.89,0,0,0,0,0,33,0
IND02707,01/03/2026,HOSP113,205,25,0.89,2,0,2,0,0,24,0
IND02708,01/04/2026,HOSP113,187,43,0.81,0,0,0,0,0,24,0
IND02709,01/05/2026,HOSP113,181,49,0.79,0,0,0,0,0,22,0
IND02710,01/06/2026,HOSP113,179,51,0.78,2,0,0,2,0,37,0
IND02711,01/07/2026,HOSP113,185,45,0.8,0,0,0,0,0,26,0
IND02712,01/08/2026,HOSP113,197,33,0.86,0,0,0,0,0,24,0
IND02713,01/09/2024,HOSP114,120,30,0.8,3,0,1,2,0,26,0
IND02714,01/10/2024,HOSP114,112,38,0.75,0,0,0,0,0,30,0
IND02715,01/11/2024,HOSP114,113,37,0.75,3,1,2,0,0,32,0
IND02716,01/12/2024,HOSP114,113,37,0.75,1,1,0,0,0,23,0
IND02717,01/01/2025,HOSP114,109,41,0.73,2,0,0,2,0,33,0
IND02718,01/02/2025,HOSP114,110,40,0.73,0,0,0,0,0,27,0
IND02719,01/03/2025,HOSP114,116,34,0.77,1,0,0,1,0,11,0
IND02720,01/04/2025,HOSP114,115,35,0.77,1,0,0,0,1,29,0
IND02721,01/05/2025,HOSP114,118,32,0.79,2,0,0,1,1,24,1
IND02722,01/06/2025,HOSP114,116,34,0.77,0,0,0,0,0,33,0
IND02723,01/07/2025,HOSP114,113,37,0.75,3,0,0,2,1,36,0
IND02724,01/08/2025,HOSP114,117,33,0.78,1,0,1,0,0,32,0
IND02725,01/09/2025,HOSP114,121,29,0.81,0,0,0,0,0,26,0
IND02726,01/10/2025,HOSP114,113,37,0.75,0,0,0,0,0,18,0
IND02727,01/11/2025,HOSP114,117,33,0.78,2,0,1,1,0,15,0
IND02728,01/12/2025,HOSP114,111,39,0.74,0,0,0,0,0,33,0
IND02729,01/01/2026,HOSP114,127,23,0.85,0,0,0,0,0,44,0
IND02730,01/02/2026,HOSP114,123,27,0.82,1,0,0,1,0,17,0
IND02731,01/03/2026,HOSP114,115,35,0.77,0,0,0,0,0,33,0
IND02732,01/04/2026,HOSP114,111,39,0.74,0,0,0,0,0,20,0
IND02733,01/05/2026,HOSP114,113,37,0.75,2,0,0,1,1,42,1
IND02734,01/06/2026,HOSP114,111,39,0.74,0,0,0,0,0,20,0
IND02735,01/07/2026,HOSP114,126,24,0.84,0,0,0,0,0,38,0
IND02736,01/08/2026,HOSP114,116,34,0.77,1,0,1,0,0,38,0
IND02737,01/09/2024,HOSP115,223,32,0.87,6,1,1,2,2,29,0
IND02738,01/10/2024,HOSP115,234,21,0.92,1,0,0,1,0,30,0
IND02739,01/11/2024,HOSP115,218,37,0.85,2,0,1,1,0,32,0
IND02740,01/12/2024,HOSP115,231,24,0.91,4,0,2,1,1,28,0
IND02741,01/01/2025,HOSP115,217,38,0.85,3,0,2,1,0,30,0
IND02742,01/02/2025,HOSP115,212,43,0.83,4,0,2,1,1,23,0
IND02743,01/03/2025,HOSP115,239,16,0.94,9,1,4,4,0,25,1
IND02744,01/04/2025,HOSP115,221,34,0.87,5,0,2,1,2,40,1
IND02745,01/05/2025,HOSP115,220,35,0.86,4,0,1,1,2,36,0
IND02746,01/06/2025,HOSP115,217,38,0.85,3,0,1,2,0,39,0
IND02747,01/07/2025,HOSP115,218,37,0.85,5,0,3,2,0,25,1
IND02748,01/08/2025,HOSP115,215,40,0.84,3,0,2,1,0,33,1
IND02749,01/09/2025,HOSP115,238,17,0.93,5,1,0,3,1,33,0
IND02750,01/10/2025,HOSP115,221,34,0.87,3,1,2,0,0,17,0
IND02751,01/11/2025,HOSP115,215,40,0.84,4,1,3,0,0,31,0
IND02752,01/12/2025,HOSP115,228,27,0.89,5,0,3,2,0,33,1
IND02753,01/01/2026,HOSP115,219,36,0.86,3,0,0,3,0,15,1
IND02754,01/02/2026,HOSP115,218,37,0.85,1,0,1,0,0,5,0
IND02755,01/03/2026,HOSP115,223,32,0.87,4,0,1,2,1,28,0
IND02756,01/04/2026,HOSP115,202,53,0.79,5,0,1,4,0,37,0
IND02757,01/05/2026,HOSP115,231,24,0.91,5,1,1,3,0,27,1
IND02758,01/06/2026,HOSP115,222,33,0.87,4,0,1,3,0,28,0
IND02759,01/07/2026,HOSP115,227,28,0.89,0,0,0,0,0,28,0
IND02760,01/08/2026,HOSP115,232,23,0.91,5,0,3,1,1,23,0
IND02761,01/09/2024,HOSP116,139,66,0.68,1,0,1,0,0,31,0
IND02762,01/10/2024,HOSP116,152,53,0.74,1,0,0,1,0,9,0
IND02763,01/11/2024,HOSP116,141,64,0.69,1,0,0,0,1,33,0
IND02764,01/12/2024,HOSP116,134,71,0.65,1,0,1,0,0,5,0
IND02765,01/01/2025,HOSP116,135,70,0.66,0,0,0,0,0,29,0
IND02766,01/02/2025,HOSP116,137,68,0.67,2,0,0,2,0,37,0
IND02767,01/03/2025,HOSP116,132,73,0.64,0,0,0,0,0,26,0
IND02768,01/04/2025,HOSP116,144,61,0.7,1,0,0,1,0,26,0
IND02769,01/05/2025,HOSP116,143,62,0.7,0,0,0,0,0,35,0
IND02770,01/06/2025,HOSP116,129,76,0.63,0,0,0,0,0,30,0
IND02771,01/07/2025,HOSP116,136,69,0.66,2,0,0,1,1,32,0
IND02772,01/08/2025,HOSP116,143,62,0.7,0,0,0,0,0,22,0
IND02773,01/09/2025,HOSP116,144,61,0.7,1,0,1,0,0,26,0
IND02774,01/10/2025,HOSP116,147,58,0.72,1,0,0,1,0,19,0
IND02775,01/11/2025,HOSP116,147,58,0.72,1,0,1,0,0,15,0
IND02776,01/12/2025,HOSP116,155,50,0.76,1,0,0,1,0,5,0
IND02777,01/01/2026,HOSP116,142,63,0.69,1,0,0,1,0,43,0
IND02778,01/02/2026,HOSP116,137,68,0.67,2,0,0,2,0,36,1
IND02779,01/03/2026,HOSP116,148,57,0.72,1,0,1,0,0,42,0
IND02780,01/04/2026,HOSP116,143,62,0.7,1,0,1,0,0,22,0
IND02781,01/05/2026,HOSP116,144,61,0.7,3,1,0,2,0,25,0
IND02782,01/06/2026,HOSP116,138,67,0.67,3,0,1,2,0,25,0
IND02783,01/07/2026,HOSP116,144,61,0.7,0,0,0,0,0,26,0
IND02784,01/08/2026,HOSP116,154,51,0.75,2,1,1,0,0,28,0
IND02785,01/09/2024,HOSP117,141,34,0.81,2,0,0,2,0,23,0
IND02786,01/10/2024,HOSP117,152,23,0.87,2,1,0,1,0,34,1
IND02787,01/11/2024,HOSP117,144,31,0.82,2,0,2,0,0,24,0
IND02788,01/12/2024,HOSP117,152,23,0.87,2,0,0,2,0,28,0
IND02789,01/01/2025,HOSP117,134,41,0.77,1,0,0,1,0,28,0
IND02790,01/02/2025,HOSP117,130,45,0.74,1,0,0,1,0,28,0
IND02791,01/03/2025,HOSP117,145,30,0.83,2,1,0,1,0,32,0
IND02792,01/04/2025,HOSP117,143,32,0.82,1,0,0,1,0,17,0
IND02793,01/05/2025,HOSP117,143,32,0.82,1,0,0,1,0,22,0
IND02794,01/06/2025,HOSP117,146,29,0.83,3,1,0,2,0,22,1
IND02795,01/07/2025,HOSP117,142,33,0.81,1,0,0,0,1,11,0
IND02796,01/08/2025,HOSP117,162,13,0.93,3,0,1,2,0,18,0
IND02797,01/09/2025,HOSP117,148,27,0.85,0,0,0,0,0,27,0
IND02798,01/10/2025,HOSP117,151,24,0.86,0,0,0,0,0,26,0
IND02799,01/11/2025,HOSP117,147,28,0.84,3,0,3,0,0,21,0
IND02800,01/12/2025,HOSP117,146,29,0.83,1,0,1,0,0,28,0
IND02801,01/01/2026,HOSP117,142,33,0.81,1,0,1,0,0,39,0
IND02802,01/02/2026,HOSP117,142,33,0.81,2,0,1,0,1,39,0
IND02803,01/03/2026,HOSP117,141,34,0.81,0,0,0,0,0,33,0
IND02804,01/04/2026,HOSP117,144,31,0.82,0,0,0,0,0,24,0
IND02805,01/05/2026,HOSP117,143,32,0.82,0,0,0,0,0,26,0
IND02806,01/06/2026,HOSP117,139,36,0.79,1,0,1,0,0,5,0
IND02807,01/07/2026,HOSP117,143,32,0.82,0,0,0,0,0,39,0
IND02808,01/08/2026,HOSP117,143,32,0.82,3,0,1,0,2,38,1
IND02809,01/09/2024,HOSP118,170,40,0.81,0,0,0,0,0,39,0
IND02810,01/10/2024,HOSP118,174,36,0.83,1,0,1,0,0,14,0
IND02811,01/11/2024,HOSP118,178,32,0.85,3,0,0,3,0,17,0
IND02812,01/12/2024,HOSP118,160,50,0.76,3,1,0,1,1,33,0
IND02813,01/01/2025,HOSP118,169,41,0.8,2,0,0,2,0,32,0
IND02814,01/02/2025,HOSP118,171,39,0.81,1,0,0,1,0,15,0
IND02815,01/03/2025,HOSP118,179,31,0.85,2,0,2,0,0,47,0
IND02816,01/04/2025,HOSP118,170,40,0.81,0,0,0,0,0,40,0
IND02817,01/05/2025,HOSP118,167,43,0.8,2,0,0,1,1,41,0
IND02818,01/06/2025,HOSP118,171,39,0.81,1,0,1,0,0,39,0
IND02819,01/07/2025,HOSP118,162,48,0.77,0,0,0,0,0,31,0
IND02820,01/08/2025,HOSP118,165,45,0.79,1,0,1,0,0,39,0
IND02821,01/09/2025,HOSP118,178,32,0.85,0,0,0,0,0,34,0
IND02822,01/10/2025,HOSP118,171,39,0.81,1,0,0,1,0,31,0
IND02823,01/11/2025,HOSP118,158,52,0.75,1,0,0,0,1,29,0
IND02824,01/12/2025,HOSP118,178,32,0.85,1,0,0,1,0,13,0
IND02825,01/01/2026,HOSP118,185,25,0.88,1,0,1,0,0,12,0
IND02826,01/02/2026,HOSP118,165,45,0.79,1,0,0,0,1,39,1
IND02827,01/03/2026,HOSP118,182,28,0.87,1,0,1,0,0,17,0
IND02828,01/04/2026,HOSP118,182,28,0.87,3,0,3,0,0,30,0
IND02829,01/05/2026,HOSP118,179,31,0.85,4,0,3,1,0,37,1
IND02830,01/06/2026,HOSP118,179,31,0.85,2,1,1,0,0,39,0
IND02831,01/07/2026,HOSP118,173,37,0.82,2,1,0,1,0,26,0
IND02832,01/08/2026,HOSP118,161,49,0.77,1,0,1,0,0,22,0
IND02833,01/09/2024,HOSP119,115,50,0.7,1,0,0,1,0,21,0
IND02834,01/10/2024,HOSP119,108,57,0.65,1,0,1,0,0,18,0
IND02835,01/11/2024,HOSP119,108,57,0.65,0,0,0,0,0,24,0
IND02836,01/12/2024,HOSP119,113,52,0.68,1,0,0,0,1,35,0
IND02837,01/01/2025,HOSP119,116,49,0.7,2,0,0,2,0,24,0
IND02838,01/02/2025,HOSP119,121,44,0.73,2,0,2,0,0,33,0
IND02839,01/03/2025,HOSP119,115,50,0.7,1,0,1,0,0,30,0
IND02840,01/04/2025,HOSP119,110,55,0.67,3,1,0,2,0,39,0
IND02841,01/05/2025,HOSP119,119,46,0.72,1,0,0,1,0,41,0
IND02842,01/06/2025,HOSP119,124,41,0.75,2,0,1,1,0,26,0
IND02843,01/07/2025,HOSP119,123,42,0.75,1,0,0,1,0,24,0
IND02844,01/08/2025,HOSP119,119,46,0.72,4,0,1,2,1,30,0
IND02845,01/09/2025,HOSP119,119,46,0.72,0,0,0,0,0,25,0
IND02846,01/10/2025,HOSP119,122,43,0.74,0,0,0,0,0,20,0
IND02847,01/11/2025,HOSP119,118,47,0.72,0,0,0,0,0,32,0
IND02848,01/12/2025,HOSP119,111,54,0.67,2,1,1,0,0,30,0
IND02849,01/01/2026,HOSP119,103,62,0.62,0,0,0,0,0,33,0
IND02850,01/02/2026,HOSP119,110,55,0.67,2,0,1,1,0,20,0
IND02851,01/03/2026,HOSP119,117,48,0.71,2,0,1,1,0,36,0
IND02852,01/04/2026,HOSP119,115,50,0.7,1,0,0,1,0,44,0
IND02853,01/05/2026,HOSP119,119,46,0.72,0,0,0,0,0,32,0
IND02854,01/06/2026,HOSP119,114,51,0.69,2,0,2,0,0,25,0
IND02855,01/07/2026,HOSP119,114,51,0.69,1,0,0,1,0,5,0
IND02856,01/08/2026,HOSP119,112,53,0.68,1,0,1,0,0,31,1
IND02857,01/09/2024,HOSP120,209,31,0.87,1,0,1,0,0,45,0
IND02858,01/10/2024,HOSP120,219,21,0.91,0,0,0,0,0,27,0
IND02859,01/11/2024,HOSP120,183,57,0.76,3,0,0,3,0,30,1
IND02860,01/12/2024,HOSP120,211,29,0.88,2,0,0,2,0,30,0
IND02861,01/01/2025,HOSP120,218,22,0.91,1,0,1,0,0,29,0
IND02862,01/02/2025,HOSP120,187,53,0.78,1,0,1,0,0,25,0
IND02863,01/03/2025,HOSP120,225,15,0.94,2,1,0,1,0,16,0
IND02864,01/04/2025,HOSP120,200,40,0.83,0,0,0,0,0,27,0
IND02865,01/05/2025,HOSP120,210,30,0.88,1,0,0,1,0,18,0
IND02866,01/06/2025,HOSP120,220,20,0.92,5,0,2,2,1,22,1
IND02867,01/07/2025,HOSP120,206,34,0.86,2,0,0,2,0,28,0
IND02868,01/08/2025,HOSP120,197,43,0.82,0,0,0,0,0,34,0
IND02869,01/09/2025,HOSP120,213,27,0.89,2,0,2,0,0,36,0
IND02870,01/10/2025,HOSP120,208,32,0.87,2,0,0,2,0,18,0
IND02871,01/11/2025,HOSP120,193,47,0.8,1,0,0,0,1,14,0
IND02872,01/12/2025,HOSP120,212,28,0.88,0,0,0,0,0,23,0
IND02873,01/01/2026,HOSP120,208,32,0.87,1,0,0,1,0,22,0
IND02874,01/02/2026,HOSP120,223,17,0.93,0,0,0,0,0,30,0
IND02875,01/03/2026,HOSP120,198,42,0.82,0,0,0,0,0,36,0
IND02876,01/04/2026,HOSP120,204,36,0.85,0,0,0,0,0,32,0
IND02877,01/05/2026,HOSP120,199,41,0.83,1,0,1,0,0,31,0
IND02878,01/06/2026,HOSP120,202,38,0.84,3,0,1,2,0,33,0
IND02879,01/07/2026,HOSP120,209,31,0.87,1,0,0,1,0,51,1
IND02880,01/08/2026,HOSP120,215,25,0.9,2,0,1,1,0,29,0
IND02881,01/09/2024,HOSP121,172,23,0.88,0,0,0,0,0,31,0
IND02882,01/10/2024,HOSP121,157,38,0.81,0,0,0,0,0,32,0
IND02883,01/11/2024,HOSP121,174,21,0.89,1,0,0,1,0,26,0
IND02884,01/12/2024,HOSP121,158,37,0.81,1,0,0,0,1,38,0
IND02885,01/01/2025,HOSP121,160,35,0.82,1,0,0,1,0,47,0
IND02886,01/02/2025,HOSP121,156,39,0.8,0,0,0,0,0,32,0
IND02887,01/03/2025,HOSP121,164,31,0.84,0,0,0,0,0,28,0
IND02888,01/04/2025,HOSP121,163,32,0.84,0,0,0,0,0,19,0
IND02889,01/05/2025,HOSP121,162,33,0.83,2,0,1,0,1,16,0
IND02890,01/06/2025,HOSP121,164,31,0.84,0,0,0,0,0,18,0
IND02891,01/07/2025,HOSP121,158,37,0.81,3,0,1,2,0,36,0
IND02892,01/08/2025,HOSP121,159,36,0.82,0,0,0,0,0,31,0
IND02893,01/09/2025,HOSP121,164,31,0.84,0,0,0,0,0,28,0
IND02894,01/10/2025,HOSP121,179,16,0.92,0,0,0,0,0,40,0
IND02895,01/11/2025,HOSP121,179,16,0.92,1,0,0,1,0,28,0
IND02896,01/12/2025,HOSP121,170,25,0.87,1,0,1,0,0,22,0
IND02897,01/01/2026,HOSP121,164,31,0.84,1,0,0,1,0,21,0
IND02898,01/02/2026,HOSP121,169,26,0.87,1,0,0,1,0,31,0
IND02899,01/03/2026,HOSP121,146,49,0.75,1,0,0,1,0,39,1
IND02900,01/04/2026,HOSP121,172,23,0.88,1,0,0,1,0,21,0
IND02901,01/05/2026,HOSP121,165,30,0.85,1,0,1,0,0,37,0
IND02902,01/06/2026,HOSP121,161,34,0.83,2,1,1,0,0,28,0
IND02903,01/07/2026,HOSP121,165,30,0.85,1,0,0,1,0,28,0
IND02904,01/08/2026,HOSP121,173,22,0.89,3,0,2,1,0,34,0
IND02905,01/09/2024,HOSP122,165,15,0.92,0,0,0,0,0,30,0
IND02906,01/10/2024,HOSP122,170,10,0.94,0,0,0,0,0,42,0
IND02907,01/11/2024,HOSP122,161,19,0.89,1,0,0,1,0,27,0
IND02908,01/12/2024,HOSP122,168,12,0.93,0,0,0,0,0,24,0
IND02909,01/01/2025,HOSP122,162,18,0.9,0,0,0,0,0,37,0
IND02910,01/02/2025,HOSP122,165,15,0.92,2,0,1,1,0,28,1
IND02911,01/03/2025,HOSP122,171,9,0.95,1,0,1,0,0,18,0
IND02912,01/04/2025,HOSP122,166,14,0.92,0,0,0,0,0,32,0
IND02913,01/05/2025,HOSP122,176,4,0.98,0,0,0,0,0,37,0
IND02914,01/06/2025,HOSP122,171,9,0.95,1,0,0,1,0,51,0
IND02915,01/07/2025,HOSP122,163,17,0.91,0,0,0,0,0,24,0
IND02916,01/08/2025,HOSP122,169,11,0.94,1,0,1,0,0,44,0
IND02917,01/09/2025,HOSP122,150,30,0.83,2,0,1,1,0,31,0
IND02918,01/10/2025,HOSP122,162,18,0.9,1,1,0,0,0,31,0
IND02919,01/11/2025,HOSP122,173,7,0.96,2,1,1,0,0,38,0
IND02920,01/12/2025,HOSP122,166,14,0.92,2,0,0,1,1,24,0
IND02921,01/01/2026,HOSP122,159,21,0.88,0,0,0,0,0,24,0
IND02922,01/02/2026,HOSP122,160,20,0.89,2,0,1,1,0,28,0
IND02923,01/03/2026,HOSP122,157,23,0.87,1,0,1,0,0,36,0
IND02924,01/04/2026,HOSP122,161,19,0.89,1,0,0,1,0,29,0
IND02925,01/05/2026,HOSP122,154,26,0.86,3,0,2,1,0,20,1
IND02926,01/06/2026,HOSP122,165,15,0.92,0,0,0,0,0,26,0
IND02927,01/07/2026,HOSP122,162,18,0.9,0,0,0,0,0,38,0
IND02928,01/08/2026,HOSP122,176,4,0.98,1,0,0,1,0,13,0
IND02929,01/09/2024,HOSP123,157,68,0.7,0,0,0,0,0,32,0
IND02930,01/10/2024,HOSP123,161,64,0.72,0,0,0,0,0,36,0
IND02931,01/11/2024,HOSP123,162,63,0.72,0,0,0,0,0,23,0
IND02932,01/12/2024,HOSP123,160,65,0.71,0,0,0,0,0,39,0
IND02933,01/01/2025,HOSP123,174,51,0.77,0,0,0,0,0,36,0
IND02934,01/02/2025,HOSP123,174,51,0.77,1,0,1,0,0,28,0
IND02935,01/03/2025,HOSP123,164,61,0.73,0,0,0,0,0,25,0
IND02936,01/04/2025,HOSP123,155,70,0.69,0,0,0,0,0,25,0
IND02937,01/05/2025,HOSP123,171,54,0.76,2,0,0,1,1,34,0
IND02938,01/06/2025,HOSP123,159,66,0.71,1,0,1,0,0,8,0
IND02939,01/07/2025,HOSP123,166,59,0.74,0,0,0,0,0,29,0
IND02940,01/08/2025,HOSP123,153,72,0.68,0,0,0,0,0,32,0
IND02941,01/09/2025,HOSP123,177,48,0.79,2,0,0,1,1,23,0
IND02942,01/10/2025,HOSP123,147,78,0.65,0,0,0,0,0,28,0
IND02943,01/11/2025,HOSP123,165,60,0.73,0,0,0,0,0,33,0
IND02944,01/12/2025,HOSP123,161,64,0.72,0,0,0,0,0,22,0
IND02945,01/01/2026,HOSP123,156,69,0.69,0,0,0,0,0,37,0
IND02946,01/02/2026,HOSP123,170,55,0.76,1,0,1,0,0,13,0
IND02947,01/03/2026,HOSP123,160,65,0.71,0,0,0,0,0,36,0
IND02948,01/04/2026,HOSP123,166,59,0.74,1,0,0,1,0,43,0
IND02949,01/05/2026,HOSP123,162,63,0.72,0,0,0,0,0,34,0
IND02950,01/06/2026,HOSP123,157,68,0.7,0,0,0,0,0,23,0
IND02951,01/07/2026,HOSP123,176,49,0.78,1,0,1,0,0,20,0
IND02952,01/08/2026,HOSP123,167,58,0.74,1,0,0,1,0,23,0
IND02953,01/09/2024,HOSP124,129,26,0.83,1,0,1,0,0,31,0
IND02954,01/10/2024,HOSP124,122,33,0.79,1,0,1,0,0,54,0
IND02955,01/11/2024,HOSP124,124,31,0.8,2,0,1,1,0,16,0
IND02956,01/12/2024,HOSP124,127,28,0.82,0,0,0,0,0,35,0
IND02957,01/01/2025,HOSP124,115,40,0.74,0,0,0,0,0,22,0
IND02958,01/02/2025,HOSP124,116,39,0.75,1,0,1,0,0,16,0
IND02959,01/03/2025,HOSP124,125,30,0.81,1,0,0,0,1,30,0
IND02960,01/04/2025,HOSP124,125,30,0.81,2,0,1,1,0,24,0
IND02961,01/05/2025,HOSP124,120,35,0.77,1,0,0,1,0,38,0
IND02962,01/06/2025,HOSP124,120,35,0.77,0,0,0,0,0,37,0
IND02963,01/07/2025,HOSP124,117,38,0.75,0,0,0,0,0,22,0
IND02964,01/08/2025,HOSP124,120,35,0.77,1,0,0,1,0,18,0
IND02965,01/09/2025,HOSP124,117,38,0.75,0,0,0,0,0,28,0
IND02966,01/10/2025,HOSP124,118,37,0.76,2,0,0,2,0,32,0
IND02967,01/11/2025,HOSP124,120,35,0.77,1,0,1,0,0,32,0
IND02968,01/12/2025,HOSP124,112,43,0.72,0,0,0,0,0,34,0
IND02969,01/01/2026,HOSP124,118,37,0.76,0,0,0,0,0,23,0
IND02970,01/02/2026,HOSP124,115,40,0.74,0,0,0,0,0,18,0
IND02971,01/03/2026,HOSP124,122,33,0.79,0,0,0,0,0,26,0
IND02972,01/04/2026,HOSP124,127,28,0.82,1,0,0,1,0,22,0
IND02973,01/05/2026,HOSP124,125,30,0.81,1,0,0,1,0,51,0
IND02974,01/06/2026,HOSP124,118,37,0.76,3,0,0,2,1,33,0
IND02975,01/07/2026,HOSP124,118,37,0.76,0,0,0,0,0,26,0
IND02976,01/08/2026,HOSP124,127,28,0.82,1,0,0,0,1,41,0
IND02977,01/09/2024,HOSP125,227,23,0.91,1,0,1,0,0,27,0
IND02978,01/10/2024,HOSP125,214,36,0.86,2,0,0,2,0,30,1
IND02979,01/11/2024,HOSP125,211,39,0.84,5,1,2,1,1,40,0
IND02980,01/12/2024,HOSP125,218,32,0.87,3,0,0,0,3,29,0
IND02981,01/01/2025,HOSP125,209,41,0.84,5,1,1,3,0,29,1
IND02982,01/02/2025,HOSP125,206,44,0.82,3,0,1,2,0,25,0
IND02983,01/03/2025,HOSP125,216,34,0.86,5,0,2,2,1,20,0
IND02984,01/04/2025,HOSP125,204,46,0.82,5,0,3,2,0,36,0
IND02985,01/05/2025,HOSP125,224,26,0.9,4,0,3,1,0,34,0
IND02986,01/06/2025,HOSP125,229,21,0.92,2,0,1,1,0,34,0
IND02987,01/07/2025,HOSP125,234,16,0.94,7,0,3,1,3,29,1
IND02988,01/08/2025,HOSP125,231,19,0.92,3,0,0,2,1,24,0
IND02989,01/09/2025,HOSP125,224,26,0.9,6,0,0,4,2,33,0
IND02990,01/10/2025,HOSP125,230,20,0.92,0,0,0,0,0,26,0
IND02991,01/11/2025,HOSP125,218,32,0.87,5,1,2,0,2,31,1
IND02992,01/12/2025,HOSP125,212,38,0.85,2,1,1,0,0,31,0
IND02993,01/01/2026,HOSP125,234,16,0.94,1,0,1,0,0,49,0
IND02994,01/02/2026,HOSP125,213,37,0.85,3,0,1,1,1,42,2
IND02995,01/03/2026,HOSP125,204,46,0.82,5,0,1,3,1,30,0
IND02996,01/04/2026,HOSP125,227,23,0.91,2,0,1,1,0,38,1
IND02997,01/05/2026,HOSP125,220,30,0.88,4,1,0,2,1,30,0
IND02998,01/06/2026,HOSP125,215,35,0.86,4,2,0,1,1,30,1
IND02999,01/07/2026,HOSP125,223,27,0.89,6,1,1,3,1,31,3
IND03000,01/08/2026,HOSP125,225,25,0.9,10,1,5,3,1,29,3
IND03001,01/09/2024,HOSP126,153,32,0.83,0,0,0,0,0,30,0
IND03002,01/10/2024,HOSP126,165,20,0.89,1,0,1,0,0,20,0
IND03003,01/11/2024,HOSP126,163,22,0.88,1,0,1,0,0,32,0
IND03004,01/12/2024,HOSP126,157,28,0.85,1,0,1,0,0,13,1
IND03005,01/01/2025,HOSP126,176,9,0.95,3,1,0,2,0,33,0
IND03006,01/02/2025,HOSP126,175,10,0.95,4,1,2,1,0,20,1
IND03007,01/03/2025,HOSP126,170,15,0.92,1,0,1,0,0,37,0
IND03008,01/04/2025,HOSP126,157,28,0.85,0,0,0,0,0,28,0
IND03009,01/05/2025,HOSP126,162,23,0.88,2,0,2,0,0,24,0
IND03010,01/06/2025,HOSP126,166,19,0.9,1,0,0,1,0,35,0
IND03011,01/07/2025,HOSP126,161,24,0.87,2,0,0,1,1,20,0
IND03012,01/08/2025,HOSP126,163,22,0.88,0,0,0,0,0,29,0
IND03013,01/09/2025,HOSP126,165,20,0.89,0,0,0,0,0,24,0
IND03014,01/10/2025,HOSP126,173,12,0.94,3,0,1,1,1,43,0
IND03015,01/11/2025,HOSP126,160,25,0.86,2,0,1,0,1,29,0
IND03016,01/12/2025,HOSP126,170,15,0.92,2,0,0,2,0,24,0
IND03017,01/01/2026,HOSP126,167,18,0.9,1,0,1,0,0,26,0
IND03018,01/02/2026,HOSP126,181,4,0.98,1,1,0,0,0,5,0
IND03019,01/03/2026,HOSP126,165,20,0.89,1,0,0,1,0,28,0
IND03020,01/04/2026,HOSP126,155,30,0.84,0,0,0,0,0,26,0
IND03021,01/05/2026,HOSP126,171,14,0.92,2,0,0,1,1,13,0
IND03022,01/06/2026,HOSP126,169,16,0.91,1,0,0,1,0,31,0
IND03023,01/07/2026,HOSP126,172,13,0.93,0,0,0,0,0,31,0
IND03024,01/08/2026,HOSP126,173,12,0.94,1,0,0,1,0,34,0
IND03025,01/09/2024,HOSP127,176,24,0.88,0,0,0,0,0,23,0
IND03026,01/10/2024,HOSP127,173,27,0.86,0,0,0,0,0,22,0
IND03027,01/11/2024,HOSP127,164,36,0.82,2,0,0,0,2,27,0
IND03028,01/12/2024,HOSP127,169,31,0.84,2,1,0,1,0,18,0
IND03029,01/01/2025,HOSP127,169,31,0.84,2,0,0,2,0,26,0
IND03030,01/02/2025,HOSP127,163,37,0.81,2,0,2,0,0,24,0
IND03031,01/03/2025,HOSP127,163,37,0.81,0,0,0,0,0,28,0
IND03032,01/04/2025,HOSP127,165,35,0.82,4,1,1,1,1,33,2
IND03033,01/05/2025,HOSP127,162,38,0.81,3,0,0,2,1,28,0
IND03034,01/06/2025,HOSP127,170,30,0.85,2,0,0,0,2,33,0
IND03035,01/07/2025,HOSP127,167,33,0.83,4,0,1,3,0,24,0
IND03036,01/08/2025,HOSP127,172,28,0.86,1,0,0,1,0,38,0
IND03037,01/09/2025,HOSP127,172,28,0.86,2,0,1,1,0,24,1
IND03038,01/10/2025,HOSP127,165,35,0.82,1,0,1,0,0,34,0
IND03039,01/11/2025,HOSP127,173,27,0.86,0,0,0,0,0,42,0
IND03040,01/12/2025,HOSP127,166,34,0.83,1,0,1,0,0,28,0
IND03041,01/01/2026,HOSP127,172,28,0.86,0,0,0,0,0,42,0
IND03042,01/02/2026,HOSP127,165,35,0.82,2,0,2,0,0,34,0
IND03043,01/03/2026,HOSP127,159,41,0.8,2,0,1,0,1,34,1
IND03044,01/04/2026,HOSP127,176,24,0.88,3,0,1,2,0,24,0
IND03045,01/05/2026,HOSP127,151,49,0.76,2,0,1,1,0,17,0
IND03046,01/06/2026,HOSP127,175,25,0.88,1,0,0,1,0,33,0
IND03047,01/07/2026,HOSP127,180,20,0.9,6,1,2,0,3,22,1
IND03048,01/08/2026,HOSP127,173,27,0.86,7,1,1,3,2,34,1
IND03049,01/09/2024,HOSP128,162,53,0.75,0,0,0,0,0,15,0
IND03050,01/10/2024,HOSP128,168,47,0.78,0,0,0,0,0,26,0
IND03051,01/11/2024,HOSP128,149,66,0.69,2,0,1,0,1,30,0
IND03052,01/12/2024,HOSP128,173,42,0.8,4,0,0,3,1,28,1
IND03053,01/01/2025,HOSP128,158,57,0.73,2,0,0,1,1,36,2
IND03054,01/02/2025,HOSP128,157,58,0.73,0,0,0,0,0,28,0
IND03055,01/03/2025,HOSP128,154,61,0.72,0,0,0,0,0,28,0
IND03056,01/04/2025,HOSP128,151,64,0.7,3,0,1,1,1,14,0
IND03057,01/05/2025,HOSP128,159,56,0.74,2,0,0,2,0,26,1
IND03058,01/06/2025,HOSP128,167,48,0.78,3,0,1,2,0,31,0
IND03059,01/07/2025,HOSP128,164,51,0.76,4,0,1,3,0,42,0
IND03060,01/08/2025,HOSP128,157,58,0.73,0,0,0,0,0,28,0
IND03061,01/09/2025,HOSP128,163,52,0.76,1,0,0,0,1,35,0
IND03062,01/10/2025,HOSP128,163,52,0.76,1,0,0,1,0,41,0
IND03063,01/11/2025,HOSP128,162,53,0.75,0,0,0,0,0,25,0
IND03064,01/12/2025,HOSP128,168,47,0.78,0,0,0,0,0,28,0
IND03065,01/01/2026,HOSP128,166,49,0.77,0,0,0,0,0,22,0
IND03066,01/02/2026,HOSP128,162,53,0.75,1,0,1,0,0,58,0
IND03067,01/03/2026,HOSP128,171,44,0.8,2,0,2,0,0,40,0
IND03068,01/04/2026,HOSP128,152,63,0.71,0,0,0,0,0,19,0
IND03069,01/05/2026,HOSP128,161,54,0.75,1,1,0,0,0,27,0
IND03070,01/06/2026,HOSP128,160,55,0.74,0,0,0,0,0,22,0
IND03071,01/07/2026,HOSP128,170,45,0.79,2,0,1,1,0,30,0
IND03072,01/08/2026,HOSP128,150,65,0.7,1,0,0,1,0,51,0
IND03073,01/09/2024,HOSP129,157,13,0.92,1,0,1,0,0,32,0
IND03074,01/10/2024,HOSP129,145,25,0.85,2,0,1,1,0,24,0
IND03075,01/11/2024,HOSP129,133,37,0.78,0,0,0,0,0,29,0
IND03076,01/12/2024,HOSP129,148,22,0.87,2,0,1,1,0,25,0
IND03077,01/01/2025,HOSP129,143,27,0.84,2,1,0,1,0,30,1
IND03078,01/02/2025,HOSP129,146,24,0.86,1,0,0,0,1,44,0
IND03079,01/03/2025,HOSP129,146,24,0.86,1,0,0,1,0,42,0
IND03080,01/04/2025,HOSP129,151,19,0.89,1,0,0,0,1,59,0
IND03081,01/05/2025,HOSP129,150,20,0.88,3,0,1,2,0,21,0
IND03082,01/06/2025,HOSP129,142,28,0.84,2,0,0,1,1,23,0
IND03083,01/07/2025,HOSP129,146,24,0.86,0,0,0,0,0,32,0
IND03084,01/08/2025,HOSP129,150,20,0.88,2,0,1,1,0,36,0
IND03085,01/09/2025,HOSP129,142,28,0.84,2,0,0,1,1,48,1
IND03086,01/10/2025,HOSP129,148,22,0.87,1,1,0,0,0,12,1
IND03087,01/11/2025,HOSP129,153,17,0.9,1,0,0,1,0,8,0
IND03088,01/12/2025,HOSP129,145,25,0.85,0,0,0,0,0,43,0
IND03089,01/01/2026,HOSP129,149,21,0.88,0,0,0,0,0,25,0
IND03090,01/02/2026,HOSP129,142,28,0.84,2,0,1,1,0,21,0
IND03091,01/03/2026,HOSP129,137,33,0.81,2,1,1,0,0,20,0
IND03092,01/04/2026,HOSP129,156,14,0.92,2,0,2,0,0,34,0
IND03093,01/05/2026,HOSP129,149,21,0.88,1,0,1,0,0,51,0
IND03094,01/06/2026,HOSP129,159,11,0.94,2,0,0,2,0,40,0
IND03095,01/07/2026,HOSP129,138,32,0.81,0,0,0,0,0,34,0
IND03096,01/08/2026,HOSP129,148,22,0.87,1,0,0,0,1,22,0
IND03097,01/09/2024,HOSP130,205,55,0.79,3,0,1,0,2,26,0
IND03098,01/10/2024,HOSP130,201,59,0.77,1,0,1,0,0,22,0
IND03099,01/11/2024,HOSP130,197,63,0.76,2,0,0,2,0,24,1
IND03100,01/12/2024,HOSP130,206,54,0.79,1,0,0,1,0,6,0
IND03101,01/01/2025,HOSP130,208,52,0.8,3,0,2,1,0,38,0
IND03102,01/02/2025,HOSP130,194,66,0.75,3,1,0,2,0,25,0
IND03103,01/03/2025,HOSP130,216,44,0.83,4,0,1,1,2,32,0
IND03104,01/04/2025,HOSP130,208,52,0.8,6,0,2,3,1,26,1
IND03105,01/05/2025,HOSP130,210,50,0.81,3,0,1,1,1,34,0
IND03106,01/06/2025,HOSP130,194,66,0.75,2,0,0,1,1,30,1
IND03107,01/07/2025,HOSP130,212,48,0.82,4,0,0,1,3,28,0
IND03108,01/08/2025,HOSP130,214,46,0.82,1,0,0,1,0,52,0
IND03109,01/09/2025,HOSP130,193,67,0.74,1,0,1,0,0,32,0
IND03110,01/10/2025,HOSP130,213,47,0.82,1,0,1,0,0,30,0
IND03111,01/11/2025,HOSP130,195,65,0.75,3,0,1,1,1,24,0
IND03112,01/12/2025,HOSP130,207,53,0.8,4,0,1,3,0,24,0
IND03113,01/01/2026,HOSP130,207,53,0.8,0,0,0,0,0,28,0
IND03114,01/02/2026,HOSP130,214,46,0.82,4,0,2,2,0,29,0
IND03115,01/03/2026,HOSP130,210,50,0.81,2,0,1,1,0,27,1
IND03116,01/04/2026,HOSP130,206,54,0.79,1,0,1,0,0,21,0
IND03117,01/05/2026,HOSP130,205,55,0.79,2,0,0,2,0,40,0
IND03118,01/06/2026,HOSP130,194,66,0.75,2,0,1,1,0,38,0
IND03119,01/07/2026,HOSP130,197,63,0.76,3,0,1,2,0,32,0
IND03120,01/08/2026,HOSP130,189,71,0.73,7,0,0,4,3,27,0
IND03121,01/09/2024,HOSP131,142,48,0.75,2,2,0,0,0,22,0
IND03122,01/10/2024,HOSP131,164,26,0.86,2,0,0,2,0,19,0
IND03123,01/11/2024,HOSP131,156,34,0.82,0,0,0,0,0,27,0
IND03124,01/12/2024,HOSP131,144,46,0.76,4,1,2,0,1,32,0
IND03125,01/01/2025,HOSP131,170,20,0.89,2,0,1,0,1,23,0
IND03126,01/02/2025,HOSP131,146,44,0.77,3,1,1,1,0,25,0
IND03127,01/03/2025,HOSP131,144,46,0.76,5,2,2,1,0,41,1
IND03128,01/04/2025,HOSP131,160,30,0.84,0,0,0,0,0,33,0
IND03129,01/05/2025,HOSP131,155,35,0.82,2,0,0,2,0,28,1
IND03130,01/06/2025,HOSP131,152,38,0.8,0,0,0,0,0,28,0
IND03131,01/07/2025,HOSP131,160,30,0.84,1,0,0,1,0,35,0
IND03132,01/08/2025,HOSP131,161,29,0.85,1,0,0,1,0,5,0
IND03133,01/09/2025,HOSP131,160,30,0.84,1,0,0,1,0,23,0
IND03134,01/10/2025,HOSP131,160,30,0.84,1,0,1,0,0,12,0
IND03135,01/11/2025,HOSP131,151,39,0.79,2,0,1,1,0,24,1
IND03136,01/12/2025,HOSP131,153,37,0.81,1,0,0,0,1,16,0
IND03137,01/01/2026,HOSP131,149,41,0.78,0,0,0,0,0,24,0
IND03138,01/02/2026,HOSP131,151,39,0.79,0,0,0,0,0,25,0
IND03139,01/03/2026,HOSP131,156,34,0.82,3,1,0,1,1,27,0
IND03140,01/04/2026,HOSP131,149,41,0.78,2,1,0,0,1,46,0
IND03141,01/05/2026,HOSP131,159,31,0.84,0,0,0,0,0,23,0
IND03142,01/06/2026,HOSP131,154,36,0.81,1,0,0,1,0,34,0
IND03143,01/07/2026,HOSP131,167,23,0.88,1,0,1,0,0,21,0
IND03144,01/08/2026,HOSP131,158,32,0.83,3,0,3,0,0,29,0
IND03145,01/09/2024,HOSP132,139,36,0.79,0,0,0,0,0,22,0
IND03146,01/10/2024,HOSP132,141,34,0.81,1,0,0,1,0,28,0
IND03147,01/11/2024,HOSP132,155,20,0.89,1,0,1,0,0,26,0
IND03148,01/12/2024,HOSP132,150,25,0.86,4,1,1,1,1,33,0
IND03149,01/01/2025,HOSP132,148,27,0.85,2,0,0,1,1,31,0
IND03150,01/02/2025,HOSP132,134,41,0.77,2,0,0,2,0,40,0
IND03151,01/03/2025,HOSP132,134,41,0.77,3,0,2,1,0,20,0
IND03152,01/04/2025,HOSP132,155,20,0.89,0,0,0,0,0,31,0
IND03153,01/05/2025,HOSP132,147,28,0.84,2,0,0,2,0,41,1
IND03154,01/06/2025,HOSP132,142,33,0.81,1,0,0,1,0,39,0
IND03155,01/07/2025,HOSP132,142,33,0.81,4,0,2,2,0,34,1
IND03156,01/08/2025,HOSP132,149,26,0.85,3,0,2,0,1,22,0
IND03157,01/09/2025,HOSP132,142,33,0.81,2,1,0,1,0,22,0
IND03158,01/10/2025,HOSP132,134,41,0.77,0,0,0,0,0,30,0
IND03159,01/11/2025,HOSP132,146,29,0.83,1,0,1,0,0,12,1
IND03160,01/12/2025,HOSP132,141,34,0.81,2,1,0,0,1,30,0
IND03161,01/01/2026,HOSP132,157,18,0.9,2,0,1,1,0,25,0
IND03162,01/02/2026,HOSP132,139,36,0.79,0,0,0,0,0,22,0
IND03163,01/03/2026,HOSP132,143,32,0.82,0,0,0,0,0,20,0
IND03164,01/04/2026,HOSP132,147,28,0.84,2,0,1,1,0,14,0
IND03165,01/05/2026,HOSP132,150,25,0.86,3,0,1,1,1,24,0
IND03166,01/06/2026,HOSP132,149,26,0.85,1,0,0,1,0,24,0
IND03167,01/07/2026,HOSP132,152,23,0.87,4,1,1,2,0,24,0
IND03168,01/08/2026,HOSP132,141,34,0.81,2,0,1,1,0,34,0
IND03169,01/09/2024,HOSP133,209,11,0.95,0,0,0,0,0,34,0
IND03170,01/10/2024,HOSP133,204,16,0.93,0,0,0,0,0,28,0
IND03171,01/11/2024,HOSP133,192,28,0.87,0,0,0,0,0,28,0
IND03172,01/12/2024,HOSP133,200,20,0.91,0,0,0,0,0,28,0
IND03173,01/01/2025,HOSP133,203,17,0.92,0,0,0,0,0,28,0
IND03174,01/02/2025,HOSP133,206,14,0.94,0,0,0,0,0,23,0
IND03175,01/03/2025,HOSP133,182,38,0.83,0,0,0,0,0,36,0
IND03176,01/04/2025,HOSP133,208,12,0.95,0,0,0,0,0,35,0
IND03177,01/05/2025,HOSP133,208,12,0.95,1,0,0,1,0,33,0
IND03178,01/06/2025,HOSP133,190,30,0.86,1,0,0,0,1,11,0
IND03179,01/07/2025,HOSP133,211,9,0.96,0,0,0,0,0,30,0
IND03180,01/08/2025,HOSP133,193,27,0.88,0,0,0,0,0,14,0
IND03181,01/09/2025,HOSP133,196,24,0.89,0,0,0,0,0,29,0
IND03182,01/10/2025,HOSP133,192,28,0.87,0,0,0,0,0,29,0
IND03183,01/11/2025,HOSP133,204,16,0.93,0,0,0,0,0,32,0
IND03184,01/12/2025,HOSP133,206,14,0.94,1,0,1,0,0,45,0
IND03185,01/01/2026,HOSP133,207,13,0.94,1,0,0,1,0,24,0
IND03186,01/02/2026,HOSP133,193,27,0.88,0,0,0,0,0,32,0
IND03187,01/03/2026,HOSP133,210,10,0.95,0,0,0,0,0,36,0
IND03188,01/04/2026,HOSP133,201,19,0.91,0,0,0,0,0,28,0
IND03189,01/05/2026,HOSP133,195,25,0.89,0,0,0,0,0,15,0
IND03190,01/06/2026,HOSP133,193,27,0.88,1,0,1,0,0,45,0
IND03191,01/07/2026,HOSP133,194,26,0.88,0,0,0,0,0,39,0
IND03192,01/08/2026,HOSP133,203,17,0.92,0,0,0,0,0,40,0
IND03193,01/09/2024,HOSP134,107,53,0.67,0,0,0,0,0,32,0
IND03194,01/10/2024,HOSP134,110,50,0.69,0,0,0,0,0,20,0
IND03195,01/11/2024,HOSP134,111,49,0.69,0,0,0,0,0,34,0
IND03196,01/12/2024,HOSP134,114,46,0.71,0,0,0,0,0,29,0
IND03197,01/01/2025,HOSP134,119,41,0.74,0,0,0,0,0,22,0
IND03198,01/02/2025,HOSP134,108,52,0.68,1,0,0,1,0,12,0
IND03199,01/03/2025,HOSP134,105,55,0.66,1,0,0,1,0,36,0
IND03200,01/04/2025,HOSP134,109,51,0.68,0,0,0,0,0,33,0
IND03201,01/05/2025,HOSP134,115,45,0.72,3,0,1,1,1,27,0
IND03202,01/06/2025,HOSP134,110,50,0.69,0,0,0,0,0,44,0
IND03203,01/07/2025,HOSP134,113,47,0.71,2,0,0,2,0,50,0
IND03204,01/08/2025,HOSP134,113,47,0.71,0,0,0,0,0,30,0
IND03205,01/09/2025,HOSP134,106,54,0.66,0,0,0,0,0,29,0
IND03206,01/10/2025,HOSP134,118,42,0.74,0,0,0,0,0,23,0
IND03207,01/11/2025,HOSP134,108,52,0.68,0,0,0,0,0,26,0
IND03208,01/12/2025,HOSP134,108,52,0.68,1,0,0,1,0,43,0
IND03209,01/01/2026,HOSP134,114,46,0.71,0,0,0,0,0,40,0
IND03210,01/02/2026,HOSP134,111,49,0.69,0,0,0,0,0,27,0
IND03211,01/03/2026,HOSP134,115,45,0.72,0,0,0,0,0,26,0
IND03212,01/04/2026,HOSP134,106,54,0.66,2,0,0,2,0,34,0
IND03213,01/05/2026,HOSP134,117,43,0.73,0,0,0,0,0,26,0
IND03214,01/06/2026,HOSP134,115,45,0.72,1,0,0,0,1,21,0
IND03215,01/07/2026,HOSP134,117,43,0.73,1,0,0,0,1,30,0
IND03216,01/08/2026,HOSP134,103,57,0.64,0,0,0,0,0,31,0
IND03217,01/09/2024,HOSP135,211,34,0.86,0,0,0,0,0,23,0
IND03218,01/10/2024,HOSP135,200,45,0.82,0,0,0,0,0,32,0
IND03219,01/11/2024,HOSP135,209,36,0.85,0,0,0,0,0,24,0
IND03220,01/12/2024,HOSP135,232,13,0.95,0,0,0,0,0,33,0
IND03221,01/01/2025,HOSP135,203,42,0.83,0,0,0,0,0,39,0
IND03222,01/02/2025,HOSP135,201,44,0.82,1,0,1,0,0,27,0
IND03223,01/03/2025,HOSP135,216,29,0.88,0,0,0,0,0,26,0
IND03224,01/04/2025,HOSP135,215,30,0.88,0,0,0,0,0,31,0
IND03225,01/05/2025,HOSP135,203,42,0.83,2,1,1,0,0,36,0
IND03226,01/06/2025,HOSP135,213,32,0.87,2,0,0,2,0,26,0
IND03227,01/07/2025,HOSP135,209,36,0.85,1,1,0,0,0,36,1
IND03228,01/08/2025,HOSP135,207,38,0.84,0,0,0,0,0,34,0
IND03229,01/09/2025,HOSP135,219,26,0.89,2,0,0,1,1,14,0
IND03230,01/10/2025,HOSP135,209,36,0.85,1,0,0,1,0,23,0
IND03231,01/11/2025,HOSP135,208,37,0.85,0,0,0,0,0,33,0
IND03232,01/12/2025,HOSP135,217,28,0.89,0,0,0,0,0,32,0
IND03233,01/01/2026,HOSP135,210,35,0.86,0,0,0,0,0,37,0
IND03234,01/02/2026,HOSP135,224,21,0.91,0,0,0,0,0,15,0
IND03235,01/03/2026,HOSP135,196,49,0.8,0,0,0,0,0,28,0
IND03236,01/04/2026,HOSP135,216,29,0.88,2,1,1,0,0,27,0
IND03237,01/05/2026,HOSP135,225,20,0.92,0,0,0,0,0,23,0
IND03238,01/06/2026,HOSP135,188,57,0.77,0,0,0,0,0,31,0
IND03239,01/07/2026,HOSP135,220,25,0.9,0,0,0,0,0,37,0
IND03240,01/08/2026,HOSP135,200,45,0.82,0,0,0,0,0,31,0
IND03241,01/09/2024,HOSP136,177,23,0.89,0,0,0,0,0,26,0
IND03242,01/10/2024,HOSP136,181,19,0.91,0,0,0,0,0,33,0
IND03243,01/11/2024,HOSP136,176,24,0.88,1,0,1,0,0,29,0
IND03244,01/12/2024,HOSP136,191,9,0.95,1,1,0,0,0,38,0
IND03245,01/01/2025,HOSP136,159,41,0.8,1,0,0,1,0,30,0
IND03246,01/02/2025,HOSP136,166,34,0.83,0,0,0,0,0,43,0
IND03247,01/03/2025,HOSP136,179,21,0.9,0,0,0,0,0,28,0
IND03248,01/04/2025,HOSP136,189,11,0.94,1,0,0,0,1,39,0
IND03249,01/05/2025,HOSP136,170,30,0.85,1,0,0,1,0,25,0
IND03250,01/06/2025,HOSP136,164,36,0.82,0,0,0,0,0,28,0
IND03251,01/07/2025,HOSP136,192,8,0.96,2,0,1,1,0,28,0
IND03252,01/08/2025,HOSP136,171,29,0.85,1,1,0,0,0,25,0
IND03253,01/09/2025,HOSP136,179,21,0.9,1,0,0,0,1,36,0
IND03254,01/10/2025,HOSP136,176,24,0.88,0,0,0,0,0,32,0
IND03255,01/11/2025,HOSP136,196,4,0.98,0,0,0,0,0,28,0
IND03256,01/12/2025,HOSP136,179,21,0.9,0,0,0,0,0,35,0
IND03257,01/01/2026,HOSP136,178,22,0.89,0,0,0,0,0,22,0
IND03258,01/02/2026,HOSP136,196,4,0.98,0,0,0,0,0,26,0
IND03259,01/03/2026,HOSP136,180,20,0.9,0,0,0,0,0,15,0
IND03260,01/04/2026,HOSP136,177,23,0.89,1,0,0,1,0,13,0
IND03261,01/05/2026,HOSP136,188,12,0.94,2,0,1,0,1,34,1
IND03262,01/06/2026,HOSP136,177,23,0.89,2,0,1,1,0,38,0
IND03263,01/07/2026,HOSP136,171,29,0.85,2,0,1,1,0,6,0
IND03264,01/08/2026,HOSP136,174,26,0.87,1,0,0,1,0,41,0
IND03265,01/09/2024,HOSP137,131,54,0.71,0,0,0,0,0,29,0
IND03266,01/10/2024,HOSP137,149,36,0.81,0,0,0,0,0,30,0
IND03267,01/11/2024,HOSP137,153,32,0.83,0,0,0,0,0,25,0
IND03268,01/12/2024,HOSP137,138,47,0.75,1,0,1,0,0,28,0
IND03269,01/01/2025,HOSP137,132,53,0.71,0,0,0,0,0,24,0
IND03270,01/02/2025,HOSP137,150,35,0.81,0,0,0,0,0,31,0
IND03271,01/03/2025,HOSP137,141,44,0.76,0,0,0,0,0,45,0
IND03272,01/04/2025,HOSP137,145,40,0.78,0,0,0,0,0,21,0
IND03273,01/05/2025,HOSP137,156,29,0.84,0,0,0,0,0,32,0
IND03274,01/06/2025,HOSP137,137,48,0.74,0,0,0,0,0,28,0
IND03275,01/07/2025,HOSP137,149,36,0.81,0,0,0,0,0,14,0
IND03276,01/08/2025,HOSP137,147,38,0.79,0,0,0,0,0,34,0
IND03277,01/09/2025,HOSP137,140,45,0.76,0,0,0,0,0,30,0
IND03278,01/10/2025,HOSP137,145,40,0.78,0,0,0,0,0,25,0
IND03279,01/11/2025,HOSP137,133,52,0.72,0,0,0,0,0,28,0
IND03280,01/12/2025,HOSP137,125,60,0.68,0,0,0,0,0,25,0
IND03281,01/01/2026,HOSP137,132,53,0.71,0,0,0,0,0,37,0
IND03282,01/02/2026,HOSP137,148,37,0.8,2,0,1,1,0,31,0
IND03283,01/03/2026,HOSP137,134,51,0.72,0,0,0,0,0,24,0
IND03284,01/04/2026,HOSP137,146,39,0.79,1,0,1,0,0,33,0
IND03285,01/05/2026,HOSP137,135,50,0.73,0,0,0,0,0,19,0
IND03286,01/06/2026,HOSP137,142,43,0.77,1,0,1,0,0,27,0
IND03287,01/07/2026,HOSP137,146,39,0.79,0,0,0,0,0,29,0
IND03288,01/08/2026,HOSP137,135,50,0.73,2,0,1,1,0,16,0
IND03289,01/09/2024,HOSP138,183,47,0.8,1,0,0,1,0,38,0
IND03290,01/10/2024,HOSP138,169,61,0.73,0,0,0,0,0,25,0
IND03291,01/11/2024,HOSP138,166,64,0.72,1,0,0,0,1,22,0
IND03292,01/12/2024,HOSP138,161,69,0.7,6,2,0,4,0,42,0
IND03293,01/01/2025,HOSP138,172,58,0.75,3,0,2,1,0,30,1
IND03294,01/02/2025,HOSP138,180,50,0.78,1,0,0,1,0,27,0
IND03295,01/03/2025,HOSP138,174,56,0.76,3,0,1,2,0,32,0
IND03296,01/04/2025,HOSP138,163,67,0.71,2,0,2,0,0,26,0
IND03297,01/05/2025,HOSP138,167,63,0.73,3,1,1,1,0,30,0
IND03298,01/06/2025,HOSP138,168,62,0.73,3,0,0,3,0,28,0
IND03299,01/07/2025,HOSP138,179,51,0.78,3,0,1,2,0,16,0
IND03300,01/08/2025,HOSP138,169,61,0.73,1,0,0,0,1,24,0
IND03301,01/09/2025,HOSP138,183,47,0.8,3,0,2,0,1,32,0
IND03302,01/10/2025,HOSP138,175,55,0.76,2,1,0,1,0,36,0
IND03303,01/11/2025,HOSP138,166,64,0.72,4,0,2,1,1,32,0
IND03304,01/12/2025,HOSP138,156,74,0.68,2,0,0,0,2,22,0
IND03305,01/01/2026,HOSP138,173,57,0.75,3,1,0,1,1,20,0
IND03306,01/02/2026,HOSP138,172,58,0.75,3,1,0,1,1,31,0
IND03307,01/03/2026,HOSP138,176,54,0.77,2,0,0,2,0,28,0
IND03308,01/04/2026,HOSP138,178,52,0.77,4,0,0,3,1,28,0
IND03309,01/05/2026,HOSP138,170,60,0.74,5,0,2,1,2,31,0
IND03310,01/06/2026,HOSP138,167,63,0.73,3,0,2,0,1,29,0
IND03311,01/07/2026,HOSP138,175,55,0.76,2,0,0,2,0,30,0
IND03312,01/08/2026,HOSP138,165,65,0.72,1,0,0,1,0,20,1
IND03313,01/09/2024,HOSP139,122,28,0.81,0,0,0,0,0,39,0
IND03314,01/10/2024,HOSP139,124,26,0.83,0,0,0,0,0,28,0
IND03315,01/11/2024,HOSP139,124,26,0.83,1,0,0,0,1,35,0
IND03316,01/12/2024,HOSP139,125,25,0.83,1,0,1,0,0,29,0
IND03317,01/01/2025,HOSP139,129,21,0.86,1,0,0,1,0,34,0
IND03318,01/02/2025,HOSP139,123,27,0.82,2,0,1,0,1,26,0
IND03319,01/03/2025,HOSP139,122,28,0.81,0,0,0,0,0,37,0
IND03320,01/04/2025,HOSP139,112,38,0.75,1,0,1,0,0,15,0
IND03321,01/05/2025,HOSP139,131,19,0.87,1,1,0,0,0,23,0
IND03322,01/06/2025,HOSP139,115,35,0.77,0,0,0,0,0,28,0
IND03323,01/07/2025,HOSP139,117,33,0.78,0,0,0,0,0,20,0
IND03324,01/08/2025,HOSP139,122,28,0.81,0,0,0,0,0,43,0
IND03325,01/09/2025,HOSP139,123,27,0.82,0,0,0,0,0,25,0
IND03326,01/10/2025,HOSP139,114,36,0.76,1,0,0,1,0,28,0
IND03327,01/11/2025,HOSP139,119,31,0.79,0,0,0,0,0,26,0
IND03328,01/12/2025,HOSP139,127,23,0.85,2,0,0,2,0,29,0
IND03329,01/01/2026,HOSP139,122,28,0.81,1,0,0,1,0,16,0
IND03330,01/02/2026,HOSP139,118,32,0.79,0,0,0,0,0,37,0
IND03331,01/03/2026,HOSP139,125,25,0.83,1,0,1,0,0,44,0
IND03332,01/04/2026,HOSP139,127,23,0.85,0,0,0,0,0,36,0
IND03333,01/05/2026,HOSP139,119,31,0.79,1,0,0,1,0,26,0
IND03334,01/06/2026,HOSP139,128,22,0.85,0,0,0,0,0,32,0
IND03335,01/07/2026,HOSP139,121,29,0.81,0,0,0,0,0,32,0
IND03336,01/08/2026,HOSP139,119,31,0.79,1,0,0,1,0,17,0
IND03337,01/09/2024,HOSP140,166,89,0.65,1,0,1,0,0,16,1
IND03338,01/10/2024,HOSP140,172,83,0.67,0,0,0,0,0,41,0
IND03339,01/11/2024,HOSP140,184,71,0.72,1,0,0,1,0,34,0
IND03340,01/12/2024,HOSP140,182,73,0.71,1,0,0,1,0,31,0
IND03341,01/01/2025,HOSP140,180,75,0.71,2,1,0,1,0,38,0
IND03342,01/02/2025,HOSP140,163,92,0.64,0,0,0,0,0,39,0
IND03343,01/03/2025,HOSP140,166,89,0.65,1,0,1,0,0,25,0
IND03344,01/04/2025,HOSP140,164,91,0.64,0,0,0,0,0,35,0
IND03345,01/05/2025,HOSP140,159,96,0.62,1,1,0,0,0,35,0
IND03346,01/06/2025,HOSP140,188,67,0.74,0,0,0,0,0,30,0
IND03347,01/07/2025,HOSP140,169,86,0.66,1,1,0,0,0,34,0
IND03348,01/08/2025,HOSP140,166,89,0.65,0,0,0,0,0,16,0
IND03349,01/09/2025,HOSP140,176,79,0.69,0,0,0,0,0,31,0
IND03350,01/10/2025,HOSP140,162,93,0.64,2,0,0,2,0,39,0
IND03351,01/11/2025,HOSP140,181,74,0.71,0,0,0,0,0,26,0
IND03352,01/12/2025,HOSP140,180,75,0.71,1,0,1,0,0,6,0
IND03353,01/01/2026,HOSP140,187,68,0.73,2,0,0,2,0,48,0
IND03354,01/02/2026,HOSP140,171,84,0.67,0,0,0,0,0,40,0
IND03355,01/03/2026,HOSP140,190,65,0.75,0,0,0,0,0,28,0
IND03356,01/04/2026,HOSP140,173,82,0.68,0,0,0,0,0,28,0
IND03357,01/05/2026,HOSP140,180,75,0.71,1,0,0,0,1,20,0
IND03358,01/06/2026,HOSP140,179,76,0.7,1,0,0,1,0,43,0
IND03359,01/07/2026,HOSP140,162,93,0.64,1,0,1,0,0,32,0
IND03360,01/08/2026,HOSP140,172,83,0.67,0,0,0,0,0,27,0
IND03361,01/09/2024,HOSP141,160,15,0.91,1,0,0,0,1,35,0
IND03362,01/10/2024,HOSP141,153,22,0.87,1,0,0,1,0,37,0
IND03363,01/11/2024,HOSP141,153,22,0.87,1,0,1,0,0,30,0
IND03364,01/12/2024,HOSP141,146,29,0.83,2,0,0,1,1,28,0
IND03365,01/01/2025,HOSP141,151,24,0.86,1,0,0,1,0,48,0
IND03366,01/02/2025,HOSP141,161,14,0.92,0,0,0,0,0,33,0
IND03367,01/03/2025,HOSP141,157,18,0.9,0,0,0,0,0,27,0
IND03368,01/04/2025,HOSP141,154,21,0.88,2,0,1,1,0,29,0
IND03369,01/05/2025,HOSP141,147,28,0.84,3,0,0,3,0,22,0
IND03370,01/06/2025,HOSP141,153,22,0.87,1,0,1,0,0,44,0
IND03371,01/07/2025,HOSP141,160,15,0.91,1,0,0,1,0,23,0
IND03372,01/08/2025,HOSP141,158,17,0.9,1,0,0,0,1,33,0
IND03373,01/09/2025,HOSP141,159,16,0.91,1,0,0,1,0,22,0
IND03374,01/10/2025,HOSP141,151,24,0.86,2,0,0,0,2,21,0
IND03375,01/11/2025,HOSP141,157,18,0.9,0,0,0,0,0,33,0
IND03376,01/12/2025,HOSP141,150,25,0.86,3,0,2,1,0,25,0
IND03377,01/01/2026,HOSP141,161,14,0.92,0,0,0,0,0,37,0
IND03378,01/02/2026,HOSP141,149,26,0.85,0,0,0,0,0,30,0
IND03379,01/03/2026,HOSP141,159,16,0.91,1,0,0,0,1,58,0
IND03380,01/04/2026,HOSP141,162,13,0.93,3,0,1,1,1,26,0
IND03381,01/05/2026,HOSP141,144,31,0.82,2,0,0,2,0,47,0
IND03382,01/06/2026,HOSP141,155,20,0.89,3,0,0,2,1,20,0
IND03383,01/07/2026,HOSP141,152,23,0.87,3,0,2,0,1,41,0
IND03384,01/08/2026,HOSP141,152,23,0.87,1,0,1,0,0,37,0
IND03385,01/09/2024,HOSP142,161,34,0.83,1,0,1,0,0,13,0
IND03386,01/10/2024,HOSP142,168,27,0.86,3,0,0,2,1,43,0
IND03387,01/11/2024,HOSP142,159,36,0.82,2,0,1,0,1,31,0
IND03388,01/12/2024,HOSP142,163,32,0.84,6,1,1,4,0,31,1
IND03389,01/01/2025,HOSP142,141,54,0.72,2,0,0,1,1,36,0
IND03390,01/02/2025,HOSP142,155,40,0.79,4,0,2,0,2,22,0
IND03391,01/03/2025,HOSP142,160,35,0.82,5,0,3,1,1,25,0
IND03392,01/04/2025,HOSP142,143,52,0.73,5,1,2,2,0,30,0
IND03393,01/05/2025,HOSP142,160,35,0.82,7,0,4,3,0,32,1
IND03394,01/06/2025,HOSP142,156,39,0.8,2,0,0,1,1,23,0
IND03395,01/07/2025,HOSP142,148,47,0.76,6,0,1,4,1,27,0
IND03396,01/08/2025,HOSP142,152,43,0.78,5,1,2,2,0,33,0
IND03397,01/09/2025,HOSP142,149,46,0.76,1,0,0,0,1,33,0
IND03398,01/10/2025,HOSP142,161,34,0.83,7,1,0,5,1,31,1
IND03399,01/11/2025,HOSP142,158,37,0.81,9,1,2,6,0,36,1
IND03400,01/12/2025,HOSP142,153,42,0.78,7,0,2,4,1,28,1
IND03401,01/01/2026,HOSP142,166,29,0.85,4,0,1,2,1,28,0
IND03402,01/02/2026,HOSP142,150,45,0.77,3,1,1,1,0,39,1
IND03403,01/03/2026,HOSP142,156,39,0.8,6,1,2,2,1,38,1
IND03404,01/04/2026,HOSP142,161,34,0.83,1,0,0,1,0,35,0
IND03405,01/05/2026,HOSP142,163,32,0.84,3,1,2,0,0,26,0
IND03406,01/06/2026,HOSP142,144,51,0.74,4,0,0,4,0,22,0
IND03407,01/07/2026,HOSP142,162,33,0.83,2,0,0,1,1,26,0
IND03408,01/08/2026,HOSP142,137,58,0.7,5,0,2,2,1,31,0
IND03409,01/09/2024,HOSP143,173,37,0.82,0,0,0,0,0,34,0
IND03410,01/10/2024,HOSP143,174,36,0.83,1,0,0,1,0,5,0
IND03411,01/11/2024,HOSP143,183,27,0.87,3,0,1,2,0,35,0
IND03412,01/12/2024,HOSP143,171,39,0.81,5,0,3,2,0,27,1
IND03413,01/01/2025,HOSP143,178,32,0.85,4,0,3,1,0,40,0
IND03414,01/02/2025,HOSP143,177,33,0.84,1,0,0,1,0,18,1
IND03415,01/03/2025,HOSP143,173,37,0.82,5,1,1,2,1,33,0
IND03416,01/04/2025,HOSP143,181,29,0.86,2,0,0,1,1,36,0
IND03417,01/05/2025,HOSP143,173,37,0.82,0,0,0,0,0,33,0
IND03418,01/06/2025,HOSP143,192,18,0.91,4,0,1,2,1,22,1
IND03419,01/07/2025,HOSP143,171,39,0.81,4,0,0,1,3,27,0
IND03420,01/08/2025,HOSP143,175,35,0.83,1,0,1,0,0,45,0
IND03421,01/09/2025,HOSP143,168,42,0.8,1,0,0,1,0,29,0
IND03422,01/10/2025,HOSP143,182,28,0.87,2,0,1,1,0,35,0
IND03423,01/11/2025,HOSP143,187,23,0.89,2,0,1,1,0,40,0
IND03424,01/12/2025,HOSP143,181,29,0.86,2,0,0,2,0,20,0
IND03425,01/01/2026,HOSP143,171,39,0.81,3,1,1,1,0,31,1
IND03426,01/02/2026,HOSP143,181,29,0.86,2,0,0,1,1,22,0
IND03427,01/03/2026,HOSP143,177,33,0.84,2,0,0,2,0,26,0
IND03428,01/04/2026,HOSP143,173,37,0.82,0,0,0,0,0,34,0
IND03429,01/05/2026,HOSP143,176,34,0.84,1,0,1,0,0,44,0
IND03430,01/06/2026,HOSP143,180,30,0.86,2,0,2,0,0,36,0
IND03431,01/07/2026,HOSP143,162,48,0.77,1,1,0,0,0,48,0
IND03432,01/08/2026,HOSP143,188,22,0.9,3,0,1,2,0,30,0
IND03433,01/09/2024,HOSP144,148,17,0.9,0,0,0,0,0,20,0
IND03434,01/10/2024,HOSP144,148,17,0.9,1,1,0,0,0,25,1
IND03435,01/11/2024,HOSP144,142,23,0.86,0,0,0,0,0,25,0
IND03436,01/12/2024,HOSP144,145,20,0.88,0,0,0,0,0,32,0
IND03437,01/01/2025,HOSP144,148,17,0.9,0,0,0,0,0,32,0
IND03438,01/02/2025,HOSP144,143,22,0.87,0,0,0,0,0,30,0
IND03439,01/03/2025,HOSP144,143,22,0.87,2,0,0,1,1,36,0
IND03440,01/04/2025,HOSP144,144,21,0.87,0,0,0,0,0,15,0
IND03441,01/05/2025,HOSP144,150,15,0.91,1,0,0,1,0,16,1
IND03442,01/06/2025,HOSP144,147,18,0.89,1,0,0,0,1,39,0
IND03443,01/07/2025,HOSP144,136,29,0.82,1,0,0,1,0,38,0
IND03444,01/08/2025,HOSP144,153,12,0.93,1,0,0,1,0,35,0
IND03445,01/09/2025,HOSP144,138,27,0.84,1,0,0,1,0,21,0
IND03446,01/10/2025,HOSP144,139,26,0.84,1,0,0,1,0,30,0
IND03447,01/11/2025,HOSP144,143,22,0.87,0,0,0,0,0,24,0
IND03448,01/12/2025,HOSP144,137,28,0.83,0,0,0,0,0,18,0
IND03449,01/01/2026,HOSP144,150,15,0.91,0,0,0,0,0,39,0
IND03450,01/02/2026,HOSP144,141,24,0.85,0,0,0,0,0,20,0
IND03451,01/03/2026,HOSP144,137,28,0.83,1,0,1,0,0,27,0
IND03452,01/04/2026,HOSP144,138,27,0.84,0,0,0,0,0,30,0
IND03453,01/05/2026,HOSP144,140,25,0.85,2,0,0,1,1,34,0
IND03454,01/06/2026,HOSP144,153,12,0.93,1,0,0,1,0,21,0
IND03455,01/07/2026,HOSP144,141,24,0.85,0,0,0,0,0,34,0
IND03456,01/08/2026,HOSP144,150,15,0.91,0,0,0,0,0,24,0
IND03457,01/09/2024,HOSP145,149,91,0.62,0,0,0,0,0,22,0
IND03458,01/10/2024,HOSP145,161,79,0.67,0,0,0,0,0,28,0
IND03459,01/11/2024,HOSP145,164,76,0.68,0,0,0,0,0,16,0
IND03460,01/12/2024,HOSP145,155,85,0.65,0,0,0,0,0,28,0
IND03461,01/01/2025,HOSP145,171,69,0.71,0,0,0,0,0,25,0
IND03462,01/02/2025,HOSP145,169,71,0.7,1,0,0,0,1,30,0
IND03463,01/03/2025,HOSP145,172,68,0.72,3,0,0,2,1,27,1
IND03464,01/04/2025,HOSP145,164,76,0.68,1,0,0,0,1,5,0
IND03465,01/05/2025,HOSP145,165,75,0.69,2,0,0,2,0,14,0
IND03466,01/06/2025,HOSP145,175,65,0.73,0,0,0,0,0,31,0
IND03467,01/07/2025,HOSP145,162,78,0.68,1,0,1,0,0,26,0
IND03468,01/08/2025,HOSP145,164,76,0.68,0,0,0,0,0,17,0
IND03469,01/09/2025,HOSP145,158,82,0.66,0,0,0,0,0,33,0
IND03470,01/10/2025,HOSP145,166,74,0.69,0,0,0,0,0,35,0
IND03471,01/11/2025,HOSP145,161,79,0.67,0,0,0,0,0,24,0
IND03472,01/12/2025,HOSP145,156,84,0.65,0,0,0,0,0,31,0
IND03473,01/01/2026,HOSP145,170,70,0.71,2,0,0,1,1,23,0
IND03474,01/02/2026,HOSP145,168,72,0.7,1,0,1,0,0,29,0
IND03475,01/03/2026,HOSP145,172,68,0.72,2,0,1,1,0,42,1
IND03476,01/04/2026,HOSP145,165,75,0.69,0,0,0,0,0,29,0
IND03477,01/05/2026,HOSP145,152,88,0.63,0,0,0,0,0,38,0
IND03478,01/06/2026,HOSP145,158,82,0.66,1,0,0,1,0,21,0
IND03479,01/07/2026,HOSP145,160,80,0.67,1,0,0,1,0,37,0
IND03480,01/08/2026,HOSP145,158,82,0.66,2,0,1,1,0,20,0
IND03481,01/09/2024,HOSP146,132,58,0.69,1,0,1,0,0,45,0
IND03482,01/10/2024,HOSP146,150,40,0.79,0,0,0,0,0,33,0
IND03483,01/11/2024,HOSP146,123,67,0.65,2,0,1,1,0,28,0
IND03484,01/12/2024,HOSP146,139,51,0.73,0,0,0,0,0,28,0
IND03485,01/01/2025,HOSP146,154,36,0.81,1,0,1,0,0,29,0
IND03486,01/02/2025,HOSP146,129,61,0.68,0,0,0,0,0,19,0
IND03487,01/03/2025,HOSP146,130,60,0.68,3,0,2,1,0,25,0
IND03488,01/04/2025,HOSP146,145,45,0.76,0,0,0,0,0,21,0
IND03489,01/05/2025,HOSP146,145,45,0.76,1,0,0,1,0,31,0
IND03490,01/06/2025,HOSP146,131,59,0.69,0,0,0,0,0,26,0
IND03491,01/07/2025,HOSP146,138,52,0.73,1,0,1,0,0,40,0
IND03492,01/08/2025,HOSP146,139,51,0.73,0,0,0,0,0,24,0
IND03493,01/09/2025,HOSP146,134,56,0.71,0,0,0,0,0,25,0
IND03494,01/10/2025,HOSP146,135,55,0.71,0,0,0,0,0,36,0
IND03495,01/11/2025,HOSP146,129,61,0.68,1,0,1,0,0,16,0
IND03496,01/12/2025,HOSP146,128,62,0.67,2,0,0,1,1,30,0
IND03497,01/01/2026,HOSP146,129,61,0.68,0,0,0,0,0,30,0
IND03498,01/02/2026,HOSP146,127,63,0.67,0,0,0,0,0,35,0
IND03499,01/03/2026,HOSP146,131,59,0.69,0,0,0,0,0,29,0
IND03500,01/04/2026,HOSP146,130,60,0.68,1,0,1,0,0,22,0
IND03501,01/05/2026,HOSP146,121,69,0.64,0,0,0,0,0,28,0
IND03502,01/06/2026,HOSP146,133,57,0.7,1,0,1,0,0,12,0
IND03503,01/07/2026,HOSP146,130,60,0.68,1,0,0,1,0,13,1
IND03504,01/08/2026,HOSP146,132,58,0.69,1,1,0,0,0,33,0
IND03505,01/09/2024,HOSP147,144,36,0.8,0,0,0,0,0,25,0
IND03506,01/10/2024,HOSP147,147,33,0.82,0,0,0,0,0,22,0
IND03507,01/11/2024,HOSP147,135,45,0.75,1,0,0,1,0,42,0
IND03508,01/12/2024,HOSP147,140,40,0.78,1,0,0,1,0,24,0
IND03509,01/01/2025,HOSP147,143,37,0.79,2,0,1,1,0,42,0
IND03510,01/02/2025,HOSP147,145,35,0.81,0,0,0,0,0,30,0
IND03511,01/03/2025,HOSP147,135,45,0.75,0,0,0,0,0,37,0
IND03512,01/04/2025,HOSP147,137,43,0.76,1,0,0,0,1,28,0
IND03513,01/05/2025,HOSP147,133,47,0.74,0,0,0,0,0,29,0
IND03514,01/06/2025,HOSP147,147,33,0.82,0,0,0,0,0,33,0
IND03515,01/07/2025,HOSP147,133,47,0.74,1,0,0,0,1,27,0
IND03516,01/08/2025,HOSP147,142,38,0.79,0,0,0,0,0,23,0
IND03517,01/09/2025,HOSP147,138,42,0.77,0,0,0,0,0,27,0
IND03518,01/10/2025,HOSP147,138,42,0.77,0,0,0,0,0,29,0
IND03519,01/11/2025,HOSP147,141,39,0.78,0,0,0,0,0,30,0
IND03520,01/12/2025,HOSP147,139,41,0.77,0,0,0,0,0,29,0
IND03521,01/01/2026,HOSP147,139,41,0.77,0,0,0,0,0,29,0
IND03522,01/02/2026,HOSP147,144,36,0.8,0,0,0,0,0,28,0
IND03523,01/03/2026,HOSP147,139,41,0.77,1,0,1,0,0,21,0
IND03524,01/04/2026,HOSP147,148,32,0.82,0,0,0,0,0,32,0
IND03525,01/05/2026,HOSP147,140,40,0.78,0,0,0,0,0,31,0
IND03526,01/06/2026,HOSP147,146,34,0.81,0,0,0,0,0,27,0
IND03527,01/07/2026,HOSP147,145,35,0.81,0,0,0,0,0,24,0
IND03528,01/08/2026,HOSP147,138,42,0.77,0,0,0,0,0,24,0
IND03529,01/09/2024,HOSP148,182,43,0.81,0,0,0,0,0,39,0
IND03530,01/10/2024,HOSP148,174,51,0.77,0,0,0,0,0,31,0
IND03531,01/11/2024,HOSP148,180,45,0.8,0,0,0,0,0,34,0
IND03532,01/12/2024,HOSP148,178,47,0.79,2,0,1,1,0,29,0
IND03533,01/01/2025,HOSP148,182,43,0.81,1,0,0,1,0,45,0
IND03534,01/02/2025,HOSP148,184,41,0.82,2,0,2,0,0,30,0
IND03535,01/03/2025,HOSP148,181,44,0.8,3,0,2,1,0,37,0
IND03536,01/04/2025,HOSP148,168,57,0.75,0,0,0,0,0,34,0
IND03537,01/05/2025,HOSP148,183,42,0.81,2,0,0,2,0,20,0
IND03538,01/06/2025,HOSP148,189,36,0.84,0,0,0,0,0,29,0
IND03539,01/07/2025,HOSP148,174,51,0.77,2,0,1,1,0,26,0
IND03540,01/08/2025,HOSP148,172,53,0.76,0,0,0,0,0,31,0
IND03541,01/09/2025,HOSP148,189,36,0.84,1,0,0,0,1,5,0
IND03542,01/10/2025,HOSP148,189,36,0.84,1,0,1,0,0,11,0
IND03543,01/11/2025,HOSP148,184,41,0.82,0,0,0,0,0,31,0
IND03544,01/12/2025,HOSP148,194,31,0.86,2,0,0,1,1,36,0
IND03545,01/01/2026,HOSP148,171,54,0.76,2,0,1,1,0,26,0
IND03546,01/02/2026,HOSP148,188,37,0.84,0,0,0,0,0,20,0
IND03547,01/03/2026,HOSP148,183,42,0.81,3,0,2,1,0,34,0
IND03548,01/04/2026,HOSP148,189,36,0.84,1,1,0,0,0,32,0
IND03549,01/05/2026,HOSP148,176,49,0.78,4,0,1,2,1,26,0
IND03550,01/06/2026,HOSP148,182,43,0.81,3,0,1,2,0,26,0
IND03551,01/07/2026,HOSP148,181,44,0.8,1,1,0,0,0,37,0
IND03552,01/08/2026,HOSP148,193,32,0.86,1,0,0,0,1,15,0
IND03553,01/09/2024,HOSP149,130,25,0.84,0,0,0,0,0,31,0
IND03554,01/10/2024,HOSP149,120,35,0.77,0,0,0,0,0,25,0
IND03555,01/11/2024,HOSP149,114,41,0.74,0,0,0,0,0,25,0
IND03556,01/12/2024,HOSP149,128,27,0.83,1,0,0,0,1,45,0
IND03557,01/01/2025,HOSP149,122,33,0.79,0,0,0,0,0,31,0
IND03558,01/02/2025,HOSP149,115,40,0.74,0,0,0,0,0,45,0
IND03559,01/03/2025,HOSP149,114,41,0.74,0,0,0,0,0,19,0
IND03560,01/04/2025,HOSP149,113,42,0.73,0,0,0,0,0,17,0
IND03561,01/05/2025,HOSP149,121,34,0.78,0,0,0,0,0,30,0
IND03562,01/06/2025,HOSP149,118,37,0.76,0,0,0,0,0,17,0
IND03563,01/07/2025,HOSP149,120,35,0.77,1,0,0,0,1,13,1
IND03564,01/08/2025,HOSP149,118,37,0.76,0,0,0,0,0,28,0
IND03565,01/09/2025,HOSP149,123,32,0.79,0,0,0,0,0,17,0
IND03566,01/10/2025,HOSP149,114,41,0.74,0,0,0,0,0,32,0
IND03567,01/11/2025,HOSP149,125,30,0.81,0,0,0,0,0,29,0
IND03568,01/12/2025,HOSP149,114,41,0.74,0,0,0,0,0,23,0
IND03569,01/01/2026,HOSP149,119,36,0.77,0,0,0,0,0,36,0
IND03570,01/02/2026,HOSP149,117,38,0.75,0,0,0,0,0,30,0
IND03571,01/03/2026,HOSP149,119,36,0.77,0,0,0,0,0,33,0
IND03572,01/04/2026,HOSP149,128,27,0.83,0,0,0,0,0,22,0
IND03573,01/05/2026,HOSP149,124,31,0.8,0,0,0,0,0,31,0
IND03574,01/06/2026,HOSP149,124,31,0.8,1,0,1,0,0,52,0
IND03575,01/07/2026,HOSP149,119,36,0.77,0,0,0,0,0,22,0
IND03576,01/08/2026,HOSP149,122,33,0.79,0,0,0,0,0,43,0
IND03577,01/09/2024,HOSP150,185,65,0.74,2,0,1,1,0,44,0
IND03578,01/10/2024,HOSP150,187,63,0.75,0,0,0,0,0,34,0
IND03579,01/11/2024,HOSP150,193,57,0.77,0,0,0,0,0,30,0
IND03580,01/12/2024,HOSP150,177,73,0.71,0,0,0,0,0,35,0
IND03581,01/01/2025,HOSP150,177,73,0.71,0,0,0,0,0,30,0
IND03582,01/02/2025,HOSP150,187,63,0.75,1,0,1,0,0,45,0
IND03583,01/03/2025,HOSP150,180,70,0.72,0,0,0,0,0,28,0
IND03584,01/04/2025,HOSP150,186,64,0.74,0,0,0,0,0,30,0
IND03585,01/05/2025,HOSP150,193,57,0.77,2,0,1,1,0,24,0
IND03586,01/06/2025,HOSP150,166,84,0.66,2,0,0,2,0,24,0
IND03587,01/07/2025,HOSP150,183,67,0.73,0,0,0,0,0,18,0
IND03588,01/08/2025,HOSP150,186,64,0.74,0,0,0,0,0,26,0
IND03589,01/09/2025,HOSP150,175,75,0.7,0,0,0,0,0,30,0
IND03590,01/10/2025,HOSP150,194,56,0.78,2,2,0,0,0,16,0
IND03591,01/11/2025,HOSP150,192,58,0.77,0,0,0,0,0,25,0
IND03592,01/12/2025,HOSP150,180,70,0.72,0,0,0,0,0,41,0
IND03593,01/01/2026,HOSP150,193,57,0.77,2,0,1,0,1,35,0
IND03594,01/02/2026,HOSP150,175,75,0.7,3,0,1,2,0,36,0
IND03595,01/03/2026,HOSP150,209,41,0.84,1,1,0,0,0,28,0
IND03596,01/04/2026,HOSP150,196,54,0.78,3,0,1,2,0,24,0
IND03597,01/05/2026,HOSP150,191,59,0.76,0,0,0,0,0,27,0
IND03598,01/06/2026,HOSP150,196,54,0.78,2,0,0,1,1,28,0
IND03599,01/07/2026,HOSP150,196,54,0.78,1,0,0,1,0,22,0
IND03600,01/08/2026,HOSP150,181,69,0.72,0,0,0,0,0,30,0
IND03601,01/09/2024,HOSP151,137,68,0.67,0,0,0,0,0,41,0
IND03602,01/10/2024,HOSP151,141,64,0.69,0,0,0,0,0,34,0
IND03603,01/11/2024,HOSP151,136,69,0.66,2,0,1,1,0,18,0
IND03604,01/12/2024,HOSP151,158,47,0.77,2,0,1,1,0,24,0
IND03605,01/01/2025,HOSP151,138,67,0.67,2,0,0,1,1,34,0
IND03606,01/02/2025,HOSP151,127,78,0.62,0,0,0,0,0,41,0
IND03607,01/03/2025,HOSP151,142,63,0.69,1,1,0,0,0,28,1
IND03608,01/04/2025,HOSP151,143,62,0.7,1,0,0,1,0,17,0
IND03609,01/05/2025,HOSP151,134,71,0.65,3,0,1,1,1,30,0
IND03610,01/06/2025,HOSP151,146,59,0.71,0,0,0,0,0,30,0
IND03611,01/07/2025,HOSP151,131,74,0.64,1,0,0,1,0,21,0
IND03612,01/08/2025,HOSP151,135,70,0.66,2,0,1,1,0,22,1
IND03613,01/09/2025,HOSP151,154,51,0.75,2,0,0,2,0,26,0
IND03614,01/10/2025,HOSP151,147,58,0.72,0,0,0,0,0,20,0
IND03615,01/11/2025,HOSP151,137,68,0.67,0,0,0,0,0,14,0
IND03616,01/12/2025,HOSP151,137,68,0.67,0,0,0,0,0,22,0
IND03617,01/01/2026,HOSP151,144,61,0.7,2,1,0,1,0,24,0
IND03618,01/02/2026,HOSP151,133,72,0.65,1,0,0,1,0,39,1
IND03619,01/03/2026,HOSP151,151,54,0.74,1,0,0,0,1,32,0
IND03620,01/04/2026,HOSP151,139,66,0.68,2,0,1,0,1,24,0
IND03621,01/05/2026,HOSP151,127,78,0.62,0,0,0,0,0,30,0
IND03622,01/06/2026,HOSP151,130,75,0.63,3,1,1,1,0,29,0
IND03623,01/07/2026,HOSP151,144,61,0.7,0,0,0,0,0,34,0
IND03624,01/08/2026,HOSP151,143,62,0.7,0,0,0,0,0,35,0
IND03625,01/09/2024,HOSP152,121,49,0.71,0,0,0,0,0,21,0
IND03626,01/10/2024,HOSP152,143,27,0.84,1,0,0,1,0,23,0
IND03627,01/11/2024,HOSP152,134,36,0.79,0,0,0,0,0,25,0
IND03628,01/12/2024,HOSP152,133,37,0.78,0,0,0,0,0,32,0
IND03629,01/01/2025,HOSP152,135,35,0.79,2,1,1,0,0,26,0
IND03630,01/02/2025,HOSP152,135,35,0.79,0,0,0,0,0,16,0
IND03631,01/03/2025,HOSP152,139,31,0.82,1,0,0,1,0,21,0
IND03632,01/04/2025,HOSP152,129,41,0.76,0,0,0,0,0,24,0
IND03633,01/05/2025,HOSP152,130,40,0.76,0,0,0,0,0,30,0
IND03634,01/06/2025,HOSP152,131,39,0.77,0,0,0,0,0,30,0
IND03635,01/07/2025,HOSP152,135,35,0.79,0,0,0,0,0,34,0
IND03636,01/08/2025,HOSP152,122,48,0.72,1,0,1,0,0,36,0
IND03637,01/09/2025,HOSP152,148,22,0.87,0,0,0,0,0,29,0
IND03638,01/10/2025,HOSP152,131,39,0.77,0,0,0,0,0,27,0
IND03639,01/11/2025,HOSP152,136,34,0.8,1,0,0,1,0,32,0
IND03640,01/12/2025,HOSP152,131,39,0.77,1,0,0,1,0,19,1
IND03641,01/01/2026,HOSP152,137,33,0.81,0,0,0,0,0,24,0
IND03642,01/02/2026,HOSP152,132,38,0.78,0,0,0,0,0,31,0
IND03643,01/03/2026,HOSP152,147,23,0.86,0,0,0,0,0,27,0
IND03644,01/04/2026,HOSP152,132,38,0.78,1,0,0,1,0,10,0
IND03645,01/05/2026,HOSP152,127,43,0.75,0,0,0,0,0,33,0
IND03646,01/06/2026,HOSP152,130,40,0.76,2,0,0,2,0,14,1
IND03647,01/07/2026,HOSP152,127,43,0.75,2,0,0,1,1,38,0
IND03648,01/08/2026,HOSP152,131,39,0.77,1,1,0,0,0,32,0
IND03649,01/09/2024,HOSP153,204,11,0.95,3,1,1,1,0,30,0
IND03650,01/10/2024,HOSP153,192,23,0.89,1,0,1,0,0,23,0
IND03651,01/11/2024,HOSP153,198,17,0.92,4,1,1,1,1,24,0
IND03652,01/12/2024,HOSP153,190,25,0.88,4,0,2,2,0,26,0
IND03653,01/01/2025,HOSP153,188,27,0.87,1,0,1,0,0,39,0
IND03654,01/02/2025,HOSP153,185,30,0.86,3,0,2,0,1,25,0
IND03655,01/03/2025,HOSP153,183,32,0.85,5,0,3,1,1,31,0
IND03656,01/04/2025,HOSP153,183,32,0.85,6,0,5,1,0,28,1
IND03657,01/05/2025,HOSP153,185,30,0.86,3,1,1,0,1,24,0
IND03658,01/06/2025,HOSP153,182,33,0.85,3,1,1,0,1,40,1
IND03659,01/07/2025,HOSP153,208,7,0.97,8,1,3,3,1,38,3
IND03660,01/08/2025,HOSP153,199,16,0.93,2,0,1,1,0,32,0
IND03661,01/09/2025,HOSP153,187,28,0.87,3,0,2,0,1,21,0
IND03662,01/10/2025,HOSP153,188,27,0.87,1,0,0,1,0,19,0
IND03663,01/11/2025,HOSP153,200,15,0.93,4,0,1,2,1,32,1
IND03664,01/12/2025,HOSP153,197,18,0.92,5,0,3,2,0,36,0
IND03665,01/01/2026,HOSP153,174,41,0.81,5,1,2,2,0,37,0
IND03666,01/02/2026,HOSP153,209,6,0.97,3,0,2,1,0,24,0
IND03667,01/03/2026,HOSP153,196,19,0.91,6,0,0,3,3,34,0
IND03668,01/04/2026,HOSP153,196,19,0.91,4,1,0,1,2,32,0
IND03669,01/05/2026,HOSP153,190,25,0.88,1,0,0,1,0,20,0
IND03670,01/06/2026,HOSP153,191,24,0.89,4,0,2,1,1,28,0
IND03671,01/07/2026,HOSP153,197,18,0.92,3,0,1,2,0,37,1
IND03672,01/08/2026,HOSP153,199,16,0.93,3,1,1,1,0,30,0
IND03673,01/09/2024,HOSP154,119,41,0.74,3,0,1,2,0,31,0
IND03674,01/10/2024,HOSP154,111,49,0.69,3,0,1,2,0,42,0
IND03675,01/11/2024,HOSP154,108,52,0.68,0,0,0,0,0,21,0
IND03676,01/12/2024,HOSP154,108,52,0.68,4,0,2,1,1,34,0
IND03677,01/01/2025,HOSP154,120,40,0.75,1,0,1,0,0,18,0
IND03678,01/02/2025,HOSP154,104,56,0.65,4,0,0,2,2,32,0
IND03679,01/03/2025,HOSP154,111,49,0.69,3,1,0,1,1,26,0
IND03680,01/04/2025,HOSP154,114,46,0.71,3,0,1,1,1,27,0
IND03681,01/05/2025,HOSP154,114,46,0.71,1,0,0,1,0,27,1
IND03682,01/06/2025,HOSP154,111,49,0.69,2,0,2,0,0,40,1
IND03683,01/07/2025,HOSP154,111,49,0.69,3,0,2,0,1,30,0
IND03684,01/08/2025,HOSP154,112,48,0.7,0,0,0,0,0,39,0
IND03685,01/09/2025,HOSP154,102,58,0.64,1,0,0,0,1,28,0
IND03686,01/10/2025,HOSP154,113,47,0.71,2,1,0,0,1,27,0
IND03687,01/11/2025,HOSP154,104,56,0.65,1,0,0,1,0,23,0
IND03688,01/12/2025,HOSP154,120,40,0.75,1,0,0,1,0,25,0
IND03689,01/01/2026,HOSP154,106,54,0.66,1,0,0,1,0,21,0
IND03690,01/02/2026,HOSP154,120,40,0.75,2,0,0,2,0,32,0
IND03691,01/03/2026,HOSP154,114,46,0.71,0,0,0,0,0,25,0
IND03692,01/04/2026,HOSP154,115,45,0.72,2,0,0,2,0,28,0
IND03693,01/05/2026,HOSP154,110,50,0.69,0,0,0,0,0,26,0
IND03694,01/06/2026,HOSP154,111,49,0.69,2,0,1,1,0,48,0
IND03695,01/07/2026,HOSP154,111,49,0.69,3,0,0,2,1,38,0
IND03696,01/08/2026,HOSP154,109,51,0.68,2,0,1,1,0,38,0
IND03697,01/09/2024,HOSP155,184,61,0.75,0,0,0,0,0,33,0
IND03698,01/10/2024,HOSP155,197,48,0.8,0,0,0,0,0,33,0
IND03699,01/11/2024,HOSP155,212,33,0.87,0,0,0,0,0,32,0
IND03700,01/12/2024,HOSP155,213,32,0.87,0,0,0,0,0,25,0
IND03701,01/01/2025,HOSP155,199,46,0.81,0,0,0,0,0,16,0
IND03702,01/02/2025,HOSP155,214,31,0.87,0,0,0,0,0,28,0
IND03703,01/03/2025,HOSP155,213,32,0.87,0,0,0,0,0,33,0
IND03704,01/04/2025,HOSP155,205,40,0.84,0,0,0,0,0,31,0
IND03705,01/05/2025,HOSP155,219,26,0.89,0,0,0,0,0,34,0
IND03706,01/06/2025,HOSP155,204,41,0.83,0,0,0,0,0,27,0
IND03707,01/07/2025,HOSP155,200,45,0.82,0,0,0,0,0,24,0
IND03708,01/08/2025,HOSP155,215,30,0.88,0,0,0,0,0,22,0
IND03709,01/09/2025,HOSP155,192,53,0.78,0,0,0,0,0,32,0
IND03710,01/10/2025,HOSP155,201,44,0.82,0,0,0,0,0,30,0
IND03711,01/11/2025,HOSP155,214,31,0.87,0,0,0,0,0,29,0
IND03712,01/12/2025,HOSP155,215,30,0.88,0,0,0,0,0,28,0
IND03713,01/01/2026,HOSP155,213,32,0.87,1,0,0,1,0,40,0
IND03714,01/02/2026,HOSP155,202,43,0.82,0,0,0,0,0,27,0
IND03715,01/03/2026,HOSP155,210,35,0.86,0,0,0,0,0,26,0
IND03716,01/04/2026,HOSP155,194,51,0.79,0,0,0,0,0,33,0
IND03717,01/05/2026,HOSP155,197,48,0.8,0,0,0,0,0,24,0
IND03718,01/06/2026,HOSP155,202,43,0.82,1,0,0,1,0,34,0
IND03719,01/07/2026,HOSP155,185,60,0.76,1,0,1,0,0,55,0
IND03720,01/08/2026,HOSP155,202,43,0.82,0,0,0,0,0,38,0
IND03721,01/09/2024,HOSP156,140,55,0.72,0,0,0,0,0,38,0
IND03722,01/10/2024,HOSP156,138,57,0.71,0,0,0,0,0,39,0
IND03723,01/11/2024,HOSP156,142,53,0.73,1,0,0,1,0,49,0
IND03724,01/12/2024,HOSP156,141,54,0.72,0,0,0,0,0,36,0
IND03725,01/01/2025,HOSP156,138,57,0.71,1,0,0,1,0,22,0
IND03726,01/02/2025,HOSP156,152,43,0.78,2,0,0,1,1,32,0
IND03727,01/03/2025,HOSP156,148,47,0.76,0,0,0,0,0,25,0
IND03728,01/04/2025,HOSP156,147,48,0.75,0,0,0,0,0,34,0
IND03729,01/05/2025,HOSP156,134,61,0.69,0,0,0,0,0,28,0
IND03730,01/06/2025,HOSP156,131,64,0.67,0,0,0,0,0,30,0
IND03731,01/07/2025,HOSP156,146,49,0.75,0,0,0,0,0,32,0
IND03732,01/08/2025,HOSP156,141,54,0.72,1,0,0,1,0,33,0
IND03733,01/09/2025,HOSP156,143,52,0.73,1,0,1,0,0,44,0
IND03734,01/10/2025,HOSP156,142,53,0.73,0,0,0,0,0,28,0
IND03735,01/11/2025,HOSP156,140,55,0.72,0,0,0,0,0,29,0
IND03736,01/12/2025,HOSP156,152,43,0.78,0,0,0,0,0,33,0
IND03737,01/01/2026,HOSP156,157,38,0.81,1,1,0,0,0,19,0
IND03738,01/02/2026,HOSP156,148,47,0.76,0,0,0,0,0,34,0
IND03739,01/03/2026,HOSP156,139,56,0.71,0,0,0,0,0,34,0
IND03740,01/04/2026,HOSP156,132,63,0.68,0,0,0,0,0,44,0
IND03741,01/05/2026,HOSP156,140,55,0.72,1,0,0,1,0,7,0
IND03742,01/06/2026,HOSP156,140,55,0.72,1,0,0,0,1,9,0
IND03743,01/07/2026,HOSP156,135,60,0.69,0,0,0,0,0,41,0
IND03744,01/08/2026,HOSP156,137,58,0.7,3,1,1,1,0,39,1
IND03745,01/09/2024,HOSP157,154,31,0.83,2,1,1,0,0,26,0
IND03746,01/10/2024,HOSP157,178,7,0.96,0,0,0,0,0,29,0
IND03747,01/11/2024,HOSP157,161,24,0.87,0,0,0,0,0,30,0
IND03748,01/12/2024,HOSP157,161,24,0.87,1,0,1,0,0,5,0
IND03749,01/01/2025,HOSP157,181,4,0.98,0,0,0,0,0,31,0
IND03750,01/02/2025,HOSP157,177,8,0.96,0,0,0,0,0,33,0
IND03751,01/03/2025,HOSP157,164,21,0.89,1,0,0,1,0,6,0
IND03752,01/04/2025,HOSP157,165,20,0.89,0,0,0,0,0,38,0
IND03753,01/05/2025,HOSP157,169,16,0.91,1,0,0,1,0,34,0
IND03754,01/06/2025,HOSP157,175,10,0.95,0,0,0,0,0,25,0
IND03755,01/07/2025,HOSP157,165,20,0.89,0,0,0,0,0,25,0
IND03756,01/08/2025,HOSP157,171,14,0.92,0,0,0,0,0,28,0
IND03757,01/09/2025,HOSP157,162,23,0.88,0,0,0,0,0,47,0
IND03758,01/10/2025,HOSP157,166,19,0.9,0,0,0,0,0,37,0
IND03759,01/11/2025,HOSP157,176,9,0.95,0,0,0,0,0,20,0
IND03760,01/12/2025,HOSP157,168,17,0.91,0,0,0,0,0,30,0
IND03761,01/01/2026,HOSP157,176,9,0.95,1,0,1,0,0,52,0
IND03762,01/02/2026,HOSP157,161,24,0.87,1,0,1,0,0,23,0
IND03763,01/03/2026,HOSP157,165,20,0.89,0,0,0,0,0,18,0
IND03764,01/04/2026,HOSP157,171,14,0.92,1,0,0,1,0,47,0
IND03765,01/05/2026,HOSP157,177,8,0.96,1,0,0,0,1,15,0
IND03766,01/06/2026,HOSP157,169,16,0.91,0,0,0,0,0,31,0
IND03767,01/07/2026,HOSP157,169,16,0.91,1,0,1,0,0,48,0
IND03768,01/08/2026,HOSP157,175,10,0.95,1,0,1,0,0,43,0
IND03769,01/09/2024,HOSP158,195,25,0.89,3,0,2,1,0,30,0
IND03770,01/10/2024,HOSP158,191,29,0.87,2,0,1,1,0,25,0
IND03771,01/11/2024,HOSP158,196,24,0.89,0,0,0,0,0,28,0
IND03772,01/12/2024,HOSP158,189,31,0.86,0,0,0,0,0,37,0
IND03773,01/01/2025,HOSP158,198,22,0.9,2,0,1,1,0,44,0
IND03774,01/02/2025,HOSP158,197,23,0.9,1,0,0,1,0,35,0
IND03775,01/03/2025,HOSP158,199,21,0.9,1,0,0,1,0,54,0
IND03776,01/04/2025,HOSP158,195,25,0.89,0,0,0,0,0,37,0
IND03777,01/05/2025,HOSP158,199,21,0.9,1,0,1,0,0,35,1
IND03778,01/06/2025,HOSP158,199,21,0.9,1,0,1,0,0,27,0
IND03779,01/07/2025,HOSP158,199,21,0.9,0,0,0,0,0,39,0
IND03780,01/08/2025,HOSP158,183,37,0.83,0,0,0,0,0,31,0
IND03781,01/09/2025,HOSP158,189,31,0.86,1,0,0,0,1,37,0
IND03782,01/10/2025,HOSP158,206,14,0.94,1,0,1,0,0,13,0
IND03783,01/11/2025,HOSP158,210,10,0.95,0,0,0,0,0,33,0
IND03784,01/12/2025,HOSP158,196,24,0.89,1,0,1,0,0,37,0
IND03785,01/01/2026,HOSP158,192,28,0.87,1,0,0,1,0,35,1
IND03786,01/02/2026,HOSP158,193,27,0.88,1,0,0,1,0,47,0
IND03787,01/03/2026,HOSP158,189,31,0.86,0,0,0,0,0,36,0
IND03788,01/04/2026,HOSP158,191,29,0.87,1,0,0,1,0,21,0
IND03789,01/05/2026,HOSP158,188,32,0.85,1,1,0,0,0,39,0
IND03790,01/06/2026,HOSP158,197,23,0.9,2,1,0,1,0,26,0
IND03791,01/07/2026,HOSP158,186,34,0.85,1,0,0,0,1,36,0
IND03792,01/08/2026,HOSP158,182,38,0.83,1,0,0,1,0,30,0
IND03793,01/09/2024,HOSP159,99,51,0.66,0,0,0,0,0,33,0
IND03794,01/10/2024,HOSP159,106,44,0.71,0,0,0,0,0,24,0
IND03795,01/11/2024,HOSP159,112,38,0.75,0,0,0,0,0,24,0
IND03796,01/12/2024,HOSP159,118,32,0.79,3,0,2,1,0,28,0
IND03797,01/01/2025,HOSP159,107,43,0.71,1,0,0,1,0,17,0
IND03798,01/02/2025,HOSP159,113,37,0.75,0,0,0,0,0,32,0
IND03799,01/03/2025,HOSP159,110,40,0.73,2,0,1,0,1,31,0
IND03800,01/04/2025,HOSP159,108,42,0.72,1,0,0,1,0,37,0
IND03801,01/05/2025,HOSP159,106,44,0.71,1,0,0,1,0,40,0
IND03802,01/06/2025,HOSP159,116,34,0.77,1,0,1,0,0,25,0
IND03803,01/07/2025,HOSP159,108,42,0.72,0,0,0,0,0,20,0
IND03804,01/08/2025,HOSP159,109,41,0.73,0,0,0,0,0,39,0
IND03805,01/09/2025,HOSP159,110,40,0.73,0,0,0,0,0,24,0
IND03806,01/10/2025,HOSP159,105,45,0.7,0,0,0,0,0,36,0
IND03807,01/11/2025,HOSP159,117,33,0.78,0,0,0,0,0,28,0
IND03808,01/12/2025,HOSP159,110,40,0.73,0,0,0,0,0,20,0
IND03809,01/01/2026,HOSP159,106,44,0.71,1,0,0,0,1,39,0
IND03810,01/02/2026,HOSP159,111,39,0.74,0,0,0,0,0,31,0
IND03811,01/03/2026,HOSP159,108,42,0.72,0,0,0,0,0,27,0
IND03812,01/04/2026,HOSP159,110,40,0.73,0,0,0,0,0,21,0
IND03813,01/05/2026,HOSP159,112,38,0.75,0,0,0,0,0,35,0
IND03814,01/06/2026,HOSP159,102,48,0.68,1,0,0,1,0,36,0
IND03815,01/07/2026,HOSP159,112,38,0.75,0,0,0,0,0,30,0
IND03816,01/08/2026,HOSP159,117,33,0.78,0,0,0,0,0,29,0
IND03817,01/09/2024,HOSP160,252,8,0.97,0,0,0,0,0,39,0
IND03818,01/10/2024,HOSP160,232,28,0.89,0,0,0,0,0,20,0
IND03819,01/11/2024,HOSP160,229,31,0.88,0,0,0,0,0,38,0
IND03820,01/12/2024,HOSP160,224,36,0.86,1,0,0,1,0,5,0
IND03821,01/01/2025,HOSP160,227,33,0.87,2,0,0,2,0,32,0
IND03822,01/02/2025,HOSP160,223,37,0.86,1,1,0,0,0,33,0
IND03823,01/03/2025,HOSP160,238,22,0.92,1,0,1,0,0,40,0
IND03824,01/04/2025,HOSP160,240,20,0.92,0,0,0,0,0,33,0
IND03825,01/05/2025,HOSP160,214,46,0.82,1,0,1,0,0,20,0
IND03826,01/06/2025,HOSP160,226,34,0.87,0,0,0,0,0,31,0
IND03827,01/07/2025,HOSP160,235,25,0.9,0,0,0,0,0,14,0
IND03828,01/08/2025,HOSP160,230,30,0.88,1,0,1,0,0,38,0
IND03829,01/09/2025,HOSP160,234,26,0.9,0,0,0,0,0,32,0
IND03830,01/10/2025,HOSP160,232,28,0.89,0,0,0,0,0,27,0
IND03831,01/11/2025,HOSP160,227,33,0.87,0,0,0,0,0,39,0
IND03832,01/12/2025,HOSP160,224,36,0.86,0,0,0,0,0,29,0
IND03833,01/01/2026,HOSP160,241,19,0.93,0,0,0,0,0,21,0
IND03834,01/02/2026,HOSP160,244,16,0.94,1,0,0,1,0,5,0
IND03835,01/03/2026,HOSP160,239,21,0.92,2,0,1,1,0,36,0
IND03836,01/04/2026,HOSP160,221,39,0.85,0,0,0,0,0,26,0
IND03837,01/05/2026,HOSP160,237,23,0.91,1,0,0,1,0,28,0
IND03838,01/06/2026,HOSP160,234,26,0.9,2,0,0,2,0,25,0
IND03839,01/07/2026,HOSP160,240,20,0.92,0,0,0,0,0,26,0
IND03840,01/08/2026,HOSP160,242,18,0.93,1,1,0,0,0,38,0
IND03841,01/09/2024,HOSP161,140,40,0.78,0,0,0,0,0,31,0
IND03842,01/10/2024,HOSP161,128,52,0.71,0,0,0,0,0,27,0
IND03843,01/11/2024,HOSP161,140,40,0.78,0,0,0,0,0,36,0
IND03844,01/12/2024,HOSP161,128,52,0.71,0,0,0,0,0,33,0
IND03845,01/01/2025,HOSP161,139,41,0.77,0,0,0,0,0,26,0
IND03846,01/02/2025,HOSP161,124,56,0.69,0,0,0,0,0,40,0
IND03847,01/03/2025,HOSP161,131,49,0.73,1,0,0,1,0,33,0
IND03848,01/04/2025,HOSP161,137,43,0.76,0,0,0,0,0,31,0
IND03849,01/05/2025,HOSP161,135,45,0.75,0,0,0,0,0,23,0
IND03850,01/06/2025,HOSP161,144,36,0.8,0,0,0,0,0,26,0
IND03851,01/07/2025,HOSP161,130,50,0.72,0,0,0,0,0,37,0
IND03852,01/08/2025,HOSP161,124,56,0.69,0,0,0,0,0,37,0
IND03853,01/09/2025,HOSP161,131,49,0.73,0,0,0,0,0,34,0
IND03854,01/10/2025,HOSP161,135,45,0.75,1,0,0,1,0,26,0
IND03855,01/11/2025,HOSP161,135,45,0.75,0,0,0,0,0,23,0
IND03856,01/12/2025,HOSP161,119,61,0.66,0,0,0,0,0,25,0
IND03857,01/01/2026,HOSP161,136,44,0.76,1,0,0,1,0,19,0
IND03858,01/02/2026,HOSP161,139,41,0.77,0,0,0,0,0,26,0
IND03859,01/03/2026,HOSP161,143,37,0.79,0,0,0,0,0,38,0
IND03860,01/04/2026,HOSP161,146,34,0.81,0,0,0,0,0,29,0
IND03861,01/05/2026,HOSP161,122,58,0.68,0,0,0,0,0,33,0
IND03862,01/06/2026,HOSP161,127,53,0.71,0,0,0,0,0,20,0
IND03863,01/07/2026,HOSP161,141,39,0.78,0,0,0,0,0,15,0
IND03864,01/08/2026,HOSP161,129,51,0.72,0,0,0,0,0,28,0
IND03865,01/09/2024,HOSP162,168,32,0.84,0,0,0,0,0,32,0
IND03866,01/10/2024,HOSP162,170,30,0.85,0,0,0,0,0,30,0
IND03867,01/11/2024,HOSP162,177,23,0.89,1,0,0,1,0,51,0
IND03868,01/12/2024,HOSP162,181,19,0.91,0,0,0,0,0,31,0
IND03869,01/01/2025,HOSP162,176,24,0.88,2,0,1,1,0,40,0
IND03870,01/02/2025,HOSP162,164,36,0.82,0,0,0,0,0,28,0
IND03871,01/03/2025,HOSP162,167,33,0.83,0,0,0,0,0,30,0
IND03872,01/04/2025,HOSP162,172,28,0.86,0,0,0,0,0,32,0
IND03873,01/05/2025,HOSP162,178,22,0.89,1,0,1,0,0,12,1
IND03874,01/06/2025,HOSP162,173,27,0.86,0,0,0,0,0,27,0
IND03875,01/07/2025,HOSP162,178,22,0.89,1,0,0,1,0,26,0
IND03876,01/08/2025,HOSP162,169,31,0.84,0,0,0,0,0,21,0
IND03877,01/09/2025,HOSP162,181,19,0.91,0,0,0,0,0,27,0
IND03878,01/10/2025,HOSP162,176,24,0.88,0,0,0,0,0,36,0
IND03879,01/11/2025,HOSP162,165,35,0.82,1,0,0,1,0,29,0
IND03880,01/12/2025,HOSP162,157,43,0.79,0,0,0,0,0,15,0
IND03881,01/01/2026,HOSP162,170,30,0.85,0,0,0,0,0,25,0
IND03882,01/02/2026,HOSP162,171,29,0.85,0,0,0,0,0,29,0
IND03883,01/03/2026,HOSP162,173,27,0.86,0,0,0,0,0,20,0
IND03884,01/04/2026,HOSP162,163,37,0.81,2,0,0,1,1,40,1
IND03885,01/05/2026,HOSP162,163,37,0.81,1,0,1,0,0,41,0
IND03886,01/06/2026,HOSP162,166,34,0.83,0,0,0,0,0,38,0
IND03887,01/07/2026,HOSP162,160,40,0.8,0,0,0,0,0,28,0
IND03888,01/08/2026,HOSP162,177,23,0.89,0,0,0,0,0,31,0
IND03889,01/09/2024,HOSP163,159,71,0.69,0,0,0,0,0,24,0
IND03890,01/10/2024,HOSP163,166,64,0.72,2,0,1,1,0,22,0
IND03891,01/11/2024,HOSP163,177,53,0.77,4,0,3,1,0,28,0
IND03892,01/12/2024,HOSP163,174,56,0.76,4,0,2,1,1,23,1
IND03893,01/01/2025,HOSP163,164,66,0.71,2,0,1,1,0,27,0
IND03894,01/02/2025,HOSP163,169,61,0.73,1,0,1,0,0,16,0
IND03895,01/03/2025,HOSP163,166,64,0.72,3,1,1,1,0,27,0
IND03896,01/04/2025,HOSP163,169,61,0.73,3,0,3,0,0,31,2
IND03897,01/05/2025,HOSP163,173,57,0.75,1,1,0,0,0,23,0
IND03898,01/06/2025,HOSP163,166,64,0.72,0,0,0,0,0,25,0
IND03899,01/07/2025,HOSP163,190,40,0.83,9,1,1,6,1,21,1
IND03900,01/08/2025,HOSP163,188,42,0.82,1,0,0,0,1,24,0
IND03901,01/09/2025,HOSP163,169,61,0.73,2,0,0,1,1,40,0
IND03902,01/10/2025,HOSP163,174,56,0.76,2,0,0,1,1,27,0
IND03903,01/11/2025,HOSP163,173,57,0.75,1,0,1,0,0,55,0
IND03904,01/12/2025,HOSP163,160,70,0.7,2,0,1,0,1,34,0
IND03905,01/01/2026,HOSP163,166,64,0.72,3,0,1,2,0,37,0
IND03906,01/02/2026,HOSP163,163,67,0.71,2,0,0,2,0,30,0
IND03907,01/03/2026,HOSP163,177,53,0.77,3,0,0,2,1,34,0
IND03908,01/04/2026,HOSP163,166,64,0.72,2,0,1,1,0,28,0
IND03909,01/05/2026,HOSP163,171,59,0.74,0,0,0,0,0,28,0
IND03910,01/06/2026,HOSP163,174,56,0.76,2,0,0,1,1,40,0
IND03911,01/07/2026,HOSP163,177,53,0.77,3,0,1,2,0,35,1
IND03912,01/08/2026,HOSP163,160,70,0.7,4,1,1,2,0,33,0
IND03913,01/09/2024,HOSP164,122,43,0.74,0,0,0,0,0,26,0
IND03914,01/10/2024,HOSP164,126,39,0.76,0,0,0,0,0,26,0
IND03915,01/11/2024,HOSP164,126,39,0.76,0,0,0,0,0,23,0
IND03916,01/12/2024,HOSP164,118,47,0.72,2,1,0,1,0,36,0
IND03917,01/01/2025,HOSP164,122,43,0.74,0,0,0,0,0,32,0
IND03918,01/02/2025,HOSP164,130,35,0.79,0,0,0,0,0,20,0
IND03919,01/03/2025,HOSP164,129,36,0.78,1,1,0,0,0,19,0
IND03920,01/04/2025,HOSP164,132,33,0.8,1,0,0,0,1,42,0
IND03921,01/05/2025,HOSP164,112,53,0.68,0,0,0,0,0,36,0
IND03922,01/06/2025,HOSP164,132,33,0.8,0,0,0,0,0,31,0
IND03923,01/07/2025,HOSP164,129,36,0.78,1,0,0,0,1,19,0
IND03924,01/08/2025,HOSP164,131,34,0.79,0,0,0,0,0,28,0
IND03925,01/09/2025,HOSP164,115,50,0.7,0,0,0,0,0,32,0
IND03926,01/10/2025,HOSP164,122,43,0.74,0,0,0,0,0,21,0
IND03927,01/11/2025,HOSP164,130,35,0.79,1,0,0,1,0,28,0
IND03928,01/12/2025,HOSP164,127,38,0.77,1,0,0,1,0,41,0
IND03929,01/01/2026,HOSP164,121,44,0.73,2,1,1,0,0,38,0
IND03930,01/02/2026,HOSP164,126,39,0.76,0,0,0,0,0,28,0
IND03931,01/03/2026,HOSP164,117,48,0.71,0,0,0,0,0,22,0
IND03932,01/04/2026,HOSP164,119,46,0.72,0,0,0,0,0,28,0
IND03933,01/05/2026,HOSP164,125,40,0.76,0,0,0,0,0,25,0
IND03934,01/06/2026,HOSP164,119,46,0.72,0,0,0,0,0,22,0
IND03935,01/07/2026,HOSP164,118,47,0.72,0,0,0,0,0,23,0
IND03936,01/08/2026,HOSP164,126,39,0.76,3,1,2,0,0,27,0
IND03937,01/09/2024,HOSP165,167,83,0.67,0,0,0,0,0,31,0
IND03938,01/10/2024,HOSP165,174,76,0.7,0,0,0,0,0,24,0
IND03939,01/11/2024,HOSP165,178,72,0.71,0,0,0,0,0,22,0
IND03940,01/12/2024,HOSP165,183,67,0.73,2,0,0,1,1,28,0
IND03941,01/01/2025,HOSP165,172,78,0.69,2,0,2,0,0,40,0
IND03942,01/02/2025,HOSP165,167,83,0.67,0,0,0,0,0,29,0
IND03943,01/03/2025,HOSP165,180,70,0.72,1,0,0,1,0,30,0
IND03944,01/04/2025,HOSP165,174,76,0.7,3,0,1,2,0,25,0
IND03945,01/05/2025,HOSP165,184,66,0.74,2,0,0,1,1,28,0
IND03946,01/06/2025,HOSP165,182,68,0.73,0,0,0,0,0,31,0
IND03947,01/07/2025,HOSP165,169,81,0.68,2,1,1,0,0,43,0
IND03948,01/08/2025,HOSP165,168,82,0.67,0,0,0,0,0,28,0
IND03949,01/09/2025,HOSP165,175,75,0.7,1,1,0,0,0,13,0
IND03950,01/10/2025,HOSP165,176,74,0.7,0,0,0,0,0,21,0
IND03951,01/11/2025,HOSP165,174,76,0.7,0,0,0,0,0,35,0
IND03952,01/12/2025,HOSP165,174,76,0.7,1,0,0,1,0,53,0
IND03953,01/01/2026,HOSP165,154,96,0.62,0,0,0,0,0,28,0
IND03954,01/02/2026,HOSP165,162,88,0.65,0,0,0,0,0,37,0
IND03955,01/03/2026,HOSP165,171,79,0.68,2,0,1,1,0,26,0
IND03956,01/04/2026,HOSP165,174,76,0.7,3,0,1,0,2,21,0
IND03957,01/05/2026,HOSP165,182,68,0.73,3,0,1,2,0,25,1
IND03958,01/06/2026,HOSP165,181,69,0.72,2,0,0,1,1,15,0
IND03959,01/07/2026,HOSP165,186,64,0.74,0,0,0,0,0,28,0
IND03960,01/08/2026,HOSP165,174,76,0.7,1,0,0,1,0,22,0
IND03961,01/09/2024,HOSP166,139,51,0.73,0,0,0,0,0,34,0
IND03962,01/10/2024,HOSP166,147,43,0.77,1,0,0,0,1,15,0
IND03963,01/11/2024,HOSP166,141,49,0.74,2,0,2,0,0,44,0
IND03964,01/12/2024,HOSP166,151,39,0.79,0,0,0,0,0,19,0
IND03965,01/01/2025,HOSP166,153,37,0.81,3,0,2,1,0,40,0
IND03966,01/02/2025,HOSP166,137,53,0.72,2,1,0,0,1,34,1
IND03967,01/03/2025,HOSP166,144,46,0.76,2,0,0,1,1,22,1
IND03968,01/04/2025,HOSP166,148,42,0.78,1,0,1,0,0,44,0
IND03969,01/05/2025,HOSP166,130,60,0.68,5,0,2,3,0,38,0
IND03970,01/06/2025,HOSP166,147,43,0.77,2,0,0,2,0,21,1
IND03971,01/07/2025,HOSP166,137,53,0.72,2,0,0,2,0,38,0
IND03972,01/08/2025,HOSP166,144,46,0.76,1,0,0,0,1,12,0
IND03973,01/09/2025,HOSP166,152,38,0.8,1,0,0,0,1,35,0
IND03974,01/10/2025,HOSP166,155,35,0.82,2,1,0,1,0,30,1
IND03975,01/11/2025,HOSP166,153,37,0.81,0,0,0,0,0,27,0
IND03976,01/12/2025,HOSP166,128,62,0.67,5,1,2,1,1,32,0
IND03977,01/01/2026,HOSP166,157,33,0.83,3,0,1,1,1,26,1
IND03978,01/02/2026,HOSP166,144,46,0.76,1,0,1,0,0,16,1
IND03979,01/03/2026,HOSP166,144,46,0.76,0,0,0,0,0,26,0
IND03980,01/04/2026,HOSP166,142,48,0.75,1,0,0,1,0,32,0
IND03981,01/05/2026,HOSP166,141,49,0.74,1,0,0,1,0,26,0
IND03982,01/06/2026,HOSP166,138,52,0.73,2,1,1,0,0,27,0
IND03983,01/07/2026,HOSP166,134,56,0.71,2,0,1,1,0,33,0
IND03984,01/08/2026,HOSP166,148,42,0.78,1,0,1,0,0,44,0
IND03985,01/09/2024,HOSP167,128,47,0.73,1,0,1,0,0,25,0
IND03986,01/10/2024,HOSP167,135,40,0.77,0,0,0,0,0,39,0
IND03987,01/11/2024,HOSP167,135,40,0.77,1,0,0,1,0,39,0
IND03988,01/12/2024,HOSP167,140,35,0.8,1,0,1,0,0,21,0
IND03989,01/01/2025,HOSP167,133,42,0.76,0,0,0,0,0,25,0
IND03990,01/02/2025,HOSP167,143,32,0.82,0,0,0,0,0,21,0
IND03991,01/03/2025,HOSP167,136,39,0.78,3,0,1,2,0,26,0
IND03992,01/04/2025,HOSP167,144,31,0.82,1,0,0,0,1,20,0
IND03993,01/05/2025,HOSP167,131,44,0.75,1,0,0,1,0,47,0
IND03994,01/06/2025,HOSP167,136,39,0.78,0,0,0,0,0,26,0
IND03995,01/07/2025,HOSP167,132,43,0.75,0,0,0,0,0,24,0
IND03996,01/08/2025,HOSP167,134,41,0.77,2,0,0,1,1,40,0
IND03997,01/09/2025,HOSP167,149,26,0.85,0,0,0,0,0,29,0
IND03998,01/10/2025,HOSP167,139,36,0.79,2,0,1,1,0,27,0
IND03999,01/11/2025,HOSP167,136,39,0.78,1,0,1,0,0,34,0
IND04000,01/12/2025,HOSP167,120,55,0.69,1,0,1,0,0,25,0
IND04001,01/01/2026,HOSP167,128,47,0.73,0,0,0,0,0,23,0
IND04002,01/02/2026,HOSP167,128,47,0.73,4,0,2,2,0,36,0
IND04003,01/03/2026,HOSP167,139,36,0.79,4,0,2,2,0,17,1
IND04004,01/04/2026,HOSP167,142,33,0.81,1,0,1,0,0,17,0
IND04005,01/05/2026,HOSP167,144,31,0.82,0,0,0,0,0,23,0
IND04006,01/06/2026,HOSP167,140,35,0.8,1,0,0,1,0,13,0
IND04007,01/07/2026,HOSP167,137,38,0.78,3,0,1,2,0,25,0
IND04008,01/08/2026,HOSP167,138,37,0.79,0,0,0,0,0,33,0
IND04009,01/09/2024,HOSP168,131,79,0.62,0,0,0,0,0,16,0
IND04010,01/10/2024,HOSP168,142,68,0.68,0,0,0,0,0,33,0
IND04011,01/11/2024,HOSP168,145,65,0.69,0,0,0,0,0,34,0
IND04012,01/12/2024,HOSP168,136,74,0.65,1,0,0,1,0,23,0
IND04013,01/01/2025,HOSP168,150,60,0.71,0,0,0,0,0,34,0
IND04014,01/02/2025,HOSP168,150,60,0.71,1,0,0,0,1,33,0
IND04015,01/03/2025,HOSP168,140,70,0.67,0,0,0,0,0,19,0
IND04016,01/04/2025,HOSP168,145,65,0.69,0,0,0,0,0,20,0
IND04017,01/05/2025,HOSP168,142,68,0.68,0,0,0,0,0,28,0
IND04018,01/06/2025,HOSP168,137,73,0.65,0,0,0,0,0,29,0
IND04019,01/07/2025,HOSP168,159,51,0.76,0,0,0,0,0,20,0
IND04020,01/08/2025,HOSP168,144,66,0.69,0,0,0,0,0,35,0
IND04021,01/09/2025,HOSP168,160,50,0.76,0,0,0,0,0,39,0
IND04022,01/10/2025,HOSP168,151,59,0.72,0,0,0,0,0,25,0
IND04023,01/11/2025,HOSP168,144,66,0.69,0,0,0,0,0,27,0
IND04024,01/12/2025,HOSP168,144,66,0.69,0,0,0,0,0,39,0
IND04025,01/01/2026,HOSP168,136,74,0.65,0,0,0,0,0,31,0
IND04026,01/02/2026,HOSP168,145,65,0.69,1,0,0,0,1,19,0
IND04027,01/03/2026,HOSP168,138,72,0.66,1,0,0,1,0,31,0
IND04028,01/04/2026,HOSP168,141,69,0.67,1,0,0,1,0,32,1
IND04029,01/05/2026,HOSP168,134,76,0.64,0,0,0,0,0,31,0
IND04030,01/06/2026,HOSP168,138,72,0.66,0,0,0,0,0,30,0
IND04031,01/07/2026,HOSP168,148,62,0.7,0,0,0,0,0,17,0
IND04032,01/08/2026,HOSP168,138,72,0.66,1,0,0,1,0,26,0
IND04033,01/09/2024,HOSP169,104,51,0.67,0,0,0,0,0,23,0
IND04034,01/10/2024,HOSP169,109,46,0.7,1,0,0,1,0,21,0
IND04035,01/11/2024,HOSP169,116,39,0.75,0,0,0,0,0,37,0
IND04036,01/12/2024,HOSP169,112,43,0.72,2,0,1,0,1,24,0
IND04037,01/01/2025,HOSP169,113,42,0.73,3,0,2,1,0,29,0
IND04038,01/02/2025,HOSP169,111,44,0.72,0,0,0,0,0,22,0
IND04039,01/03/2025,HOSP169,100,55,0.65,1,0,0,1,0,33,0
IND04040,01/04/2025,HOSP169,120,35,0.77,0,0,0,0,0,35,0
IND04041,01/05/2025,HOSP169,106,49,0.68,0,0,0,0,0,33,0
IND04042,01/06/2025,HOSP169,112,43,0.72,2,1,0,1,0,40,1
IND04043,01/07/2025,HOSP169,103,52,0.66,0,0,0,0,0,24,0
IND04044,01/08/2025,HOSP169,106,49,0.68,1,0,0,1,0,17,0
IND04045,01/09/2025,HOSP169,109,46,0.7,1,0,0,0,1,37,1
IND04046,01/10/2025,HOSP169,104,51,0.67,1,0,0,0,1,47,0
IND04047,01/11/2025,HOSP169,110,45,0.71,2,0,1,1,0,24,0
IND04048,01/12/2025,HOSP169,108,47,0.7,0,0,0,0,0,33,0
IND04049,01/01/2026,HOSP169,118,37,0.76,0,0,0,0,0,32,0
IND04050,01/02/2026,HOSP169,111,44,0.72,0,0,0,0,0,40,0
IND04051,01/03/2026,HOSP169,103,52,0.66,1,0,0,1,0,5,0
IND04052,01/04/2026,HOSP169,108,47,0.7,1,0,0,1,0,36,0
IND04053,01/05/2026,HOSP169,111,44,0.72,0,0,0,0,0,30,0
IND04054,01/06/2026,HOSP169,106,49,0.68,1,0,1,0,0,47,0
IND04055,01/07/2026,HOSP169,117,38,0.75,1,0,0,1,0,38,0
IND04056,01/08/2026,HOSP169,106,49,0.68,0,0,0,0,0,30,0
IND04057,01/09/2024,HOSP170,160,85,0.65,0,0,0,0,0,22,0
IND04058,01/10/2024,HOSP170,158,87,0.64,0,0,0,0,0,40,0
IND04059,01/11/2024,HOSP170,172,73,0.7,0,0,0,0,0,16,0
IND04060,01/12/2024,HOSP170,174,71,0.71,0,0,0,0,0,30,0
IND04061,01/01/2025,HOSP170,176,69,0.72,1,0,0,1,0,40,0
IND04062,01/02/2025,HOSP170,154,91,0.63,0,0,0,0,0,31,0
IND04063,01/03/2025,HOSP170,168,77,0.69,0,0,0,0,0,31,0
IND04064,01/04/2025,HOSP170,168,77,0.69,0,0,0,0,0,32,0
IND04065,01/05/2025,HOSP170,172,73,0.7,1,0,1,0,0,48,0
IND04066,01/06/2025,HOSP170,166,79,0.68,1,0,1,0,0,28,1
IND04067,01/07/2025,HOSP170,175,70,0.71,1,0,0,1,0,24,0
IND04068,01/08/2025,HOSP170,165,80,0.67,0,0,0,0,0,28,0
IND04069,01/09/2025,HOSP170,179,66,0.73,1,0,1,0,0,30,0
IND04070,01/10/2025,HOSP170,162,83,0.66,0,0,0,0,0,38,0
IND04071,01/11/2025,HOSP170,167,78,0.68,0,0,0,0,0,36,0
IND04072,01/12/2025,HOSP170,164,81,0.67,0,0,0,0,0,35,0
IND04073,01/01/2026,HOSP170,169,76,0.69,1,0,1,0,0,23,1
IND04074,01/02/2026,HOSP170,159,86,0.65,0,0,0,0,0,43,0
IND04075,01/03/2026,HOSP170,173,72,0.71,0,0,0,0,0,25,0
IND04076,01/04/2026,HOSP170,166,79,0.68,0,0,0,0,0,28,0
IND04077,01/05/2026,HOSP170,173,72,0.71,0,0,0,0,0,30,0
IND04078,01/06/2026,HOSP170,154,91,0.63,0,0,0,0,0,21,0
IND04079,01/07/2026,HOSP170,166,79,0.68,0,0,0,0,0,36,0
IND04080,01/08/2026,HOSP170,161,84,0.66,0,0,0,0,0,26,0
IND04081,01/09/2024,HOSP171,182,18,0.91,4,0,0,4,0,32,0
IND04082,01/10/2024,HOSP171,187,13,0.94,0,0,0,0,0,30,0
IND04083,01/11/2024,HOSP171,176,24,0.88,5,0,0,4,1,32,0
IND04084,01/12/2024,HOSP171,183,17,0.92,3,0,1,2,0,24,0
IND04085,01/01/2025,HOSP171,181,19,0.91,8,2,3,3,0,33,0
IND04086,01/02/2025,HOSP171,184,16,0.92,0,0,0,0,0,31,0
IND04087,01/03/2025,HOSP171,189,11,0.94,8,3,3,2,0,35,0
IND04088,01/04/2025,HOSP171,176,24,0.88,3,0,0,3,0,29,0
IND04089,01/05/2025,HOSP171,180,20,0.9,4,1,1,2,0,28,0
IND04090,01/06/2025,HOSP171,172,28,0.86,2,0,2,0,0,28,2
IND04091,01/07/2025,HOSP171,186,14,0.93,9,1,4,3,1,28,0
IND04092,01/08/2025,HOSP171,190,10,0.95,2,0,0,2,0,26,0
IND04093,01/09/2025,HOSP171,172,28,0.86,4,0,2,2,0,31,0
IND04094,01/10/2025,HOSP171,187,13,0.94,4,1,1,2,0,28,0
IND04095,01/11/2025,HOSP171,173,27,0.86,1,0,0,1,0,23,0
IND04096,01/12/2025,HOSP171,185,15,0.93,3,0,0,2,1,39,0
IND04097,01/01/2026,HOSP171,172,28,0.86,2,0,1,1,0,14,0
IND04098,01/02/2026,HOSP171,184,16,0.92,3,0,2,1,0,32,0
IND04099,01/03/2026,HOSP171,172,28,0.86,1,0,0,1,0,13,0
IND04100,01/04/2026,HOSP171,165,35,0.82,4,0,2,1,1,18,0
IND04101,01/05/2026,HOSP171,177,23,0.89,5,0,3,2,0,33,0
IND04102,01/06/2026,HOSP171,178,22,0.89,4,2,0,2,0,26,0
IND04103,01/07/2026,HOSP171,184,16,0.92,3,0,1,1,1,38,0
IND04104,01/08/2026,HOSP171,180,20,0.9,1,0,1,0,0,22,0
IND04105,01/09/2024,HOSP172,146,39,0.79,0,0,0,0,0,29,0
IND04106,01/10/2024,HOSP172,153,32,0.83,0,0,0,0,0,23,0
IND04107,01/11/2024,HOSP172,140,45,0.76,0,0,0,0,0,31,0
IND04108,01/12/2024,HOSP172,147,38,0.79,0,0,0,0,0,22,0
IND04109,01/01/2025,HOSP172,136,49,0.74,1,0,1,0,0,30,0
IND04110,01/02/2025,HOSP172,139,46,0.75,0,0,0,0,0,29,0
IND04111,01/03/2025,HOSP172,156,29,0.84,1,0,0,0,1,23,0
IND04112,01/04/2025,HOSP172,147,38,0.79,0,0,0,0,0,26,0
IND04113,01/05/2025,HOSP172,142,43,0.77,1,0,0,1,0,24,0
IND04114,01/06/2025,HOSP172,132,53,0.71,0,0,0,0,0,32,0
IND04115,01/07/2025,HOSP172,136,49,0.74,1,0,0,1,0,21,0
IND04116,01/08/2025,HOSP172,136,49,0.74,0,0,0,0,0,32,0
IND04117,01/09/2025,HOSP172,139,46,0.75,0,0,0,0,0,27,0
IND04118,01/10/2025,HOSP172,143,42,0.77,0,0,0,0,0,33,0
IND04119,01/11/2025,HOSP172,143,42,0.77,0,0,0,0,0,33,0
IND04120,01/12/2025,HOSP172,149,36,0.81,0,0,0,0,0,33,0
IND04121,01/01/2026,HOSP172,154,31,0.83,0,0,0,0,0,20,0
IND04122,01/02/2026,HOSP172,140,45,0.76,0,0,0,0,0,14,0
IND04123,01/03/2026,HOSP172,140,45,0.76,0,0,0,0,0,28,0
IND04124,01/04/2026,HOSP172,144,41,0.78,1,0,0,0,1,44,1
IND04125,01/05/2026,HOSP172,145,40,0.78,1,0,0,1,0,14,0
IND04126,01/06/2026,HOSP172,142,43,0.77,0,0,0,0,0,16,0
IND04127,01/07/2026,HOSP172,151,34,0.82,0,0,0,0,0,31,0
IND04128,01/08/2026,HOSP172,151,34,0.82,0,0,0,0,0,20,0
IND04129,01/09/2024,HOSP173,215,10,0.96,0,0,0,0,0,31,0
IND04130,01/10/2024,HOSP173,201,24,0.89,0,0,0,0,0,22,0
IND04131,01/11/2024,HOSP173,203,22,0.9,0,0,0,0,0,17,0
IND04132,01/12/2024,HOSP173,193,32,0.86,0,0,0,0,0,17,0
IND04133,01/01/2025,HOSP173,211,14,0.94,1,0,0,1,0,15,1
IND04134,01/02/2025,HOSP173,206,19,0.92,1,0,0,0,1,18,1
IND04135,01/03/2025,HOSP173,205,20,0.91,0,0,0,0,0,30,0
IND04136,01/04/2025,HOSP173,198,27,0.88,1,0,0,1,0,28,0
IND04137,01/05/2025,HOSP173,200,25,0.89,1,0,1,0,0,52,0
IND04138,01/06/2025,HOSP173,190,35,0.84,1,0,0,1,0,14,1
IND04139,01/07/2025,HOSP173,198,27,0.88,0,0,0,0,0,17,0
IND04140,01/08/2025,HOSP173,200,25,0.89,0,0,0,0,0,32,0
IND04141,01/09/2025,HOSP173,207,18,0.92,0,0,0,0,0,30,0
IND04142,01/10/2025,HOSP173,183,42,0.81,0,0,0,0,0,37,0
IND04143,01/11/2025,HOSP173,194,31,0.86,0,0,0,0,0,37,0
IND04144,01/12/2025,HOSP173,197,28,0.88,0,0,0,0,0,37,0
IND04145,01/01/2026,HOSP173,200,25,0.89,0,0,0,0,0,22,0
IND04146,01/02/2026,HOSP173,206,19,0.92,0,0,0,0,0,26,0
IND04147,01/03/2026,HOSP173,195,30,0.87,0,0,0,0,0,33,0
IND04148,01/04/2026,HOSP173,210,15,0.93,0,0,0,0,0,26,0
IND04149,01/05/2026,HOSP173,208,17,0.92,0,0,0,0,0,30,0
IND04150,01/06/2026,HOSP173,213,12,0.95,2,0,0,2,0,38,0
IND04151,01/07/2026,HOSP173,201,24,0.89,0,0,0,0,0,21,0
IND04152,01/08/2026,HOSP173,212,13,0.94,1,0,0,1,0,18,0
IND04153,01/09/2024,HOSP174,144,26,0.85,1,0,0,1,0,34,1
IND04154,01/10/2024,HOSP174,138,32,0.81,0,0,0,0,0,32,0
IND04155,01/11/2024,HOSP174,133,37,0.78,0,0,0,0,0,29,0
IND04156,01/12/2024,HOSP174,137,33,0.81,0,0,0,0,0,22,0
IND04157,01/01/2025,HOSP174,126,44,0.74,0,0,0,0,0,37,0
IND04158,01/02/2025,HOSP174,129,41,0.76,0,0,0,0,0,22,0
IND04159,01/03/2025,HOSP174,137,33,0.81,0,0,0,0,0,32,0
IND04160,01/04/2025,HOSP174,133,37,0.78,0,0,0,0,0,36,0
IND04161,01/05/2025,HOSP174,147,23,0.86,1,0,0,0,1,22,0
IND04162,01/06/2025,HOSP174,131,39,0.77,2,0,0,2,0,44,0
IND04163,01/07/2025,HOSP174,140,30,0.82,0,0,0,0,0,29,0
IND04164,01/08/2025,HOSP174,134,36,0.79,1,0,0,1,0,18,0
IND04165,01/09/2025,HOSP174,139,31,0.82,1,0,1,0,0,35,0
IND04166,01/10/2025,HOSP174,143,27,0.84,0,0,0,0,0,28,0
IND04167,01/11/2025,HOSP174,142,28,0.84,0,0,0,0,0,35,0
IND04168,01/12/2025,HOSP174,133,37,0.78,2,0,2,0,0,37,0
IND04169,01/01/2026,HOSP174,134,36,0.79,0,0,0,0,0,37,0
IND04170,01/02/2026,HOSP174,145,25,0.85,0,0,0,0,0,28,0
IND04171,01/03/2026,HOSP174,130,40,0.76,2,0,1,1,0,47,0
IND04172,01/04/2026,HOSP174,141,29,0.83,1,0,1,0,0,36,0
IND04173,01/05/2026,HOSP174,134,36,0.79,2,0,0,1,1,28,0
IND04174,01/06/2026,HOSP174,144,26,0.85,1,0,0,1,0,5,0
IND04175,01/07/2026,HOSP174,131,39,0.77,2,0,0,2,0,22,0
IND04176,01/08/2026,HOSP174,134,36,0.79,1,0,0,0,1,51,0
IND04177,01/09/2024,HOSP175,215,40,0.84,3,0,1,1,1,34,0
IND04178,01/10/2024,HOSP175,203,52,0.8,0,0,0,0,0,25,0
IND04179,01/11/2024,HOSP175,212,43,0.83,0,0,0,0,0,22,0
IND04180,01/12/2024,HOSP175,217,38,0.85,1,0,1,0,0,40,0
IND04181,01/01/2025,HOSP175,211,44,0.83,2,1,0,0,1,16,0
IND04182,01/02/2025,HOSP175,209,46,0.82,1,1,0,0,0,18,0
IND04183,01/03/2025,HOSP175,194,61,0.76,1,0,1,0,0,30,0
IND04184,01/04/2025,HOSP175,223,32,0.87,0,0,0,0,0,25,0
IND04185,01/05/2025,HOSP175,200,55,0.78,1,0,1,0,0,31,0
IND04186,01/06/2025,HOSP175,208,47,0.82,0,0,0,0,0,38,0
IND04187,01/07/2025,HOSP175,203,52,0.8,0,0,0,0,0,18,0
IND04188,01/08/2025,HOSP175,197,58,0.77,0,0,0,0,0,25,0
IND04189,01/09/2025,HOSP175,201,54,0.79,1,0,0,0,1,39,0
IND04190,01/10/2025,HOSP175,219,36,0.86,1,0,0,1,0,36,0
IND04191,01/11/2025,HOSP175,206,49,0.81,1,0,0,1,0,26,0
IND04192,01/12/2025,HOSP175,229,26,0.9,1,0,0,0,1,31,0
IND04193,01/01/2026,HOSP175,210,45,0.82,0,0,0,0,0,20,0
IND04194,01/02/2026,HOSP175,210,45,0.82,0,0,0,0,0,23,0
IND04195,01/03/2026,HOSP175,214,41,0.84,0,0,0,0,0,29,0
IND04196,01/04/2026,HOSP175,192,63,0.75,1,0,0,1,0,27,0
IND04197,01/05/2026,HOSP175,192,63,0.75,0,0,0,0,0,28,0
IND04198,01/06/2026,HOSP175,200,55,0.78,1,0,0,0,1,35,0
IND04199,01/07/2026,HOSP175,209,46,0.82,0,0,0,0,0,26,0
IND04200,01/08/2026,HOSP175,213,42,0.84,1,0,1,0,0,48,0
IND04201,01/09/2024,HOSP176,149,46,0.76,0,0,0,0,0,29,0
IND04202,01/10/2024,HOSP176,140,55,0.72,1,0,0,0,1,62,0
IND04203,01/11/2024,HOSP176,138,57,0.71,0,0,0,0,0,30,0
IND04204,01/12/2024,HOSP176,145,50,0.74,0,0,0,0,0,19,0
IND04205,01/01/2025,HOSP176,149,46,0.76,3,0,1,2,0,25,0
IND04206,01/02/2025,HOSP176,146,49,0.75,1,0,0,1,0,27,0
IND04207,01/03/2025,HOSP176,149,46,0.76,1,0,0,1,0,58,0
IND04208,01/04/2025,HOSP176,153,42,0.78,1,0,1,0,0,19,0
IND04209,01/05/2025,HOSP176,154,41,0.79,2,0,1,1,0,24,0
IND04210,01/06/2025,HOSP176,140,55,0.72,0,0,0,0,0,30,0
IND04211,01/07/2025,HOSP176,158,37,0.81,1,1,0,0,0,32,0
IND04212,01/08/2025,HOSP176,142,53,0.73,0,0,0,0,0,24,0
IND04213,01/09/2025,HOSP176,155,40,0.79,0,0,0,0,0,25,0
IND04214,01/10/2025,HOSP176,154,41,0.79,0,0,0,0,0,25,0
IND04215,01/11/2025,HOSP176,156,39,0.8,0,0,0,0,0,21,0
IND04216,01/12/2025,HOSP176,153,42,0.78,0,0,0,0,0,18,0
IND04217,01/01/2026,HOSP176,148,47,0.76,1,0,1,0,0,5,0
IND04218,01/02/2026,HOSP176,142,53,0.73,0,0,0,0,0,28,0
IND04219,01/03/2026,HOSP176,152,43,0.78,0,0,0,0,0,31,0
IND04220,01/04/2026,HOSP176,152,43,0.78,0,0,0,0,0,26,0
IND04221,01/05/2026,HOSP176,143,52,0.73,0,0,0,0,0,21,0
IND04222,01/06/2026,HOSP176,147,48,0.75,0,0,0,0,0,31,0
IND04223,01/07/2026,HOSP176,148,47,0.76,0,0,0,0,0,36,0
IND04224,01/08/2026,HOSP176,158,37,0.81,1,0,1,0,0,52,0
IND04225,01/09/2024,HOSP177,152,28,0.84,0,0,0,0,0,28,0
IND04226,01/10/2024,HOSP177,162,18,0.9,0,0,0,0,0,39,0
IND04227,01/11/2024,HOSP177,167,13,0.93,0,0,0,0,0,27,0
IND04228,01/12/2024,HOSP177,157,23,0.87,1,0,1,0,0,12,0
IND04229,01/01/2025,HOSP177,163,17,0.91,1,0,0,1,0,7,0
IND04230,01/02/2025,HOSP177,157,23,0.87,0,0,0,0,0,30,0
IND04231,01/03/2025,HOSP177,158,22,0.88,1,0,1,0,0,41,1
IND04232,01/04/2025,HOSP177,151,29,0.84,1,0,1,0,0,33,0
IND04233,01/05/2025,HOSP177,159,21,0.88,1,0,1,0,0,54,0
IND04234,01/06/2025,HOSP177,142,38,0.79,4,1,0,1,2,23,0
IND04235,01/07/2025,HOSP177,167,13,0.93,0,0,0,0,0,28,0
IND04236,01/08/2025,HOSP177,148,32,0.82,2,0,2,0,0,25,0
IND04237,01/09/2025,HOSP177,153,27,0.85,0,0,0,0,0,33,0
IND04238,01/10/2025,HOSP177,153,27,0.85,0,0,0,0,0,32,0
IND04239,01/11/2025,HOSP177,142,38,0.79,3,0,3,0,0,24,0
IND04240,01/12/2025,HOSP177,156,24,0.87,0,0,0,0,0,34,0
IND04241,01/01/2026,HOSP177,148,32,0.82,0,0,0,0,0,30,0
IND04242,01/02/2026,HOSP177,163,17,0.91,0,0,0,0,0,34,0
IND04243,01/03/2026,HOSP177,148,32,0.82,3,0,1,2,0,29,0
IND04244,01/04/2026,HOSP177,165,15,0.92,1,0,1,0,0,32,0
IND04245,01/05/2026,HOSP177,149,31,0.83,1,0,0,1,0,33,0
IND04246,01/06/2026,HOSP177,168,12,0.93,2,0,0,2,0,44,1
IND04247,01/07/2026,HOSP177,155,25,0.86,0,0,0,0,0,34,0
IND04248,01/08/2026,HOSP177,164,16,0.91,1,0,1,0,0,34,0
IND04249,01/09/2024,HOSP178,153,62,0.71,0,0,0,0,0,28,0
IND04250,01/10/2024,HOSP178,159,56,0.74,0,0,0,0,0,26,0
IND04251,01/11/2024,HOSP178,165,50,0.77,0,0,0,0,0,18,0
IND04252,01/12/2024,HOSP178,155,60,0.72,0,0,0,0,0,36,0
IND04253,01/01/2025,HOSP178,168,47,0.78,1,0,0,1,0,37,0
IND04254,01/02/2025,HOSP178,165,50,0.77,1,0,0,1,0,41,0
IND04255,01/03/2025,HOSP178,164,51,0.76,0,0,0,0,0,31,0
IND04256,01/04/2025,HOSP178,167,48,0.78,0,0,0,0,0,24,0
IND04257,01/05/2025,HOSP178,157,58,0.73,1,0,0,1,0,14,0
IND04258,01/06/2025,HOSP178,162,53,0.75,0,0,0,0,0,32,0
IND04259,01/07/2025,HOSP178,162,53,0.75,1,0,0,1,0,8,0
IND04260,01/08/2025,HOSP178,175,40,0.81,0,0,0,0,0,39,0
IND04261,01/09/2025,HOSP178,166,49,0.77,0,0,0,0,0,32,0
IND04262,01/10/2025,HOSP178,169,46,0.79,1,0,1,0,0,35,1
IND04263,01/11/2025,HOSP178,157,58,0.73,0,0,0,0,0,33,0
IND04264,01/12/2025,HOSP178,159,56,0.74,0,0,0,0,0,35,0
IND04265,01/01/2026,HOSP178,162,53,0.75,1,0,0,1,0,29,0
IND04266,01/02/2026,HOSP178,164,51,0.76,0,0,0,0,0,32,0
IND04267,01/03/2026,HOSP178,181,34,0.84,0,0,0,0,0,35,0
IND04268,01/04/2026,HOSP178,171,44,0.8,0,0,0,0,0,26,0
IND04269,01/05/2026,HOSP178,167,48,0.78,0,0,0,0,0,28,0
IND04270,01/06/2026,HOSP178,149,66,0.69,1,0,1,0,0,44,0
IND04271,01/07/2026,HOSP178,158,57,0.73,0,0,0,0,0,20,0
IND04272,01/08/2026,HOSP178,176,39,0.82,0,0,0,0,0,27,0
IND04273,01/09/2024,HOSP179,139,21,0.87,0,0,0,0,0,28,0
IND04274,01/10/2024,HOSP179,138,22,0.86,0,0,0,0,0,26,0
IND04275,01/11/2024,HOSP179,143,17,0.89,0,0,0,0,0,27,0
IND04276,01/12/2024,HOSP179,143,17,0.89,6,0,2,4,0,26,0
IND04277,01/01/2025,HOSP179,139,21,0.87,5,2,0,2,1,21,0
IND04278,01/02/2025,HOSP179,126,34,0.79,5,1,2,2,0,29,0
IND04279,01/03/2025,HOSP179,141,19,0.88,2,1,1,0,0,26,0
IND04280,01/04/2025,HOSP179,142,18,0.89,1,0,0,1,0,37,0
IND04281,01/05/2025,HOSP179,147,13,0.92,6,0,3,1,2,32,0
IND04282,01/06/2025,HOSP179,146,14,0.91,2,0,2,0,0,45,0
IND04283,01/07/2025,HOSP179,140,20,0.88,5,0,0,3,2,28,0
IND04284,01/08/2025,HOSP179,137,23,0.86,0,0,0,0,0,19,0
IND04285,01/09/2025,HOSP179,134,26,0.84,2,0,2,0,0,20,1
IND04286,01/10/2025,HOSP179,130,30,0.81,3,0,1,0,2,30,0
IND04287,01/11/2025,HOSP179,145,15,0.91,1,0,1,0,0,18,0
IND04288,01/12/2025,HOSP179,133,27,0.83,2,0,1,1,0,37,1
IND04289,01/01/2026,HOSP179,130,30,0.81,0,0,0,0,0,29,0
IND04290,01/02/2026,HOSP179,147,13,0.92,0,0,0,0,0,35,0
IND04291,01/03/2026,HOSP179,137,23,0.86,5,0,2,2,1,26,1
IND04292,01/04/2026,HOSP179,139,21,0.87,0,0,0,0,0,34,0
IND04293,01/05/2026,HOSP179,133,27,0.83,3,0,0,2,1,16,0
IND04294,01/06/2026,HOSP179,136,24,0.85,5,1,1,3,0,41,0
IND04295,01/07/2026,HOSP179,141,19,0.88,1,0,0,1,0,24,0
IND04296,01/08/2026,HOSP179,134,26,0.84,7,1,3,2,1,32,0
IND04297,01/09/2024,HOSP180,183,57,0.76,0,0,0,0,0,28,0
IND04298,01/10/2024,HOSP180,190,50,0.79,0,0,0,0,0,33,0
IND04299,01/11/2024,HOSP180,174,66,0.72,1,0,1,0,0,32,0
IND04300,01/12/2024,HOSP180,192,48,0.8,1,1,0,0,0,33,0
IND04301,01/01/2025,HOSP180,167,73,0.7,0,0,0,0,0,28,0
IND04302,01/02/2025,HOSP180,184,56,0.77,0,0,0,0,0,33,0
IND04303,01/03/2025,HOSP180,175,65,0.73,0,0,0,0,0,31,0
IND04304,01/04/2025,HOSP180,192,48,0.8,0,0,0,0,0,28,0
IND04305,01/05/2025,HOSP180,179,61,0.75,0,0,0,0,0,18,0
IND04306,01/06/2025,HOSP180,183,57,0.76,3,0,0,3,0,32,0
IND04307,01/07/2025,HOSP180,190,50,0.79,0,0,0,0,0,16,0
IND04308,01/08/2025,HOSP180,191,49,0.8,0,0,0,0,0,32,0
IND04309,01/09/2025,HOSP180,194,46,0.81,0,0,0,0,0,23,0
IND04310,01/10/2025,HOSP180,168,72,0.7,0,0,0,0,0,33,0
IND04311,01/11/2025,HOSP180,161,79,0.67,0,0,0,0,0,41,0
IND04312,01/12/2025,HOSP180,184,56,0.77,0,0,0,0,0,33,0
IND04313,01/01/2026,HOSP180,192,48,0.8,1,0,0,1,0,37,0
IND04314,01/02/2026,HOSP180,173,67,0.72,0,0,0,0,0,28,0
IND04315,01/03/2026,HOSP180,192,48,0.8,0,0,0,0,0,35,0
IND04316,01/04/2026,HOSP180,182,58,0.76,1,0,0,1,0,40,0
IND04317,01/05/2026,HOSP180,187,53,0.78,1,1,0,0,0,11,0
IND04318,01/06/2026,HOSP180,180,60,0.75,0,0,0,0,0,38,0
IND04319,01/07/2026,HOSP180,192,48,0.8,1,1,0,0,0,33,0
IND04320,01/08/2026,HOSP180,185,55,0.77,0,0,0,0,0,29,0
IND04321,01/09/2024,HOSP181,130,55,0.7,0,0,0,0,0,36,0
IND04322,01/10/2024,HOSP181,132,53,0.71,0,0,0,0,0,30,0
IND04323,01/11/2024,HOSP181,124,61,0.67,0,0,0,0,0,32,0
IND04324,01/12/2024,HOSP181,140,45,0.76,2,0,0,2,0,25,0
IND04325,01/01/2025,HOSP181,123,62,0.66,3,0,1,2,0,34,0
IND04326,01/02/2025,HOSP181,128,57,0.69,0,0,0,0,0,23,0
IND04327,01/03/2025,HOSP181,129,56,0.7,0,0,0,0,0,27,0
IND04328,01/04/2025,HOSP181,127,58,0.69,2,0,0,1,1,16,0
IND04329,01/05/2025,HOSP181,131,54,0.71,0,0,0,0,0,24,0
IND04330,01/06/2025,HOSP181,129,56,0.7,1,0,0,0,1,40,0
IND04331,01/07/2025,HOSP181,126,59,0.68,0,0,0,0,0,27,0
IND04332,01/08/2025,HOSP181,138,47,0.75,0,0,0,0,0,25,0
IND04333,01/09/2025,HOSP181,135,50,0.73,1,0,0,1,0,48,0
IND04334,01/10/2025,HOSP181,139,46,0.75,0,0,0,0,0,33,0
IND04335,01/11/2025,HOSP181,113,72,0.61,0,0,0,0,0,23,0
IND04336,01/12/2025,HOSP181,147,38,0.79,1,0,0,1,0,15,0
IND04337,01/01/2026,HOSP181,128,57,0.69,1,0,1,0,0,40,0
IND04338,01/02/2026,HOSP181,129,56,0.7,0,0,0,0,0,25,0
IND04339,01/03/2026,HOSP181,134,51,0.72,0,0,0,0,0,31,0
IND04340,01/04/2026,HOSP181,142,43,0.77,0,0,0,0,0,27,0
IND04341,01/05/2026,HOSP181,126,59,0.68,2,1,1,0,0,36,0
IND04342,01/06/2026,HOSP181,124,61,0.67,2,0,0,2,0,30,0
IND04343,01/07/2026,HOSP181,131,54,0.71,1,0,0,1,0,40,0
IND04344,01/08/2026,HOSP181,137,48,0.74,2,0,1,0,1,38,0
IND04345,01/09/2024,HOSP182,151,44,0.77,0,0,0,0,0,25,0
IND04346,01/10/2024,HOSP182,142,53,0.73,2,0,1,1,0,34,1
IND04347,01/11/2024,HOSP182,151,44,0.77,0,0,0,0,0,36,0
IND04348,01/12/2024,HOSP182,148,47,0.76,2,0,1,1,0,33,0
IND04349,01/01/2025,HOSP182,153,42,0.78,1,1,0,0,0,33,0
IND04350,01/02/2025,HOSP182,139,56,0.71,0,0,0,0,0,27,0
IND04351,01/03/2025,HOSP182,142,53,0.73,2,1,0,1,0,40,0
IND04352,01/04/2025,HOSP182,147,48,0.75,0,0,0,0,0,37,0
IND04353,01/05/2025,HOSP182,157,38,0.81,0,0,0,0,0,23,0
IND04354,01/06/2025,HOSP182,144,51,0.74,2,0,1,1,0,36,0
IND04355,01/07/2025,HOSP182,156,39,0.8,0,0,0,0,0,12,0
IND04356,01/08/2025,HOSP182,151,44,0.77,0,0,0,0,0,29,0
IND04357,01/09/2025,HOSP182,157,38,0.81,1,0,0,1,0,19,0
IND04358,01/10/2025,HOSP182,154,41,0.79,1,0,0,1,0,34,0
IND04359,01/11/2025,HOSP182,160,35,0.82,0,0,0,0,0,30,0
IND04360,01/12/2025,HOSP182,153,42,0.78,1,0,0,1,0,48,0
IND04361,01/01/2026,HOSP182,161,34,0.83,0,0,0,0,0,38,0
IND04362,01/02/2026,HOSP182,160,35,0.82,0,0,0,0,0,23,0
IND04363,01/03/2026,HOSP182,159,36,0.82,1,0,0,0,1,31,0
IND04364,01/04/2026,HOSP182,151,44,0.77,0,0,0,0,0,30,0
IND04365,01/05/2026,HOSP182,163,32,0.84,0,0,0,0,0,23,0
IND04366,01/06/2026,HOSP182,148,47,0.76,2,1,0,1,0,40,0
IND04367,01/07/2026,HOSP182,145,50,0.74,1,1,0,0,0,38,0
IND04368,01/08/2026,HOSP182,148,47,0.76,1,0,0,1,0,21,0
IND04369,01/09/2024,HOSP183,170,60,0.74,2,0,1,0,1,18,0
IND04370,01/10/2024,HOSP183,135,95,0.59,2,0,1,0,1,22,0
IND04371,01/11/2024,HOSP183,151,79,0.66,4,1,2,1,0,28,1
IND04372,01/12/2024,HOSP183,161,69,0.7,8,0,1,7,0,30,1
IND04373,01/01/2025,HOSP183,171,59,0.74,10,1,2,6,1,30,1
IND04374,01/02/2025,HOSP183,172,58,0.75,3,0,1,2,0,36,1
IND04375,01/03/2025,HOSP183,156,74,0.68,7,0,4,2,1,29,0
IND04376,01/04/2025,HOSP183,170,60,0.74,9,0,2,3,4,33,0
IND04377,01/05/2025,HOSP183,141,89,0.61,8,3,0,5,0,28,2
IND04378,01/06/2025,HOSP183,166,64,0.72,2,0,0,1,1,29,0
IND04379,01/07/2025,HOSP183,162,68,0.7,7,1,2,2,2,27,1
IND04380,01/08/2025,HOSP183,160,70,0.7,0,0,0,0,0,31,0
IND04381,01/09/2025,HOSP183,158,72,0.69,5,1,1,3,0,32,1
IND04382,01/10/2025,HOSP183,160,70,0.7,5,1,0,4,0,34,1
IND04383,01/11/2025,HOSP183,164,66,0.71,3,0,2,0,1,27,0
IND04384,01/12/2025,HOSP183,151,79,0.66,3,0,1,1,1,21,0
IND04385,01/01/2026,HOSP183,156,74,0.68,6,0,0,4,2,26,0
IND04386,01/02/2026,HOSP183,149,81,0.65,3,1,0,1,1,28,0
IND04387,01/03/2026,HOSP183,156,74,0.68,6,0,1,4,1,27,0
IND04388,01/04/2026,HOSP183,164,66,0.71,6,1,2,2,1,30,0
IND04389,01/05/2026,HOSP183,162,68,0.7,5,0,2,2,1,30,0
IND04390,01/06/2026,HOSP183,160,70,0.7,5,0,1,4,0,28,2
IND04391,01/07/2026,HOSP183,165,65,0.72,4,2,1,1,0,40,0
IND04392,01/08/2026,HOSP183,171,59,0.74,7,1,2,1,3,34,0
IND04393,01/09/2024,HOSP184,115,35,0.77,0,0,0,0,0,35,0
IND04394,01/10/2024,HOSP184,120,30,0.8,1,0,0,0,1,44,0
IND04395,01/11/2024,HOSP184,117,33,0.78,0,0,0,0,0,30,0
IND04396,01/12/2024,HOSP184,113,37,0.75,1,0,0,0,1,46,0
IND04397,01/01/2025,HOSP184,115,35,0.77,2,0,0,2,0,36,0
IND04398,01/02/2025,HOSP184,123,27,0.82,0,0,0,0,0,24,0
IND04399,01/03/2025,HOSP184,106,44,0.71,0,0,0,0,0,31,0
IND04400,01/04/2025,HOSP184,115,35,0.77,0,0,0,0,0,37,0
IND04401,01/05/2025,HOSP184,112,38,0.75,0,0,0,0,0,34,0
IND04402,01/06/2025,HOSP184,115,35,0.77,0,0,0,0,0,25,0
IND04403,01/07/2025,HOSP184,133,17,0.89,2,0,1,1,0,25,0
IND04404,01/08/2025,HOSP184,118,32,0.79,0,0,0,0,0,21,0
IND04405,01/09/2025,HOSP184,109,41,0.73,0,0,0,0,0,29,0
IND04406,01/10/2025,HOSP184,107,43,0.71,1,0,0,1,0,28,0
IND04407,01/11/2025,HOSP184,122,28,0.81,1,0,0,1,0,37,0
IND04408,01/12/2025,HOSP184,115,35,0.77,0,0,0,0,0,34,0
IND04409,01/01/2026,HOSP184,110,40,0.73,0,0,0,0,0,30,0
IND04410,01/02/2026,HOSP184,119,31,0.79,0,0,0,0,0,24,0
IND04411,01/03/2026,HOSP184,116,34,0.77,2,1,0,1,0,30,0
IND04412,01/04/2026,HOSP184,120,30,0.8,1,0,0,1,0,30,0
IND04413,01/05/2026,HOSP184,121,29,0.81,0,0,0,0,0,24,0
IND04414,01/06/2026,HOSP184,117,33,0.78,1,0,0,1,0,32,0
IND04415,01/07/2026,HOSP184,123,27,0.82,0,0,0,0,0,33,0
IND04416,01/08/2026,HOSP184,112,38,0.75,1,0,0,1,0,44,0
IND04417,01/09/2024,HOSP185,196,54,0.78,0,0,0,0,0,28,0
IND04418,01/10/2024,HOSP185,204,46,0.82,0,0,0,0,0,22,0
IND04419,01/11/2024,HOSP185,190,60,0.76,0,0,0,0,0,24,0
IND04420,01/12/2024,HOSP185,191,59,0.76,1,0,1,0,0,10,0
IND04421,01/01/2025,HOSP185,200,50,0.8,0,0,0,0,0,32,0
IND04422,01/02/2025,HOSP185,192,58,0.77,0,0,0,0,0,31,0
IND04423,01/03/2025,HOSP185,191,59,0.76,0,0,0,0,0,26,0
IND04424,01/04/2025,HOSP185,202,48,0.81,0,0,0,0,0,32,0
IND04425,01/05/2025,HOSP185,214,36,0.86,0,0,0,0,0,27,0
IND04426,01/06/2025,HOSP185,198,52,0.79,0,0,0,0,0,22,0
IND04427,01/07/2025,HOSP185,192,58,0.77,0,0,0,0,0,34,0
IND04428,01/08/2025,HOSP185,194,56,0.78,0,0,0,0,0,27,0
IND04429,01/09/2025,HOSP185,192,58,0.77,0,0,0,0,0,26,0
IND04430,01/10/2025,HOSP185,176,74,0.7,0,0,0,0,0,40,0
IND04431,01/11/2025,HOSP185,205,45,0.82,0,0,0,0,0,36,0
IND04432,01/12/2025,HOSP185,188,62,0.75,0,0,0,0,0,31,0
IND04433,01/01/2026,HOSP185,168,82,0.67,0,0,0,0,0,21,0
IND04434,01/02/2026,HOSP185,192,58,0.77,0,0,0,0,0,34,0
IND04435,01/03/2026,HOSP185,200,50,0.8,0,0,0,0,0,29,0
IND04436,01/04/2026,HOSP185,200,50,0.8,1,0,0,1,0,36,0
IND04437,01/05/2026,HOSP185,192,58,0.77,0,0,0,0,0,26,0
IND04438,01/06/2026,HOSP185,201,49,0.8,0,0,0,0,0,18,0
IND04439,01/07/2026,HOSP185,187,63,0.75,0,0,0,0,0,39,0
IND04440,01/08/2026,HOSP185,194,56,0.78,1,0,1,0,0,42,0
IND04441,01/09/2024,HOSP186,174,31,0.85,0,0,0,0,0,21,0
IND04442,01/10/2024,HOSP186,170,35,0.83,1,0,0,1,0,30,0
IND04443,01/11/2024,HOSP186,177,28,0.86,0,0,0,0,0,37,0
IND04444,01/12/2024,HOSP186,167,38,0.81,3,0,0,2,1,37,1
IND04445,01/01/2025,HOSP186,176,29,0.86,1,0,0,1,0,26,0
IND04446,01/02/2025,HOSP186,174,31,0.85,1,1,0,0,0,45,0
IND04447,01/03/2025,HOSP186,173,32,0.84,1,0,0,1,0,18,0
IND04448,01/04/2025,HOSP186,175,30,0.85,1,0,0,1,0,25,0
IND04449,01/05/2025,HOSP186,184,21,0.9,1,0,0,0,1,26,0
IND04450,01/06/2025,HOSP186,172,33,0.84,1,0,0,1,0,18,0
IND04451,01/07/2025,HOSP186,178,27,0.87,1,0,0,1,0,16,0
IND04452,01/08/2025,HOSP186,173,32,0.84,1,0,0,1,0,49,0
IND04453,01/09/2025,HOSP186,172,33,0.84,0,0,0,0,0,30,0
IND04454,01/10/2025,HOSP186,187,18,0.91,2,0,0,2,0,19,0
IND04455,01/11/2025,HOSP186,180,25,0.88,1,0,1,0,0,36,0
IND04456,01/12/2025,HOSP186,175,30,0.85,0,0,0,0,0,23,0
IND04457,01/01/2026,HOSP186,166,39,0.81,2,0,2,0,0,26,0
IND04458,01/02/2026,HOSP186,173,32,0.84,0,0,0,0,0,32,0
IND04459,01/03/2026,HOSP186,186,19,0.91,0,0,0,0,0,24,0
IND04460,01/04/2026,HOSP186,177,28,0.86,1,0,1,0,0,14,1
IND04461,01/05/2026,HOSP186,176,29,0.86,1,0,0,1,0,11,0
IND04462,01/06/2026,HOSP186,176,29,0.86,0,0,0,0,0,24,0
IND04463,01/07/2026,HOSP186,168,37,0.82,0,0,0,0,0,28,0
IND04464,01/08/2026,HOSP186,175,30,0.85,0,0,0,0,0,27,0
IND04465,01/09/2024,HOSP187,150,20,0.88,0,0,0,0,0,23,0
IND04466,01/10/2024,HOSP187,151,19,0.89,1,0,1,0,0,29,0
IND04467,01/11/2024,HOSP187,159,11,0.94,2,0,1,1,0,28,0
IND04468,01/12/2024,HOSP187,156,14,0.92,0,0,0,0,0,29,0
IND04469,01/01/2025,HOSP187,150,20,0.88,0,0,0,0,0,32,0
IND04470,01/02/2025,HOSP187,152,18,0.89,1,0,1,0,0,27,0
IND04471,01/03/2025,HOSP187,143,27,0.84,0,0,0,0,0,35,0
IND04472,01/04/2025,HOSP187,160,10,0.94,1,0,0,1,0,15,0
IND04473,01/05/2025,HOSP187,161,9,0.95,0,0,0,0,0,24,0
IND04474,01/06/2025,HOSP187,163,7,0.96,0,0,0,0,0,27,0
IND04475,01/07/2025,HOSP187,154,16,0.91,1,0,1,0,0,13,1
IND04476,01/08/2025,HOSP187,144,26,0.85,1,0,0,0,1,21,0
IND04477,01/09/2025,HOSP187,160,10,0.94,1,0,0,1,0,9,0
IND04478,01/10/2025,HOSP187,160,10,0.94,1,1,0,0,0,33,0
IND04479,01/11/2025,HOSP187,148,22,0.87,0,0,0,0,0,21,0
IND04480,01/12/2025,HOSP187,155,15,0.91,2,0,0,2,0,21,1
IND04481,01/01/2026,HOSP187,152,18,0.89,1,0,1,0,0,39,0
IND04482,01/02/2026,HOSP187,165,5,0.97,1,0,0,1,0,17,0
IND04483,01/03/2026,HOSP187,158,12,0.93,1,0,1,0,0,20,0
IND04484,01/04/2026,HOSP187,160,10,0.94,0,0,0,0,0,36,0
IND04485,01/05/2026,HOSP187,161,9,0.95,1,0,0,1,0,38,0
IND04486,01/06/2026,HOSP187,145,25,0.85,0,0,0,0,0,36,0
IND04487,01/07/2026,HOSP187,156,14,0.92,1,0,1,0,0,17,0
IND04488,01/08/2026,HOSP187,147,23,0.86,1,0,0,1,0,38,0
IND04489,01/09/2024,HOSP188,166,54,0.75,2,0,1,0,1,35,0
IND04490,01/10/2024,HOSP188,159,61,0.72,0,0,0,0,0,27,0
IND04491,01/11/2024,HOSP188,164,56,0.75,2,0,0,2,0,24,0
IND04492,01/12/2024,HOSP188,163,57,0.74,2,1,0,1,0,22,0
IND04493,01/01/2025,HOSP188,157,63,0.71,3,0,1,1,1,26,0
IND04494,01/02/2025,HOSP188,146,74,0.66,0,0,0,0,0,38,0
IND04495,01/03/2025,HOSP188,149,71,0.68,1,0,0,1,0,23,0
IND04496,01/04/2025,HOSP188,170,50,0.77,2,0,0,1,1,26,0
IND04497,01/05/2025,HOSP188,156,64,0.71,4,1,2,0,1,25,0
IND04498,01/06/2025,HOSP188,152,68,0.69,3,0,1,2,0,41,0
IND04499,01/07/2025,HOSP188,159,61,0.72,0,0,0,0,0,25,0
IND04500,01/08/2025,HOSP188,159,61,0.72,0,0,0,0,0,25,0
IND04501,01/09/2025,HOSP188,170,50,0.77,1,0,0,0,1,35,0
IND04502,01/10/2025,HOSP188,173,47,0.79,2,0,2,0,0,20,1
IND04503,01/11/2025,HOSP188,152,68,0.69,1,0,1,0,0,24,0
IND04504,01/12/2025,HOSP188,160,60,0.73,2,0,1,1,0,26,0
IND04505,01/01/2026,HOSP188,152,68,0.69,0,0,0,0,0,25,0
IND04506,01/02/2026,HOSP188,149,71,0.68,0,0,0,0,0,29,0
IND04507,01/03/2026,HOSP188,156,64,0.71,0,0,0,0,0,31,0
IND04508,01/04/2026,HOSP188,143,77,0.65,3,1,1,1,0,30,1
IND04509,01/05/2026,HOSP188,153,67,0.7,3,0,1,2,0,22,0
IND04510,01/06/2026,HOSP188,157,63,0.71,2,0,0,2,0,52,0
IND04511,01/07/2026,HOSP188,139,81,0.63,1,0,0,1,0,50,0
IND04512,01/08/2026,HOSP188,172,48,0.78,1,0,0,1,0,16,0
IND04513,01/09/2024,HOSP189,141,24,0.85,0,0,0,0,0,27,0
IND04514,01/10/2024,HOSP189,135,30,0.82,1,0,0,1,0,32,0
IND04515,01/11/2024,HOSP189,134,31,0.81,3,0,1,2,0,35,1
IND04516,01/12/2024,HOSP189,134,31,0.81,0,0,0,0,0,32,0
IND04517,01/01/2025,HOSP189,123,42,0.75,1,0,0,1,0,42,0
IND04518,01/02/2025,HOSP189,137,28,0.83,2,0,1,0,1,32,0
IND04519,01/03/2025,HOSP189,133,32,0.81,2,0,1,0,1,38,0
IND04520,01/04/2025,HOSP189,135,30,0.82,0,0,0,0,0,32,0
IND04521,01/05/2025,HOSP189,135,30,0.82,0,0,0,0,0,38,0
IND04522,01/06/2025,HOSP189,133,32,0.81,0,0,0,0,0,25,0
IND04523,01/07/2025,HOSP189,140,25,0.85,0,0,0,0,0,34,0
IND04524,01/08/2025,HOSP189,133,32,0.81,0,0,0,0,0,29,0
IND04525,01/09/2025,HOSP189,130,35,0.79,0,0,0,0,0,34,0
IND04526,01/10/2025,HOSP189,135,30,0.82,0,0,0,0,0,33,0
IND04527,01/11/2025,HOSP189,130,35,0.79,2,0,2,0,0,44,1
IND04528,01/12/2025,HOSP189,132,33,0.8,0,0,0,0,0,17,0
IND04529,01/01/2026,HOSP189,138,27,0.84,0,0,0,0,0,32,0
IND04530,01/02/2026,HOSP189,138,27,0.84,2,0,2,0,0,45,0
IND04531,01/03/2026,HOSP189,136,29,0.82,0,0,0,0,0,21,0
IND04532,01/04/2026,HOSP189,133,32,0.81,0,0,0,0,0,33,0
IND04533,01/05/2026,HOSP189,133,32,0.81,2,0,0,0,2,38,0
IND04534,01/06/2026,HOSP189,139,26,0.84,2,1,1,0,0,32,0
IND04535,01/07/2026,HOSP189,138,27,0.84,3,0,2,1,0,28,1
IND04536,01/08/2026,HOSP189,133,32,0.81,1,0,0,1,0,25,0
IND04537,01/09/2024,HOSP190,237,23,0.91,0,0,0,0,0,32,0
IND04538,01/10/2024,HOSP190,239,21,0.92,0,0,0,0,0,28,0
IND04539,01/11/2024,HOSP190,233,27,0.9,0,0,0,0,0,33,0
IND04540,01/12/2024,HOSP190,223,37,0.86,2,0,1,1,0,21,0
IND04541,01/01/2025,HOSP190,199,61,0.77,2,1,0,0,1,38,0
IND04542,01/02/2025,HOSP190,235,25,0.9,0,0,0,0,0,32,0
IND04543,01/03/2025,HOSP190,243,17,0.93,0,0,0,0,0,37,0
IND04544,01/04/2025,HOSP190,224,36,0.86,1,0,1,0,0,21,0
IND04545,01/05/2025,HOSP190,235,25,0.9,2,0,1,1,0,21,0
IND04546,01/06/2025,HOSP190,229,31,0.88,2,0,2,0,0,44,0
IND04547,01/07/2025,HOSP190,228,32,0.88,1,1,0,0,0,25,1
IND04548,01/08/2025,HOSP190,234,26,0.9,1,0,1,0,0,35,1
IND04549,01/09/2025,HOSP190,235,25,0.9,2,0,0,1,1,34,0
IND04550,01/10/2025,HOSP190,225,35,0.87,1,0,1,0,0,25,0
IND04551,01/11/2025,HOSP190,225,35,0.87,0,0,0,0,0,22,0
IND04552,01/12/2025,HOSP190,234,26,0.9,0,0,0,0,0,34,0
IND04553,01/01/2026,HOSP190,206,54,0.79,1,0,0,0,1,28,1
IND04554,01/02/2026,HOSP190,220,40,0.85,1,0,1,0,0,20,0
IND04555,01/03/2026,HOSP190,209,51,0.8,2,0,1,0,1,16,1
IND04556,01/04/2026,HOSP190,225,35,0.87,1,0,1,0,0,35,0
IND04557,01/05/2026,HOSP190,224,36,0.86,1,0,0,1,0,29,0
IND04558,01/06/2026,HOSP190,226,34,0.87,0,0,0,0,0,26,0
IND04559,01/07/2026,HOSP190,227,33,0.87,1,0,0,1,0,50,0
IND04560,01/08/2026,HOSP190,227,33,0.87,1,0,0,1,0,38,1
IND04561,01/09/2024,HOSP191,158,32,0.83,2,1,1,0,0,18,0
IND04562,01/10/2024,HOSP191,148,42,0.78,0,0,0,0,0,29,0
IND04563,01/11/2024,HOSP191,163,27,0.86,2,0,0,2,0,30,0
IND04564,01/12/2024,HOSP191,151,39,0.79,3,0,0,3,0,39,1
IND04565,01/01/2025,HOSP191,161,29,0.85,0,0,0,0,0,28,0
IND04566,01/02/2025,HOSP191,153,37,0.81,0,0,0,0,0,29,0
IND04567,01/03/2025,HOSP191,159,31,0.84,2,0,1,1,0,30,0
IND04568,01/04/2025,HOSP191,149,41,0.78,1,0,0,0,1,32,0
IND04569,01/05/2025,HOSP191,153,37,0.81,5,1,1,1,2,25,1
IND04570,01/06/2025,HOSP191,151,39,0.79,1,1,0,0,0,39,0
IND04571,01/07/2025,HOSP191,170,20,0.89,5,0,1,3,1,31,1
IND04572,01/08/2025,HOSP191,153,37,0.81,2,0,0,2,0,20,0
IND04573,01/09/2025,HOSP191,162,28,0.85,3,0,1,1,1,18,0
IND04574,01/10/2025,HOSP191,156,34,0.82,2,0,1,1,0,24,0
IND04575,01/11/2025,HOSP191,149,41,0.78,0,0,0,0,0,32,0
IND04576,01/12/2025,HOSP191,158,32,0.83,2,0,1,0,1,38,0
IND04577,01/01/2026,HOSP191,159,31,0.84,0,0,0,0,0,28,0
IND04578,01/02/2026,HOSP191,163,27,0.86,0,0,0,0,0,21,0
IND04579,01/03/2026,HOSP191,160,30,0.84,0,0,0,0,0,41,0
IND04580,01/04/2026,HOSP191,161,29,0.85,1,0,1,0,0,41,0
IND04581,01/05/2026,HOSP191,162,28,0.85,0,0,0,0,0,30,0
IND04582,01/06/2026,HOSP191,166,24,0.87,1,0,1,0,0,15,0
IND04583,01/07/2026,HOSP191,165,25,0.87,1,0,1,0,0,18,0
IND04584,01/08/2026,HOSP191,173,17,0.91,2,0,1,1,0,29,1
IND04585,01/09/2024,HOSP192,132,53,0.71,0,0,0,0,0,28,0
IND04586,01/10/2024,HOSP192,139,46,0.75,0,0,0,0,0,35,0
IND04587,01/11/2024,HOSP192,140,45,0.76,0,0,0,0,0,28,0
IND04588,01/12/2024,HOSP192,134,51,0.72,0,0,0,0,0,26,0
IND04589,01/01/2025,HOSP192,139,46,0.75,1,0,0,1,0,15,0
IND04590,01/02/2025,HOSP192,136,49,0.74,0,0,0,0,0,40,0
IND04591,01/03/2025,HOSP192,141,44,0.76,2,0,0,1,1,42,0
IND04592,01/04/2025,HOSP192,132,53,0.71,1,0,1,0,0,38,0
IND04593,01/05/2025,HOSP192,138,47,0.75,0,0,0,0,0,28,0
IND04594,01/06/2025,HOSP192,145,40,0.78,3,0,1,1,1,36,0
IND04595,01/07/2025,HOSP192,132,53,0.71,1,0,0,1,0,11,0
IND04596,01/08/2025,HOSP192,134,51,0.72,0,0,0,0,0,39,0
IND04597,01/09/2025,HOSP192,142,43,0.77,1,0,0,0,1,12,0
IND04598,01/10/2025,HOSP192,148,37,0.8,1,0,0,0,1,52,0
IND04599,01/11/2025,HOSP192,135,50,0.73,0,0,0,0,0,43,0
IND04600,01/12/2025,HOSP192,150,35,0.81,0,0,0,0,0,22,0
IND04601,01/01/2026,HOSP192,124,61,0.67,0,0,0,0,0,20,0
IND04602,01/02/2026,HOSP192,142,43,0.77,0,0,0,0,0,29,0
IND04603,01/03/2026,HOSP192,131,54,0.71,2,0,1,0,1,20,0
IND04604,01/04/2026,HOSP192,129,56,0.7,0,0,0,0,0,36,0
IND04605,01/05/2026,HOSP192,137,48,0.74,0,0,0,0,0,25,0
IND04606,01/06/2026,HOSP192,133,52,0.72,0,0,0,0,0,26,0
IND04607,01/07/2026,HOSP192,138,47,0.75,0,0,0,0,0,21,0
IND04608,01/08/2026,HOSP192,133,52,0.72,1,1,0,0,0,16,0
IND04609,01/09/2024,HOSP193,162,48,0.77,0,0,0,0,0,37,0
IND04610,01/10/2024,HOSP193,178,32,0.85,1,0,1,0,0,34,0
IND04611,01/11/2024,HOSP193,161,49,0.77,4,0,0,1,3,23,0
IND04612,01/12/2024,HOSP193,150,60,0.71,3,0,1,2,0,36,1
IND04613,01/01/2025,HOSP193,156,54,0.74,5,0,1,4,0,27,1
IND04614,01/02/2025,HOSP193,164,46,0.78,4,1,1,2,0,28,0
IND04615,01/03/2025,HOSP193,158,52,0.75,2,0,1,1,0,34,0
IND04616,01/04/2025,HOSP193,172,38,0.82,2,1,0,0,1,30,1
IND04617,01/05/2025,HOSP193,162,48,0.77,4,1,0,2,1,30,0
IND04618,01/06/2025,HOSP193,154,56,0.73,1,0,0,1,0,22,0
IND04619,01/07/2025,HOSP193,171,39,0.81,5,0,1,3,1,23,0
IND04620,01/08/2025,HOSP193,163,47,0.78,2,0,1,1,0,24,0
IND04621,01/09/2025,HOSP193,158,52,0.75,2,0,0,1,1,33,0
IND04622,01/10/2025,HOSP193,171,39,0.81,0,0,0,0,0,24,0
IND04623,01/11/2025,HOSP193,173,37,0.82,0,0,0,0,0,24,0
IND04624,01/12/2025,HOSP193,166,44,0.79,0,0,0,0,0,35,0
IND04625,01/01/2026,HOSP193,162,48,0.77,4,0,1,3,0,30,0
IND04626,01/02/2026,HOSP193,165,45,0.79,0,0,0,0,0,33,0
IND04627,01/03/2026,HOSP193,154,56,0.73,3,0,1,2,0,31,1
IND04628,01/04/2026,HOSP193,173,37,0.82,2,0,1,0,1,38,0
IND04629,01/05/2026,HOSP193,157,53,0.75,1,0,0,1,0,11,0
IND04630,01/06/2026,HOSP193,157,53,0.75,8,0,3,5,0,32,0
IND04631,01/07/2026,HOSP193,158,52,0.75,3,0,0,1,2,18,0
IND04632,01/08/2026,HOSP193,165,45,0.79,2,0,1,1,0,36,0
IND04633,01/09/2024,HOSP194,139,16,0.9,0,0,0,0,0,30,0
IND04634,01/10/2024,HOSP194,148,7,0.95,1,0,0,1,0,38,0
IND04635,01/11/2024,HOSP194,145,10,0.94,3,0,2,1,0,25,0
IND04636,01/12/2024,HOSP194,133,22,0.86,3,0,2,1,0,18,0
IND04637,01/01/2025,HOSP194,134,21,0.86,3,0,0,2,1,23,0
IND04638,01/02/2025,HOSP194,131,24,0.85,2,0,1,0,1,17,1
IND04639,01/03/2025,HOSP194,134,21,0.86,2,0,1,1,0,25,1
IND04640,01/04/2025,HOSP194,138,17,0.89,0,0,0,0,0,23,0
IND04641,01/05/2025,HOSP194,141,14,0.91,0,0,0,0,0,27,0
IND04642,01/06/2025,HOSP194,146,9,0.94,2,0,0,1,1,24,0
IND04643,01/07/2025,HOSP194,142,13,0.92,2,0,0,2,0,34,0
IND04644,01/08/2025,HOSP194,144,11,0.93,0,0,0,0,0,25,0
IND04645,01/09/2025,HOSP194,134,21,0.86,2,0,1,1,0,44,0
IND04646,01/10/2025,HOSP194,133,22,0.86,2,0,0,2,0,21,0
IND04647,01/11/2025,HOSP194,137,18,0.88,1,0,1,0,0,14,0
IND04648,01/12/2025,HOSP194,143,12,0.92,3,0,0,3,0,36,0
IND04649,01/01/2026,HOSP194,138,17,0.89,0,0,0,0,0,28,0
IND04650,01/02/2026,HOSP194,148,7,0.95,1,0,0,1,0,22,0
IND04651,01/03/2026,HOSP194,138,17,0.89,0,0,0,0,0,36,0
IND04652,01/04/2026,HOSP194,138,17,0.89,0,0,0,0,0,32,0
IND04653,01/05/2026,HOSP194,136,19,0.88,2,0,0,1,1,29,0
IND04654,01/06/2026,HOSP194,136,19,0.88,2,0,0,2,0,22,0
IND04655,01/07/2026,HOSP194,152,3,0.98,0,0,0,0,0,22,0
IND04656,01/08/2026,HOSP194,143,12,0.92,1,0,0,0,1,33,0
IND04657,01/09/2024,HOSP195,208,37,0.85,0,0,0,0,0,21,0
IND04658,01/10/2024,HOSP195,204,41,0.83,1,0,0,1,0,22,0
IND04659,01/11/2024,HOSP195,185,60,0.76,0,0,0,0,0,31,0
IND04660,01/12/2024,HOSP195,188,57,0.77,1,0,1,0,0,50,1
IND04661,01/01/2025,HOSP195,206,39,0.84,4,0,2,2,0,26,0
IND04662,01/02/2025,HOSP195,200,45,0.82,1,0,1,0,0,12,0
IND04663,01/03/2025,HOSP195,191,54,0.78,2,0,0,1,1,32,0
IND04664,01/04/2025,HOSP195,204,41,0.83,1,0,0,1,0,23,0
IND04665,01/05/2025,HOSP195,206,39,0.84,1,0,1,0,0,41,0
IND04666,01/06/2025,HOSP195,195,50,0.8,0,0,0,0,0,32,0
IND04667,01/07/2025,HOSP195,214,31,0.87,3,1,1,1,0,25,0
IND04668,01/08/2025,HOSP195,192,53,0.78,1,0,0,1,0,20,0
IND04669,01/09/2025,HOSP195,196,49,0.8,2,0,2,0,0,34,0
IND04670,01/10/2025,HOSP195,196,49,0.8,0,0,0,0,0,25,0
IND04671,01/11/2025,HOSP195,202,43,0.82,2,0,2,0,0,23,0
IND04672,01/12/2025,HOSP195,203,42,0.83,2,0,1,0,1,40,0
IND04673,01/01/2026,HOSP195,199,46,0.81,1,0,1,0,0,33,0
IND04674,01/02/2026,HOSP195,190,55,0.78,0,0,0,0,0,23,0
IND04675,01/03/2026,HOSP195,201,44,0.82,0,0,0,0,0,19,0
IND04676,01/04/2026,HOSP195,193,52,0.79,0,0,0,0,0,34,0
IND04677,01/05/2026,HOSP195,186,59,0.76,0,0,0,0,0,32,0
IND04678,01/06/2026,HOSP195,190,55,0.78,3,1,0,2,0,33,0
IND04679,01/07/2026,HOSP195,201,44,0.82,0,0,0,0,0,32,0
IND04680,01/08/2026,HOSP195,198,47,0.81,4,0,1,3,0,30,0
IND04681,01/09/2024,HOSP196,178,22,0.89,0,0,0,0,0,32,0
IND04682,01/10/2024,HOSP196,170,30,0.85,0,0,0,0,0,26,0
IND04683,01/11/2024,HOSP196,175,25,0.88,0,0,0,0,0,30,0
IND04684,01/12/2024,HOSP196,178,22,0.89,0,0,0,0,0,26,0
IND04685,01/01/2025,HOSP196,166,34,0.83,0,0,0,0,0,26,0
IND04686,01/02/2025,HOSP196,168,32,0.84,0,0,0,0,0,16,0
IND04687,01/03/2025,HOSP196,170,30,0.85,0,0,0,0,0,28,0
IND04688,01/04/2025,HOSP196,168,32,0.84,0,0,0,0,0,32,0
IND04689,01/05/2025,HOSP196,182,18,0.91,0,0,0,0,0,34,0
IND04690,01/06/2025,HOSP196,167,33,0.83,0,0,0,0,0,23,0
IND04691,01/07/2025,HOSP196,183,17,0.92,1,0,1,0,0,40,0
IND04692,01/08/2025,HOSP196,167,33,0.83,0,0,0,0,0,38,0
IND04693,01/09/2025,HOSP196,166,34,0.83,0,0,0,0,0,37,0
IND04694,01/10/2025,HOSP196,167,33,0.83,0,0,0,0,0,24,0
IND04695,01/11/2025,HOSP196,164,36,0.82,0,0,0,0,0,25,0
IND04696,01/12/2025,HOSP196,166,34,0.83,0,0,0,0,0,34,0
IND04697,01/01/2026,HOSP196,171,29,0.85,1,0,0,1,0,18,0
IND04698,01/02/2026,HOSP196,172,28,0.86,0,0,0,0,0,29,0
IND04699,01/03/2026,HOSP196,187,13,0.94,0,0,0,0,0,26,0
IND04700,01/04/2026,HOSP196,166,34,0.83,0,0,0,0,0,26,0
IND04701,01/05/2026,HOSP196,176,24,0.88,1,0,0,1,0,33,0
IND04702,01/06/2026,HOSP196,163,37,0.81,0,0,0,0,0,28,0
IND04703,01/07/2026,HOSP196,170,30,0.85,0,0,0,0,0,36,0
IND04704,01/08/2026,HOSP196,159,41,0.8,0,0,0,0,0,26,0
IND04705,01/09/2024,HOSP197,137,38,0.78,0,0,0,0,0,28,0
IND04706,01/10/2024,HOSP197,132,43,0.75,2,0,1,0,1,42,0
IND04707,01/11/2024,HOSP197,127,48,0.73,0,0,0,0,0,35,0
IND04708,01/12/2024,HOSP197,135,40,0.77,2,0,0,1,1,26,0
IND04709,01/01/2025,HOSP197,124,51,0.71,2,0,1,0,1,43,0
IND04710,01/02/2025,HOSP197,132,43,0.75,0,0,0,0,0,37,0
IND04711,01/03/2025,HOSP197,131,44,0.75,0,0,0,0,0,27,0
IND04712,01/04/2025,HOSP197,132,43,0.75,2,1,0,1,0,19,0
IND04713,01/05/2025,HOSP197,136,39,0.78,1,0,1,0,0,14,0
IND04714,01/06/2025,HOSP197,134,41,0.77,3,0,1,1,1,25,0
IND04715,01/07/2025,HOSP197,138,37,0.79,0,0,0,0,0,25,0
IND04716,01/08/2025,HOSP197,131,44,0.75,0,0,0,0,0,31,0
IND04717,01/09/2025,HOSP197,141,34,0.81,0,0,0,0,0,33,0
IND04718,01/10/2025,HOSP197,124,51,0.71,1,0,0,0,1,13,0
IND04719,01/11/2025,HOSP197,133,42,0.76,0,0,0,0,0,24,0
IND04720,01/12/2025,HOSP197,131,44,0.75,0,0,0,0,0,44,0
IND04721,01/01/2026,HOSP197,129,46,0.74,0,0,0,0,0,25,0
IND04722,01/02/2026,HOSP197,129,46,0.74,0,0,0,0,0,34,0
IND04723,01/03/2026,HOSP197,122,53,0.7,2,0,1,1,0,24,0
IND04724,01/04/2026,HOSP197,139,36,0.79,0,0,0,0,0,25,0
IND04725,01/05/2026,HOSP197,141,34,0.81,0,0,0,0,0,34,0
IND04726,01/06/2026,HOSP197,130,45,0.74,3,0,0,1,2,34,0
IND04727,01/07/2026,HOSP197,130,45,0.74,0,0,0,0,0,41,0
IND04728,01/08/2026,HOSP197,141,34,0.81,4,0,2,2,0,32,1
IND04729,01/09/2024,HOSP198,201,24,0.89,1,0,0,1,0,19,0
IND04730,01/10/2024,HOSP198,195,30,0.87,0,0,0,0,0,27,0
IND04731,01/11/2024,HOSP198,200,25,0.89,0,0,0,0,0,19,0
IND04732,01/12/2024,HOSP198,191,34,0.85,0,0,0,0,0,32,0
IND04733,01/01/2025,HOSP198,210,15,0.93,2,0,2,0,0,35,0
IND04734,01/02/2025,HOSP198,196,29,0.87,0,0,0,0,0,29,0
IND04735,01/03/2025,HOSP198,204,21,0.91,4,1,1,1,1,34,2
IND04736,01/04/2025,HOSP198,189,36,0.84,0,0,0,0,0,19,0
IND04737,01/05/2025,HOSP198,209,16,0.93,2,0,1,1,0,30,0
IND04738,01/06/2025,HOSP198,197,28,0.88,0,0,0,0,0,39,0
IND04739,01/07/2025,HOSP198,202,23,0.9,1,0,1,0,0,20,1
IND04740,01/08/2025,HOSP198,197,28,0.88,0,0,0,0,0,26,0
IND04741,01/09/2025,HOSP198,197,28,0.88,0,0,0,0,0,22,0
IND04742,01/10/2025,HOSP198,196,29,0.87,0,0,0,0,0,40,0
IND04743,01/11/2025,HOSP198,198,27,0.88,0,0,0,0,0,30,0
IND04744,01/12/2025,HOSP198,193,32,0.86,0,0,0,0,0,32,0
IND04745,01/01/2026,HOSP198,188,37,0.84,1,0,0,1,0,23,0
IND04746,01/02/2026,HOSP198,206,19,0.92,0,0,0,0,0,32,0
IND04747,01/03/2026,HOSP198,212,13,0.94,1,0,0,0,1,21,0
IND04748,01/04/2026,HOSP198,197,28,0.88,0,0,0,0,0,41,0
IND04749,01/05/2026,HOSP198,191,34,0.85,0,0,0,0,0,30,0
IND04750,01/06/2026,HOSP198,191,34,0.85,0,0,0,0,0,23,0
IND04751,01/07/2026,HOSP198,201,24,0.89,1,0,1,0,0,46,1
IND04752,01/08/2026,HOSP198,200,25,0.89,1,0,1,0,0,39,0
IND04753,01/09/2024,HOSP199,134,26,0.84,1,0,0,0,1,34,0
IND04754,01/10/2024,HOSP199,133,27,0.83,1,0,0,1,0,28,0
IND04755,01/11/2024,HOSP199,137,23,0.86,0,0,0,0,0,13,0
IND04756,01/12/2024,HOSP199,124,36,0.78,1,0,1,0,0,35,0
IND04757,01/01/2025,HOSP199,131,29,0.82,3,0,1,2,0,28,1
IND04758,01/02/2025,HOSP199,136,24,0.85,3,0,2,1,0,24,0
IND04759,01/03/2025,HOSP199,138,22,0.86,2,0,0,1,1,25,0
IND04760,01/04/2025,HOSP199,127,33,0.79,0,0,0,0,0,26,0
IND04761,01/05/2025,HOSP199,136,24,0.85,0,0,0,0,0,38,0
IND04762,01/06/2025,HOSP199,131,29,0.82,2,0,1,1,0,38,0
IND04763,01/07/2025,HOSP199,134,26,0.84,2,0,0,2,0,38,0
IND04764,01/08/2025,HOSP199,122,38,0.76,1,0,0,1,0,25,0
IND04765,01/09/2025,HOSP199,127,33,0.79,0,0,0,0,0,25,0
IND04766,01/10/2025,HOSP199,130,30,0.81,0,0,0,0,0,25,0
IND04767,01/11/2025,HOSP199,140,20,0.88,2,0,1,1,0,40,0
IND04768,01/12/2025,HOSP199,124,36,0.78,0,0,0,0,0,38,0
IND04769,01/01/2026,HOSP199,134,26,0.84,0,0,0,0,0,32,0
IND04770,01/02/2026,HOSP199,127,33,0.79,1,0,1,0,0,8,0
IND04771,01/03/2026,HOSP199,128,32,0.8,0,0,0,0,0,26,0
IND04772,01/04/2026,HOSP199,135,25,0.84,2,0,2,0,0,29,0
IND04773,01/05/2026,HOSP199,125,35,0.78,1,0,0,1,0,54,0
IND04774,01/06/2026,HOSP199,130,30,0.81,2,0,2,0,0,40,0
IND04775,01/07/2026,HOSP199,131,29,0.82,0,0,0,0,0,31,0
IND04776,01/08/2026,HOSP199,126,34,0.79,1,0,0,1,0,36,0
IND04777,01/09/2024,HOSP200,212,38,0.85,1,0,0,1,0,31,0
IND04778,01/10/2024,HOSP200,222,28,0.89,2,0,1,1,0,34,0
IND04779,01/11/2024,HOSP200,216,34,0.86,3,0,1,2,0,32,0
IND04780,01/12/2024,HOSP200,224,26,0.9,2,0,0,2,0,45,0
IND04781,01/01/2025,HOSP200,204,46,0.82,0,0,0,0,0,29,0
IND04782,01/02/2025,HOSP200,208,42,0.83,3,0,1,1,1,27,0
IND04783,01/03/2025,HOSP200,223,27,0.89,4,0,2,1,1,26,0
IND04784,01/04/2025,HOSP200,218,32,0.87,4,1,0,2,1,20,0
IND04785,01/05/2025,HOSP200,219,31,0.88,3,0,1,0,2,35,0
IND04786,01/06/2025,HOSP200,230,20,0.92,6,0,0,5,1,27,1
IND04787,01/07/2025,HOSP200,238,12,0.95,2,0,1,0,1,38,0
IND04788,01/08/2025,HOSP200,210,40,0.84,1,0,1,0,0,19,0
IND04789,01/09/2025,HOSP200,206,44,0.82,2,0,1,1,0,29,0
IND04790,01/10/2025,HOSP200,213,37,0.85,2,0,0,1,1,29,0
IND04791,01/11/2025,HOSP200,225,25,0.9,1,0,0,1,0,13,0
IND04792,01/12/2025,HOSP200,223,27,0.89,2,0,1,1,0,34,0
IND04793,01/01/2026,HOSP200,217,33,0.87,0,0,0,0,0,32,0
IND04794,01/02/2026,HOSP200,211,39,0.84,0,0,0,0,0,30,0
IND04795,01/03/2026,HOSP200,210,40,0.84,3,0,2,1,0,39,1
IND04796,01/04/2026,HOSP200,211,39,0.84,3,0,1,2,0,21,0
IND04797,01/05/2026,HOSP200,216,34,0.86,2,0,0,2,0,42,0
IND04798,01/06/2026,HOSP200,215,35,0.86,1,0,0,1,0,20,0
IND04799,01/07/2026,HOSP200,214,36,0.86,1,0,1,0,0,23,0
IND04800,01/08/2026,HOSP200,218,32,0.87,3,0,1,0,2,36,0
IND04801,01/09/2024,HOSP201,152,43,0.78,1,0,0,1,0,5,0
IND04802,01/10/2024,HOSP201,139,56,0.71,0,0,0,0,0,31,0
IND04803,01/11/2024,HOSP201,154,41,0.79,0,0,0,0,0,22,0
IND04804,01/12/2024,HOSP201,132,63,0.68,1,0,1,0,0,36,0
IND04805,01/01/2025,HOSP201,149,46,0.76,1,0,0,1,0,23,1
IND04806,01/02/2025,HOSP201,153,42,0.78,1,0,0,1,0,24,0
IND04807,01/03/2025,HOSP201,148,47,0.76,1,0,0,1,0,19,0
IND04808,01/04/2025,HOSP201,144,51,0.74,0,0,0,0,0,34,0
IND04809,01/05/2025,HOSP201,149,46,0.76,0,0,0,0,0,32,0
IND04810,01/06/2025,HOSP201,151,44,0.77,0,0,0,0,0,33,0
IND04811,01/07/2025,HOSP201,135,60,0.69,0,0,0,0,0,33,0
IND04812,01/08/2025,HOSP201,146,49,0.75,1,0,0,0,1,21,0
IND04813,01/09/2025,HOSP201,133,62,0.68,0,0,0,0,0,29,0
IND04814,01/10/2025,HOSP201,146,49,0.75,0,0,0,0,0,27,0
IND04815,01/11/2025,HOSP201,147,48,0.75,1,0,1,0,0,33,0
IND04816,01/12/2025,HOSP201,145,50,0.74,1,0,0,1,0,28,0
IND04817,01/01/2026,HOSP201,148,47,0.76,0,0,0,0,0,10,0
IND04818,01/02/2026,HOSP201,147,48,0.75,0,0,0,0,0,30,0
IND04819,01/03/2026,HOSP201,135,60,0.69,1,0,0,1,0,10,0
IND04820,01/04/2026,HOSP201,154,41,0.79,2,0,1,1,0,38,0
IND04821,01/05/2026,HOSP201,147,48,0.75,2,0,1,0,1,30,0
IND04822,01/06/2026,HOSP201,144,51,0.74,2,0,1,1,0,30,0
IND04823,01/07/2026,HOSP201,144,51,0.74,0,0,0,0,0,12,0
IND04824,01/08/2026,HOSP201,128,67,0.66,3,0,2,1,0,28,0
IND04825,01/09/2024,HOSP202,124,56,0.69,0,0,0,0,0,31,0
IND04826,01/10/2024,HOSP202,128,52,0.71,0,0,0,0,0,33,0
IND04827,01/11/2024,HOSP202,135,45,0.75,0,0,0,0,0,33,0
IND04828,01/12/2024,HOSP202,137,43,0.76,0,0,0,0,0,28,0
IND04829,01/01/2025,HOSP202,129,51,0.72,1,0,0,0,1,54,0
IND04830,01/02/2025,HOSP202,135,45,0.75,1,0,1,0,0,25,0
IND04831,01/03/2025,HOSP202,123,57,0.68,1,0,0,0,1,38,0
IND04832,01/04/2025,HOSP202,133,47,0.74,0,0,0,0,0,34,0
IND04833,01/05/2025,HOSP202,142,38,0.79,3,0,1,1,1,37,0
IND04834,01/06/2025,HOSP202,123,57,0.68,1,0,1,0,0,29,0
IND04835,01/07/2025,HOSP202,121,59,0.67,1,0,0,1,0,16,0
IND04836,01/08/2025,HOSP202,134,46,0.74,0,0,0,0,0,37,0
IND04837,01/09/2025,HOSP202,132,48,0.73,0,0,0,0,0,27,0
IND04838,01/10/2025,HOSP202,138,42,0.77,1,0,1,0,0,25,0
IND04839,01/11/2025,HOSP202,135,45,0.75,0,0,0,0,0,28,0
IND04840,01/12/2025,HOSP202,131,49,0.73,0,0,0,0,0,36,0
IND04841,01/01/2026,HOSP202,140,40,0.78,1,1,0,0,0,39,0
IND04842,01/02/2026,HOSP202,127,53,0.71,0,0,0,0,0,30,0
IND04843,01/03/2026,HOSP202,130,50,0.72,0,0,0,0,0,43,0
IND04844,01/04/2026,HOSP202,125,55,0.69,0,0,0,0,0,27,0
IND04845,01/05/2026,HOSP202,131,49,0.73,0,0,0,0,0,31,0
IND04846,01/06/2026,HOSP202,139,41,0.77,0,0,0,0,0,24,0
IND04847,01/07/2026,HOSP202,127,53,0.71,0,0,0,0,0,31,0
IND04848,01/08/2026,HOSP202,137,43,0.76,2,0,0,2,0,19,0
IND04849,01/09/2024,HOSP203,151,64,0.7,0,0,0,0,0,26,0
IND04850,01/10/2024,HOSP203,159,56,0.74,0,0,0,0,0,19,0
IND04851,01/11/2024,HOSP203,154,61,0.72,2,0,1,1,0,30,1
IND04852,01/12/2024,HOSP203,154,61,0.72,2,0,1,1,0,32,0
IND04853,01/01/2025,HOSP203,150,65,0.7,0,0,0,0,0,18,0
IND04854,01/02/2025,HOSP203,155,60,0.72,0,0,0,0,0,31,0
IND04855,01/03/2025,HOSP203,155,60,0.72,4,2,2,0,0,27,0
IND04856,01/04/2025,HOSP203,167,48,0.78,2,0,0,0,2,52,0
IND04857,01/05/2025,HOSP203,158,57,0.73,2,0,1,1,0,31,0
IND04858,01/06/2025,HOSP203,152,63,0.71,0,0,0,0,0,24,0
IND04859,01/07/2025,HOSP203,159,56,0.74,1,0,1,0,0,32,0
IND04860,01/08/2025,HOSP203,154,61,0.72,1,0,0,1,0,15,0
IND04861,01/09/2025,HOSP203,145,70,0.67,0,0,0,0,0,28,0
IND04862,01/10/2025,HOSP203,150,65,0.7,0,0,0,0,0,29,0
IND04863,01/11/2025,HOSP203,152,63,0.71,2,0,0,2,0,38,0
IND04864,01/12/2025,HOSP203,156,59,0.73,0,0,0,0,0,26,0
IND04865,01/01/2026,HOSP203,141,74,0.66,0,0,0,0,0,39,0
IND04866,01/02/2026,HOSP203,152,63,0.71,0,0,0,0,0,28,0
IND04867,01/03/2026,HOSP203,157,58,0.73,0,0,0,0,0,25,0
IND04868,01/04/2026,HOSP203,151,64,0.7,1,0,0,1,0,62,0
IND04869,01/05/2026,HOSP203,149,66,0.69,1,0,0,1,0,14,0
IND04870,01/06/2026,HOSP203,158,57,0.73,0,0,0,0,0,23,0
IND04871,01/07/2026,HOSP203,152,63,0.71,2,0,1,1,0,36,0
IND04872,01/08/2026,HOSP203,156,59,0.73,1,0,0,0,1,17,0
IND04873,01/09/2024,HOSP204,140,30,0.82,0,0,0,0,0,34,0
IND04874,01/10/2024,HOSP204,143,27,0.84,1,0,0,1,0,21,0
IND04875,01/11/2024,HOSP204,145,25,0.85,1,0,0,1,0,5,0
IND04876,01/12/2024,HOSP204,146,24,0.86,0,0,0,0,0,26,0
IND04877,01/01/2025,HOSP204,139,31,0.82,0,0,0,0,0,36,0
IND04878,01/02/2025,HOSP204,150,20,0.88,0,0,0,0,0,32,0
IND04879,01/03/2025,HOSP204,151,19,0.89,1,0,0,1,0,21,0
IND04880,01/04/2025,HOSP204,142,28,0.84,0,0,0,0,0,26,0
IND04881,01/05/2025,HOSP204,135,35,0.79,0,0,0,0,0,31,0
IND04882,01/06/2025,HOSP204,136,34,0.8,0,0,0,0,0,32,0
IND04883,01/07/2025,HOSP204,139,31,0.82,0,0,0,0,0,24,0
IND04884,01/08/2025,HOSP204,129,41,0.76,1,0,1,0,0,41,0
IND04885,01/09/2025,HOSP204,141,29,0.83,0,0,0,0,0,30,0
IND04886,01/10/2025,HOSP204,139,31,0.82,0,0,0,0,0,31,0
IND04887,01/11/2025,HOSP204,147,23,0.86,0,0,0,0,0,29,0
IND04888,01/12/2025,HOSP204,143,27,0.84,0,0,0,0,0,33,0
IND04889,01/01/2026,HOSP204,149,21,0.88,1,0,1,0,0,49,0
IND04890,01/02/2026,HOSP204,137,33,0.81,0,0,0,0,0,28,0
IND04891,01/03/2026,HOSP204,137,33,0.81,1,0,0,0,1,35,0
IND04892,01/04/2026,HOSP204,144,26,0.85,1,0,0,1,0,37,0
IND04893,01/05/2026,HOSP204,151,19,0.89,1,0,0,0,1,22,0
IND04894,01/06/2026,HOSP204,130,40,0.76,0,0,0,0,0,38,0
IND04895,01/07/2026,HOSP204,150,20,0.88,2,0,1,1,0,28,0
IND04896,01/08/2026,HOSP204,137,33,0.81,1,0,0,1,0,30,0
IND04897,01/09/2024,HOSP205,168,87,0.66,0,0,0,0,0,44,0
IND04898,01/10/2024,HOSP205,171,84,0.67,0,0,0,0,0,27,0
IND04899,01/11/2024,HOSP205,185,70,0.73,1,0,0,0,1,16,0
IND04900,01/12/2024,HOSP205,203,52,0.8,2,0,1,0,1,23,0
IND04901,01/01/2025,HOSP205,183,72,0.72,0,0,0,0,0,18,0
IND04902,01/02/2025,HOSP205,187,68,0.73,5,0,2,3,0,34,0
IND04903,01/03/2025,HOSP205,174,81,0.68,3,0,0,2,1,31,0
IND04904,01/04/2025,HOSP205,169,86,0.66,5,0,3,0,2,21,0
IND04905,01/05/2025,HOSP205,181,74,0.71,2,0,0,0,2,14,0
IND04906,01/06/2025,HOSP205,173,82,0.68,4,0,2,2,0,24,0
IND04907,01/07/2025,HOSP205,185,70,0.73,2,0,1,0,1,30,0
IND04908,01/08/2025,HOSP205,173,82,0.68,0,0,0,0,0,31,0
IND04909,01/09/2025,HOSP205,176,79,0.69,2,0,1,0,1,20,0
IND04910,01/10/2025,HOSP205,186,69,0.73,1,0,0,0,1,44,0
IND04911,01/11/2025,HOSP205,171,84,0.67,2,0,0,0,2,29,0
IND04912,01/12/2025,HOSP205,171,84,0.67,1,0,0,1,0,33,0
IND04913,01/01/2026,HOSP205,165,90,0.65,3,0,0,3,0,27,0
IND04914,01/02/2026,HOSP205,185,70,0.73,1,1,0,0,0,46,0
IND04915,01/03/2026,HOSP205,184,71,0.72,0,0,0,0,0,32,0
IND04916,01/04/2026,HOSP205,187,68,0.73,1,0,0,0,1,32,0
IND04917,01/05/2026,HOSP205,186,69,0.73,2,0,0,1,1,22,0
IND04918,01/06/2026,HOSP205,187,68,0.73,2,0,0,0,2,14,0
IND04919,01/07/2026,HOSP205,195,60,0.76,4,0,2,1,1,29,1
IND04920,01/08/2026,HOSP205,160,95,0.63,3,0,1,2,0,16,0
IND04921,01/09/2024,HOSP206,145,40,0.78,2,0,2,0,0,37,1
IND04922,01/10/2024,HOSP206,150,35,0.81,5,1,0,4,0,32,1
IND04923,01/11/2024,HOSP206,157,28,0.85,6,0,4,0,2,27,0
IND04924,01/12/2024,HOSP206,137,48,0.74,3,0,2,0,1,31,0
IND04925,01/01/2025,HOSP206,149,36,0.81,6,1,2,3,0,22,0
IND04926,01/02/2025,HOSP206,139,46,0.75,3,0,2,1,0,26,0
IND04927,01/03/2025,HOSP206,150,35,0.81,3,0,3,0,0,26,1
IND04928,01/04/2025,HOSP206,134,51,0.72,12,1,1,6,4,27,2
IND04929,01/05/2025,HOSP206,150,35,0.81,7,0,2,4,1,27,0
IND04930,01/06/2025,HOSP206,132,53,0.71,4,0,1,3,0,16,0
IND04931,01/07/2025,HOSP206,150,35,0.81,5,1,1,1,2,28,0
IND04932,01/08/2025,HOSP206,146,39,0.79,10,2,1,5,2,34,1
IND04933,01/09/2025,HOSP206,141,44,0.76,4,0,0,3,1,26,0
IND04934,01/10/2025,HOSP206,139,46,0.75,5,1,1,3,0,38,1
IND04935,01/11/2025,HOSP206,148,37,0.8,2,0,0,0,2,24,0
IND04936,01/12/2025,HOSP206,140,45,0.76,5,0,1,4,0,24,2
IND04937,01/01/2026,HOSP206,137,48,0.74,3,1,0,2,0,28,1
IND04938,01/02/2026,HOSP206,142,43,0.77,1,0,0,1,0,32,0
IND04939,01/03/2026,HOSP206,141,44,0.76,3,0,0,3,0,39,0
IND04940,01/04/2026,HOSP206,146,39,0.79,2,0,0,1,1,38,0
IND04941,01/05/2026,HOSP206,132,53,0.71,3,0,1,2,0,31,0
IND04942,01/06/2026,HOSP206,138,47,0.75,6,0,2,3,1,34,1
IND04943,01/07/2026,HOSP206,135,50,0.73,3,0,2,0,1,19,0
IND04944,01/08/2026,HOSP206,157,28,0.85,8,1,2,3,2,22,0
IND04945,01/09/2024,HOSP207,167,33,0.83,0,0,0,0,0,30,0
IND04946,01/10/2024,HOSP207,169,31,0.84,1,0,1,0,0,35,0
IND04947,01/11/2024,HOSP207,159,41,0.8,1,0,0,1,0,28,0
IND04948,01/12/2024,HOSP207,165,35,0.82,4,0,1,2,1,15,0
IND04949,01/01/2025,HOSP207,172,28,0.86,1,1,0,0,0,69,0
IND04950,01/02/2025,HOSP207,171,29,0.85,2,0,0,2,0,35,0
IND04951,01/03/2025,HOSP207,172,28,0.86,2,0,1,0,1,21,0
IND04952,01/04/2025,HOSP207,161,39,0.81,1,0,0,1,0,36,0
IND04953,01/05/2025,HOSP207,161,39,0.81,1,0,0,1,0,17,0
IND04954,01/06/2025,HOSP207,163,37,0.81,0,0,0,0,0,22,0
IND04955,01/07/2025,HOSP207,168,32,0.84,1,0,1,0,0,31,0
IND04956,01/08/2025,HOSP207,177,23,0.89,0,0,0,0,0,31,0
IND04957,01/09/2025,HOSP207,176,24,0.88,0,0,0,0,0,34,0
IND04958,01/10/2025,HOSP207,170,30,0.85,4,1,1,2,0,34,0
IND04959,01/11/2025,HOSP207,175,25,0.88,2,0,0,2,0,20,0
IND04960,01/12/2025,HOSP207,171,29,0.85,0,0,0,0,0,24,0
IND04961,01/01/2026,HOSP207,157,43,0.79,0,0,0,0,0,40,0
IND04962,01/02/2026,HOSP207,168,32,0.84,1,0,0,1,0,15,0
IND04963,01/03/2026,HOSP207,179,21,0.9,0,0,0,0,0,24,0
IND04964,01/04/2026,HOSP207,167,33,0.83,2,0,1,1,0,40,0
IND04965,01/05/2026,HOSP207,165,35,0.82,2,0,0,1,1,22,0
IND04966,01/06/2026,HOSP207,151,49,0.76,1,0,0,0,1,27,0
IND04967,01/07/2026,HOSP207,172,28,0.86,3,0,1,1,1,29,0
IND04968,01/08/2026,HOSP207,167,33,0.83,1,0,0,1,0,35,0
IND04969,01/09/2024,HOSP208,175,55,0.76,1,0,1,0,0,27,0
IND04970,01/10/2024,HOSP208,186,44,0.81,0,0,0,0,0,34,0
IND04971,01/11/2024,HOSP208,168,62,0.73,1,1,0,0,0,22,0
IND04972,01/12/2024,HOSP208,170,60,0.74,4,0,2,2,0,23,0
IND04973,01/01/2025,HOSP208,170,60,0.74,3,0,1,2,0,20,0
IND04974,01/02/2025,HOSP208,168,62,0.73,3,0,1,2,0,35,0
IND04975,01/03/2025,HOSP208,189,41,0.82,2,1,1,0,0,25,0
IND04976,01/04/2025,HOSP208,171,59,0.74,2,0,1,1,0,20,0
IND04977,01/05/2025,HOSP208,177,53,0.77,2,0,1,1,0,22,0
IND04978,01/06/2025,HOSP208,164,66,0.71,1,0,0,1,0,34,0
IND04979,01/07/2025,HOSP208,167,63,0.73,3,0,2,1,0,24,0
IND04980,01/08/2025,HOSP208,163,67,0.71,1,1,0,0,0,44,1
IND04981,01/09/2025,HOSP208,163,67,0.71,2,0,0,2,0,25,0
IND04982,01/10/2025,HOSP208,180,50,0.78,1,0,0,1,0,36,1
IND04983,01/11/2025,HOSP208,171,59,0.74,2,0,0,1,1,12,0
IND04984,01/12/2025,HOSP208,166,64,0.72,0,0,0,0,0,28,0
IND04985,01/01/2026,HOSP208,165,65,0.72,2,0,0,1,1,34,0
IND04986,01/02/2026,HOSP208,174,56,0.76,1,0,0,1,0,31,0
IND04987,01/03/2026,HOSP208,175,55,0.76,0,0,0,0,0,21,0
IND04988,01/04/2026,HOSP208,170,60,0.74,2,0,0,1,1,32,0
IND04989,01/05/2026,HOSP208,177,53,0.77,0,0,0,0,0,29,0
IND04990,01/06/2026,HOSP208,169,61,0.73,5,0,0,5,0,32,0
IND04991,01/07/2026,HOSP208,182,48,0.79,1,0,0,1,0,28,0
IND04992,01/08/2026,HOSP208,179,51,0.78,3,0,1,2,0,19,1
IND04993,01/09/2024,HOSP209,105,45,0.7,0,0,0,0,0,28,0
IND04994,01/10/2024,HOSP209,116,34,0.77,1,0,0,1,0,17,0
IND04995,01/11/2024,HOSP209,110,40,0.73,0,0,0,0,0,45,0
IND04996,01/12/2024,HOSP209,114,36,0.76,1,1,0,0,0,5,0
IND04997,01/01/2025,HOSP209,97,53,0.65,1,0,0,1,0,32,0
IND04998,01/02/2025,HOSP209,122,28,0.81,2,0,1,1,0,38,1
IND04999,01/03/2025,HOSP209,107,43,0.71,0,0,0,0,0,36,0
IND05000,01/04/2025,HOSP209,114,36,0.76,1,0,1,0,0,29,0
IND05001,01/05/2025,HOSP209,112,38,0.75,0,0,0,0,0,40,0
IND05002,01/06/2025,HOSP209,108,42,0.72,0,0,0,0,0,38,0
IND05003,01/07/2025,HOSP209,107,43,0.71,2,0,1,1,0,30,0
IND05004,01/08/2025,HOSP209,108,42,0.72,1,0,0,1,0,20,0
IND05005,01/09/2025,HOSP209,109,41,0.73,0,0,0,0,0,29,0
IND05006,01/10/2025,HOSP209,111,39,0.74,2,0,1,0,1,28,0
IND05007,01/11/2025,HOSP209,107,43,0.71,1,0,0,1,0,41,0
IND05008,01/12/2025,HOSP209,105,45,0.7,0,0,0,0,0,26,0
IND05009,01/01/2026,HOSP209,108,42,0.72,1,0,1,0,0,37,1
IND05010,01/02/2026,HOSP209,105,45,0.7,1,0,1,0,0,19,0
IND05011,01/03/2026,HOSP209,108,42,0.72,4,0,1,2,1,34,0
IND05012,01/04/2026,HOSP209,116,34,0.77,2,0,0,1,1,31,0
IND05013,01/05/2026,HOSP209,117,33,0.78,1,0,1,0,0,30,0
IND05014,01/06/2026,HOSP209,101,49,0.67,0,0,0,0,0,40,0
IND05015,01/07/2026,HOSP209,111,39,0.74,0,0,0,0,0,23,0
IND05016,01/08/2026,HOSP209,115,35,0.77,0,0,0,0,0,29,0
IND05017,01/09/2024,HOSP210,184,56,0.77,0,0,0,0,0,26,0
IND05018,01/10/2024,HOSP210,179,61,0.75,0,0,0,0,0,33,0
IND05019,01/11/2024,HOSP210,181,59,0.75,2,0,1,1,0,37,0
IND05020,01/12/2024,HOSP210,166,74,0.69,2,0,0,2,0,30,0
IND05021,01/01/2025,HOSP210,170,70,0.71,4,0,0,2,2,30,0
IND05022,01/02/2025,HOSP210,182,58,0.76,1,0,0,1,0,5,0
IND05023,01/03/2025,HOSP210,162,78,0.68,0,0,0,0,0,41,0
IND05024,01/04/2025,HOSP210,176,64,0.73,0,0,0,0,0,28,0
IND05025,01/05/2025,HOSP210,168,72,0.7,2,0,1,1,0,42,0
IND05026,01/06/2025,HOSP210,180,60,0.75,0,0,0,0,0,23,0
IND05027,01/07/2025,HOSP210,179,61,0.75,1,0,1,0,0,5,0
IND05028,01/08/2025,HOSP210,179,61,0.75,1,0,0,1,0,24,0
IND05029,01/09/2025,HOSP210,174,66,0.72,2,0,0,1,1,27,0
IND05030,01/10/2025,HOSP210,180,60,0.75,0,0,0,0,0,35,0
IND05031,01/11/2025,HOSP210,180,60,0.75,0,0,0,0,0,20,0
IND05032,01/12/2025,HOSP210,164,76,0.68,1,0,1,0,0,38,0
IND05033,01/01/2026,HOSP210,188,52,0.78,1,0,0,0,1,9,0
IND05034,01/02/2026,HOSP210,167,73,0.7,0,0,0,0,0,31,0
IND05035,01/03/2026,HOSP210,182,58,0.76,2,1,0,1,0,32,0
IND05036,01/04/2026,HOSP210,182,58,0.76,0,0,0,0,0,26,0
IND05037,01/05/2026,HOSP210,169,71,0.7,1,0,1,0,0,41,0
IND05038,01/06/2026,HOSP210,180,60,0.75,1,0,0,1,0,43,0
IND05039,01/07/2026,HOSP210,153,87,0.64,1,0,0,1,0,32,0
IND05040,01/08/2026,HOSP210,181,59,0.75,1,0,1,0,0,16,0
IND05041,01/09/2024,HOSP211,135,55,0.71,0,0,0,0,0,32,0
IND05042,01/10/2024,HOSP211,160,30,0.84,0,0,0,0,0,32,0
IND05043,01/11/2024,HOSP211,146,44,0.77,1,0,0,1,0,41,0
IND05044,01/12/2024,HOSP211,161,29,0.85,0,0,0,0,0,23,0
IND05045,01/01/2025,HOSP211,149,41,0.78,1,0,0,1,0,30,0
IND05046,01/02/2025,HOSP211,152,38,0.8,0,0,0,0,0,40,0
IND05047,01/03/2025,HOSP211,149,41,0.78,1,0,0,0,1,29,0
IND05048,01/04/2025,HOSP211,150,40,0.79,0,0,0,0,0,37,0
IND05049,01/05/2025,HOSP211,145,45,0.76,0,0,0,0,0,24,0
IND05050,01/06/2025,HOSP211,146,44,0.77,0,0,0,0,0,23,0
IND05051,01/07/2025,HOSP211,147,43,0.77,1,0,0,1,0,13,0
IND05052,01/08/2025,HOSP211,145,45,0.76,0,0,0,0,0,27,0
IND05053,01/09/2025,HOSP211,155,35,0.82,0,0,0,0,0,22,0
IND05054,01/10/2025,HOSP211,166,24,0.87,0,0,0,0,0,23,0
IND05055,01/11/2025,HOSP211,159,31,0.84,0,0,0,0,0,35,0
IND05056,01/12/2025,HOSP211,158,32,0.83,1,0,0,1,0,47,0
IND05057,01/01/2026,HOSP211,153,37,0.81,0,0,0,0,0,29,0
IND05058,01/02/2026,HOSP211,142,48,0.75,0,0,0,0,0,34,0
IND05059,01/03/2026,HOSP211,135,55,0.71,1,0,0,1,0,41,0
IND05060,01/04/2026,HOSP211,146,44,0.77,1,0,0,1,0,39,0
IND05061,01/05/2026,HOSP211,160,30,0.84,0,0,0,0,0,42,0
IND05062,01/06/2026,HOSP211,150,40,0.79,0,0,0,0,0,29,0
IND05063,01/07/2026,HOSP211,160,30,0.84,0,0,0,0,0,26,0
IND05064,01/08/2026,HOSP211,146,44,0.77,0,0,0,0,0,29,0
IND05065,01/09/2024,HOSP212,151,24,0.86,3,1,0,2,0,15,1
IND05066,01/10/2024,HOSP212,153,22,0.87,2,0,2,0,0,35,0
IND05067,01/11/2024,HOSP212,144,31,0.82,1,0,1,0,0,32,0
IND05068,01/12/2024,HOSP212,152,23,0.87,5,0,1,3,1,28,0
IND05069,01/01/2025,HOSP212,154,21,0.88,3,0,0,3,0,25,0
IND05070,01/02/2025,HOSP212,146,29,0.83,3,0,1,2,0,39,0
IND05071,01/03/2025,HOSP212,152,23,0.87,2,0,1,1,0,18,0
IND05072,01/04/2025,HOSP212,153,22,0.87,2,0,1,0,1,28,0
IND05073,01/05/2025,HOSP212,152,23,0.87,1,1,0,0,0,29,0
IND05074,01/06/2025,HOSP212,156,19,0.89,2,0,1,1,0,21,0
IND05075,01/07/2025,HOSP212,150,25,0.86,4,0,1,2,1,28,0
IND05076,01/08/2025,HOSP212,147,28,0.84,2,0,1,1,0,42,0
IND05077,01/09/2025,HOSP212,142,33,0.81,1,0,1,0,0,32,0
IND05078,01/10/2025,HOSP212,159,16,0.91,3,0,1,2,0,22,0
IND05079,01/11/2025,HOSP212,143,32,0.82,2,0,2,0,0,26,0
IND05080,01/12/2025,HOSP212,150,25,0.86,5,0,2,2,1,39,0
IND05081,01/01/2026,HOSP212,149,26,0.85,0,0,0,0,0,35,0
IND05082,01/02/2026,HOSP212,155,20,0.89,1,0,1,0,0,18,0
IND05083,01/03/2026,HOSP212,150,25,0.86,1,1,0,0,0,7,0
IND05084,01/04/2026,HOSP212,154,21,0.88,0,0,0,0,0,31,0
IND05085,01/05/2026,HOSP212,149,26,0.85,0,0,0,0,0,18,0
IND05086,01/06/2026,HOSP212,155,20,0.89,2,0,2,0,0,44,0
IND05087,01/07/2026,HOSP212,158,17,0.9,2,1,0,1,0,32,0
IND05088,01/08/2026,HOSP212,148,27,0.85,1,0,0,1,0,24,0
IND05089,01/09/2024,HOSP213,166,54,0.75,0,0,0,0,0,25,0
IND05090,01/10/2024,HOSP213,176,44,0.8,1,0,1,0,0,25,0
IND05091,01/11/2024,HOSP213,166,54,0.75,0,0,0,0,0,21,0
IND05092,01/12/2024,HOSP213,162,58,0.74,1,1,0,0,0,30,0
IND05093,01/01/2025,HOSP213,168,52,0.76,4,0,2,1,1,27,0
IND05094,01/02/2025,HOSP213,159,61,0.72,1,0,0,1,0,25,0
IND05095,01/03/2025,HOSP213,165,55,0.75,0,0,0,0,0,23,0
IND05096,01/04/2025,HOSP213,172,48,0.78,0,0,0,0,0,20,0
IND05097,01/05/2025,HOSP213,159,61,0.72,1,0,0,0,1,33,0
IND05098,01/06/2025,HOSP213,169,51,0.77,0,0,0,0,0,32,0
IND05099,01/07/2025,HOSP213,155,65,0.7,2,0,2,0,0,17,0
IND05100,01/08/2025,HOSP213,160,60,0.73,0,0,0,0,0,34,0
IND05101,01/09/2025,HOSP213,162,58,0.74,0,0,0,0,0,28,0
IND05102,01/10/2025,HOSP213,161,59,0.73,0,0,0,0,0,23,0
IND05103,01/11/2025,HOSP213,158,62,0.72,1,0,0,1,0,24,0
IND05104,01/12/2025,HOSP213,170,50,0.77,0,0,0,0,0,30,0
IND05105,01/01/2026,HOSP213,166,54,0.75,0,0,0,0,0,29,0
IND05106,01/02/2026,HOSP213,166,54,0.75,0,0,0,0,0,24,0
IND05107,01/03/2026,HOSP213,156,64,0.71,1,0,1,0,0,14,0
IND05108,01/04/2026,HOSP213,160,60,0.73,0,0,0,0,0,24,0
IND05109,01/05/2026,HOSP213,150,70,0.68,1,0,0,0,1,13,0
IND05110,01/06/2026,HOSP213,166,54,0.75,2,0,0,2,0,32,0
IND05111,01/07/2026,HOSP213,154,66,0.7,1,0,1,0,0,31,0
IND05112,01/08/2026,HOSP213,163,57,0.74,0,0,0,0,0,28,0
IND05113,01/09/2024,HOSP214,136,29,0.82,0,0,0,0,0,27,0
IND05114,01/10/2024,HOSP214,140,25,0.85,1,0,0,1,0,28,0
IND05115,01/11/2024,HOSP214,138,27,0.84,3,0,1,1,1,21,1
IND05116,01/12/2024,HOSP214,129,36,0.78,1,0,0,1,0,21,0
IND05117,01/01/2025,HOSP214,131,34,0.79,4,0,2,2,0,30,0
IND05118,01/02/2025,HOSP214,128,37,0.78,0,0,0,0,0,25,0
IND05119,01/03/2025,HOSP214,128,37,0.78,7,0,2,3,2,32,1
IND05120,01/04/2025,HOSP214,129,36,0.78,2,0,0,2,0,35,0
IND05121,01/05/2025,HOSP214,134,31,0.81,3,1,1,1,0,25,0
IND05122,01/06/2025,HOSP214,137,28,0.83,3,0,2,1,0,34,0
IND05123,01/07/2025,HOSP214,126,39,0.76,3,0,1,2,0,22,0
IND05124,01/08/2025,HOSP214,134,31,0.81,2,0,2,0,0,28,0
IND05125,01/09/2025,HOSP214,133,32,0.81,1,0,1,0,0,19,1
IND05126,01/10/2025,HOSP214,135,30,0.82,2,0,0,1,1,42,0
IND05127,01/11/2025,HOSP214,136,29,0.82,5,0,2,3,0,27,0
IND05128,01/12/2025,HOSP214,138,27,0.84,3,0,1,2,0,16,1
IND05129,01/01/2026,HOSP214,126,39,0.76,1,0,0,1,0,53,0
IND05130,01/02/2026,HOSP214,144,21,0.87,2,1,1,0,0,37,0
IND05131,01/03/2026,HOSP214,135,30,0.82,2,0,2,0,0,32,0
IND05132,01/04/2026,HOSP214,135,30,0.82,1,0,0,0,1,5,0
IND05133,01/05/2026,HOSP214,139,26,0.84,0,0,0,0,0,29,0
IND05134,01/06/2026,HOSP214,141,24,0.85,5,0,2,1,2,31,1
IND05135,01/07/2026,HOSP214,133,32,0.81,6,1,0,3,2,32,1
IND05136,01/08/2026,HOSP214,135,30,0.82,1,0,0,1,0,19,0
IND05137,01/09/2024,HOSP215,232,18,0.93,2,1,0,1,0,38,0
IND05138,01/10/2024,HOSP215,234,16,0.94,1,0,0,0,1,19,0
IND05139,01/11/2024,HOSP215,241,9,0.96,2,0,1,1,0,20,0
IND05140,01/12/2024,HOSP215,226,24,0.9,6,1,1,4,0,28,0
IND05141,01/01/2025,HOSP215,232,18,0.93,4,0,3,1,0,28,0
IND05142,01/02/2025,HOSP215,215,35,0.86,1,0,1,0,0,17,0
IND05143,01/03/2025,HOSP215,235,15,0.94,3,0,1,1,1,36,1
IND05144,01/04/2025,HOSP215,231,19,0.92,0,0,0,0,0,30,0
IND05145,01/05/2025,HOSP215,239,11,0.96,3,0,1,2,0,16,1
IND05146,01/06/2025,HOSP215,217,33,0.87,0,0,0,0,0,33,0
IND05147,01/07/2025,HOSP215,232,18,0.93,5,0,0,5,0,42,0
IND05148,01/08/2025,HOSP215,219,31,0.88,3,0,2,1,0,31,0
IND05149,01/09/2025,HOSP215,238,12,0.95,0,0,0,0,0,36,0
IND05150,01/10/2025,HOSP215,227,23,0.91,1,0,0,1,0,30,0
IND05151,01/11/2025,HOSP215,233,17,0.93,2,0,1,1,0,28,0
IND05152,01/12/2025,HOSP215,219,31,0.88,1,0,0,1,0,33,0
IND05153,01/01/2026,HOSP215,237,13,0.95,1,0,1,0,0,34,0
IND05154,01/02/2026,HOSP215,235,15,0.94,3,0,1,2,0,37,0
IND05155,01/03/2026,HOSP215,226,24,0.9,1,0,1,0,0,17,0
IND05156,01/04/2026,HOSP215,222,28,0.89,3,0,2,1,0,44,0
IND05157,01/05/2026,HOSP215,244,6,0.98,4,0,2,2,0,31,0
IND05158,01/06/2026,HOSP215,234,16,0.94,1,0,0,0,1,31,0
IND05159,01/07/2026,HOSP215,224,26,0.9,1,0,0,0,1,41,0
IND05160,01/08/2026,HOSP215,232,18,0.93,7,1,4,2,0,24,1
IND05161,01/09/2024,HOSP216,177,28,0.86,2,0,1,1,0,40,0
IND05162,01/10/2024,HOSP216,167,38,0.81,3,0,1,2,0,27,0
IND05163,01/11/2024,HOSP216,153,52,0.75,1,0,0,0,1,37,0
IND05164,01/12/2024,HOSP216,157,48,0.77,5,0,0,4,1,31,0
IND05165,01/01/2025,HOSP216,175,30,0.85,6,0,2,1,3,26,0
IND05166,01/02/2025,HOSP216,163,42,0.8,2,0,1,1,0,14,0
IND05167,01/03/2025,HOSP216,167,38,0.81,6,1,2,3,0,21,0
IND05168,01/04/2025,HOSP216,161,44,0.79,2,1,0,1,0,22,1
IND05169,01/05/2025,HOSP216,163,42,0.8,3,0,1,2,0,22,0
IND05170,01/06/2025,HOSP216,148,57,0.72,0,0,0,0,0,27,0
IND05171,01/07/2025,HOSP216,163,42,0.8,3,0,2,1,0,22,0
IND05172,01/08/2025,HOSP216,164,41,0.8,4,1,0,3,0,33,1
IND05173,01/09/2025,HOSP216,158,47,0.77,0,0,0,0,0,32,0
IND05174,01/10/2025,HOSP216,160,45,0.78,6,2,0,3,1,33,1
IND05175,01/11/2025,HOSP216,160,45,0.78,1,0,0,1,0,33,1
IND05176,01/12/2025,HOSP216,157,48,0.77,0,0,0,0,0,33,0
IND05177,01/01/2026,HOSP216,162,43,0.79,0,0,0,0,0,19,0
IND05178,01/02/2026,HOSP216,169,36,0.82,5,0,1,3,1,28,0
IND05179,01/03/2026,HOSP216,165,40,0.8,2,0,1,1,0,38,0
IND05180,01/04/2026,HOSP216,167,38,0.81,3,0,0,2,1,27,0
IND05181,01/05/2026,HOSP216,172,33,0.84,5,1,0,3,1,28,0
IND05182,01/06/2026,HOSP216,157,48,0.77,2,0,0,2,0,24,0
IND05183,01/07/2026,HOSP216,162,43,0.79,6,0,3,3,0,26,0
IND05184,01/08/2026,HOSP216,167,38,0.81,5,0,1,4,0,36,0
IND05185,01/09/2024,HOSP217,143,47,0.75,0,0,0,0,0,29,0
IND05186,01/10/2024,HOSP217,148,42,0.78,2,0,0,2,0,26,0
IND05187,01/11/2024,HOSP217,127,63,0.67,2,1,0,1,0,20,0
IND05188,01/12/2024,HOSP217,142,48,0.75,2,0,0,2,0,26,1
IND05189,01/01/2025,HOSP217,142,48,0.75,0,0,0,0,0,27,0
IND05190,01/02/2025,HOSP217,146,44,0.77,2,0,0,0,2,34,0
IND05191,01/03/2025,HOSP217,139,51,0.73,1,0,0,1,0,27,0
IND05192,01/04/2025,HOSP217,143,47,0.75,0,0,0,0,0,31,0
IND05193,01/05/2025,HOSP217,148,42,0.78,2,0,2,0,0,21,0
IND05194,01/06/2025,HOSP217,138,52,0.73,0,0,0,0,0,41,0
IND05195,01/07/2025,HOSP217,127,63,0.67,5,1,2,2,0,32,0
IND05196,01/08/2025,HOSP217,140,50,0.74,1,0,0,1,0,47,0
IND05197,01/09/2025,HOSP217,150,40,0.79,1,0,1,0,0,24,0
IND05198,01/10/2025,HOSP217,132,58,0.69,1,0,1,0,0,18,0
IND05199,01/11/2025,HOSP217,135,55,0.71,1,0,0,1,0,37,0
IND05200,01/12/2025,HOSP217,137,53,0.72,2,1,1,0,0,27,0
IND05201,01/01/2026,HOSP217,141,49,0.74,1,0,0,0,1,8,0
IND05202,01/02/2026,HOSP217,139,51,0.73,0,0,0,0,0,27,0
IND05203,01/03/2026,HOSP217,143,47,0.75,1,0,0,1,0,15,0
IND05204,01/04/2026,HOSP217,139,51,0.73,1,0,0,0,1,26,0
IND05205,01/05/2026,HOSP217,144,46,0.76,1,0,0,0,1,10,0
IND05206,01/06/2026,HOSP217,135,55,0.71,1,0,0,1,0,18,0
IND05207,01/07/2026,HOSP217,143,47,0.75,0,0,0,0,0,34,0
IND05208,01/08/2026,HOSP217,137,53,0.72,5,0,1,2,2,25,0
IND05209,01/09/2024,HOSP218,194,21,0.9,0,0,0,0,0,35,0
IND05210,01/10/2024,HOSP218,197,18,0.92,0,0,0,0,0,32,0
IND05211,01/11/2024,HOSP218,196,19,0.91,0,0,0,0,0,32,0
IND05212,01/12/2024,HOSP218,195,20,0.91,1,0,0,1,0,28,1
IND05213,01/01/2025,HOSP218,199,16,0.93,1,1,0,0,0,44,0
IND05214,01/02/2025,HOSP218,173,42,0.8,0,0,0,0,0,22,0
IND05215,01/03/2025,HOSP218,171,44,0.8,1,0,0,1,0,20,0
IND05216,01/04/2025,HOSP218,196,19,0.91,0,0,0,0,0,28,0
IND05217,01/05/2025,HOSP218,180,35,0.84,0,0,0,0,0,29,0
IND05218,01/06/2025,HOSP218,188,27,0.87,0,0,0,0,0,28,0
IND05219,01/07/2025,HOSP218,185,30,0.86,0,0,0,0,0,25,0
IND05220,01/08/2025,HOSP218,182,33,0.85,1,0,1,0,0,23,1
IND05221,01/09/2025,HOSP218,188,27,0.87,0,0,0,0,0,33,0
IND05222,01/10/2025,HOSP218,176,39,0.82,1,0,0,0,1,33,0
IND05223,01/11/2025,HOSP218,190,25,0.88,1,0,0,1,0,13,0
IND05224,01/12/2025,HOSP218,183,32,0.85,0,0,0,0,0,29,0
IND05225,01/01/2026,HOSP218,175,40,0.81,0,0,0,0,0,21,0
IND05226,01/02/2026,HOSP218,198,17,0.92,0,0,0,0,0,25,0
IND05227,01/03/2026,HOSP218,174,41,0.81,0,0,0,0,0,21,0
IND05228,01/04/2026,HOSP218,188,27,0.87,2,0,1,0,1,40,1
IND05229,01/05/2026,HOSP218,182,33,0.85,0,0,0,0,0,20,0
IND05230,01/06/2026,HOSP218,189,26,0.88,2,0,1,1,0,43,0
IND05231,01/07/2026,HOSP218,199,16,0.93,1,0,0,1,0,26,0
IND05232,01/08/2026,HOSP218,185,30,0.86,0,0,0,0,0,33,0
IND05233,01/09/2024,HOSP219,128,27,0.83,0,0,0,0,0,32,0
IND05234,01/10/2024,HOSP219,138,17,0.89,0,0,0,0,0,39,0
IND05235,01/11/2024,HOSP219,138,17,0.89,0,0,0,0,0,22,0
IND05236,01/12/2024,HOSP219,136,19,0.88,3,1,1,0,1,37,0
IND05237,01/01/2025,HOSP219,146,9,0.94,1,0,0,1,0,40,0
IND05238,01/02/2025,HOSP219,139,16,0.9,0,0,0,0,0,32,0
IND05239,01/03/2025,HOSP219,140,15,0.9,1,0,0,1,0,46,0
IND05240,01/04/2025,HOSP219,145,10,0.94,2,0,0,2,0,38,0
IND05241,01/05/2025,HOSP219,137,18,0.88,0,0,0,0,0,32,0
IND05242,01/06/2025,HOSP219,138,17,0.89,1,0,0,1,0,33,0
IND05243,01/07/2025,HOSP219,143,12,0.92,0,0,0,0,0,32,0
IND05244,01/08/2025,HOSP219,140,15,0.9,0,0,0,0,0,33,0
IND05245,01/09/2025,HOSP219,144,11,0.93,1,0,1,0,0,11,0
IND05246,01/10/2025,HOSP219,147,8,0.95,0,0,0,0,0,32,0
IND05247,01/11/2025,HOSP219,140,15,0.9,0,0,0,0,0,29,0
IND05248,01/12/2025,HOSP219,130,25,0.84,1,0,0,0,1,52,0
IND05249,01/01/2026,HOSP219,134,21,0.86,0,0,0,0,0,25,0
IND05250,01/02/2026,HOSP219,152,3,0.98,0,0,0,0,0,35,0
IND05251,01/03/2026,HOSP219,138,17,0.89,0,0,0,0,0,14,0
IND05252,01/04/2026,HOSP219,123,32,0.79,0,0,0,0,0,23,0
IND05253,01/05/2026,HOSP219,140,15,0.9,1,0,1,0,0,10,0
IND05254,01/06/2026,HOSP219,130,25,0.84,0,0,0,0,0,30,0
IND05255,01/07/2026,HOSP219,144,11,0.93,0,0,0,0,0,23,0
IND05256,01/08/2026,HOSP219,135,20,0.87,1,0,1,0,0,22,0
IND05257,01/09/2024,HOSP220,235,25,0.9,1,0,1,0,0,25,0
IND05258,01/10/2024,HOSP220,229,31,0.88,0,0,0,0,0,30,0
IND05259,01/11/2024,HOSP220,223,37,0.86,1,0,0,1,0,8,0
IND05260,01/12/2024,HOSP220,228,32,0.88,1,0,0,0,1,45,0
IND05261,01/01/2025,HOSP220,224,36,0.86,0,0,0,0,0,23,0
IND05262,01/02/2025,HOSP220,225,35,0.87,0,0,0,0,0,37,0
IND05263,01/03/2025,HOSP220,228,32,0.88,2,1,0,1,0,44,1
IND05264,01/04/2025,HOSP220,226,34,0.87,0,0,0,0,0,26,0
IND05265,01/05/2025,HOSP220,230,30,0.88,1,0,1,0,0,23,0
IND05266,01/06/2025,HOSP220,217,43,0.83,1,0,0,0,1,35,0
IND05267,01/07/2025,HOSP220,245,15,0.94,3,1,0,2,0,35,0
IND05268,01/08/2025,HOSP220,231,29,0.89,0,0,0,0,0,24,0
IND05269,01/09/2025,HOSP220,212,48,0.82,0,0,0,0,0,27,0
IND05270,01/10/2025,HOSP220,224,36,0.86,3,0,0,3,0,28,1
IND05271,01/11/2025,HOSP220,203,57,0.78,2,1,0,1,0,24,0
IND05272,01/12/2025,HOSP220,217,43,0.83,1,0,1,0,0,51,1
IND05273,01/01/2026,HOSP220,225,35,0.87,0,0,0,0,0,31,0
IND05274,01/02/2026,HOSP220,241,19,0.93,2,0,0,1,1,30,0
IND05275,01/03/2026,HOSP220,227,33,0.87,2,0,0,2,0,24,0
IND05276,01/04/2026,HOSP220,235,25,0.9,0,0,0,0,0,25,0
IND05277,01/05/2026,HOSP220,213,47,0.82,1,0,0,1,0,40,0
IND05278,01/06/2026,HOSP220,217,43,0.83,3,0,1,2,0,27,0
IND05279,01/07/2026,HOSP220,237,23,0.91,1,0,0,1,0,32,0
IND05280,01/08/2026,HOSP220,222,38,0.85,1,0,0,1,0,21,0
IND05281,01/09/2024,HOSP221,136,44,0.76,0,0,0,0,0,22,0
IND05282,01/10/2024,HOSP221,131,49,0.73,0,0,0,0,0,27,0
IND05283,01/11/2024,HOSP221,136,44,0.76,0,0,0,0,0,22,0
IND05284,01/12/2024,HOSP221,134,46,0.74,2,0,0,2,0,32,0
IND05285,01/01/2025,HOSP221,138,42,0.77,0,0,0,0,0,27,0
IND05286,01/02/2025,HOSP221,137,43,0.76,0,0,0,0,0,27,0
IND05287,01/03/2025,HOSP221,137,43,0.76,0,0,0,0,0,25,0
IND05288,01/04/2025,HOSP221,128,52,0.71,1,0,1,0,0,47,1
IND05289,01/05/2025,HOSP221,138,42,0.77,1,0,1,0,0,26,0
IND05290,01/06/2025,HOSP221,146,34,0.81,1,0,0,0,1,21,0
IND05291,01/07/2025,HOSP221,149,31,0.83,1,0,0,1,0,15,0
IND05292,01/08/2025,HOSP221,123,57,0.68,1,0,1,0,0,23,0
IND05293,01/09/2025,HOSP221,133,47,0.74,1,0,0,0,1,31,0
IND05294,01/10/2025,HOSP221,141,39,0.78,0,0,0,0,0,32,0
IND05295,01/11/2025,HOSP221,148,32,0.82,1,0,0,1,0,51,0
IND05296,01/12/2025,HOSP221,146,34,0.81,1,0,0,1,0,12,0
IND05297,01/01/2026,HOSP221,146,34,0.81,0,0,0,0,0,35,0
IND05298,01/02/2026,HOSP221,135,45,0.75,2,0,1,1,0,50,1
IND05299,01/03/2026,HOSP221,135,45,0.75,0,0,0,0,0,18,0
IND05300,01/04/2026,HOSP221,140,40,0.78,0,0,0,0,0,40,0
IND05301,01/05/2026,HOSP221,129,51,0.72,2,0,0,1,1,24,0
IND05302,01/06/2026,HOSP221,137,43,0.76,1,0,0,1,0,43,0
IND05303,01/07/2026,HOSP221,145,35,0.81,0,0,0,0,0,29,0
IND05304,01/08/2026,HOSP221,131,49,0.73,1,0,0,1,0,24,0
IND05305,01/09/2024,HOSP222,134,51,0.72,0,0,0,0,0,30,0
IND05306,01/10/2024,HOSP222,146,39,0.79,4,0,3,1,0,21,0
IND05307,01/11/2024,HOSP222,148,37,0.8,3,0,0,3,0,31,0
IND05308,01/12/2024,HOSP222,142,43,0.77,4,0,0,3,1,36,2
IND05309,01/01/2025,HOSP222,149,36,0.81,3,0,2,1,0,39,0
IND05310,01/02/2025,HOSP222,151,34,0.82,3,2,1,0,0,31,0
IND05311,01/03/2025,HOSP222,141,44,0.76,5,1,1,3,0,24,0
IND05312,01/04/2025,HOSP222,153,32,0.83,3,0,2,0,1,29,0
IND05313,01/05/2025,HOSP222,159,26,0.86,1,0,0,0,1,11,0
IND05314,01/06/2025,HOSP222,145,40,0.78,2,0,0,2,0,32,0
IND05315,01/07/2025,HOSP222,144,41,0.78,1,1,0,0,0,36,0
IND05316,01/08/2025,HOSP222,142,43,0.77,3,0,1,2,0,31,0
IND05317,01/09/2025,HOSP222,142,43,0.77,0,0,0,0,0,21,0
IND05318,01/10/2025,HOSP222,151,34,0.82,0,0,0,0,0,17,0
IND05319,01/11/2025,HOSP222,141,44,0.76,0,0,0,0,0,40,0
IND05320,01/12/2025,HOSP222,148,37,0.8,1,0,1,0,0,27,0
IND05321,01/01/2026,HOSP222,138,47,0.75,2,0,1,1,0,34,0
IND05322,01/02/2026,HOSP222,151,34,0.82,2,0,1,1,0,23,0
IND05323,01/03/2026,HOSP222,156,29,0.84,1,0,0,0,1,36,1
IND05324,01/04/2026,HOSP222,149,36,0.81,1,0,0,1,0,33,0
IND05325,01/05/2026,HOSP222,142,43,0.77,4,0,1,1,2,28,0
IND05326,01/06/2026,HOSP222,143,42,0.77,3,0,1,1,1,29,0
IND05327,01/07/2026,HOSP222,148,37,0.8,3,0,0,2,1,23,0
IND05328,01/08/2026,HOSP222,158,27,0.85,2,0,0,2,0,34,0
IND05329,01/09/2024,HOSP223,171,54,0.76,0,0,0,0,0,30,0
IND05330,01/10/2024,HOSP223,175,50,0.78,0,0,0,0,0,36,0
IND05331,01/11/2024,HOSP223,168,57,0.75,0,0,0,0,0,33,0
IND05332,01/12/2024,HOSP223,170,55,0.76,2,0,0,1,1,18,1
IND05333,01/01/2025,HOSP223,183,42,0.81,2,0,1,1,0,26,0
IND05334,01/02/2025,HOSP223,175,50,0.78,0,0,0,0,0,22,0
IND05335,01/03/2025,HOSP223,176,49,0.78,3,0,1,1,1,34,1
IND05336,01/04/2025,HOSP223,177,48,0.79,1,0,0,1,0,36,0
IND05337,01/05/2025,HOSP223,174,51,0.77,0,0,0,0,0,28,0
IND05338,01/06/2025,HOSP223,162,63,0.72,3,0,1,2,0,22,0
IND05339,01/07/2025,HOSP223,169,56,0.75,2,0,1,1,0,8,0
IND05340,01/08/2025,HOSP223,174,51,0.77,0,0,0,0,0,29,0
IND05341,01/09/2025,HOSP223,183,42,0.81,0,0,0,0,0,29,0
IND05342,01/10/2025,HOSP223,177,48,0.79,0,0,0,0,0,28,0
IND05343,01/11/2025,HOSP223,175,50,0.78,1,0,0,1,0,43,0
IND05344,01/12/2025,HOSP223,177,48,0.79,0,0,0,0,0,33,0
IND05345,01/01/2026,HOSP223,147,78,0.65,3,1,1,0,1,32,0
IND05346,01/02/2026,HOSP223,174,51,0.77,0,0,0,0,0,24,0
IND05347,01/03/2026,HOSP223,163,62,0.72,0,0,0,0,0,23,0
IND05348,01/04/2026,HOSP223,169,56,0.75,0,0,0,0,0,26,0
IND05349,01/05/2026,HOSP223,163,62,0.72,0,0,0,0,0,31,0
IND05350,01/06/2026,HOSP223,158,67,0.7,0,0,0,0,0,25,0
IND05351,01/07/2026,HOSP223,173,52,0.77,0,0,0,0,0,27,0
IND05352,01/08/2026,HOSP223,157,68,0.7,0,0,0,0,0,34,0
IND05353,01/09/2024,HOSP224,143,17,0.89,0,0,0,0,0,33,0
IND05354,01/10/2024,HOSP224,144,16,0.9,0,0,0,0,0,26,0
IND05355,01/11/2024,HOSP224,143,17,0.89,0,0,0,0,0,13,0
IND05356,01/12/2024,HOSP224,136,24,0.85,0,0,0,0,0,22,0
IND05357,01/01/2025,HOSP224,145,15,0.91,1,0,0,1,0,14,0
IND05358,01/02/2025,HOSP224,147,13,0.92,0,0,0,0,0,28,0
IND05359,01/03/2025,HOSP224,141,19,0.88,1,0,1,0,0,28,0
IND05360,01/04/2025,HOSP224,145,15,0.91,0,0,0,0,0,32,0
IND05361,01/05/2025,HOSP224,141,19,0.88,2,0,1,0,1,31,0
IND05362,01/06/2025,HOSP224,144,16,0.9,1,0,0,1,0,34,0
IND05363,01/07/2025,HOSP224,138,22,0.86,0,0,0,0,0,23,0
IND05364,01/08/2025,HOSP224,146,14,0.91,0,0,0,0,0,32,0
IND05365,01/09/2025,HOSP224,146,14,0.91,0,0,0,0,0,26,0
IND05366,01/10/2025,HOSP224,144,16,0.9,2,0,2,0,0,41,0
IND05367,01/11/2025,HOSP224,145,15,0.91,1,0,0,1,0,27,0
IND05368,01/12/2025,HOSP224,145,15,0.91,1,0,0,0,1,20,0
IND05369,01/01/2026,HOSP224,150,10,0.94,0,0,0,0,0,31,0
IND05370,01/02/2026,HOSP224,147,13,0.92,0,0,0,0,0,21,0
IND05371,01/03/2026,HOSP224,143,17,0.89,0,0,0,0,0,27,0
IND05372,01/04/2026,HOSP224,147,13,0.92,1,0,0,1,0,17,1
IND05373,01/05/2026,HOSP224,140,20,0.88,2,0,0,1,1,18,0
IND05374,01/06/2026,HOSP224,144,16,0.9,1,0,0,1,0,17,0
IND05375,01/07/2026,HOSP224,155,5,0.97,0,0,0,0,0,28,0
IND05376,01/08/2026,HOSP224,151,9,0.94,0,0,0,0,0,31,0
IND05377,01/09/2024,HOSP225,171,74,0.7,2,0,1,1,0,29,0
IND05378,01/10/2024,HOSP225,173,72,0.71,1,0,1,0,0,43,0
IND05379,01/11/2024,HOSP225,154,91,0.63,0,0,0,0,0,25,0
IND05380,01/12/2024,HOSP225,153,92,0.62,3,1,1,0,1,30,0
IND05381,01/01/2025,HOSP225,169,76,0.69,2,0,0,1,1,14,0
IND05382,01/02/2025,HOSP225,166,79,0.68,0,0,0,0,0,30,0
IND05383,01/03/2025,HOSP225,170,75,0.69,3,1,2,0,0,31,0
IND05384,01/04/2025,HOSP225,162,83,0.66,0,0,0,0,0,22,0
IND05385,01/05/2025,HOSP225,163,82,0.67,1,0,0,1,0,25,1
IND05386,01/06/2025,HOSP225,147,98,0.6,0,0,0,0,0,26,0
IND05387,01/07/2025,HOSP225,171,74,0.7,0,0,0,0,0,15,0
IND05388,01/08/2025,HOSP225,170,75,0.69,0,0,0,0,0,25,0
IND05389,01/09/2025,HOSP225,163,82,0.67,1,0,0,1,0,30,0
IND05390,01/10/2025,HOSP225,182,63,0.74,0,0,0,0,0,22,0
IND05391,01/11/2025,HOSP225,172,73,0.7,1,0,1,0,0,29,0
IND05392,01/12/2025,HOSP225,176,69,0.72,1,0,0,0,1,20,0
IND05393,01/01/2026,HOSP225,170,75,0.69,0,0,0,0,0,32,0
IND05394,01/02/2026,HOSP225,161,84,0.66,2,0,0,1,1,35,0
IND05395,01/03/2026,HOSP225,169,76,0.69,2,1,1,0,0,27,0
IND05396,01/04/2026,HOSP225,167,78,0.68,0,0,0,0,0,25,0
IND05397,01/05/2026,HOSP225,146,99,0.6,1,0,0,1,0,21,0
IND05398,01/06/2026,HOSP225,178,67,0.73,0,0,0,0,0,31,0
IND05399,01/07/2026,HOSP225,177,68,0.72,1,0,0,1,0,5,0
IND05400,01/08/2026,HOSP225,166,79,0.68,1,0,0,1,0,40,0
IND05401,01/09/2024,HOSP226,177,23,0.89,1,0,0,1,0,14,0
IND05402,01/10/2024,HOSP226,177,23,0.89,1,0,0,1,0,36,1
IND05403,01/11/2024,HOSP226,181,19,0.91,1,0,0,0,1,24,0
IND05404,01/12/2024,HOSP226,171,29,0.85,1,0,0,1,0,41,0
IND05405,01/01/2025,HOSP226,185,15,0.93,2,0,0,2,0,39,1
IND05406,01/02/2025,HOSP226,189,11,0.94,3,0,1,1,1,25,0
IND05407,01/03/2025,HOSP226,180,20,0.9,1,0,0,1,0,36,0
IND05408,01/04/2025,HOSP226,171,29,0.85,4,0,0,3,1,18,0
IND05409,01/05/2025,HOSP226,177,23,0.89,1,0,1,0,0,29,1
IND05410,01/06/2025,HOSP226,175,25,0.88,3,0,0,2,1,32,0
IND05411,01/07/2025,HOSP226,181,19,0.91,2,0,2,0,0,24,2
IND05412,01/08/2025,HOSP226,172,28,0.86,2,1,0,0,1,34,0
IND05413,01/09/2025,HOSP226,178,22,0.89,3,1,0,2,0,33,1
IND05414,01/10/2025,HOSP226,170,30,0.85,4,1,0,1,2,40,0
IND05415,01/11/2025,HOSP226,181,19,0.91,3,0,1,2,0,25,0
IND05416,01/12/2025,HOSP226,186,14,0.93,3,0,2,0,1,31,0
IND05417,01/01/2026,HOSP226,176,24,0.88,1,0,0,0,1,36,0
IND05418,01/02/2026,HOSP226,187,13,0.94,3,0,0,2,1,34,1
IND05419,01/03/2026,HOSP226,178,22,0.89,4,1,1,1,1,34,0
IND05420,01/04/2026,HOSP226,180,20,0.9,2,0,1,1,0,26,0
IND05421,01/05/2026,HOSP226,180,20,0.9,4,0,0,4,0,40,0
IND05422,01/06/2026,HOSP226,154,46,0.77,2,0,1,1,0,20,0
IND05423,01/07/2026,HOSP226,187,13,0.94,5,0,1,3,1,30,0
IND05424,01/08/2026,HOSP226,181,19,0.91,2,0,0,1,1,14,0
IND05425,01/09/2024,HOSP227,121,49,0.71,1,0,0,1,0,22,0
IND05426,01/10/2024,HOSP227,130,40,0.76,1,0,1,0,0,30,0
IND05427,01/11/2024,HOSP227,122,48,0.72,0,0,0,0,0,31,0
IND05428,01/12/2024,HOSP227,132,38,0.78,2,0,0,1,1,30,0
IND05429,01/01/2025,HOSP227,115,55,0.68,0,0,0,0,0,27,0
IND05430,01/02/2025,HOSP227,127,43,0.75,0,0,0,0,0,30,0
IND05431,01/03/2025,HOSP227,118,52,0.69,2,1,0,1,0,20,0
IND05432,01/04/2025,HOSP227,134,36,0.79,3,0,2,0,1,32,0
IND05433,01/05/2025,HOSP227,129,41,0.76,2,1,0,1,0,22,1
IND05434,01/06/2025,HOSP227,128,42,0.75,1,0,0,1,0,46,0
IND05435,01/07/2025,HOSP227,127,43,0.75,2,1,0,1,0,26,0
IND05436,01/08/2025,HOSP227,127,43,0.75,0,0,0,0,0,41,0
IND05437,01/09/2025,HOSP227,135,35,0.79,0,0,0,0,0,26,0
IND05438,01/10/2025,HOSP227,133,37,0.78,1,0,0,0,1,52,1
IND05439,01/11/2025,HOSP227,132,38,0.78,1,0,1,0,0,45,0
IND05440,01/12/2025,HOSP227,139,31,0.82,1,0,0,1,0,31,0
IND05441,01/01/2026,HOSP227,129,41,0.76,0,0,0,0,0,22,0
IND05442,01/02/2026,HOSP227,118,52,0.69,0,0,0,0,0,25,0
IND05443,01/03/2026,HOSP227,137,33,0.81,0,0,0,0,0,30,0
IND05444,01/04/2026,HOSP227,125,45,0.74,1,0,1,0,0,21,1
IND05445,01/05/2026,HOSP227,130,40,0.76,1,0,1,0,0,22,0
IND05446,01/06/2026,HOSP227,125,45,0.74,3,0,2,1,0,32,0
IND05447,01/07/2026,HOSP227,141,29,0.83,0,0,0,0,0,32,0
IND05448,01/08/2026,HOSP227,121,49,0.71,1,0,1,0,0,37,0
IND05449,01/09/2024,HOSP228,145,65,0.69,1,0,1,0,0,46,0
IND05450,01/10/2024,HOSP228,142,68,0.68,2,0,0,2,0,38,0
IND05451,01/11/2024,HOSP228,143,67,0.68,2,0,1,1,0,45,1
IND05452,01/12/2024,HOSP228,162,48,0.77,4,0,1,3,0,35,0
IND05453,01/01/2025,HOSP228,156,54,0.74,5,1,0,2,2,31,3
IND05454,01/02/2025,HOSP228,155,55,0.74,0,0,0,0,0,28,0
IND05455,01/03/2025,HOSP228,166,44,0.79,1,0,0,1,0,30,0
IND05456,01/04/2025,HOSP228,148,62,0.7,1,0,1,0,0,39,0
IND05457,01/05/2025,HOSP228,163,47,0.78,1,0,0,1,0,53,0
IND05458,01/06/2025,HOSP228,142,68,0.68,6,1,3,2,0,31,0
IND05459,01/07/2025,HOSP228,155,55,0.74,2,0,2,0,0,34,0
IND05460,01/08/2025,HOSP228,149,61,0.71,3,1,0,2,0,24,0
IND05461,01/09/2025,HOSP228,153,57,0.73,7,1,2,3,1,27,0
IND05462,01/10/2025,HOSP228,153,57,0.73,4,1,2,0,1,32,0
IND05463,01/11/2025,HOSP228,144,66,0.69,3,0,0,3,0,31,0
IND05464,01/12/2025,HOSP228,147,63,0.7,7,0,3,2,2,24,0
IND05465,01/01/2026,HOSP228,153,57,0.73,3,0,1,1,1,39,0
IND05466,01/02/2026,HOSP228,148,62,0.7,2,0,0,2,0,34,0
IND05467,01/03/2026,HOSP228,154,56,0.73,0,0,0,0,0,28,0
IND05468,01/04/2026,HOSP228,158,52,0.75,2,0,1,1,0,23,0
IND05469,01/05/2026,HOSP228,155,55,0.74,2,0,0,1,1,36,0
IND05470,01/06/2026,HOSP228,153,57,0.73,5,0,2,2,1,21,1
IND05471,01/07/2026,HOSP228,156,54,0.74,6,1,2,3,0,35,0
IND05472,01/08/2026,HOSP228,147,63,0.7,3,1,0,2,0,16,0
IND05473,01/09/2024,HOSP229,131,19,0.87,0,0,0,0,0,28,0
IND05474,01/10/2024,HOSP229,124,26,0.83,0,0,0,0,0,14,0
IND05475,01/11/2024,HOSP229,122,28,0.81,1,0,0,1,0,30,0
IND05476,01/12/2024,HOSP229,129,21,0.86,0,0,0,0,0,32,0
IND05477,01/01/2025,HOSP229,132,18,0.88,0,0,0,0,0,30,0
IND05478,01/02/2025,HOSP229,133,17,0.89,0,0,0,0,0,31,0
IND05479,01/03/2025,HOSP229,133,17,0.89,3,0,2,0,1,36,0
IND05480,01/04/2025,HOSP229,128,22,0.85,1,0,1,0,0,16,0
IND05481,01/05/2025,HOSP229,131,19,0.87,1,0,0,1,0,25,0
IND05482,01/06/2025,HOSP229,135,15,0.9,0,0,0,0,0,35,0
IND05483,01/07/2025,HOSP229,130,20,0.87,6,0,2,4,0,22,1
IND05484,01/08/2025,HOSP229,132,18,0.88,0,0,0,0,0,33,0
IND05485,01/09/2025,HOSP229,133,17,0.89,0,0,0,0,0,35,0
IND05486,01/10/2025,HOSP229,137,13,0.91,0,0,0,0,0,29,0
IND05487,01/11/2025,HOSP229,138,12,0.92,0,0,0,0,0,26,0
IND05488,01/12/2025,HOSP229,126,24,0.84,3,1,1,1,0,15,0
IND05489,01/01/2026,HOSP229,131,19,0.87,0,0,0,0,0,32,0
IND05490,01/02/2026,HOSP229,134,16,0.89,0,0,0,0,0,20,0
IND05491,01/03/2026,HOSP229,136,14,0.91,0,0,0,0,0,36,0
IND05492,01/04/2026,HOSP229,135,15,0.9,0,0,0,0,0,27,0
IND05493,01/05/2026,HOSP229,137,13,0.91,0,0,0,0,0,31,0
IND05494,01/06/2026,HOSP229,127,23,0.85,1,0,1,0,0,32,0
IND05495,01/07/2026,HOSP229,133,17,0.89,0,0,0,0,0,25,0
IND05496,01/08/2026,HOSP229,122,28,0.81,3,0,1,2,0,21,0
IND05497,01/09/2024,HOSP230,222,33,0.87,3,0,1,2,0,17,0
IND05498,01/10/2024,HOSP230,209,46,0.82,0,0,0,0,0,29,0
IND05499,01/11/2024,HOSP230,227,28,0.89,0,0,0,0,0,34,0
IND05500,01/12/2024,HOSP230,219,36,0.86,0,0,0,0,0,23,0
IND05501,01/01/2025,HOSP230,233,22,0.91,1,0,0,1,0,28,0
IND05502,01/02/2025,HOSP230,243,12,0.95,3,0,0,2,1,25,1
IND05503,01/03/2025,HOSP230,222,33,0.87,4,1,1,1,1,27,0
IND05504,01/04/2025,HOSP230,223,32,0.87,1,0,0,0,1,28,0
IND05505,01/05/2025,HOSP230,218,37,0.85,0,0,0,0,0,21,0
IND05506,01/06/2025,HOSP230,232,23,0.91,2,1,0,0,1,25,0
IND05507,01/07/2025,HOSP230,215,40,0.84,0,0,0,0,0,28,0
IND05508,01/08/2025,HOSP230,210,45,0.82,1,0,1,0,0,22,0
IND05509,01/09/2025,HOSP230,215,40,0.84,0,0,0,0,0,23,0
IND05510,01/10/2025,HOSP230,227,28,0.89,2,0,1,0,1,22,1
IND05511,01/11/2025,HOSP230,213,42,0.84,0,0,0,0,0,37,0
IND05512,01/12/2025,HOSP230,220,35,0.86,0,0,0,0,0,27,0
IND05513,01/01/2026,HOSP230,220,35,0.86,3,0,2,1,0,32,0
IND05514,01/02/2026,HOSP230,216,39,0.85,1,0,1,0,0,15,0
IND05515,01/03/2026,HOSP230,228,27,0.89,2,1,0,1,0,34,0
IND05516,01/04/2026,HOSP230,216,39,0.85,0,0,0,0,0,28,0
IND05517,01/05/2026,HOSP230,223,32,0.87,2,0,2,0,0,32,1
IND05518,01/06/2026,HOSP230,230,25,0.9,2,0,1,1,0,28,1
IND05519,01/07/2026,HOSP230,224,31,0.88,1,0,0,1,0,42,0
IND05520,01/08/2026,HOSP230,226,29,0.89,2,0,1,1,0,34,0
IND05521,01/09/2024,HOSP231,143,52,0.73,2,0,2,0,0,24,0
IND05522,01/10/2024,HOSP231,138,57,0.71,0,0,0,0,0,29,0
IND05523,01/11/2024,HOSP231,129,66,0.66,0,0,0,0,0,24,0
IND05524,01/12/2024,HOSP231,140,55,0.72,2,0,0,1,1,45,0
IND05525,01/01/2025,HOSP231,133,62,0.68,0,0,0,0,0,23,0
IND05526,01/02/2025,HOSP231,145,50,0.74,0,0,0,0,0,41,0
IND05527,01/03/2025,HOSP231,126,69,0.65,1,0,0,0,1,27,0
IND05528,01/04/2025,HOSP231,138,57,0.71,1,0,1,0,0,30,0
IND05529,01/05/2025,HOSP231,142,53,0.73,1,0,1,0,0,20,0
IND05530,01/06/2025,HOSP231,140,55,0.72,1,1,0,0,0,33,0
IND05531,01/07/2025,HOSP231,140,55,0.72,4,1,1,2,0,38,1
IND05532,01/08/2025,HOSP231,146,49,0.75,0,0,0,0,0,39,0
IND05533,01/09/2025,HOSP231,132,63,0.68,1,0,0,1,0,38,0
IND05534,01/10/2025,HOSP231,128,67,0.66,2,0,0,1,1,30,0
IND05535,01/11/2025,HOSP231,136,59,0.7,0,0,0,0,0,26,0
IND05536,01/12/2025,HOSP231,130,65,0.67,3,0,1,2,0,40,0
IND05537,01/01/2026,HOSP231,119,76,0.61,1,0,1,0,0,52,0
IND05538,01/02/2026,HOSP231,128,67,0.66,3,1,0,1,1,29,0
IND05539,01/03/2026,HOSP231,134,61,0.69,1,0,0,1,0,25,0
IND05540,01/04/2026,HOSP231,149,46,0.76,0,0,0,0,0,29,0
IND05541,01/05/2026,HOSP231,135,60,0.69,0,0,0,0,0,32,0
IND05542,01/06/2026,HOSP231,126,69,0.65,2,0,0,2,0,28,0
IND05543,01/07/2026,HOSP231,135,60,0.69,0,0,0,0,0,26,0
IND05544,01/08/2026,HOSP231,136,59,0.7,0,0,0,0,0,23,0
IND05545,01/09/2024,HOSP232,136,44,0.76,0,0,0,0,0,29,0
IND05546,01/10/2024,HOSP232,140,40,0.78,0,0,0,0,0,32,0
IND05547,01/11/2024,HOSP232,135,45,0.75,0,0,0,0,0,36,0
IND05548,01/12/2024,HOSP232,141,39,0.78,0,0,0,0,0,38,0
IND05549,01/01/2025,HOSP232,133,47,0.74,2,0,1,1,0,31,0
IND05550,01/02/2025,HOSP232,126,54,0.7,0,0,0,0,0,31,0
IND05551,01/03/2025,HOSP232,133,47,0.74,0,0,0,0,0,33,0
IND05552,01/04/2025,HOSP232,142,38,0.79,1,0,0,1,0,24,0
IND05553,01/05/2025,HOSP232,129,51,0.72,1,0,1,0,0,21,0
IND05554,01/06/2025,HOSP232,122,58,0.68,0,0,0,0,0,29,0
IND05555,01/07/2025,HOSP232,140,40,0.78,2,1,0,1,0,34,0
IND05556,01/08/2025,HOSP232,135,45,0.75,0,0,0,0,0,38,0
IND05557,01/09/2025,HOSP232,130,50,0.72,0,0,0,0,0,23,0
IND05558,01/10/2025,HOSP232,144,36,0.8,0,0,0,0,0,36,0
IND05559,01/11/2025,HOSP232,133,47,0.74,0,0,0,0,0,22,0
IND05560,01/12/2025,HOSP232,136,44,0.76,0,0,0,0,0,31,0
IND05561,01/01/2026,HOSP232,138,42,0.77,0,0,0,0,0,35,0
IND05562,01/02/2026,HOSP232,129,51,0.72,0,0,0,0,0,29,0
IND05563,01/03/2026,HOSP232,135,45,0.75,0,0,0,0,0,27,0
IND05564,01/04/2026,HOSP232,139,41,0.77,0,0,0,0,0,34,0
IND05565,01/05/2026,HOSP232,129,51,0.72,1,0,1,0,0,34,0
IND05566,01/06/2026,HOSP232,127,53,0.71,0,0,0,0,0,29,0
IND05567,01/07/2026,HOSP232,135,45,0.75,1,0,0,1,0,38,0
IND05568,01/08/2026,HOSP232,133,47,0.74,0,0,0,0,0,24,0
IND05569,01/09/2024,HOSP233,162,58,0.74,0,0,0,0,0,23,0
IND05570,01/10/2024,HOSP233,148,72,0.67,1,0,1,0,0,33,1
IND05571,01/11/2024,HOSP233,156,64,0.71,0,0,0,0,0,25,0
IND05572,01/12/2024,HOSP233,162,58,0.74,1,0,0,1,0,20,0
IND05573,01/01/2025,HOSP233,159,61,0.72,0,0,0,0,0,32,0
IND05574,01/02/2025,HOSP233,147,73,0.67,1,0,1,0,0,22,0
IND05575,01/03/2025,HOSP233,152,68,0.69,0,0,0,0,0,22,0
IND05576,01/04/2025,HOSP233,152,68,0.69,2,0,1,1,0,26,0
IND05577,01/05/2025,HOSP233,157,63,0.71,1,0,1,0,0,11,0
IND05578,01/06/2025,HOSP233,145,75,0.66,0,0,0,0,0,32,0
IND05579,01/07/2025,HOSP233,140,80,0.64,1,0,0,1,0,25,0
IND05580,01/08/2025,HOSP233,150,70,0.68,0,0,0,0,0,24,0
IND05581,01/09/2025,HOSP233,144,76,0.65,0,0,0,0,0,30,0
IND05582,01/10/2025,HOSP233,146,74,0.66,1,0,0,1,0,25,0
IND05583,01/11/2025,HOSP233,160,60,0.73,2,0,0,2,0,28,0
IND05584,01/12/2025,HOSP233,149,71,0.68,2,0,1,1,0,27,0
IND05585,01/01/2026,HOSP233,156,64,0.71,0,0,0,0,0,25,0
IND05586,01/02/2026,HOSP233,155,65,0.7,2,1,0,1,0,36,0
IND05587,01/03/2026,HOSP233,153,67,0.7,0,0,0,0,0,25,0
IND05588,01/04/2026,HOSP233,159,61,0.72,0,0,0,0,0,29,0
IND05589,01/05/2026,HOSP233,160,60,0.73,3,0,0,2,1,30,2
IND05590,01/06/2026,HOSP233,163,57,0.74,2,0,2,0,0,21,0
IND05591,01/07/2026,HOSP233,162,58,0.74,2,0,0,1,1,26,0
IND05592,01/08/2026,HOSP233,166,54,0.75,2,0,1,0,1,35,1
IND05593,01/09/2024,HOSP234,134,31,0.81,0,0,0,0,0,26,0
IND05594,01/10/2024,HOSP234,143,22,0.87,1,1,0,0,0,32,1
IND05595,01/11/2024,HOSP234,146,19,0.88,0,0,0,0,0,31,0
IND05596,01/12/2024,HOSP234,139,26,0.84,0,0,0,0,0,25,0
IND05597,01/01/2025,HOSP234,147,18,0.89,1,1,0,0,0,19,1
IND05598,01/02/2025,HOSP234,140,25,0.85,0,0,0,0,0,18,0
IND05599,01/03/2025,HOSP234,135,30,0.82,1,0,0,0,1,38,0
IND05600,01/04/2025,HOSP234,149,16,0.9,1,0,1,0,0,27,0
IND05601,01/05/2025,HOSP234,143,22,0.87,1,0,1,0,0,51,1
IND05602,01/06/2025,HOSP234,140,25,0.85,0,0,0,0,0,17,0
IND05603,01/07/2025,HOSP234,131,34,0.79,0,0,0,0,0,20,0
IND05604,01/08/2025,HOSP234,143,22,0.87,0,0,0,0,0,34,0
IND05605,01/09/2025,HOSP234,150,15,0.91,0,0,0,0,0,29,0
IND05606,01/10/2025,HOSP234,143,22,0.87,1,0,0,0,1,28,0
IND05607,01/11/2025,HOSP234,139,26,0.84,0,0,0,0,0,22,0
IND05608,01/12/2025,HOSP234,137,28,0.83,0,0,0,0,0,26,0
IND05609,01/01/2026,HOSP234,136,29,0.82,2,0,1,1,0,25,0
IND05610,01/02/2026,HOSP234,130,35,0.79,0,0,0,0,0,35,0
IND05611,01/03/2026,HOSP234,141,24,0.85,0,0,0,0,0,21,0
IND05612,01/04/2026,HOSP234,145,20,0.88,1,0,0,0,1,32,0
IND05613,01/05/2026,HOSP234,151,14,0.92,0,0,0,0,0,32,0
IND05614,01/06/2026,HOSP234,143,22,0.87,0,0,0,0,0,33,0
IND05615,01/07/2026,HOSP234,139,26,0.84,1,0,0,1,0,46,0
IND05616,01/08/2026,HOSP234,133,32,0.81,1,0,0,1,0,32,0
IND05617,01/09/2024,HOSP235,230,20,0.92,0,0,0,0,0,20,0
IND05618,01/10/2024,HOSP235,220,30,0.88,2,0,1,1,0,36,1
IND05619,01/11/2024,HOSP235,219,31,0.88,0,0,0,0,0,27,0
IND05620,01/12/2024,HOSP235,207,43,0.83,0,0,0,0,0,19,0
IND05621,01/01/2025,HOSP235,225,25,0.9,1,0,1,0,0,17,1
IND05622,01/02/2025,HOSP235,235,15,0.94,0,0,0,0,0,34,0
IND05623,01/03/2025,HOSP235,227,23,0.91,1,0,1,0,0,28,1
IND05624,01/04/2025,HOSP235,225,25,0.9,0,0,0,0,0,26,0
IND05625,01/05/2025,HOSP235,221,29,0.88,1,0,0,0,1,27,0
IND05626,01/06/2025,HOSP235,228,22,0.91,0,0,0,0,0,21,0
IND05627,01/07/2025,HOSP235,220,30,0.88,1,0,0,1,0,24,0
IND05628,01/08/2025,HOSP235,214,36,0.86,1,0,0,0,1,22,0
IND05629,01/09/2025,HOSP235,242,8,0.97,1,0,1,0,0,22,0
IND05630,01/10/2025,HOSP235,227,23,0.91,0,0,0,0,0,29,0
IND05631,01/11/2025,HOSP235,216,34,0.86,1,0,0,1,0,30,0
IND05632,01/12/2025,HOSP235,236,14,0.94,1,0,1,0,0,8,0
IND05633,01/01/2026,HOSP235,221,29,0.88,1,0,0,1,0,21,0
IND05634,01/02/2026,HOSP235,208,42,0.83,0,0,0,0,0,28,0
IND05635,01/03/2026,HOSP235,227,23,0.91,1,0,1,0,0,9,0
IND05636,01/04/2026,HOSP235,234,16,0.94,0,0,0,0,0,31,0
IND05637,01/05/2026,HOSP235,220,30,0.88,1,0,0,1,0,44,0
IND05638,01/06/2026,HOSP235,224,26,0.9,1,0,0,1,0,44,0
IND05639,01/07/2026,HOSP235,240,10,0.96,0,0,0,0,0,20,0
IND05640,01/08/2026,HOSP235,226,24,0.9,0,0,0,0,0,40,0
IND05641,01/09/2024,HOSP236,141,44,0.76,0,0,0,0,0,31,0
IND05642,01/10/2024,HOSP236,143,42,0.77,0,0,0,0,0,24,0
IND05643,01/11/2024,HOSP236,154,31,0.83,0,0,0,0,0,37,0
IND05644,01/12/2024,HOSP236,132,53,0.71,1,0,1,0,0,32,0
IND05645,01/01/2025,HOSP236,153,32,0.83,0,0,0,0,0,29,0
IND05646,01/02/2025,HOSP236,145,40,0.78,0,0,0,0,0,24,0
IND05647,01/03/2025,HOSP236,138,47,0.75,0,0,0,0,0,27,0
IND05648,01/04/2025,HOSP236,139,46,0.75,1,0,0,1,0,11,0
IND05649,01/05/2025,HOSP236,134,51,0.72,0,0,0,0,0,31,0
IND05650,01/06/2025,HOSP236,141,44,0.76,1,0,1,0,0,14,0
IND05651,01/07/2025,HOSP236,144,41,0.78,0,0,0,0,0,32,0
IND05652,01/08/2025,HOSP236,136,49,0.74,0,0,0,0,0,32,0
IND05653,01/09/2025,HOSP236,146,39,0.79,0,0,0,0,0,31,0
IND05654,01/10/2025,HOSP236,134,51,0.72,1,0,1,0,0,24,0
IND05655,01/11/2025,HOSP236,136,49,0.74,0,0,0,0,0,34,0
IND05656,01/12/2025,HOSP236,140,45,0.76,0,0,0,0,0,28,0
IND05657,01/01/2026,HOSP236,137,48,0.74,0,0,0,0,0,27,0
IND05658,01/02/2026,HOSP236,128,57,0.69,0,0,0,0,0,28,0
IND05659,01/03/2026,HOSP236,142,43,0.77,0,0,0,0,0,35,0
IND05660,01/04/2026,HOSP236,143,42,0.77,0,0,0,0,0,30,0
IND05661,01/05/2026,HOSP236,145,40,0.78,2,0,0,2,0,40,0
IND05662,01/06/2026,HOSP236,144,41,0.78,1,0,0,1,0,55,1
IND05663,01/07/2026,HOSP236,127,58,0.69,3,0,0,2,1,24,0
IND05664,01/08/2026,HOSP236,140,45,0.76,0,0,0,0,0,19,0
IND05665,01/09/2024,HOSP237,155,40,0.79,2,0,0,2,0,50,1
IND05666,01/10/2024,HOSP237,145,50,0.74,1,0,0,1,0,5,0
IND05667,01/11/2024,HOSP237,145,50,0.74,2,0,0,1,1,36,0
IND05668,01/12/2024,HOSP237,144,51,0.74,0,0,0,0,0,22,0
IND05669,01/01/2025,HOSP237,146,49,0.75,0,0,0,0,0,23,0
IND05670,01/02/2025,HOSP237,155,40,0.79,0,0,0,0,0,29,0
IND05671,01/03/2025,HOSP237,152,43,0.78,2,0,0,1,1,36,1
IND05672,01/04/2025,HOSP237,144,51,0.74,1,0,0,1,0,34,0
IND05673,01/05/2025,HOSP237,153,42,0.78,0,0,0,0,0,38,0
IND05674,01/06/2025,HOSP237,154,41,0.79,1,0,1,0,0,34,0
IND05675,01/07/2025,HOSP237,154,41,0.79,0,0,0,0,0,20,0
IND05676,01/08/2025,HOSP237,139,56,0.71,1,0,0,1,0,9,0
IND05677,01/09/2025,HOSP237,157,38,0.81,0,0,0,0,0,19,0
IND05678,01/10/2025,HOSP237,149,46,0.76,0,0,0,0,0,19,0
IND05679,01/11/2025,HOSP237,134,61,0.69,0,0,0,0,0,28,0
IND05680,01/12/2025,HOSP237,152,43,0.78,1,0,1,0,0,13,0
IND05681,01/01/2026,HOSP237,147,48,0.75,0,0,0,0,0,25,0
IND05682,01/02/2026,HOSP237,143,52,0.73,1,0,1,0,0,19,0
IND05683,01/03/2026,HOSP237,153,42,0.78,1,0,1,0,0,37,0
IND05684,01/04/2026,HOSP237,143,52,0.73,0,0,0,0,0,33,0
IND05685,01/05/2026,HOSP237,148,47,0.76,3,0,1,2,0,34,0
IND05686,01/06/2026,HOSP237,141,54,0.72,1,0,1,0,0,37,0
IND05687,01/07/2026,HOSP237,146,49,0.75,0,0,0,0,0,18,0
IND05688,01/08/2026,HOSP237,147,48,0.75,1,0,1,0,0,35,0
IND05689,01/09/2024,HOSP238,139,91,0.6,1,0,0,0,1,25,0
IND05690,01/10/2024,HOSP238,154,76,0.67,0,0,0,0,0,31,0
IND05691,01/11/2024,HOSP238,158,72,0.69,1,0,0,1,0,22,0
IND05692,01/12/2024,HOSP238,169,61,0.73,0,0,0,0,0,25,0
IND05693,01/01/2025,HOSP238,157,73,0.68,2,0,1,0,1,44,0
IND05694,01/02/2025,HOSP238,152,78,0.66,2,0,0,1,1,14,0
IND05695,01/03/2025,HOSP238,162,68,0.7,2,1,0,1,0,36,0
IND05696,01/04/2025,HOSP238,156,74,0.68,1,0,0,1,0,14,0
IND05697,01/05/2025,HOSP238,164,66,0.71,0,0,0,0,0,35,0
IND05698,01/06/2025,HOSP238,170,60,0.74,0,0,0,0,0,29,0
IND05699,01/07/2025,HOSP238,146,84,0.63,2,1,0,0,1,38,0
IND05700,01/08/2025,HOSP238,167,63,0.73,2,1,0,1,0,30,1
IND05701,01/09/2025,HOSP238,150,80,0.65,2,0,0,2,0,26,0
IND05702,01/10/2025,HOSP238,162,68,0.7,0,0,0,0,0,25,0
IND05703,01/11/2025,HOSP238,156,74,0.68,2,0,1,1,0,42,0
IND05704,01/12/2025,HOSP238,160,70,0.7,0,0,0,0,0,21,0
IND05705,01/01/2026,HOSP238,162,68,0.7,0,0,0,0,0,36,0
IND05706,01/02/2026,HOSP238,157,73,0.68,1,0,0,1,0,35,0
IND05707,01/03/2026,HOSP238,160,70,0.7,0,0,0,0,0,26,0
IND05708,01/04/2026,HOSP238,153,77,0.67,2,0,0,2,0,24,0
IND05709,01/05/2026,HOSP238,168,62,0.73,0,0,0,0,0,21,0
IND05710,01/06/2026,HOSP238,164,66,0.71,0,0,0,0,0,23,0
IND05711,01/07/2026,HOSP238,173,57,0.75,1,0,1,0,0,42,0
IND05712,01/08/2026,HOSP238,142,88,0.62,1,0,1,0,0,32,0
IND05713,01/09/2024,HOSP239,117,38,0.75,1,1,0,0,0,33,0
IND05714,01/10/2024,HOSP239,116,39,0.75,2,0,1,0,1,26,0
IND05715,01/11/2024,HOSP239,106,49,0.68,2,0,0,1,1,11,0
IND05716,01/12/2024,HOSP239,112,43,0.72,4,1,2,1,0,35,0
IND05717,01/01/2025,HOSP239,105,50,0.68,3,0,2,0,1,38,1
IND05718,01/02/2025,HOSP239,109,46,0.7,1,0,1,0,0,25,0
IND05719,01/03/2025,HOSP239,103,52,0.66,3,0,1,2,0,22,1
IND05720,01/04/2025,HOSP239,108,47,0.7,2,1,0,1,0,28,0
IND05721,01/05/2025,HOSP239,112,43,0.72,6,0,3,3,0,35,1
IND05722,01/06/2025,HOSP239,107,48,0.69,2,0,1,1,0,36,0
IND05723,01/07/2025,HOSP239,107,48,0.69,2,0,0,2,0,34,0
IND05724,01/08/2025,HOSP239,117,38,0.75,1,0,0,1,0,36,0
IND05725,01/09/2025,HOSP239,115,40,0.74,4,0,1,3,0,25,1
IND05726,01/10/2025,HOSP239,112,43,0.72,2,0,1,1,0,34,0
IND05727,01/11/2025,HOSP239,99,56,0.64,0,0,0,0,0,29,0
IND05728,01/12/2025,HOSP239,102,53,0.66,1,0,0,0,1,32,0
IND05729,01/01/2026,HOSP239,107,48,0.69,1,0,0,0,1,23,0
IND05730,01/02/2026,HOSP239,104,51,0.67,1,0,1,0,0,22,0
IND05731,01/03/2026,HOSP239,105,50,0.68,2,0,1,0,1,50,0
IND05732,01/04/2026,HOSP239,110,45,0.71,0,0,0,0,0,30,0
IND05733,01/05/2026,HOSP239,108,47,0.7,4,1,1,1,1,34,0
IND05734,01/06/2026,HOSP239,116,39,0.75,3,0,1,1,1,28,0
IND05735,01/07/2026,HOSP239,112,43,0.72,2,1,1,0,0,29,0
IND05736,01/08/2026,HOSP239,108,47,0.7,3,0,1,1,1,26,0
IND05737,01/09/2024,HOSP240,188,72,0.72,4,0,1,2,1,26,0
IND05738,01/10/2024,HOSP240,185,75,0.71,1,0,0,1,0,13,0
IND05739,01/11/2024,HOSP240,172,88,0.66,3,1,1,1,0,15,1
IND05740,01/12/2024,HOSP240,172,88,0.66,7,0,4,2,1,26,1
IND05741,01/01/2025,HOSP240,181,79,0.7,5,0,2,2,1,32,0
IND05742,01/02/2025,HOSP240,172,88,0.66,1,0,0,1,0,7,0
IND05743,01/03/2025,HOSP240,166,94,0.64,3,1,1,1,0,32,0
IND05744,01/04/2025,HOSP240,162,98,0.62,4,0,2,2,0,36,0
IND05745,01/05/2025,HOSP240,191,69,0.73,5,0,2,2,1,23,0
IND05746,01/06/2025,HOSP240,191,69,0.73,2,0,2,0,0,26,0
IND05747,01/07/2025,HOSP240,178,82,0.68,5,0,2,3,0,33,0
IND05748,01/08/2025,HOSP240,180,80,0.69,4,2,0,1,1,42,1
IND05749,01/09/2025,HOSP240,179,81,0.69,6,0,3,3,0,33,0
IND05750,01/10/2025,HOSP240,186,74,0.72,1,0,0,1,0,56,0
IND05751,01/11/2025,HOSP240,173,87,0.67,2,0,1,1,0,32,0
IND05752,01/12/2025,HOSP240,181,79,0.7,2,0,1,1,0,20,0
IND05753,01/01/2026,HOSP240,177,83,0.68,0,0,0,0,0,25,0
IND05754,01/02/2026,HOSP240,192,68,0.74,1,0,0,1,0,28,0
IND05755,01/03/2026,HOSP240,180,80,0.69,1,0,1,0,0,58,0
IND05756,01/04/2026,HOSP240,177,83,0.68,5,0,0,5,0,32,0
IND05757,01/05/2026,HOSP240,178,82,0.68,8,1,3,3,1,31,1
IND05758,01/06/2026,HOSP240,182,78,0.7,5,0,2,3,0,34,0
IND05759,01/07/2026,HOSP240,182,78,0.7,2,1,0,1,0,32,0
IND05760,01/08/2026,HOSP240,179,81,0.69,2,0,0,1,1,20,0
IND05761,01/09/2024,HOSP241,165,25,0.87,0,0,0,0,0,27,0
IND05762,01/10/2024,HOSP241,167,23,0.88,0,0,0,0,0,26,0
IND05763,01/11/2024,HOSP241,171,19,0.9,1,0,0,1,0,24,1
IND05764,01/12/2024,HOSP241,147,43,0.77,3,0,1,1,1,29,1
IND05765,01/01/2025,HOSP241,159,31,0.84,4,0,1,1,2,30,1
IND05766,01/02/2025,HOSP241,170,20,0.89,0,0,0,0,0,35,0
IND05767,01/03/2025,HOSP241,161,29,0.85,2,2,0,0,0,11,1
IND05768,01/04/2025,HOSP241,155,35,0.82,0,0,0,0,0,25,0
IND05769,01/05/2025,HOSP241,161,29,0.85,1,0,0,1,0,32,0
IND05770,01/06/2025,HOSP241,152,38,0.8,5,0,1,4,0,28,0
IND05771,01/07/2025,HOSP241,167,23,0.88,3,0,0,1,2,14,0
IND05772,01/08/2025,HOSP241,161,29,0.85,3,0,1,2,0,33,0
IND05773,01/09/2025,HOSP241,153,37,0.81,1,0,0,1,0,46,0
IND05774,01/10/2025,HOSP241,161,29,0.85,1,0,1,0,0,36,0
IND05775,01/11/2025,HOSP241,161,29,0.85,1,0,0,0,1,24,0
IND05776,01/12/2025,HOSP241,167,23,0.88,1,0,0,0,1,40,0
IND05777,01/01/2026,HOSP241,160,30,0.84,0,0,0,0,0,24,0
IND05778,01/02/2026,HOSP241,165,25,0.87,0,0,0,0,0,22,0
IND05779,01/03/2026,HOSP241,167,23,0.88,3,0,1,2,0,35,1
IND05780,01/04/2026,HOSP241,169,21,0.89,0,0,0,0,0,27,0
IND05781,01/05/2026,HOSP241,169,21,0.89,2,0,0,1,1,24,0
IND05782,01/06/2026,HOSP241,166,24,0.87,3,1,1,1,0,33,1
IND05783,01/07/2026,HOSP241,159,31,0.84,1,0,0,1,0,31,0
IND05784,01/08/2026,HOSP241,165,25,0.87,3,0,2,1,0,34,0
IND05785,01/09/2024,HOSP242,129,46,0.74,1,0,0,0,1,42,0
IND05786,01/10/2024,HOSP242,130,45,0.74,0,0,0,0,0,33,0
IND05787,01/11/2024,HOSP242,130,45,0.74,1,0,0,1,0,25,0
IND05788,01/12/2024,HOSP242,124,51,0.71,1,0,0,0,1,17,0
IND05789,01/01/2025,HOSP242,135,40,0.77,6,0,3,2,1,32,1
IND05790,01/02/2025,HOSP242,120,55,0.69,2,0,0,0,2,32,0
IND05791,01/03/2025,HOSP242,126,49,0.72,1,0,1,0,0,30,0
IND05792,01/04/2025,HOSP242,127,48,0.73,1,0,0,1,0,23,0
IND05793,01/05/2025,HOSP242,126,49,0.72,2,0,0,1,1,13,1
IND05794,01/06/2025,HOSP242,123,52,0.7,3,0,1,0,2,32,0
IND05795,01/07/2025,HOSP242,120,55,0.69,1,0,1,0,0,18,0
IND05796,01/08/2025,HOSP242,128,47,0.73,0,0,0,0,0,29,0
IND05797,01/09/2025,HOSP242,121,54,0.69,0,0,0,0,0,28,0
IND05798,01/10/2025,HOSP242,128,47,0.73,4,0,2,0,2,27,0
IND05799,01/11/2025,HOSP242,121,54,0.69,0,0,0,0,0,35,0
IND05800,01/12/2025,HOSP242,130,45,0.74,0,0,0,0,0,33,0
IND05801,01/01/2026,HOSP242,116,59,0.66,0,0,0,0,0,30,0
IND05802,01/02/2026,HOSP242,128,47,0.73,2,1,1,0,0,40,0
IND05803,01/03/2026,HOSP242,124,51,0.71,2,0,1,1,0,20,0
IND05804,01/04/2026,HOSP242,131,44,0.75,0,0,0,0,0,40,0
IND05805,01/05/2026,HOSP242,131,44,0.75,0,0,0,0,0,20,0
IND05806,01/06/2026,HOSP242,123,52,0.7,0,0,0,0,0,36,0
IND05807,01/07/2026,HOSP242,131,44,0.75,1,0,0,1,0,21,0
IND05808,01/08/2026,HOSP242,131,44,0.75,2,0,0,1,1,44,0
IND05809,01/09/2024,HOSP243,172,43,0.8,0,0,0,0,0,33,0
IND05810,01/10/2024,HOSP243,183,32,0.85,2,0,0,2,0,38,0
IND05811,01/11/2024,HOSP243,168,47,0.78,0,0,0,0,0,21,0
IND05812,01/12/2024,HOSP243,169,46,0.79,3,0,0,3,0,23,0
IND05813,01/01/2025,HOSP243,185,30,0.86,7,0,1,5,1,40,0
IND05814,01/02/2025,HOSP243,176,39,0.82,2,0,0,2,0,30,0
IND05815,01/03/2025,HOSP243,181,34,0.84,4,1,1,2,0,32,0
IND05816,01/04/2025,HOSP243,173,42,0.8,1,0,0,0,1,38,0
IND05817,01/05/2025,HOSP243,180,35,0.84,2,1,0,1,0,22,1
IND05818,01/06/2025,HOSP243,176,39,0.82,3,0,1,2,0,38,0
IND05819,01/07/2025,HOSP243,178,37,0.83,5,0,2,2,1,33,0
IND05820,01/08/2025,HOSP243,172,43,0.8,3,0,1,2,0,33,2
IND05821,01/09/2025,HOSP243,175,40,0.81,0,0,0,0,0,36,0
IND05822,01/10/2025,HOSP243,162,53,0.75,3,0,1,2,0,28,0
IND05823,01/11/2025,HOSP243,179,36,0.83,2,0,1,1,0,21,0
IND05824,01/12/2025,HOSP243,184,31,0.86,3,1,0,2,0,33,0
IND05825,01/01/2026,HOSP243,168,47,0.78,2,0,1,1,0,23,0
IND05826,01/02/2026,HOSP243,169,46,0.79,0,0,0,0,0,36,0
IND05827,01/03/2026,HOSP243,166,49,0.77,1,0,1,0,0,19,0
IND05828,01/04/2026,HOSP243,179,36,0.83,1,0,1,0,0,18,0
IND05829,01/05/2026,HOSP243,173,42,0.8,3,1,0,1,1,21,0
IND05830,01/06/2026,HOSP243,168,47,0.78,2,0,2,0,0,32,0
IND05831,01/07/2026,HOSP243,156,59,0.73,0,0,0,0,0,28,0
IND05832,01/08/2026,HOSP243,179,36,0.83,3,0,1,2,0,34,0
IND05833,01/09/2024,HOSP244,121,39,0.76,2,0,1,1,0,26,0
IND05834,01/10/2024,HOSP244,119,41,0.74,0,0,0,0,0,24,0
IND05835,01/11/2024,HOSP244,127,33,0.79,3,0,1,2,0,19,0
IND05836,01/12/2024,HOSP244,125,35,0.78,0,0,0,0,0,26,0
IND05837,01/01/2025,HOSP244,129,31,0.81,1,0,0,1,0,45,0
IND05838,01/02/2025,HOSP244,123,37,0.77,0,0,0,0,0,37,0
IND05839,01/03/2025,HOSP244,122,38,0.76,1,0,0,1,0,32,0
IND05840,01/04/2025,HOSP244,115,45,0.72,1,0,0,1,0,54,0
IND05841,01/05/2025,HOSP244,116,44,0.72,0,0,0,0,0,32,0
IND05842,01/06/2025,HOSP244,128,32,0.8,0,0,0,0,0,23,0
IND05843,01/07/2025,HOSP244,128,32,0.8,0,0,0,0,0,37,0
IND05844,01/08/2025,HOSP244,114,46,0.71,0,0,0,0,0,34,0
IND05845,01/09/2025,HOSP244,130,30,0.81,0,0,0,0,0,22,0
IND05846,01/10/2025,HOSP244,117,43,0.73,0,0,0,0,0,31,0
IND05847,01/11/2025,HOSP244,124,36,0.78,0,0,0,0,0,29,0
IND05848,01/12/2025,HOSP244,120,40,0.75,0,0,0,0,0,29,0
IND05849,01/01/2026,HOSP244,131,29,0.82,0,0,0,0,0,33,0
IND05850,01/02/2026,HOSP244,120,40,0.75,1,0,1,0,0,24,1
IND05851,01/03/2026,HOSP244,110,50,0.69,1,0,0,1,0,26,1
IND05852,01/04/2026,HOSP244,122,38,0.76,0,0,0,0,0,31,0
IND05853,01/05/2026,HOSP244,121,39,0.76,1,0,0,1,0,39,0
IND05854,01/06/2026,HOSP244,132,28,0.82,2,0,0,2,0,30,1
IND05855,01/07/2026,HOSP244,128,32,0.8,0,0,0,0,0,34,0
IND05856,01/08/2026,HOSP244,116,44,0.72,0,0,0,0,0,28,0
IND05857,01/09/2024,HOSP245,214,31,0.87,0,0,0,0,0,27,0
IND05858,01/10/2024,HOSP245,204,41,0.83,0,0,0,0,0,28,0
IND05859,01/11/2024,HOSP245,198,47,0.81,0,0,0,0,0,12,0
IND05860,01/12/2024,HOSP245,180,65,0.73,2,0,0,1,1,43,0
IND05861,01/01/2025,HOSP245,220,25,0.9,2,0,0,1,1,34,0
IND05862,01/02/2025,HOSP245,205,40,0.84,2,0,0,2,0,48,1
IND05863,01/03/2025,HOSP245,192,53,0.78,1,0,0,0,1,40,0
IND05864,01/04/2025,HOSP245,194,51,0.79,0,0,0,0,0,27,0
IND05865,01/05/2025,HOSP245,198,47,0.81,0,0,0,0,0,36,0
IND05866,01/06/2025,HOSP245,188,57,0.77,2,0,1,0,1,22,0
IND05867,01/07/2025,HOSP245,200,45,0.82,0,0,0,0,0,25,0
IND05868,01/08/2025,HOSP245,194,51,0.79,0,0,0,0,0,21,0
IND05869,01/09/2025,HOSP245,199,46,0.81,0,0,0,0,0,32,0
IND05870,01/10/2025,HOSP245,195,50,0.8,0,0,0,0,0,43,0
IND05871,01/11/2025,HOSP245,198,47,0.81,1,0,0,1,0,59,0
IND05872,01/12/2025,HOSP245,179,66,0.73,1,0,0,1,0,23,0
IND05873,01/01/2026,HOSP245,201,44,0.82,0,0,0,0,0,26,0
IND05874,01/02/2026,HOSP245,187,58,0.76,0,0,0,0,0,32,0
IND05875,01/03/2026,HOSP245,182,63,0.74,0,0,0,0,0,26,0
IND05876,01/04/2026,HOSP245,202,43,0.82,0,0,0,0,0,22,0
IND05877,01/05/2026,HOSP245,196,49,0.8,0,0,0,0,0,26,0
IND05878,01/06/2026,HOSP245,196,49,0.8,3,0,1,2,0,33,0
IND05879,01/07/2026,HOSP245,201,44,0.82,2,0,1,0,1,24,0
IND05880,01/08/2026,HOSP245,211,34,0.86,3,0,2,1,0,22,0
IND05881,01/09/2024,HOSP246,159,41,0.8,2,1,1,0,0,32,0
IND05882,01/10/2024,HOSP246,166,34,0.83,0,0,0,0,0,26,0
IND05883,01/11/2024,HOSP246,166,34,0.83,1,0,0,0,1,24,0
IND05884,01/12/2024,HOSP246,173,27,0.86,4,1,0,2,1,29,0
IND05885,01/01/2025,HOSP246,165,35,0.82,7,1,3,2,1,31,0
IND05886,01/02/2025,HOSP246,161,39,0.81,1,0,0,0,1,19,0
IND05887,01/03/2025,HOSP246,170,30,0.85,3,0,0,3,0,26,0
IND05888,01/04/2025,HOSP246,160,40,0.8,3,0,1,1,1,42,0
IND05889,01/05/2025,HOSP246,165,35,0.82,1,0,0,1,0,22,0
IND05890,01/06/2025,HOSP246,175,25,0.88,0,0,0,0,0,27,0
IND05891,01/07/2025,HOSP246,161,39,0.81,2,0,0,1,1,38,0
IND05892,01/08/2025,HOSP246,166,34,0.83,1,0,1,0,0,11,0
IND05893,01/09/2025,HOSP246,164,36,0.82,2,0,1,1,0,45,0
IND05894,01/10/2025,HOSP246,151,49,0.76,1,0,0,1,0,24,1
IND05895,01/11/2025,HOSP246,163,37,0.81,2,0,1,1,0,37,0
IND05896,01/12/2025,HOSP246,170,30,0.85,1,0,0,0,1,47,0
IND05897,01/01/2026,HOSP246,163,37,0.81,1,0,1,0,0,34,0
IND05898,01/02/2026,HOSP246,160,40,0.8,2,0,1,1,0,31,0
IND05899,01/03/2026,HOSP246,175,25,0.88,2,0,0,1,1,18,0
IND05900,01/04/2026,HOSP246,161,39,0.81,4,0,2,1,1,26,0
IND05901,01/05/2026,HOSP246,156,44,0.78,1,0,1,0,0,20,0
IND05902,01/06/2026,HOSP246,161,39,0.81,1,1,0,0,0,41,0
IND05903,01/07/2026,HOSP246,149,51,0.74,2,1,0,1,0,26,0
IND05904,01/08/2026,HOSP246,164,36,0.82,1,0,0,1,0,35,0
IND05905,01/09/2024,HOSP247,144,41,0.78,1,0,0,1,0,28,0
IND05906,01/10/2024,HOSP247,137,48,0.74,1,0,0,1,0,36,0
IND05907,01/11/2024,HOSP247,129,56,0.7,2,0,0,2,0,18,0
IND05908,01/12/2024,HOSP247,147,38,0.79,4,0,1,3,0,21,0
IND05909,01/01/2025,HOSP247,130,55,0.7,6,1,1,3,1,32,1
IND05910,01/02/2025,HOSP247,136,49,0.74,4,0,1,2,1,37,0
IND05911,01/03/2025,HOSP247,147,38,0.79,4,1,2,1,0,18,0
IND05912,01/04/2025,HOSP247,139,46,0.75,0,0,0,0,0,22,0
IND05913,01/05/2025,HOSP247,138,47,0.75,1,1,0,0,0,13,0
IND05914,01/06/2025,HOSP247,147,38,0.79,1,0,1,0,0,28,0
IND05915,01/07/2025,HOSP247,136,49,0.74,1,0,0,1,0,46,0
IND05916,01/08/2025,HOSP247,146,39,0.79,1,0,1,0,0,30,0
IND05917,01/09/2025,HOSP247,145,40,0.78,0,0,0,0,0,21,0
IND05918,01/10/2025,HOSP247,155,30,0.84,3,0,1,2,0,32,0
IND05919,01/11/2025,HOSP247,140,45,0.76,4,0,1,3,0,28,0
IND05920,01/12/2025,HOSP247,146,39,0.79,2,0,1,1,0,25,0
IND05921,01/01/2026,HOSP247,148,37,0.8,0,0,0,0,0,20,0
IND05922,01/02/2026,HOSP247,136,49,0.74,2,0,1,0,1,21,0
IND05923,01/03/2026,HOSP247,145,40,0.78,2,0,0,2,0,40,0
IND05924,01/04/2026,HOSP247,141,44,0.76,3,1,1,0,1,28,0
IND05925,01/05/2026,HOSP247,136,49,0.74,3,0,1,2,0,29,0
IND05926,01/06/2026,HOSP247,145,40,0.78,5,0,4,1,0,29,0
IND05927,01/07/2026,HOSP247,139,46,0.75,2,0,1,1,0,36,0
IND05928,01/08/2026,HOSP247,143,42,0.77,3,0,0,2,1,24,0
IND05929,01/09/2024,HOSP248,160,65,0.71,0,0,0,0,0,28,0
IND05930,01/10/2024,HOSP248,160,65,0.71,3,0,3,0,0,15,0
IND05931,01/11/2024,HOSP248,176,49,0.78,2,0,0,2,0,31,0
IND05932,01/12/2024,HOSP248,159,66,0.71,3,0,2,1,0,26,0
IND05933,01/01/2025,HOSP248,157,68,0.7,7,0,0,4,3,30,0
IND05934,01/02/2025,HOSP248,170,55,0.76,1,0,1,0,0,33,0
IND05935,01/03/2025,HOSP248,154,71,0.68,2,0,2,0,0,34,0
IND05936,01/04/2025,HOSP248,171,54,0.76,2,0,1,0,1,36,0
IND05937,01/05/2025,HOSP248,150,75,0.67,4,0,0,3,1,34,0
IND05938,01/06/2025,HOSP248,157,68,0.7,3,0,0,3,0,22,0
IND05939,01/07/2025,HOSP248,170,55,0.76,4,0,0,4,0,22,0
IND05940,01/08/2025,HOSP248,167,58,0.74,2,0,0,2,0,30,0
IND05941,01/09/2025,HOSP248,163,62,0.72,2,0,1,1,0,16,0
IND05942,01/10/2025,HOSP248,172,53,0.76,2,1,0,1,0,23,0
IND05943,01/11/2025,HOSP248,175,50,0.78,1,0,1,0,0,17,0
IND05944,01/12/2025,HOSP248,164,61,0.73,4,1,0,2,1,36,0
IND05945,01/01/2026,HOSP248,165,60,0.73,4,0,2,2,0,35,0
IND05946,01/02/2026,HOSP248,158,67,0.7,0,0,0,0,0,29,0
IND05947,01/03/2026,HOSP248,173,52,0.77,1,0,0,1,0,9,0
IND05948,01/04/2026,HOSP248,162,63,0.72,1,0,0,1,0,27,0
IND05949,01/05/2026,HOSP248,172,53,0.76,2,0,1,1,0,30,0
IND05950,01/06/2026,HOSP248,174,51,0.77,2,0,1,1,0,40,0
IND05951,01/07/2026,HOSP248,170,55,0.76,3,0,0,3,0,33,0
IND05952,01/08/2026,HOSP248,181,44,0.8,4,0,4,0,0,30,0
IND05953,01/09/2024,HOSP249,133,17,0.89,1,0,0,1,0,17,0
IND05954,01/10/2024,HOSP249,133,17,0.89,1,0,0,1,0,46,0
IND05955,01/11/2024,HOSP249,140,10,0.93,0,0,0,0,0,34,0
IND05956,01/12/2024,HOSP249,135,15,0.9,0,0,0,0,0,34,0
IND05957,01/01/2025,HOSP249,135,15,0.9,1,0,1,0,0,19,0
IND05958,01/02/2025,HOSP249,132,18,0.88,0,0,0,0,0,24,0
IND05959,01/03/2025,HOSP249,129,21,0.86,1,0,0,0,1,27,0
IND05960,01/04/2025,HOSP249,134,16,0.89,2,0,1,0,1,36,0
IND05961,01/05/2025,HOSP249,128,22,0.85,0,0,0,0,0,25,0
IND05962,01/06/2025,HOSP249,129,21,0.86,0,0,0,0,0,25,0
IND05963,01/07/2025,HOSP249,139,11,0.93,0,0,0,0,0,21,0
IND05964,01/08/2025,HOSP249,132,18,0.88,0,0,0,0,0,26,0
IND05965,01/09/2025,HOSP249,142,8,0.95,0,0,0,0,0,20,0
IND05966,01/10/2025,HOSP249,133,17,0.89,0,0,0,0,0,18,0
IND05967,01/11/2025,HOSP249,129,21,0.86,0,0,0,0,0,33,0
IND05968,01/12/2025,HOSP249,132,18,0.88,2,1,0,0,1,34,0
IND05969,01/01/2026,HOSP249,141,9,0.94,0,0,0,0,0,28,0
IND05970,01/02/2026,HOSP249,126,24,0.84,0,0,0,0,0,24,0
IND05971,01/03/2026,HOSP249,131,19,0.87,0,0,0,0,0,32,0
IND05972,01/04/2026,HOSP249,136,14,0.91,0,0,0,0,0,32,0
IND05973,01/05/2026,HOSP249,138,12,0.92,1,0,0,1,0,15,0
IND05974,01/06/2026,HOSP249,138,12,0.92,0,0,0,0,0,37,0
IND05975,01/07/2026,HOSP249,126,24,0.84,0,0,0,0,0,26,0
IND05976,01/08/2026,HOSP249,142,8,0.95,0,0,0,0,0,30,0
IND05977,01/09/2024,HOSP250,236,14,0.94,0,0,0,0,0,26,0
IND05978,01/10/2024,HOSP250,216,34,0.86,1,0,0,1,0,40,0
IND05979,01/11/2024,HOSP250,231,19,0.92,1,0,0,0,1,22,0
IND05980,01/12/2024,HOSP250,223,27,0.89,1,0,0,1,0,31,0
IND05981,01/01/2025,HOSP250,228,22,0.91,0,0,0,0,0,25,0
IND05982,01/02/2025,HOSP250,213,37,0.85,0,0,0,0,0,34,0
IND05983,01/03/2025,HOSP250,225,25,0.9,0,0,0,0,0,31,0
IND05984,01/04/2025,HOSP250,222,28,0.89,0,0,0,0,0,23,0
IND05985,01/05/2025,HOSP250,229,21,0.92,2,0,0,2,0,46,0
IND05986,01/06/2025,HOSP250,230,20,0.92,0,0,0,0,0,29,0
IND05987,01/07/2025,HOSP250,237,13,0.95,1,0,0,1,0,31,0
IND05988,01/08/2025,HOSP250,221,29,0.88,1,0,0,0,1,29,0
IND05989,01/09/2025,HOSP250,228,22,0.91,1,0,1,0,0,32,0
IND05990,01/10/2025,HOSP250,227,23,0.91,3,0,2,0,1,34,0
IND05991,01/11/2025,HOSP250,241,9,0.96,0,0,0,0,0,32,0
IND05992,01/12/2025,HOSP250,227,23,0.91,0,0,0,0,0,28,0
IND05993,01/01/2026,HOSP250,241,9,0.96,1,0,0,1,0,40,0
IND05994,01/02/2026,HOSP250,234,16,0.94,0,0,0,0,0,28,0
IND05995,01/03/2026,HOSP250,223,27,0.89,1,0,0,1,0,12,0
IND05996,01/04/2026,HOSP250,228,22,0.91,0,0,0,0,0,42,0
IND05997,01/05/2026,HOSP250,221,29,0.88,2,1,0,1,0,33,0
IND05998,01/06/2026,HOSP250,241,9,0.96,0,0,0,0,0,24,0
IND05999,01/07/2026,HOSP250,219,31,0.88,1,0,0,1,0,21,0
IND06000,01/08/2026,HOSP250,232,18,0.93,2,0,1,0,1,35,0
IND06001,01/09/2024,HOSP251,153,42,0.78,2,0,1,1,0,10,0
IND06002,01/10/2024,HOSP251,155,40,0.79,2,0,0,2,0,38,0
IND06003,01/11/2024,HOSP251,156,39,0.8,2,0,0,1,1,28,0
IND06004,01/12/2024,HOSP251,162,33,0.83,2,0,2,0,0,48,0
IND06005,01/01/2025,HOSP251,152,43,0.78,4,0,1,3,0,22,0
IND06006,01/02/2025,HOSP251,162,33,0.83,0,0,0,0,0,25,0
IND06007,01/03/2025,HOSP251,163,32,0.84,2,0,0,1,1,12,0
IND06008,01/04/2025,HOSP251,158,37,0.81,1,0,0,1,0,34,0
IND06009,01/05/2025,HOSP251,160,35,0.82,2,0,1,1,0,18,0
IND06010,01/06/2025,HOSP251,150,45,0.77,3,0,2,0,1,22,0
IND06011,01/07/2025,HOSP251,158,37,0.81,4,0,2,2,0,20,0
IND06012,01/08/2025,HOSP251,162,33,0.83,0,0,0,0,0,37,0
IND06013,01/09/2025,HOSP251,148,47,0.76,1,0,0,1,0,20,1
IND06014,01/10/2025,HOSP251,146,49,0.75,3,0,0,3,0,42,0
IND06015,01/11/2025,HOSP251,152,43,0.78,0,0,0,0,0,29,0
IND06016,01/12/2025,HOSP251,151,44,0.77,5,1,1,3,0,32,0
IND06017,01/01/2026,HOSP251,162,33,0.83,1,0,0,1,0,22,1
IND06018,01/02/2026,HOSP251,161,34,0.83,0,0,0,0,0,28,0
IND06019,01/03/2026,HOSP251,153,42,0.78,1,0,0,0,1,15,0
IND06020,01/04/2026,HOSP251,150,45,0.77,1,0,1,0,0,44,0
IND06021,01/05/2026,HOSP251,142,53,0.73,2,0,0,2,0,48,0
IND06022,01/06/2026,HOSP251,148,47,0.76,0,0,0,0,0,22,0
IND06023,01/07/2026,HOSP251,137,58,0.7,2,1,1,0,0,26,0
IND06024,01/08/2026,HOSP251,160,35,0.82,3,0,3,0,0,23,0
IND06025,01/09/2024,HOSP252,131,39,0.77,0,0,0,0,0,31,0
IND06026,01/10/2024,HOSP252,135,35,0.79,1,0,0,1,0,24,0
IND06027,01/11/2024,HOSP252,130,40,0.76,0,0,0,0,0,32,0
IND06028,01/12/2024,HOSP252,133,37,0.78,0,0,0,0,0,35,0
IND06029,01/01/2025,HOSP252,127,43,0.75,1,0,1,0,0,18,0
IND06030,01/02/2025,HOSP252,142,28,0.84,0,0,0,0,0,36,0
IND06031,01/03/2025,HOSP252,130,40,0.76,2,0,1,1,0,28,0
IND06032,01/04/2025,HOSP252,143,27,0.84,0,0,0,0,0,31,0
IND06033,01/05/2025,HOSP252,132,38,0.78,0,0,0,0,0,25,0
IND06034,01/06/2025,HOSP252,129,41,0.76,1,0,0,1,0,41,0
IND06035,01/07/2025,HOSP252,125,45,0.74,0,0,0,0,0,22,0
IND06036,01/08/2025,HOSP252,131,39,0.77,0,0,0,0,0,38,0
IND06037,01/09/2025,HOSP252,145,25,0.85,1,0,0,1,0,41,0
IND06038,01/10/2025,HOSP252,124,46,0.73,0,0,0,0,0,26,0
IND06039,01/11/2025,HOSP252,126,44,0.74,0,0,0,0,0,36,0
IND06040,01/12/2025,HOSP252,131,39,0.77,0,0,0,0,0,33,0
IND06041,01/01/2026,HOSP252,130,40,0.76,0,0,0,0,0,27,0
IND06042,01/02/2026,HOSP252,127,43,0.75,0,0,0,0,0,37,0
IND06043,01/03/2026,HOSP252,135,35,0.79,0,0,0,0,0,29,0
IND06044,01/04/2026,HOSP252,136,34,0.8,1,0,0,1,0,40,0
IND06045,01/05/2026,HOSP252,129,41,0.76,0,0,0,0,0,36,0
IND06046,01/06/2026,HOSP252,143,27,0.84,1,0,0,0,1,37,0
IND06047,01/07/2026,HOSP252,134,36,0.79,0,0,0,0,0,28,0
IND06048,01/08/2026,HOSP252,130,40,0.76,2,0,1,1,0,40,0
IND06049,01/09/2024,HOSP253,160,50,0.76,0,0,0,0,0,27,0
IND06050,01/10/2024,HOSP253,173,37,0.82,1,0,0,1,0,50,0
IND06051,01/11/2024,HOSP253,164,46,0.78,2,0,1,1,0,27,0
IND06052,01/12/2024,HOSP253,166,44,0.79,0,0,0,0,0,28,0
IND06053,01/01/2025,HOSP253,166,44,0.79,1,0,0,1,0,13,0
IND06054,01/02/2025,HOSP253,170,40,0.81,1,0,1,0,0,30,0
IND06055,01/03/2025,HOSP253,153,57,0.73,2,0,1,1,0,22,0
IND06056,01/04/2025,HOSP253,163,47,0.78,1,0,1,0,0,38,0
IND06057,01/05/2025,HOSP253,172,38,0.82,2,0,0,2,0,17,0
IND06058,01/06/2025,HOSP253,156,54,0.74,0,0,0,0,0,41,0
IND06059,01/07/2025,HOSP253,171,39,0.81,0,0,0,0,0,31,0
IND06060,01/08/2025,HOSP253,171,39,0.81,0,0,0,0,0,29,0
IND06061,01/09/2025,HOSP253,156,54,0.74,0,0,0,0,0,20,0
IND06062,01/10/2025,HOSP253,189,21,0.9,1,0,0,0,1,42,0
IND06063,01/11/2025,HOSP253,174,36,0.83,0,0,0,0,0,25,0
IND06064,01/12/2025,HOSP253,171,39,0.81,1,0,0,1,0,41,0
IND06065,01/01/2026,HOSP253,157,53,0.75,1,0,0,0,1,9,0
IND06066,01/02/2026,HOSP253,169,41,0.8,2,0,0,1,1,40,1
IND06067,01/03/2026,HOSP253,158,52,0.75,2,0,0,2,0,23,0
IND06068,01/04/2026,HOSP253,192,18,0.91,1,1,0,0,0,32,0
IND06069,01/05/2026,HOSP253,162,48,0.77,0,0,0,0,0,22,0
IND06070,01/06/2026,HOSP253,160,50,0.76,4,0,2,2,0,23,1
IND06071,01/07/2026,HOSP253,153,57,0.73,0,0,0,0,0,17,0
IND06072,01/08/2026,HOSP253,178,32,0.85,1,0,0,1,0,31,0
IND06073,01/09/2024,HOSP254,144,21,0.87,1,0,0,0,1,44,0
IND06074,01/10/2024,HOSP254,133,32,0.81,0,0,0,0,0,24,0
IND06075,01/11/2024,HOSP254,135,30,0.82,0,0,0,0,0,40,0
IND06076,01/12/2024,HOSP254,126,39,0.76,1,0,0,1,0,47,0
IND06077,01/01/2025,HOSP254,143,22,0.87,2,0,0,1,1,14,0
IND06078,01/02/2025,HOSP254,136,29,0.82,0,0,0,0,0,36,0
IND06079,01/03/2025,HOSP254,126,39,0.76,0,0,0,0,0,35,0
IND06080,01/04/2025,HOSP254,125,40,0.76,4,0,2,2,0,30,0
IND06081,01/05/2025,HOSP254,134,31,0.81,1,0,0,0,1,27,0
IND06082,01/06/2025,HOSP254,131,34,0.79,2,0,1,1,0,42,1
IND06083,01/07/2025,HOSP254,131,34,0.79,2,1,1,0,0,28,0
IND06084,01/08/2025,HOSP254,134,31,0.81,0,0,0,0,0,26,0
IND06085,01/09/2025,HOSP254,125,40,0.76,1,0,0,1,0,26,0
IND06086,01/10/2025,HOSP254,145,20,0.88,0,0,0,0,0,25,0
IND06087,01/11/2025,HOSP254,132,33,0.8,1,0,1,0,0,26,1
IND06088,01/12/2025,HOSP254,135,30,0.82,0,0,0,0,0,19,0
IND06089,01/01/2026,HOSP254,136,29,0.82,1,0,0,1,0,14,0
IND06090,01/02/2026,HOSP254,131,34,0.79,0,0,0,0,0,34,0
IND06091,01/03/2026,HOSP254,137,28,0.83,0,0,0,0,0,27,0
IND06092,01/04/2026,HOSP254,135,30,0.82,4,0,3,1,0,30,0
IND06093,01/05/2026,HOSP254,138,27,0.84,0,0,0,0,0,28,0
IND06094,01/06/2026,HOSP254,129,36,0.78,1,0,1,0,0,15,0
IND06095,01/07/2026,HOSP254,140,25,0.85,2,0,1,0,1,36,0
IND06096,01/08/2026,HOSP254,141,24,0.85,8,0,3,2,3,28,0
IND06097,01/09/2024,HOSP255,213,42,0.84,0,0,0,0,0,33,0
IND06098,01/10/2024,HOSP255,228,27,0.89,1,0,0,0,1,35,0
IND06099,01/11/2024,HOSP255,225,30,0.88,2,0,0,2,0,32,0
IND06100,01/12/2024,HOSP255,225,30,0.88,6,0,2,3,1,32,0
IND06101,01/01/2025,HOSP255,250,5,0.98,8,1,2,4,1,23,0
IND06102,01/02/2025,HOSP255,220,35,0.86,4,0,1,3,0,30,0
IND06103,01/03/2025,HOSP255,246,9,0.96,7,0,2,4,1,27,0
IND06104,01/04/2025,HOSP255,222,33,0.87,2,0,1,0,1,17,0
IND06105,01/05/2025,HOSP255,239,16,0.94,2,0,0,2,0,27,0
IND06106,01/06/2025,HOSP255,234,21,0.92,3,0,1,2,0,37,0
IND06107,01/07/2025,HOSP255,223,32,0.87,5,0,1,4,0,24,0
IND06108,01/08/2025,HOSP255,222,33,0.87,0,0,0,0,0,22,0
IND06109,01/09/2025,HOSP255,235,20,0.92,5,1,1,3,0,31,0
IND06110,01/10/2025,HOSP255,213,42,0.84,3,0,1,1,1,28,0
IND06111,01/11/2025,HOSP255,248,7,0.97,3,1,0,1,1,27,0
IND06112,01/12/2025,HOSP255,240,15,0.94,5,0,1,1,3,25,0
IND06113,01/01/2026,HOSP255,230,25,0.9,2,0,0,2,0,34,1
IND06114,01/02/2026,HOSP255,219,36,0.86,1,0,0,0,1,16,0
IND06115,01/03/2026,HOSP255,250,5,0.98,3,0,2,1,0,23,0
IND06116,01/04/2026,HOSP255,234,21,0.92,3,0,1,2,0,27,0
IND06117,01/05/2026,HOSP255,228,27,0.89,2,0,0,2,0,42,0
IND06118,01/06/2026,HOSP255,224,31,0.88,8,0,2,6,0,32,1
IND06119,01/07/2026,HOSP255,241,14,0.95,3,0,1,2,0,25,1
IND06120,01/08/2026,HOSP255,235,20,0.92,3,0,0,3,0,19,1
IND06121,01/09/2024,HOSP256,145,35,0.81,3,0,1,2,0,34,0
IND06122,01/10/2024,HOSP256,136,44,0.76,0,0,0,0,0,35,0
IND06123,01/11/2024,HOSP256,134,46,0.74,2,0,0,1,1,22,0
IND06124,01/12/2024,HOSP256,141,39,0.78,2,0,0,2,0,44,0
IND06125,01/01/2025,HOSP256,144,36,0.8,2,0,0,1,1,32,0
IND06126,01/02/2025,HOSP256,147,33,0.82,2,0,1,1,0,24,1
IND06127,01/03/2025,HOSP256,137,43,0.76,5,0,2,3,0,30,1
IND06128,01/04/2025,HOSP256,130,50,0.72,1,0,0,0,1,31,0
IND06129,01/05/2025,HOSP256,150,30,0.83,1,0,0,1,0,12,0
IND06130,01/06/2025,HOSP256,136,44,0.76,3,1,0,1,1,31,0
IND06131,01/07/2025,HOSP256,134,46,0.74,4,1,2,1,0,28,0
IND06132,01/08/2025,HOSP256,142,38,0.79,0,0,0,0,0,19,0
IND06133,01/09/2025,HOSP256,146,34,0.81,2,0,0,2,0,28,0
IND06134,01/10/2025,HOSP256,137,43,0.76,2,0,0,1,1,36,0
IND06135,01/11/2025,HOSP256,135,45,0.75,1,0,0,1,0,22,0
IND06136,01/12/2025,HOSP256,141,39,0.78,1,1,0,0,0,21,0
IND06137,01/01/2026,HOSP256,142,38,0.79,3,0,0,3,0,20,0
IND06138,01/02/2026,HOSP256,152,28,0.84,2,0,1,1,0,14,0
IND06139,01/03/2026,HOSP256,154,26,0.86,4,0,2,1,1,38,0
IND06140,01/04/2026,HOSP256,146,34,0.81,2,0,0,2,0,14,0
IND06141,01/05/2026,HOSP256,138,42,0.77,3,0,2,0,1,30,0
IND06142,01/06/2026,HOSP256,148,32,0.82,3,0,1,2,0,31,0
IND06143,01/07/2026,HOSP256,141,39,0.78,3,0,2,1,0,33,0
IND06144,01/08/2026,HOSP256,146,34,0.81,2,0,1,1,0,18,0
IND06145,01/09/2024,HOSP257,147,53,0.73,0,0,0,0,0,20,0
IND06146,01/10/2024,HOSP257,146,54,0.73,0,0,0,0,0,35,0
IND06147,01/11/2024,HOSP257,159,41,0.8,1,0,0,0,1,48,0
IND06148,01/12/2024,HOSP257,148,52,0.74,1,0,1,0,0,33,0
IND06149,01/01/2025,HOSP257,154,46,0.77,0,0,0,0,0,31,0
IND06150,01/02/2025,HOSP257,147,53,0.73,1,0,1,0,0,33,0
IND06151,01/03/2025,HOSP257,148,52,0.74,1,0,1,0,0,45,0
IND06152,01/04/2025,HOSP257,153,47,0.77,0,0,0,0,0,30,0
IND06153,01/05/2025,HOSP257,141,59,0.7,1,0,0,1,0,46,0
IND06154,01/06/2025,HOSP257,141,59,0.7,0,0,0,0,0,17,0
IND06155,01/07/2025,HOSP257,140,60,0.7,0,0,0,0,0,33,0
IND06156,01/08/2025,HOSP257,149,51,0.74,1,0,0,1,0,25,0
IND06157,01/09/2025,HOSP257,155,45,0.78,0,0,0,0,0,37,0
IND06158,01/10/2025,HOSP257,158,42,0.79,0,0,0,0,0,27,0
IND06159,01/11/2025,HOSP257,147,53,0.73,1,0,0,1,0,18,0
IND06160,01/12/2025,HOSP257,162,38,0.81,0,0,0,0,0,26,0
IND06161,01/01/2026,HOSP257,152,48,0.76,1,0,0,0,1,23,0
IND06162,01/02/2026,HOSP257,149,51,0.74,1,0,0,1,0,18,0
IND06163,01/03/2026,HOSP257,160,40,0.8,0,0,0,0,0,39,0
IND06164,01/04/2026,HOSP257,161,39,0.81,1,0,0,0,1,34,0
IND06165,01/05/2026,HOSP257,146,54,0.73,1,0,0,0,1,28,0
IND06166,01/06/2026,HOSP257,152,48,0.76,0,0,0,0,0,24,0
IND06167,01/07/2026,HOSP257,158,42,0.79,2,0,1,1,0,30,0
IND06168,01/08/2026,HOSP257,169,31,0.84,2,1,0,1,0,27,0
IND06169,01/09/2024,HOSP258,195,25,0.89,0,0,0,0,0,16,0
IND06170,01/10/2024,HOSP258,198,22,0.9,0,0,0,0,0,32,0
IND06171,01/11/2024,HOSP258,208,12,0.95,1,1,0,0,0,27,0
IND06172,01/12/2024,HOSP258,206,14,0.94,1,0,0,1,0,39,0
IND06173,01/01/2025,HOSP258,207,13,0.94,0,0,0,0,0,24,0
IND06174,01/02/2025,HOSP258,205,15,0.93,1,0,0,0,1,39,0
IND06175,01/03/2025,HOSP258,190,30,0.86,0,0,0,0,0,33,0
IND06176,01/04/2025,HOSP258,208,12,0.95,0,0,0,0,0,25,0
IND06177,01/05/2025,HOSP258,198,22,0.9,0,0,0,0,0,27,0
IND06178,01/06/2025,HOSP258,204,16,0.93,0,0,0,0,0,26,0
IND06179,01/07/2025,HOSP258,206,14,0.94,1,0,0,1,0,9,0
IND06180,01/08/2025,HOSP258,198,22,0.9,1,0,1,0,0,30,1
IND06181,01/09/2025,HOSP258,195,25,0.89,1,0,0,0,1,12,0
IND06182,01/10/2025,HOSP258,208,12,0.95,0,0,0,0,0,25,0
IND06183,01/11/2025,HOSP258,193,27,0.88,1,0,0,1,0,24,0
IND06184,01/12/2025,HOSP258,187,33,0.85,1,0,1,0,0,44,0
IND06185,01/01/2026,HOSP258,196,24,0.89,1,0,1,0,0,54,1
IND06186,01/02/2026,HOSP258,199,21,0.9,0,0,0,0,0,29,0
IND06187,01/03/2026,HOSP258,199,21,0.9,1,0,0,1,0,38,0
IND06188,01/04/2026,HOSP258,200,20,0.91,1,0,1,0,0,35,0
IND06189,01/05/2026,HOSP258,211,9,0.96,1,0,0,0,1,13,0
IND06190,01/06/2026,HOSP258,203,17,0.92,0,0,0,0,0,37,0
IND06191,01/07/2026,HOSP258,194,26,0.88,0,0,0,0,0,23,0
IND06192,01/08/2026,HOSP258,197,23,0.9,2,0,1,0,1,26,0
IND06193,01/09/2024,HOSP259,125,30,0.81,4,0,2,1,1,37,1
IND06194,01/10/2024,HOSP259,122,33,0.79,2,0,0,1,1,38,0
IND06195,01/11/2024,HOSP259,117,38,0.75,2,0,1,1,0,26,0
IND06196,01/12/2024,HOSP259,140,15,0.9,2,0,0,2,0,16,0
IND06197,01/01/2025,HOSP259,128,27,0.83,0,0,0,0,0,31,0
IND06198,01/02/2025,HOSP259,138,17,0.89,4,0,1,2,1,32,0
IND06199,01/03/2025,HOSP259,122,33,0.79,2,0,1,1,0,23,0
IND06200,01/04/2025,HOSP259,129,26,0.83,4,0,2,2,0,26,0
IND06201,01/05/2025,HOSP259,130,25,0.84,1,0,1,0,0,5,0
IND06202,01/06/2025,HOSP259,137,18,0.88,2,0,0,2,0,25,0
IND06203,01/07/2025,HOSP259,129,26,0.83,10,0,2,7,1,31,1
IND06204,01/08/2025,HOSP259,127,28,0.82,2,1,1,0,0,37,0
IND06205,01/09/2025,HOSP259,133,22,0.86,1,1,0,0,0,44,0
IND06206,01/10/2025,HOSP259,126,29,0.81,1,0,1,0,0,20,0
IND06207,01/11/2025,HOSP259,133,22,0.86,3,1,0,1,1,23,0
IND06208,01/12/2025,HOSP259,137,18,0.88,1,0,0,0,1,32,1
IND06209,01/01/2026,HOSP259,128,27,0.83,0,0,0,0,0,25,0
IND06210,01/02/2026,HOSP259,133,22,0.86,1,0,0,0,1,43,0
IND06211,01/03/2026,HOSP259,132,23,0.85,3,0,1,1,1,35,0
IND06212,01/04/2026,HOSP259,130,25,0.84,3,0,2,1,0,27,0
IND06213,01/05/2026,HOSP259,123,32,0.79,4,0,1,1,2,20,0
IND06214,01/06/2026,HOSP259,134,21,0.86,3,0,3,0,0,41,0
IND06215,01/07/2026,HOSP259,134,21,0.86,2,0,0,0,2,32,0
IND06216,01/08/2026,HOSP259,130,25,0.84,4,0,2,2,0,25,0
IND06217,01/09/2024,HOSP260,168,72,0.7,2,0,0,2,0,22,0
IND06218,01/10/2024,HOSP260,167,73,0.7,2,0,1,1,0,42,0
IND06219,01/11/2024,HOSP260,158,82,0.66,2,1,1,0,0,28,0
IND06220,01/12/2024,HOSP260,155,85,0.65,2,0,0,2,0,32,0
IND06221,01/01/2025,HOSP260,173,67,0.72,0,0,0,0,0,28,0
IND06222,01/02/2025,HOSP260,181,59,0.75,2,0,1,0,1,28,0
IND06223,01/03/2025,HOSP260,167,73,0.7,4,1,2,1,0,26,1
IND06224,01/04/2025,HOSP260,153,87,0.64,0,0,0,0,0,34,0
IND06225,01/05/2025,HOSP260,167,73,0.7,1,0,0,0,1,10,0
IND06226,01/06/2025,HOSP260,171,69,0.71,1,0,1,0,0,32,0
IND06227,01/07/2025,HOSP260,173,67,0.72,3,0,1,2,0,25,0
IND06228,01/08/2025,HOSP260,156,84,0.65,0,0,0,0,0,29,0
IND06229,01/09/2025,HOSP260,177,63,0.74,3,0,1,2,0,29,0
IND06230,01/10/2025,HOSP260,186,54,0.78,1,0,0,1,0,27,0
IND06231,01/11/2025,HOSP260,162,78,0.68,0,0,0,0,0,38,0
IND06232,01/12/2025,HOSP260,165,75,0.69,1,0,0,1,0,28,0
IND06233,01/01/2026,HOSP260,171,69,0.71,0,0,0,0,0,20,0
IND06234,01/02/2026,HOSP260,175,65,0.73,1,0,0,1,0,27,0
IND06235,01/03/2026,HOSP260,166,74,0.69,1,0,0,0,1,23,1
IND06236,01/04/2026,HOSP260,158,82,0.66,2,0,0,1,1,41,0
IND06237,01/05/2026,HOSP260,177,63,0.74,2,1,0,1,0,36,1
IND06238,01/06/2026,HOSP260,147,93,0.61,0,0,0,0,0,18,0
IND06239,01/07/2026,HOSP260,160,80,0.67,5,0,1,3,1,17,0
IND06240,01/08/2026,HOSP260,170,70,0.71,1,0,0,1,0,12,0
IND06241,01/09/2024,HOSP261,178,27,0.87,0,0,0,0,0,27,0
IND06242,01/10/2024,HOSP261,170,35,0.83,2,1,0,1,0,27,0
IND06243,01/11/2024,HOSP261,158,47,0.77,2,0,0,2,0,24,0
IND06244,01/12/2024,HOSP261,161,44,0.79,3,1,0,1,1,21,0
IND06245,01/01/2025,HOSP261,166,39,0.81,1,0,1,0,0,18,0
IND06246,01/02/2025,HOSP261,180,25,0.88,2,1,0,1,0,22,0
IND06247,01/03/2025,HOSP261,167,38,0.81,0,0,0,0,0,30,0
IND06248,01/04/2025,HOSP261,164,41,0.8,0,0,0,0,0,35,0
IND06249,01/05/2025,HOSP261,169,36,0.82,3,0,1,2,0,19,0
IND06250,01/06/2025,HOSP261,164,41,0.8,3,0,1,1,1,34,0
IND06251,01/07/2025,HOSP261,168,37,0.82,1,0,0,1,0,34,0
IND06252,01/08/2025,HOSP261,171,34,0.83,1,0,0,1,0,15,0
IND06253,01/09/2025,HOSP261,158,47,0.77,1,0,0,0,1,39,0
IND06254,01/10/2025,HOSP261,166,39,0.81,1,0,0,1,0,35,0
IND06255,01/11/2025,HOSP261,169,36,0.82,0,0,0,0,0,25,0
IND06256,01/12/2025,HOSP261,173,32,0.84,1,0,0,0,1,38,0
IND06257,01/01/2026,HOSP261,169,36,0.82,0,0,0,0,0,28,0
IND06258,01/02/2026,HOSP261,177,28,0.86,3,0,0,2,1,24,1
IND06259,01/03/2026,HOSP261,166,39,0.81,0,0,0,0,0,23,0
IND06260,01/04/2026,HOSP261,158,47,0.77,0,0,0,0,0,34,0
IND06261,01/05/2026,HOSP261,174,31,0.85,3,0,0,3,0,40,0
IND06262,01/06/2026,HOSP261,160,45,0.78,0,0,0,0,0,34,0
IND06263,01/07/2026,HOSP261,146,59,0.71,0,0,0,0,0,30,0
IND06264,01/08/2026,HOSP261,161,44,0.79,1,0,1,0,0,29,0
IND06265,01/09/2024,HOSP262,154,26,0.86,0,0,0,0,0,28,0
IND06266,01/10/2024,HOSP262,156,24,0.87,1,0,0,1,0,30,0
IND06267,01/11/2024,HOSP262,158,22,0.88,0,0,0,0,0,28,0
IND06268,01/12/2024,HOSP262,163,17,0.91,0,0,0,0,0,23,0
IND06269,01/01/2025,HOSP262,156,24,0.87,1,0,1,0,0,35,0
IND06270,01/02/2025,HOSP262,163,17,0.91,0,0,0,0,0,19,0
IND06271,01/03/2025,HOSP262,168,12,0.93,0,0,0,0,0,34,0
IND06272,01/04/2025,HOSP262,160,20,0.89,1,0,1,0,0,46,0
IND06273,01/05/2025,HOSP262,156,24,0.87,0,0,0,0,0,31,0
IND06274,01/06/2025,HOSP262,163,17,0.91,0,0,0,0,0,31,0
IND06275,01/07/2025,HOSP262,157,23,0.87,2,0,1,1,0,36,0
IND06276,01/08/2025,HOSP262,171,9,0.95,1,0,1,0,0,31,0
IND06277,01/09/2025,HOSP262,171,9,0.95,0,0,0,0,0,25,0
IND06278,01/10/2025,HOSP262,157,23,0.87,2,0,1,1,0,40,1
IND06279,01/11/2025,HOSP262,155,25,0.86,0,0,0,0,0,22,0
IND06280,01/12/2025,HOSP262,155,25,0.86,0,0,0,0,0,33,0
IND06281,01/01/2026,HOSP262,162,18,0.9,0,0,0,0,0,30,0
IND06282,01/02/2026,HOSP262,162,18,0.9,1,0,0,0,1,41,0
IND06283,01/03/2026,HOSP262,165,15,0.92,0,0,0,0,0,27,0
IND06284,01/04/2026,HOSP262,160,20,0.89,2,0,1,1,0,30,0
IND06285,01/05/2026,HOSP262,167,13,0.93,2,0,1,1,0,24,0
IND06286,01/06/2026,HOSP262,165,15,0.92,0,0,0,0,0,36,0
IND06287,01/07/2026,HOSP262,154,26,0.86,2,0,2,0,0,36,0
IND06288,01/08/2026,HOSP262,158,22,0.88,0,0,0,0,0,38,0
IND06289,01/09/2024,HOSP263,205,25,0.89,0,0,0,0,0,38,0
IND06290,01/10/2024,HOSP263,182,48,0.79,1,0,1,0,0,12,0
IND06291,01/11/2024,HOSP263,194,36,0.84,2,0,1,0,1,22,0
IND06292,01/12/2024,HOSP263,179,51,0.78,4,0,0,4,0,18,0
IND06293,01/01/2025,HOSP263,184,46,0.8,1,0,1,0,0,8,0
IND06294,01/02/2025,HOSP263,188,42,0.82,2,0,1,1,0,44,0
IND06295,01/03/2025,HOSP263,191,39,0.83,0,0,0,0,0,26,0
IND06296,01/04/2025,HOSP263,194,36,0.84,1,0,0,0,1,19,0
IND06297,01/05/2025,HOSP263,186,44,0.81,2,0,0,2,0,25,0
IND06298,01/06/2025,HOSP263,180,50,0.78,2,0,0,1,1,32,0
IND06299,01/07/2025,HOSP263,201,29,0.87,1,0,1,0,0,24,0
IND06300,01/08/2025,HOSP263,184,46,0.8,0,0,0,0,0,32,0
IND06301,01/09/2025,HOSP263,195,35,0.85,0,0,0,0,0,34,0
IND06302,01/10/2025,HOSP263,183,47,0.8,2,0,0,2,0,42,0
IND06303,01/11/2025,HOSP263,181,49,0.79,1,0,1,0,0,32,0
IND06304,01/12/2025,HOSP263,186,44,0.81,2,0,0,1,1,10,0
IND06305,01/01/2026,HOSP263,182,48,0.79,0,0,0,0,0,20,0
IND06306,01/02/2026,HOSP263,192,38,0.83,2,0,1,1,0,44,0
IND06307,01/03/2026,HOSP263,181,49,0.79,0,0,0,0,0,44,0
IND06308,01/04/2026,HOSP263,193,37,0.84,4,0,1,2,1,31,0
IND06309,01/05/2026,HOSP263,201,29,0.87,3,1,1,1,0,25,0
IND06310,01/06/2026,HOSP263,181,49,0.79,1,0,0,1,0,34,0
IND06311,01/07/2026,HOSP263,196,34,0.85,1,0,0,1,0,16,0
IND06312,01/08/2026,HOSP263,191,39,0.83,1,0,1,0,0,48,0
IND06313,01/09/2024,HOSP264,122,48,0.72,1,0,1,0,0,48,1
IND06314,01/10/2024,HOSP264,127,43,0.75,1,0,0,1,0,10,0
IND06315,01/11/2024,HOSP264,123,47,0.72,0,0,0,0,0,25,0
IND06316,01/12/2024,HOSP264,122,48,0.72,5,0,1,1,3,35,2
IND06317,01/01/2025,HOSP264,123,47,0.72,1,0,0,0,1,36,0
IND06318,01/02/2025,HOSP264,137,33,0.81,1,0,1,0,0,32,0
IND06319,01/03/2025,HOSP264,129,41,0.76,1,0,0,1,0,36,0
IND06320,01/04/2025,HOSP264,111,59,0.65,3,0,2,0,1,37,1
IND06321,01/05/2025,HOSP264,134,36,0.79,4,1,0,1,2,35,1
IND06322,01/06/2025,HOSP264,131,39,0.77,1,0,0,1,0,39,0
IND06323,01/07/2025,HOSP264,134,36,0.79,3,0,3,0,0,27,0
IND06324,01/08/2025,HOSP264,123,47,0.72,0,0,0,0,0,34,0
IND06325,01/09/2025,HOSP264,127,43,0.75,2,0,0,1,1,19,0
IND06326,01/10/2025,HOSP264,118,52,0.69,1,0,1,0,0,49,0
IND06327,01/11/2025,HOSP264,135,35,0.79,0,0,0,0,0,33,0
IND06328,01/12/2025,HOSP264,128,42,0.75,0,0,0,0,0,36,0
IND06329,01/01/2026,HOSP264,131,39,0.77,1,0,1,0,0,17,0
IND06330,01/02/2026,HOSP264,127,43,0.75,1,0,0,0,1,40,0
IND06331,01/03/2026,HOSP264,135,35,0.79,2,0,1,1,0,36,1
IND06332,01/04/2026,HOSP264,129,41,0.76,2,0,1,0,1,30,0
IND06333,01/05/2026,HOSP264,120,50,0.71,1,0,0,1,0,25,0
IND06334,01/06/2026,HOSP264,128,42,0.75,3,1,0,1,1,35,1
IND06335,01/07/2026,HOSP264,131,39,0.77,2,0,1,1,0,20,0
IND06336,01/08/2026,HOSP264,127,43,0.75,1,0,0,1,0,24,0
IND06337,01/09/2024,HOSP265,190,60,0.76,1,0,0,0,1,25,0
IND06338,01/10/2024,HOSP265,173,77,0.69,0,0,0,0,0,28,0
IND06339,01/11/2024,HOSP265,192,58,0.77,0,0,0,0,0,23,0
IND06340,01/12/2024,HOSP265,190,60,0.76,2,0,2,0,0,31,0
IND06341,01/01/2025,HOSP265,196,54,0.78,3,0,2,1,0,39,2
IND06342,01/02/2025,HOSP265,194,56,0.78,2,0,0,2,0,44,0
IND06343,01/03/2025,HOSP265,187,63,0.75,1,0,1,0,0,14,0
IND06344,01/04/2025,HOSP265,188,62,0.75,3,0,1,1,1,30,0
IND06345,01/05/2025,HOSP265,195,55,0.78,1,0,1,0,0,35,0
IND06346,01/06/2025,HOSP265,197,53,0.79,0,0,0,0,0,29,0
IND06347,01/07/2025,HOSP265,193,57,0.77,3,0,1,1,1,21,0
IND06348,01/08/2025,HOSP265,197,53,0.79,2,0,2,0,0,30,0
IND06349,01/09/2025,HOSP265,181,69,0.72,0,0,0,0,0,30,0
IND06350,01/10/2025,HOSP265,200,50,0.8,4,0,1,3,0,23,1
IND06351,01/11/2025,HOSP265,198,52,0.79,1,1,0,0,0,16,0
IND06352,01/12/2025,HOSP265,183,67,0.73,1,0,1,0,0,53,1
IND06353,01/01/2026,HOSP265,191,59,0.76,0,0,0,0,0,22,0
IND06354,01/02/2026,HOSP265,202,48,0.81,3,0,1,2,0,27,0
IND06355,01/03/2026,HOSP265,190,60,0.76,0,0,0,0,0,36,0
IND06356,01/04/2026,HOSP265,193,57,0.77,1,0,1,0,0,53,1
IND06357,01/05/2026,HOSP265,193,57,0.77,1,0,0,1,0,16,0
IND06358,01/06/2026,HOSP265,188,62,0.75,3,0,1,1,1,31,0
IND06359,01/07/2026,HOSP265,190,60,0.76,0,0,0,0,0,16,0
IND06360,01/08/2026,HOSP265,195,55,0.78,2,0,1,1,0,15,0
IND06361,01/09/2024,HOSP266,157,33,0.83,2,1,1,0,0,28,0
IND06362,01/10/2024,HOSP266,163,27,0.86,0,0,0,0,0,32,0
IND06363,01/11/2024,HOSP266,161,29,0.85,5,0,3,2,0,29,0
IND06364,01/12/2024,HOSP266,157,33,0.83,5,0,2,2,1,28,0
IND06365,01/01/2025,HOSP266,164,26,0.86,6,1,3,1,1,37,1
IND06366,01/02/2025,HOSP266,154,36,0.81,2,1,0,1,0,16,1
IND06367,01/03/2025,HOSP266,159,31,0.84,3,0,1,1,1,31,0
IND06368,01/04/2025,HOSP266,163,27,0.86,4,0,1,1,2,22,0
IND06369,01/05/2025,HOSP266,154,36,0.81,1,0,0,1,0,27,0
IND06370,01/06/2025,HOSP266,152,38,0.8,0,0,0,0,0,35,0
IND06371,01/07/2025,HOSP266,165,25,0.87,0,0,0,0,0,26,0
IND06372,01/08/2025,HOSP266,165,25,0.87,2,0,2,0,0,14,0
IND06373,01/09/2025,HOSP266,153,37,0.81,0,0,0,0,0,19,0
IND06374,01/10/2025,HOSP266,148,42,0.78,3,0,0,2,1,33,0
IND06375,01/11/2025,HOSP266,167,23,0.88,2,0,1,1,0,40,0
IND06376,01/12/2025,HOSP266,163,27,0.86,3,0,0,3,0,27,0
IND06377,01/01/2026,HOSP266,149,41,0.78,1,0,0,1,0,59,0
IND06378,01/02/2026,HOSP266,168,22,0.88,2,0,2,0,0,30,0
IND06379,01/03/2026,HOSP266,163,27,0.86,4,0,1,3,0,28,0
IND06380,01/04/2026,HOSP266,166,24,0.87,2,0,2,0,0,26,0
IND06381,01/05/2026,HOSP266,162,28,0.85,2,0,1,0,1,41,0
IND06382,01/06/2026,HOSP266,161,29,0.85,4,1,1,1,1,25,0
IND06383,01/07/2026,HOSP266,158,32,0.83,1,0,0,1,0,26,0
IND06384,01/08/2026,HOSP266,165,25,0.87,3,0,1,1,1,26,0
IND06385,01/09/2024,HOSP267,140,35,0.8,0,0,0,0,0,28,0
IND06386,01/10/2024,HOSP267,144,31,0.82,0,0,0,0,0,28,0
IND06387,01/11/2024,HOSP267,147,28,0.84,0,0,0,0,0,26,0
IND06388,01/12/2024,HOSP267,141,34,0.81,1,0,1,0,0,47,0
IND06389,01/01/2025,HOSP267,144,31,0.82,1,0,1,0,0,34,0
IND06390,01/02/2025,HOSP267,141,34,0.81,0,0,0,0,0,22,0
IND06391,01/03/2025,HOSP267,135,40,0.77,2,0,0,1,1,20,1
IND06392,01/04/2025,HOSP267,143,32,0.82,1,0,0,1,0,38,0
IND06393,01/05/2025,HOSP267,144,31,0.82,2,0,2,0,0,35,0
IND06394,01/06/2025,HOSP267,147,28,0.84,2,0,1,1,0,33,0
IND06395,01/07/2025,HOSP267,145,30,0.83,0,0,0,0,0,46,0
IND06396,01/08/2025,HOSP267,142,33,0.81,1,0,0,1,0,47,0
IND06397,01/09/2025,HOSP267,150,25,0.86,0,0,0,0,0,28,0
IND06398,01/10/2025,HOSP267,149,26,0.85,0,0,0,0,0,25,0
IND06399,01/11/2025,HOSP267,141,34,0.81,0,0,0,0,0,26,0
IND06400,01/12/2025,HOSP267,130,45,0.74,0,0,0,0,0,32,0
IND06401,01/01/2026,HOSP267,139,36,0.79,0,0,0,0,0,29,0
IND06402,01/02/2026,HOSP267,136,39,0.78,0,0,0,0,0,21,0
IND06403,01/03/2026,HOSP267,161,14,0.92,1,0,0,1,0,21,0
IND06404,01/04/2026,HOSP267,146,29,0.83,0,0,0,0,0,26,0
IND06405,01/05/2026,HOSP267,133,42,0.76,0,0,0,0,0,31,0
IND06406,01/06/2026,HOSP267,142,33,0.81,0,0,0,0,0,26,0
IND06407,01/07/2026,HOSP267,144,31,0.82,2,0,1,0,1,30,0
IND06408,01/08/2026,HOSP267,140,35,0.8,1,0,1,0,0,39,0
IND06409,01/09/2024,HOSP268,143,72,0.67,0,0,0,0,0,34,0
IND06410,01/10/2024,HOSP268,146,69,0.68,0,0,0,0,0,31,0
IND06411,01/11/2024,HOSP268,152,63,0.71,0,0,0,0,0,34,0
IND06412,01/12/2024,HOSP268,155,60,0.72,2,0,1,1,0,27,0
IND06413,01/01/2025,HOSP268,139,76,0.65,3,0,2,1,0,41,0
IND06414,01/02/2025,HOSP268,163,52,0.76,0,0,0,0,0,33,0
IND06415,01/03/2025,HOSP268,138,77,0.64,1,0,0,0,1,36,0
IND06416,01/04/2025,HOSP268,141,74,0.66,0,0,0,0,0,31,0
IND06417,01/05/2025,HOSP268,144,71,0.67,1,0,1,0,0,30,0
IND06418,01/06/2025,HOSP268,155,60,0.72,0,0,0,0,0,38,0
IND06419,01/07/2025,HOSP268,148,67,0.69,0,0,0,0,0,21,0
IND06420,01/08/2025,HOSP268,156,59,0.73,2,1,0,0,1,48,0
IND06421,01/09/2025,HOSP268,165,50,0.77,1,0,0,0,1,14,0
IND06422,01/10/2025,HOSP268,148,67,0.69,0,0,0,0,0,20,0
IND06423,01/11/2025,HOSP268,149,66,0.69,2,0,1,0,1,20,0
IND06424,01/12/2025,HOSP268,148,67,0.69,0,0,0,0,0,24,0
IND06425,01/01/2026,HOSP268,142,73,0.66,0,0,0,0,0,27,0
IND06426,01/02/2026,HOSP268,143,72,0.67,0,0,0,0,0,27,0
IND06427,01/03/2026,HOSP268,144,71,0.67,1,0,0,1,0,14,0
IND06428,01/04/2026,HOSP268,157,58,0.73,0,0,0,0,0,18,0
IND06429,01/05/2026,HOSP268,147,68,0.68,2,0,0,2,0,41,1
IND06430,01/06/2026,HOSP268,149,66,0.69,1,0,0,0,1,22,0
IND06431,01/07/2026,HOSP268,159,56,0.74,0,0,0,0,0,37,0
IND06432,01/08/2026,HOSP268,136,79,0.63,1,1,0,0,0,28,0
IND06433,01/09/2024,HOSP269,122,38,0.76,1,0,1,0,0,43,0
IND06434,01/10/2024,HOSP269,111,49,0.69,1,0,1,0,0,32,0
IND06435,01/11/2024,HOSP269,126,34,0.79,2,0,0,2,0,32,0
IND06436,01/12/2024,HOSP269,122,38,0.76,4,0,3,0,1,32,0
IND06437,01/01/2025,HOSP269,123,37,0.77,3,0,0,3,0,33,0
IND06438,01/02/2025,HOSP269,125,35,0.78,3,0,1,2,0,46,0
IND06439,01/03/2025,HOSP269,123,37,0.77,3,0,3,0,0,39,0
IND06440,01/04/2025,HOSP269,131,29,0.82,3,0,0,3,0,19,1
IND06441,01/05/2025,HOSP269,119,41,0.74,0,0,0,0,0,29,0
IND06442,01/06/2025,HOSP269,131,29,0.82,1,0,1,0,0,40,0
IND06443,01/07/2025,HOSP269,111,49,0.69,2,0,1,1,0,15,0
IND06444,01/08/2025,HOSP269,121,39,0.76,2,0,1,1,0,16,0
IND06445,01/09/2025,HOSP269,125,35,0.78,0,0,0,0,0,30,0
IND06446,01/10/2025,HOSP269,120,40,0.75,0,0,0,0,0,22,0
IND06447,01/11/2025,HOSP269,126,34,0.79,0,0,0,0,0,27,0
IND06448,01/12/2025,HOSP269,117,43,0.73,1,0,0,1,0,41,0
IND06449,01/01/2026,HOSP269,119,41,0.74,0,0,0,0,0,26,0
IND06450,01/02/2026,HOSP269,115,45,0.72,1,1,0,0,0,15,0
IND06451,01/03/2026,HOSP269,129,31,0.81,2,0,0,2,0,21,0
IND06452,01/04/2026,HOSP269,112,48,0.7,1,0,0,1,0,47,0
IND06453,01/05/2026,HOSP269,117,43,0.73,1,0,0,1,0,46,0
IND06454,01/06/2026,HOSP269,112,48,0.7,4,0,3,1,0,28,1
IND06455,01/07/2026,HOSP269,116,44,0.72,0,0,0,0,0,30,0
IND06456,01/08/2026,HOSP269,123,37,0.77,4,0,1,2,1,34,0
IND06457,01/09/2024,HOSP270,228,32,0.88,0,0,0,0,0,35,0
IND06458,01/10/2024,HOSP270,213,47,0.82,1,0,1,0,0,30,0
IND06459,01/11/2024,HOSP270,215,45,0.83,0,0,0,0,0,29,0
IND06460,01/12/2024,HOSP270,218,42,0.84,1,0,0,1,0,47,0
IND06461,01/01/2025,HOSP270,213,47,0.82,1,0,0,1,0,33,0
IND06462,01/02/2025,HOSP270,223,37,0.86,1,0,1,0,0,39,0
IND06463,01/03/2025,HOSP270,230,30,0.88,2,0,0,2,0,34,0
IND06464,01/04/2025,HOSP270,220,40,0.85,0,0,0,0,0,24,0
IND06465,01/05/2025,HOSP270,230,30,0.88,1,0,0,0,1,14,0
IND06466,01/06/2025,HOSP270,216,44,0.83,0,0,0,0,0,31,0
IND06467,01/07/2025,HOSP270,221,39,0.85,0,0,0,0,0,29,0
IND06468,01/08/2025,HOSP270,231,29,0.89,0,0,0,0,0,23,0
IND06469,01/09/2025,HOSP270,208,52,0.8,1,0,1,0,0,10,1
IND06470,01/10/2025,HOSP270,229,31,0.88,1,0,0,1,0,54,0
IND06471,01/11/2025,HOSP270,245,15,0.94,0,0,0,0,0,29,0
IND06472,01/12/2025,HOSP270,227,33,0.87,0,0,0,0,0,18,0
IND06473,01/01/2026,HOSP270,218,42,0.84,2,0,0,1,1,18,0
IND06474,01/02/2026,HOSP270,222,38,0.85,0,0,0,0,0,29,0
IND06475,01/03/2026,HOSP270,221,39,0.85,0,0,0,0,0,11,0
IND06476,01/04/2026,HOSP270,228,32,0.88,1,0,1,0,0,30,0
IND06477,01/05/2026,HOSP270,218,42,0.84,0,0,0,0,0,26,0
IND06478,01/06/2026,HOSP270,217,43,0.83,1,0,0,1,0,44,1
IND06479,01/07/2026,HOSP270,247,13,0.95,0,0,0,0,0,33,0
IND06480,01/08/2026,HOSP270,218,42,0.84,0,0,0,0,0,25,0
IND06481,01/09/2024,HOSP271,127,58,0.69,1,0,0,0,1,43,0
IND06482,01/10/2024,HOSP271,131,54,0.71,0,0,0,0,0,30,0
IND06483,01/11/2024,HOSP271,131,54,0.71,0,0,0,0,0,30,0
IND06484,01/12/2024,HOSP271,118,67,0.64,0,0,0,0,0,27,0
IND06485,01/01/2025,HOSP271,116,69,0.63,0,0,0,0,0,21,0
IND06486,01/02/2025,HOSP271,122,63,0.66,1,0,0,0,1,31,0
IND06487,01/03/2025,HOSP271,135,50,0.73,0,0,0,0,0,21,0
IND06488,01/04/2025,HOSP271,125,60,0.68,0,0,0,0,0,24,0
IND06489,01/05/2025,HOSP271,122,63,0.66,1,0,0,1,0,45,0
IND06490,01/06/2025,HOSP271,123,62,0.66,0,0,0,0,0,31,0
IND06491,01/07/2025,HOSP271,124,61,0.67,0,0,0,0,0,34,0
IND06492,01/08/2025,HOSP271,114,71,0.62,0,0,0,0,0,23,0
IND06493,01/09/2025,HOSP271,121,64,0.65,0,0,0,0,0,25,0
IND06494,01/10/2025,HOSP271,123,62,0.66,1,0,1,0,0,14,0
IND06495,01/11/2025,HOSP271,137,48,0.74,1,0,1,0,0,26,0
IND06496,01/12/2025,HOSP271,127,58,0.69,0,0,0,0,0,26,0
IND06497,01/01/2026,HOSP271,135,50,0.73,1,0,0,1,0,23,0
IND06498,01/02/2026,HOSP271,131,54,0.71,0,0,0,0,0,37,0
IND06499,01/03/2026,HOSP271,126,59,0.68,0,0,0,0,0,25,0
IND06500,01/04/2026,HOSP271,129,56,0.7,0,0,0,0,0,35,0
IND06501,01/05/2026,HOSP271,127,58,0.69,0,0,0,0,0,26,0
IND06502,01/06/2026,HOSP271,138,47,0.75,0,0,0,0,0,27,0
IND06503,01/07/2026,HOSP271,129,56,0.7,0,0,0,0,0,26,0
IND06504,01/08/2026,HOSP271,128,57,0.69,0,0,0,0,0,28,0
IND06505,01/09/2024,HOSP272,157,38,0.81,0,0,0,0,0,22,0
IND06506,01/10/2024,HOSP272,154,41,0.79,0,0,0,0,0,28,0
IND06507,01/11/2024,HOSP272,146,49,0.75,0,0,0,0,0,23,0
IND06508,01/12/2024,HOSP272,146,49,0.75,1,0,0,1,0,8,0
IND06509,01/01/2025,HOSP272,143,52,0.73,1,0,1,0,0,14,0
IND06510,01/02/2025,HOSP272,156,39,0.8,0,0,0,0,0,28,0
IND06511,01/03/2025,HOSP272,153,42,0.78,0,0,0,0,0,17,0
IND06512,01/04/2025,HOSP272,158,37,0.81,0,0,0,0,0,25,0
IND06513,01/05/2025,HOSP272,149,46,0.76,0,0,0,0,0,27,0
IND06514,01/06/2025,HOSP272,144,51,0.74,1,0,0,1,0,22,0
IND06515,01/07/2025,HOSP272,152,43,0.78,1,0,0,0,1,26,0
IND06516,01/08/2025,HOSP272,158,37,0.81,0,0,0,0,0,26,0
IND06517,01/09/2025,HOSP272,165,30,0.85,1,0,1,0,0,16,0
IND06518,01/10/2025,HOSP272,140,55,0.72,1,1,0,0,0,18,0
IND06519,01/11/2025,HOSP272,154,41,0.79,0,0,0,0,0,18,0
IND06520,01/12/2025,HOSP272,164,31,0.84,0,0,0,0,0,30,0
IND06521,01/01/2026,HOSP272,159,36,0.82,0,0,0,0,0,20,0
IND06522,01/02/2026,HOSP272,160,35,0.82,1,0,0,1,0,40,0
IND06523,01/03/2026,HOSP272,151,44,0.77,0,0,0,0,0,41,0
IND06524,01/04/2026,HOSP272,146,49,0.75,0,0,0,0,0,36,0
IND06525,01/05/2026,HOSP272,160,35,0.82,0,0,0,0,0,39,0
IND06526,01/06/2026,HOSP272,142,53,0.73,1,0,1,0,0,30,0
IND06527,01/07/2026,HOSP272,148,47,0.76,1,0,0,1,0,29,0
IND06528,01/08/2026,HOSP272,151,44,0.77,0,0,0,0,0,29,0
IND06529,01/09/2024,HOSP273,195,30,0.87,0,0,0,0,0,17,0
IND06530,01/10/2024,HOSP273,188,37,0.84,0,0,0,0,0,39,0
IND06531,01/11/2024,HOSP273,176,49,0.78,0,0,0,0,0,30,0
IND06532,01/12/2024,HOSP273,191,34,0.85,1,0,1,0,0,24,1
IND06533,01/01/2025,HOSP273,189,36,0.84,1,0,1,0,0,54,0
IND06534,01/02/2025,HOSP273,203,22,0.9,0,0,0,0,0,39,0
IND06535,01/03/2025,HOSP273,173,52,0.77,1,0,1,0,0,37,0
IND06536,01/04/2025,HOSP273,180,45,0.8,2,0,2,0,0,22,0
IND06537,01/05/2025,HOSP273,173,52,0.77,0,0,0,0,0,36,0
IND06538,01/06/2025,HOSP273,185,40,0.82,0,0,0,0,0,31,0
IND06539,01/07/2025,HOSP273,173,52,0.77,2,0,1,1,0,22,0
IND06540,01/08/2025,HOSP273,179,46,0.8,1,0,0,1,0,47,1
IND06541,01/09/2025,HOSP273,186,39,0.83,0,0,0,0,0,23,0
IND06542,01/10/2025,HOSP273,173,52,0.77,1,0,1,0,0,17,0
IND06543,01/11/2025,HOSP273,179,46,0.8,0,0,0,0,0,24,0
IND06544,01/12/2025,HOSP273,194,31,0.86,0,0,0,0,0,27,0
IND06545,01/01/2026,HOSP273,192,33,0.85,0,0,0,0,0,29,0
IND06546,01/02/2026,HOSP273,171,54,0.76,1,0,0,1,0,15,0
IND06547,01/03/2026,HOSP273,182,43,0.81,0,0,0,0,0,28,0
IND06548,01/04/2026,HOSP273,190,35,0.84,2,0,2,0,0,42,0
IND06549,01/05/2026,HOSP273,171,54,0.76,0,0,0,0,0,30,0
IND06550,01/06/2026,HOSP273,175,50,0.78,2,0,0,2,0,42,0
IND06551,01/07/2026,HOSP273,187,38,0.83,1,1,0,0,0,56,0
IND06552,01/08/2026,HOSP273,176,49,0.78,1,0,1,0,0,15,0
IND06553,01/09/2024,HOSP274,113,37,0.75,0,0,0,0,0,37,0
IND06554,01/10/2024,HOSP274,121,29,0.81,0,0,0,0,0,40,0
IND06555,01/11/2024,HOSP274,115,35,0.77,0,0,0,0,0,19,0
IND06556,01/12/2024,HOSP274,106,44,0.71,0,0,0,0,0,32,0
IND06557,01/01/2025,HOSP274,114,36,0.76,2,0,1,1,0,15,0
IND06558,01/02/2025,HOSP274,109,41,0.73,0,0,0,0,0,35,0
IND06559,01/03/2025,HOSP274,110,40,0.73,0,0,0,0,0,30,0
IND06560,01/04/2025,HOSP274,108,42,0.72,0,0,0,0,0,32,0
IND06561,01/05/2025,HOSP274,111,39,0.74,1,0,0,1,0,34,0
IND06562,01/06/2025,HOSP274,115,35,0.77,0,0,0,0,0,25,0
IND06563,01/07/2025,HOSP274,115,35,0.77,1,0,0,1,0,23,0
IND06564,01/08/2025,HOSP274,115,35,0.77,1,0,0,1,0,30,0
IND06565,01/09/2025,HOSP274,116,34,0.77,0,0,0,0,0,29,0
IND06566,01/10/2025,HOSP274,118,32,0.79,0,0,0,0,0,28,0
IND06567,01/11/2025,HOSP274,120,30,0.8,1,0,0,1,0,32,0
IND06568,01/12/2025,HOSP274,114,36,0.76,0,0,0,0,0,25,0
IND06569,01/01/2026,HOSP274,115,35,0.77,0,0,0,0,0,26,0
IND06570,01/02/2026,HOSP274,111,39,0.74,0,0,0,0,0,31,0
IND06571,01/03/2026,HOSP274,117,33,0.78,2,0,1,0,1,36,0
IND06572,01/04/2026,HOSP274,103,47,0.69,0,0,0,0,0,27,0
IND06573,01/05/2026,HOSP274,116,34,0.77,0,0,0,0,0,29,0
IND06574,01/06/2026,HOSP274,114,36,0.76,2,0,1,0,1,27,0
IND06575,01/07/2026,HOSP274,106,44,0.71,0,0,0,0,0,28,0
IND06576,01/08/2026,HOSP274,125,25,0.83,2,0,1,0,1,30,0
IND06577,01/09/2024,HOSP275,184,61,0.75,0,0,0,0,0,26,0
IND06578,01/10/2024,HOSP275,204,41,0.83,0,0,0,0,0,22,0
IND06579,01/11/2024,HOSP275,204,41,0.83,2,0,0,1,1,31,0
IND06580,01/12/2024,HOSP275,216,29,0.88,1,0,0,1,0,41,0
IND06581,01/01/2025,HOSP275,202,43,0.82,3,0,1,2,0,31,0
IND06582,01/02/2025,HOSP275,216,29,0.88,2,1,1,0,0,30,0
IND06583,01/03/2025,HOSP275,198,47,0.81,1,1,0,0,0,29,0
IND06584,01/04/2025,HOSP275,206,39,0.84,1,0,0,0,1,56,0
IND06585,01/05/2025,HOSP275,214,31,0.87,2,0,1,1,0,44,0
IND06586,01/06/2025,HOSP275,210,35,0.86,1,0,0,1,0,21,0
IND06587,01/07/2025,HOSP275,197,48,0.8,2,0,2,0,0,26,0
IND06588,01/08/2025,HOSP275,218,27,0.89,0,0,0,0,0,21,0
IND06589,01/09/2025,HOSP275,215,30,0.88,0,0,0,0,0,30,0
IND06590,01/10/2025,HOSP275,213,32,0.87,0,0,0,0,0,27,0
IND06591,01/11/2025,HOSP275,203,42,0.83,0,0,0,0,0,22,0
IND06592,01/12/2025,HOSP275,212,33,0.87,0,0,0,0,0,26,0
IND06593,01/01/2026,HOSP275,204,41,0.83,0,0,0,0,0,31,0
IND06594,01/02/2026,HOSP275,190,55,0.78,0,0,0,0,0,32,0
IND06595,01/03/2026,HOSP275,198,47,0.81,2,0,0,2,0,28,0
IND06596,01/04/2026,HOSP275,203,42,0.83,0,0,0,0,0,19,0
IND06597,01/05/2026,HOSP275,204,41,0.83,0,0,0,0,0,32,0
IND06598,01/06/2026,HOSP275,205,40,0.84,1,0,0,1,0,30,0
IND06599,01/07/2026,HOSP275,200,45,0.82,1,0,0,1,0,24,0
IND06600,01/08/2026,HOSP275,213,32,0.87,2,0,1,1,0,26,0
IND06601,01/09/2024,HOSP276,136,64,0.68,0,0,0,0,0,18,0
IND06602,01/10/2024,HOSP276,143,57,0.71,1,0,0,0,1,60,0
IND06603,01/11/2024,HOSP276,150,50,0.75,1,0,0,1,0,38,0
IND06604,01/12/2024,HOSP276,130,70,0.65,0,0,0,0,0,25,0
IND06605,01/01/2025,HOSP276,146,54,0.73,0,0,0,0,0,34,0
IND06606,01/02/2025,HOSP276,146,54,0.73,0,0,0,0,0,23,0
IND06607,01/03/2025,HOSP276,131,69,0.66,0,0,0,0,0,34,0
IND06608,01/04/2025,HOSP276,153,47,0.77,0,0,0,0,0,30,0
IND06609,01/05/2025,HOSP276,126,74,0.63,0,0,0,0,0,40,0
IND06610,01/06/2025,HOSP276,134,66,0.67,0,0,0,0,0,38,0
IND06611,01/07/2025,HOSP276,134,66,0.67,1,0,1,0,0,24,0
IND06612,01/08/2025,HOSP276,148,52,0.74,0,0,0,0,0,31,0
IND06613,01/09/2025,HOSP276,138,62,0.69,0,0,0,0,0,28,0
IND06614,01/10/2025,HOSP276,127,73,0.64,0,0,0,0,0,36,0
IND06615,01/11/2025,HOSP276,141,59,0.7,0,0,0,0,0,31,0
IND06616,01/12/2025,HOSP276,139,61,0.69,0,0,0,0,0,33,0
IND06617,01/01/2026,HOSP276,131,69,0.66,0,0,0,0,0,32,0
IND06618,01/02/2026,HOSP276,127,73,0.64,1,0,0,1,0,13,0
IND06619,01/03/2026,HOSP276,141,59,0.7,0,0,0,0,0,31,0
IND06620,01/04/2026,HOSP276,130,70,0.65,0,0,0,0,0,23,0
IND06621,01/05/2026,HOSP276,137,63,0.69,1,0,1,0,0,37,0
IND06622,01/06/2026,HOSP276,127,73,0.64,0,0,0,0,0,34,0
IND06623,01/07/2026,HOSP276,146,54,0.73,0,0,0,0,0,25,0
IND06624,01/08/2026,HOSP276,134,66,0.67,0,0,0,0,0,37,0
IND06625,01/09/2024,HOSP277,150,20,0.88,0,0,0,0,0,26,0
IND06626,01/10/2024,HOSP277,166,4,0.98,0,0,0,0,0,30,0
IND06627,01/11/2024,HOSP277,156,14,0.92,1,0,0,0,1,36,0
IND06628,01/12/2024,HOSP277,155,15,0.91,2,0,0,1,1,35,0
IND06629,01/01/2025,HOSP277,148,22,0.87,2,1,0,1,0,44,0
IND06630,01/02/2025,HOSP277,145,25,0.85,0,0,0,0,0,38,0
IND06631,01/03/2025,HOSP277,149,21,0.88,0,0,0,0,0,31,0
IND06632,01/04/2025,HOSP277,144,26,0.85,0,0,0,0,0,24,0
IND06633,01/05/2025,HOSP277,161,9,0.95,1,0,0,1,0,41,0
IND06634,01/06/2025,HOSP277,156,14,0.92,0,0,0,0,0,35,0
IND06635,01/07/2025,HOSP277,152,18,0.89,1,0,0,1,0,41,0
IND06636,01/08/2025,HOSP277,156,14,0.92,0,0,0,0,0,29,0
IND06637,01/09/2025,HOSP277,156,14,0.92,1,0,0,1,0,52,0
IND06638,01/10/2025,HOSP277,165,5,0.97,0,0,0,0,0,33,0
IND06639,01/11/2025,HOSP277,159,11,0.94,0,0,0,0,0,26,0
IND06640,01/12/2025,HOSP277,166,4,0.98,0,0,0,0,0,31,0
IND06641,01/01/2026,HOSP277,149,21,0.88,1,0,1,0,0,34,0
IND06642,01/02/2026,HOSP277,149,21,0.88,0,0,0,0,0,38,0
IND06643,01/03/2026,HOSP277,153,17,0.9,1,0,0,1,0,31,0
IND06644,01/04/2026,HOSP277,151,19,0.89,0,0,0,0,0,29,0
IND06645,01/05/2026,HOSP277,159,11,0.94,1,0,1,0,0,20,0
IND06646,01/06/2026,HOSP277,153,17,0.9,1,0,1,0,0,32,0
IND06647,01/07/2026,HOSP277,151,19,0.89,1,1,0,0,0,27,0
IND06648,01/08/2026,HOSP277,152,18,0.89,1,1,0,0,0,23,0
IND06649,01/09/2024,HOSP278,198,12,0.94,0,0,0,0,0,42,0
IND06650,01/10/2024,HOSP278,190,20,0.9,1,0,0,1,0,36,0
IND06651,01/11/2024,HOSP278,183,27,0.87,1,0,0,1,0,45,0
IND06652,01/12/2024,HOSP278,181,29,0.86,1,0,1,0,0,45,0
IND06653,01/01/2025,HOSP278,169,41,0.8,0,0,0,0,0,37,0
IND06654,01/02/2025,HOSP278,169,41,0.8,0,0,0,0,0,33,0
IND06655,01/03/2025,HOSP278,189,21,0.9,0,0,0,0,0,30,0
IND06656,01/04/2025,HOSP278,185,25,0.88,1,0,0,0,1,32,0
IND06657,01/05/2025,HOSP278,184,26,0.88,0,0,0,0,0,26,0
IND06658,01/06/2025,HOSP278,190,20,0.9,0,0,0,0,0,33,0
IND06659,01/07/2025,HOSP278,183,27,0.87,0,0,0,0,0,29,0
IND06660,01/08/2025,HOSP278,192,18,0.91,1,0,0,1,0,30,0
IND06661,01/09/2025,HOSP278,183,27,0.87,0,0,0,0,0,31,0
IND06662,01/10/2025,HOSP278,178,32,0.85,1,0,0,1,0,42,0
IND06663,01/11/2025,HOSP278,177,33,0.84,0,0,0,0,0,36,0
IND06664,01/12/2025,HOSP278,183,27,0.87,0,0,0,0,0,26,0
IND06665,01/01/2026,HOSP278,192,18,0.91,0,0,0,0,0,32,0
IND06666,01/02/2026,HOSP278,195,15,0.93,1,0,0,1,0,55,0
IND06667,01/03/2026,HOSP278,173,37,0.82,0,0,0,0,0,17,0
IND06668,01/04/2026,HOSP278,178,32,0.85,0,0,0,0,0,36,0
IND06669,01/05/2026,HOSP278,178,32,0.85,0,0,0,0,0,21,0
IND06670,01/06/2026,HOSP278,180,30,0.86,1,0,0,1,0,12,0
IND06671,01/07/2026,HOSP278,166,44,0.79,1,0,0,0,1,26,0
IND06672,01/08/2026,HOSP278,173,37,0.82,0,0,0,0,0,28,0
IND06673,01/09/2024,HOSP279,142,23,0.86,1,0,1,0,0,12,0
IND06674,01/10/2024,HOSP279,148,17,0.9,0,0,0,0,0,31,0
IND06675,01/11/2024,HOSP279,140,25,0.85,0,0,0,0,0,31,0
IND06676,01/12/2024,HOSP279,142,23,0.86,2,0,1,0,1,42,0
IND06677,01/01/2025,HOSP279,147,18,0.89,0,0,0,0,0,32,0
IND06678,01/02/2025,HOSP279,148,17,0.9,0,0,0,0,0,32,0
IND06679,01/03/2025,HOSP279,153,12,0.93,0,0,0,0,0,41,0
IND06680,01/04/2025,HOSP279,151,14,0.92,1,0,1,0,0,10,0
IND06681,01/05/2025,HOSP279,141,24,0.85,0,0,0,0,0,37,0
IND06682,01/06/2025,HOSP279,158,7,0.96,0,0,0,0,0,33,0
IND06683,01/07/2025,HOSP279,137,28,0.83,0,0,0,0,0,18,0
IND06684,01/08/2025,HOSP279,152,13,0.92,0,0,0,0,0,26,0
IND06685,01/09/2025,HOSP279,150,15,0.91,0,0,0,0,0,38,0
IND06686,01/10/2025,HOSP279,152,13,0.92,0,0,0,0,0,17,0
IND06687,01/11/2025,HOSP279,143,22,0.87,2,0,0,2,0,32,0
IND06688,01/12/2025,HOSP279,145,20,0.88,2,0,0,2,0,28,0
IND06689,01/01/2026,HOSP279,147,18,0.89,0,0,0,0,0,26,0
IND06690,01/02/2026,HOSP279,157,8,0.95,0,0,0,0,0,25,0
IND06691,01/03/2026,HOSP279,145,20,0.88,0,0,0,0,0,41,0
IND06692,01/04/2026,HOSP279,145,20,0.88,2,0,2,0,0,31,0
IND06693,01/05/2026,HOSP279,158,7,0.96,0,0,0,0,0,26,0
IND06694,01/06/2026,HOSP279,152,13,0.92,2,0,1,0,1,42,0
IND06695,01/07/2026,HOSP279,141,24,0.85,1,0,0,0,1,18,0
IND06696,01/08/2026,HOSP279,140,25,0.85,1,1,0,0,0,9,0
IND06697,01/09/2024,HOSP280,216,39,0.85,1,0,0,0,1,38,0
IND06698,01/10/2024,HOSP280,203,52,0.8,2,0,2,0,0,24,0
IND06699,01/11/2024,HOSP280,214,41,0.84,3,1,0,2,0,24,0
IND06700,01/12/2024,HOSP280,209,46,0.82,6,0,3,3,0,30,0
IND06701,01/01/2025,HOSP280,204,51,0.8,6,0,1,5,0,34,0
IND06702,01/02/2025,HOSP280,209,46,0.82,2,0,1,1,0,34,0
IND06703,01/03/2025,HOSP280,199,56,0.78,3,0,1,1,1,20,0
IND06704,01/04/2025,HOSP280,202,53,0.79,3,0,2,1,0,21,0
IND06705,01/05/2025,HOSP280,206,49,0.81,1,0,1,0,0,44,0
IND06706,01/06/2025,HOSP280,206,49,0.81,2,0,0,2,0,28,1
IND06707,01/07/2025,HOSP280,198,57,0.78,3,0,0,2,1,39,0
IND06708,01/08/2025,HOSP280,202,53,0.79,1,0,1,0,0,26,0
IND06709,01/09/2025,HOSP280,194,61,0.76,3,0,2,1,0,32,0
IND06710,01/10/2025,HOSP280,205,50,0.8,3,0,1,2,0,26,0
IND06711,01/11/2025,HOSP280,206,49,0.81,1,0,0,1,0,38,0
IND06712,01/12/2025,HOSP280,204,51,0.8,3,0,0,3,0,40,1
IND06713,01/01/2026,HOSP280,193,62,0.76,0,0,0,0,0,29,0
IND06714,01/02/2026,HOSP280,205,50,0.8,1,0,1,0,0,24,0
IND06715,01/03/2026,HOSP280,193,62,0.76,0,0,0,0,0,25,0
IND06716,01/04/2026,HOSP280,210,45,0.82,2,1,0,1,0,22,0
IND06717,01/05/2026,HOSP280,207,48,0.81,2,0,1,1,0,14,0
IND06718,01/06/2026,HOSP280,207,48,0.81,2,0,1,1,0,16,1
IND06719,01/07/2026,HOSP280,221,34,0.87,3,0,0,0,3,27,0
IND06720,01/08/2026,HOSP280,206,49,0.81,6,1,4,0,1,24,2
IND06721,01/09/2024,HOSP281,159,36,0.82,0,0,0,0,0,20,0
IND06722,01/10/2024,HOSP281,153,42,0.78,0,0,0,0,0,29,0
IND06723,01/11/2024,HOSP281,149,46,0.76,1,0,0,1,0,20,0
IND06724,01/12/2024,HOSP281,159,36,0.82,2,0,1,1,0,13,0
IND06725,01/01/2025,HOSP281,155,40,0.79,3,0,0,2,1,26,1
IND06726,01/02/2025,HOSP281,142,53,0.73,0,0,0,0,0,24,0
IND06727,01/03/2025,HOSP281,153,42,0.78,3,0,0,2,1,38,0
IND06728,01/04/2025,HOSP281,158,37,0.81,1,0,0,1,0,15,0
IND06729,01/05/2025,HOSP281,144,51,0.74,2,0,2,0,0,26,0
IND06730,01/06/2025,HOSP281,166,29,0.85,1,0,0,1,0,44,0
IND06731,01/07/2025,HOSP281,148,47,0.76,3,0,1,2,0,23,0
IND06732,01/08/2025,HOSP281,150,45,0.77,0,0,0,0,0,23,0
IND06733,01/09/2025,HOSP281,156,39,0.8,0,0,0,0,0,28,0
IND06734,01/10/2025,HOSP281,155,40,0.79,0,0,0,0,0,24,0
IND06735,01/11/2025,HOSP281,154,41,0.79,1,0,0,1,0,33,0
IND06736,01/12/2025,HOSP281,142,53,0.73,3,0,1,1,1,19,1
IND06737,01/01/2026,HOSP281,157,38,0.81,0,0,0,0,0,27,0
IND06738,01/02/2026,HOSP281,149,46,0.76,0,0,0,0,0,23,0
IND06739,01/03/2026,HOSP281,141,54,0.72,0,0,0,0,0,27,0
IND06740,01/04/2026,HOSP281,158,37,0.81,0,0,0,0,0,30,0
IND06741,01/05/2026,HOSP281,156,39,0.8,2,0,0,1,1,34,1
IND06742,01/06/2026,HOSP281,151,44,0.77,1,0,1,0,0,27,0
IND06743,01/07/2026,HOSP281,162,33,0.83,1,0,1,0,0,14,0
IND06744,01/08/2026,HOSP281,157,38,0.81,2,0,0,2,0,42,0
IND06745,01/09/2024,HOSP282,130,55,0.7,0,0,0,0,0,26,0
IND06746,01/10/2024,HOSP282,124,61,0.67,0,0,0,0,0,34,0
IND06747,01/11/2024,HOSP282,142,43,0.77,0,0,0,0,0,27,0
IND06748,01/12/2024,HOSP282,150,35,0.81,0,0,0,0,0,35,0
IND06749,01/01/2025,HOSP282,147,38,0.79,1,0,1,0,0,23,0
IND06750,01/02/2025,HOSP282,151,34,0.82,2,0,1,1,0,40,0
IND06751,01/03/2025,HOSP282,139,46,0.75,2,0,0,1,1,32,0
IND06752,01/04/2025,HOSP282,138,47,0.75,0,0,0,0,0,30,0
IND06753,01/05/2025,HOSP282,132,53,0.71,1,0,1,0,0,6,1
IND06754,01/06/2025,HOSP282,131,54,0.71,0,0,0,0,0,24,0
IND06755,01/07/2025,HOSP282,137,48,0.74,0,0,0,0,0,36,0
IND06756,01/08/2025,HOSP282,132,53,0.71,0,0,0,0,0,30,0
IND06757,01/09/2025,HOSP282,142,43,0.77,0,0,0,0,0,37,0
IND06758,01/10/2025,HOSP282,141,44,0.76,0,0,0,0,0,38,0
IND06759,01/11/2025,HOSP282,145,40,0.78,0,0,0,0,0,26,0
IND06760,01/12/2025,HOSP282,140,45,0.76,1,0,0,1,0,32,0
IND06761,01/01/2026,HOSP282,144,41,0.78,0,0,0,0,0,33,0
IND06762,01/02/2026,HOSP282,140,45,0.76,2,0,0,1,1,19,0
IND06763,01/03/2026,HOSP282,141,44,0.76,0,0,0,0,0,25,0
IND06764,01/04/2026,HOSP282,140,45,0.76,1,0,0,0,1,21,0
IND06765,01/05/2026,HOSP282,156,29,0.84,0,0,0,0,0,26,0
IND06766,01/06/2026,HOSP282,138,47,0.75,3,0,2,0,1,20,1
IND06767,01/07/2026,HOSP282,134,51,0.72,0,0,0,0,0,24,0
IND06768,01/08/2026,HOSP282,134,51,0.72,0,0,0,0,0,40,0
IND06769,01/09/2024,HOSP283,146,74,0.66,1,0,1,0,0,17,0
IND06770,01/10/2024,HOSP283,151,69,0.69,0,0,0,0,0,38,0
IND06771,01/11/2024,HOSP283,152,68,0.69,3,0,2,1,0,24,1
IND06772,01/12/2024,HOSP283,168,52,0.76,5,1,3,0,1,31,1
IND06773,01/01/2025,HOSP283,149,71,0.68,1,0,1,0,0,7,0
IND06774,01/02/2025,HOSP283,154,66,0.7,1,0,0,1,0,41,0
IND06775,01/03/2025,HOSP283,155,65,0.7,2,0,1,0,1,30,0
IND06776,01/04/2025,HOSP283,164,56,0.75,3,0,0,2,1,34,1
IND06777,01/05/2025,HOSP283,152,68,0.69,3,0,0,2,1,20,1
IND06778,01/06/2025,HOSP283,161,59,0.73,1,0,0,0,1,12,0
IND06779,01/07/2025,HOSP283,147,73,0.67,2,0,0,2,0,30,0
IND06780,01/08/2025,HOSP283,166,54,0.75,1,0,0,1,0,35,0
IND06781,01/09/2025,HOSP283,154,66,0.7,1,0,0,0,1,59,0
IND06782,01/10/2025,HOSP283,155,65,0.7,3,0,1,2,0,40,2
IND06783,01/11/2025,HOSP283,143,77,0.65,0,0,0,0,0,38,0
IND06784,01/12/2025,HOSP283,144,76,0.65,1,0,0,0,1,5,0
IND06785,01/01/2026,HOSP283,159,61,0.72,0,0,0,0,0,21,0
IND06786,01/02/2026,HOSP283,169,51,0.77,0,0,0,0,0,33,0
IND06787,01/03/2026,HOSP283,150,70,0.68,4,0,1,3,0,27,0
IND06788,01/04/2026,HOSP283,165,55,0.75,2,0,1,0,1,30,0
IND06789,01/05/2026,HOSP283,151,69,0.69,3,0,2,1,0,23,0
IND06790,01/06/2026,HOSP283,163,57,0.74,1,0,0,1,0,16,0
IND06791,01/07/2026,HOSP283,148,72,0.67,1,0,0,1,0,32,0
IND06792,01/08/2026,HOSP283,149,71,0.68,1,0,0,0,1,27,0
IND06793,01/09/2024,HOSP284,116,39,0.75,1,0,1,0,0,31,0
IND06794,01/10/2024,HOSP284,126,29,0.81,0,0,0,0,0,27,0
IND06795,01/11/2024,HOSP284,128,27,0.83,3,0,1,1,1,29,1
IND06796,01/12/2024,HOSP284,129,26,0.83,0,0,0,0,0,25,0
IND06797,01/01/2025,HOSP284,133,22,0.86,0,0,0,0,0,28,0
IND06798,01/02/2025,HOSP284,122,33,0.79,0,0,0,0,0,30,0
IND06799,01/03/2025,HOSP284,126,29,0.81,0,0,0,0,0,30,0
IND06800,01/04/2025,HOSP284,117,38,0.75,1,0,0,1,0,36,0
IND06801,01/05/2025,HOSP284,122,33,0.79,0,0,0,0,0,23,0
IND06802,01/06/2025,HOSP284,136,19,0.88,0,0,0,0,0,27,0
IND06803,01/07/2025,HOSP284,117,38,0.75,1,0,0,1,0,48,1
IND06804,01/08/2025,HOSP284,132,23,0.85,0,0,0,0,0,33,0
IND06805,01/09/2025,HOSP284,133,22,0.86,0,0,0,0,0,38,0
IND06806,01/10/2025,HOSP284,128,27,0.83,0,0,0,0,0,32,0
IND06807,01/11/2025,HOSP284,126,29,0.81,0,0,0,0,0,26,0
IND06808,01/12/2025,HOSP284,134,21,0.86,2,0,0,2,0,37,0
IND06809,01/01/2026,HOSP284,125,30,0.81,0,0,0,0,0,40,0
IND06810,01/02/2026,HOSP284,119,36,0.77,1,0,0,1,0,39,0
IND06811,01/03/2026,HOSP284,128,27,0.83,0,0,0,0,0,34,0
IND06812,01/04/2026,HOSP284,127,28,0.82,1,0,1,0,0,57,0
IND06813,01/05/2026,HOSP284,127,28,0.82,1,0,0,1,0,28,0
IND06814,01/06/2026,HOSP284,130,25,0.84,0,0,0,0,0,28,0
IND06815,01/07/2026,HOSP284,126,29,0.81,0,0,0,0,0,21,0
IND06816,01/08/2026,HOSP284,120,35,0.77,2,0,2,0,0,36,1
IND06817,01/09/2024,HOSP285,173,77,0.69,1,0,1,0,0,64,0
IND06818,01/10/2024,HOSP285,168,82,0.67,1,0,1,0,0,42,0
IND06819,01/11/2024,HOSP285,190,60,0.76,2,0,1,1,0,21,0
IND06820,01/12/2024,HOSP285,179,71,0.72,1,0,0,1,0,19,0
IND06821,01/01/2025,HOSP285,196,54,0.78,2,0,0,2,0,34,0
IND06822,01/02/2025,HOSP285,190,60,0.76,2,0,1,1,0,26,0
IND06823,01/03/2025,HOSP285,184,66,0.74,3,0,1,2,0,30,0
IND06824,01/04/2025,HOSP285,172,78,0.69,1,0,0,1,0,28,0
IND06825,01/05/2025,HOSP285,181,69,0.72,2,0,0,2,0,26,0
IND06826,01/06/2025,HOSP285,190,60,0.76,0,0,0,0,0,18,0
IND06827,01/07/2025,HOSP285,195,55,0.78,1,0,0,1,0,7,0
IND06828,01/08/2025,HOSP285,187,63,0.75,2,0,0,2,0,36,0
IND06829,01/09/2025,HOSP285,175,75,0.7,1,0,1,0,0,27,1
IND06830,01/10/2025,HOSP285,193,57,0.77,1,0,1,0,0,26,0
IND06831,01/11/2025,HOSP285,188,62,0.75,0,0,0,0,0,39,0
IND06832,01/12/2025,HOSP285,205,45,0.82,1,1,0,0,0,25,1
IND06833,01/01/2026,HOSP285,179,71,0.72,1,0,0,1,0,5,0
IND06834,01/02/2026,HOSP285,191,59,0.76,0,0,0,0,0,35,0
IND06835,01/03/2026,HOSP285,183,67,0.73,4,0,1,1,2,38,0
IND06836,01/04/2026,HOSP285,204,46,0.82,2,0,0,2,0,38,0
IND06837,01/05/2026,HOSP285,194,56,0.78,1,0,0,1,0,11,0
IND06838,01/06/2026,HOSP285,197,53,0.79,2,0,1,1,0,32,0
IND06839,01/07/2026,HOSP285,186,64,0.74,1,0,1,0,0,32,0
IND06840,01/08/2026,HOSP285,191,59,0.76,3,0,2,0,1,20,0
IND06841,01/09/2024,HOSP286,171,9,0.95,1,0,0,1,0,34,1
IND06842,01/10/2024,HOSP286,160,20,0.89,1,0,0,1,0,35,0
IND06843,01/11/2024,HOSP286,162,18,0.9,0,0,0,0,0,27,0
IND06844,01/12/2024,HOSP286,150,30,0.83,0,0,0,0,0,31,0
IND06845,01/01/2025,HOSP286,156,24,0.87,0,0,0,0,0,23,0
IND06846,01/02/2025,HOSP286,157,23,0.87,0,0,0,0,0,36,0
IND06847,01/03/2025,HOSP286,162,18,0.9,0,0,0,0,0,24,0
IND06848,01/04/2025,HOSP286,163,17,0.91,0,0,0,0,0,23,0
IND06849,01/05/2025,HOSP286,170,10,0.94,0,0,0,0,0,36,0
IND06850,01/06/2025,HOSP286,160,20,0.89,0,0,0,0,0,24,0
IND06851,01/07/2025,HOSP286,169,11,0.94,0,0,0,0,0,29,0
IND06852,01/08/2025,HOSP286,166,14,0.92,0,0,0,0,0,36,0
IND06853,01/09/2025,HOSP286,150,30,0.83,0,0,0,0,0,30,0
IND06854,01/10/2025,HOSP286,167,13,0.93,0,0,0,0,0,36,0
IND06855,01/11/2025,HOSP286,161,19,0.89,0,0,0,0,0,23,0
IND06856,01/12/2025,HOSP286,160,20,0.89,1,0,0,1,0,48,0
IND06857,01/01/2026,HOSP286,152,28,0.84,1,1,0,0,0,26,1
IND06858,01/02/2026,HOSP286,173,7,0.96,0,0,0,0,0,29,0
IND06859,01/03/2026,HOSP286,161,19,0.89,0,0,0,0,0,34,0
IND06860,01/04/2026,HOSP286,172,8,0.96,0,0,0,0,0,31,0
IND06861,01/05/2026,HOSP286,159,21,0.88,0,0,0,0,0,30,0
IND06862,01/06/2026,HOSP286,160,20,0.89,1,1,0,0,0,32,0
IND06863,01/07/2026,HOSP286,158,22,0.88,0,0,0,0,0,27,0
IND06864,01/08/2026,HOSP286,163,17,0.91,0,0,0,0,0,28,0
IND06865,01/09/2024,HOSP287,149,51,0.74,0,0,0,0,0,26,0
IND06866,01/10/2024,HOSP287,158,42,0.79,1,0,1,0,0,16,0
IND06867,01/11/2024,HOSP287,132,68,0.66,0,0,0,0,0,33,0
IND06868,01/12/2024,HOSP287,141,59,0.7,5,0,2,3,0,29,0
IND06869,01/01/2025,HOSP287,135,65,0.68,2,0,2,0,0,28,0
IND06870,01/02/2025,HOSP287,155,45,0.78,2,0,1,1,0,27,1
IND06871,01/03/2025,HOSP287,155,45,0.78,0,0,0,0,0,22,0
IND06872,01/04/2025,HOSP287,151,49,0.76,0,0,0,0,0,29,0
IND06873,01/05/2025,HOSP287,146,54,0.73,1,0,0,1,0,14,0
IND06874,01/06/2025,HOSP287,135,65,0.68,0,0,0,0,0,31,0
IND06875,01/07/2025,HOSP287,145,55,0.72,4,0,1,2,1,36,1
IND06876,01/08/2025,HOSP287,143,57,0.71,0,0,0,0,0,28,0
IND06877,01/09/2025,HOSP287,133,67,0.67,0,0,0,0,0,33,0
IND06878,01/10/2025,HOSP287,147,53,0.73,2,0,1,1,0,20,0
IND06879,01/11/2025,HOSP287,145,55,0.72,0,0,0,0,0,25,0
IND06880,01/12/2025,HOSP287,144,56,0.72,1,0,0,0,1,11,1
IND06881,01/01/2026,HOSP287,140,60,0.7,0,0,0,0,0,34,0
IND06882,01/02/2026,HOSP287,131,69,0.66,1,0,0,1,0,21,0
IND06883,01/03/2026,HOSP287,148,52,0.74,1,0,0,0,1,19,0
IND06884,01/04/2026,HOSP287,146,54,0.73,0,0,0,0,0,37,0
IND06885,01/05/2026,HOSP287,144,56,0.72,1,0,0,1,0,17,0
IND06886,01/06/2026,HOSP287,149,51,0.74,2,0,1,1,0,43,0
IND06887,01/07/2026,HOSP287,142,58,0.71,0,0,0,0,0,25,0
IND06888,01/08/2026,HOSP287,140,60,0.7,2,0,1,1,0,22,0
IND06889,01/09/2024,HOSP288,157,73,0.68,1,0,0,1,0,39,0
IND06890,01/10/2024,HOSP288,167,63,0.73,1,0,0,0,1,18,0
IND06891,01/11/2024,HOSP288,162,68,0.7,0,0,0,0,0,25,0
IND06892,01/12/2024,HOSP288,149,81,0.65,1,0,0,0,1,15,0
IND06893,01/01/2025,HOSP288,158,72,0.69,2,0,1,1,0,17,0
IND06894,01/02/2025,HOSP288,157,73,0.68,0,0,0,0,0,20,0
IND06895,01/03/2025,HOSP288,161,69,0.7,3,0,2,0,1,36,0
IND06896,01/04/2025,HOSP288,154,76,0.67,1,0,0,1,0,19,0
IND06897,01/05/2025,HOSP288,143,87,0.62,2,0,1,1,0,30,0
IND06898,01/06/2025,HOSP288,146,84,0.63,1,0,0,1,0,33,1
IND06899,01/07/2025,HOSP288,159,71,0.69,0,0,0,0,0,31,0
IND06900,01/08/2025,HOSP288,168,62,0.73,0,0,0,0,0,41,0
IND06901,01/09/2025,HOSP288,177,53,0.77,0,0,0,0,0,27,0
IND06902,01/10/2025,HOSP288,156,74,0.68,0,0,0,0,0,29,0
IND06903,01/11/2025,HOSP288,163,67,0.71,0,0,0,0,0,18,0
IND06904,01/12/2025,HOSP288,166,64,0.72,0,0,0,0,0,25,0
IND06905,01/01/2026,HOSP288,166,64,0.72,0,0,0,0,0,34,0
IND06906,01/02/2026,HOSP288,151,79,0.66,0,0,0,0,0,35,0
IND06907,01/03/2026,HOSP288,171,59,0.74,2,0,2,0,0,36,0
IND06908,01/04/2026,HOSP288,147,83,0.64,1,0,0,1,0,31,0
IND06909,01/05/2026,HOSP288,165,65,0.72,2,0,1,1,0,38,0
IND06910,01/06/2026,HOSP288,155,75,0.67,2,0,1,1,0,30,0
IND06911,01/07/2026,HOSP288,147,83,0.64,0,0,0,0,0,34,0
IND06912,01/08/2026,HOSP288,162,68,0.7,1,0,1,0,0,31,0
IND06913,01/09/2024,HOSP289,139,21,0.87,0,0,0,0,0,36,0
IND06914,01/10/2024,HOSP289,153,7,0.96,0,0,0,0,0,28,0
IND06915,01/11/2024,HOSP289,143,17,0.89,1,0,0,0,1,34,0
IND06916,01/12/2024,HOSP289,147,13,0.92,2,1,0,1,0,28,0
IND06917,01/01/2025,HOSP289,142,18,0.89,1,0,0,1,0,43,0
IND06918,01/02/2025,HOSP289,139,21,0.87,1,0,1,0,0,31,0
IND06919,01/03/2025,HOSP289,136,24,0.85,1,0,0,1,0,6,0
IND06920,01/04/2025,HOSP289,133,27,0.83,2,0,2,0,0,26,0
IND06921,01/05/2025,HOSP289,124,36,0.78,3,0,3,0,0,26,1
IND06922,01/06/2025,HOSP289,142,18,0.89,0,0,0,0,0,26,0
IND06923,01/07/2025,HOSP289,144,16,0.9,4,1,1,1,1,40,0
IND06924,01/08/2025,HOSP289,129,31,0.81,0,0,0,0,0,40,0
IND06925,01/09/2025,HOSP289,133,27,0.83,0,0,0,0,0,24,0
IND06926,01/10/2025,HOSP289,143,17,0.89,3,0,0,2,1,25,0
IND06927,01/11/2025,HOSP289,139,21,0.87,1,0,1,0,0,30,0
IND06928,01/12/2025,HOSP289,140,20,0.88,0,0,0,0,0,28,0
IND06929,01/01/2026,HOSP289,148,12,0.93,0,0,0,0,0,28,0
IND06930,01/02/2026,HOSP289,150,10,0.94,1,0,1,0,0,33,0
IND06931,01/03/2026,HOSP289,140,20,0.88,1,1,0,0,0,28,0
IND06932,01/04/2026,HOSP289,136,24,0.85,1,0,0,1,0,29,0
IND06933,01/05/2026,HOSP289,146,14,0.91,2,0,1,1,0,28,0
IND06934,01/06/2026,HOSP289,136,24,0.85,3,0,1,2,0,33,0
IND06935,01/07/2026,HOSP289,137,23,0.86,2,0,1,0,1,47,0
IND06936,01/08/2026,HOSP289,137,23,0.86,2,0,1,0,1,24,0
IND06937,01/09/2024,HOSP290,218,22,0.91,1,0,0,1,0,41,0
IND06938,01/10/2024,HOSP290,218,22,0.91,0,0,0,0,0,27,0
IND06939,01/11/2024,HOSP290,220,20,0.92,2,0,0,2,0,22,0
IND06940,01/12/2024,HOSP290,212,28,0.88,1,0,1,0,0,35,0
IND06941,01/01/2025,HOSP290,211,29,0.88,1,0,1,0,0,32,0
IND06942,01/02/2025,HOSP290,222,18,0.93,2,0,1,1,0,30,0
IND06943,01/03/2025,HOSP290,220,20,0.92,1,0,1,0,0,35,0
IND06944,01/04/2025,HOSP290,225,15,0.94,1,0,0,1,0,20,0
IND06945,01/05/2025,HOSP290,215,25,0.9,0,0,0,0,0,28,0
IND06946,01/06/2025,HOSP290,202,38,0.84,0,0,0,0,0,28,0
IND06947,01/07/2025,HOSP290,223,17,0.93,0,0,0,0,0,31,0
IND06948,01/08/2025,HOSP290,203,37,0.85,0,0,0,0,0,28,0
IND06949,01/09/2025,HOSP290,221,19,0.92,1,0,0,1,0,30,0
IND06950,01/10/2025,HOSP290,227,13,0.95,1,1,0,0,0,50,0
IND06951,01/11/2025,HOSP290,208,32,0.87,0,0,0,0,0,35,0
IND06952,01/12/2025,HOSP290,235,5,0.98,1,0,0,0,1,46,0
IND06953,01/01/2026,HOSP290,219,21,0.91,1,0,0,1,0,26,0
IND06954,01/02/2026,HOSP290,227,13,0.95,1,0,0,1,0,41,0
IND06955,01/03/2026,HOSP290,224,16,0.93,0,0,0,0,0,27,0
IND06956,01/04/2026,HOSP290,228,12,0.95,2,0,0,2,0,10,0
IND06957,01/05/2026,HOSP290,222,18,0.93,2,0,1,1,0,50,1
IND06958,01/06/2026,HOSP290,227,13,0.95,2,0,1,1,0,26,0
IND06959,01/07/2026,HOSP290,233,7,0.97,1,0,0,1,0,27,0
IND06960,01/08/2026,HOSP290,220,20,0.92,1,1,0,0,0,52,0
IND06961,01/09/2024,HOSP291,153,52,0.75,0,0,0,0,0,28,0
IND06962,01/10/2024,HOSP291,161,44,0.79,0,0,0,0,0,30,0
IND06963,01/11/2024,HOSP291,151,54,0.74,1,0,1,0,0,38,0
IND06964,01/12/2024,HOSP291,169,36,0.82,1,0,0,0,1,10,0
IND06965,01/01/2025,HOSP291,162,43,0.79,0,0,0,0,0,20,0
IND06966,01/02/2025,HOSP291,175,30,0.85,0,0,0,0,0,25,0
IND06967,01/03/2025,HOSP291,171,34,0.83,2,0,1,1,0,26,0
IND06968,01/04/2025,HOSP291,159,46,0.78,2,0,1,1,0,36,0
IND06969,01/05/2025,HOSP291,151,54,0.74,0,0,0,0,0,33,0
IND06970,01/06/2025,HOSP291,171,34,0.83,1,0,0,1,0,16,0
IND06971,01/07/2025,HOSP291,159,46,0.78,0,0,0,0,0,31,0
IND06972,01/08/2025,HOSP291,155,50,0.76,2,1,0,0,1,25,0
IND06973,01/09/2025,HOSP291,166,39,0.81,1,0,1,0,0,34,0
IND06974,01/10/2025,HOSP291,155,50,0.76,0,0,0,0,0,29,0
IND06975,01/11/2025,HOSP291,172,33,0.84,2,0,1,0,1,43,0
IND06976,01/12/2025,HOSP291,149,56,0.73,1,0,1,0,0,46,0
IND06977,01/01/2026,HOSP291,153,52,0.75,1,0,0,1,0,23,0
IND06978,01/02/2026,HOSP291,166,39,0.81,2,0,0,1,1,26,0
IND06979,01/03/2026,HOSP291,169,36,0.82,0,0,0,0,0,31,0
IND06980,01/04/2026,HOSP291,159,46,0.78,0,0,0,0,0,22,0
IND06981,01/05/2026,HOSP291,176,29,0.86,3,0,1,2,0,44,1
IND06982,01/06/2026,HOSP291,147,58,0.72,0,0,0,0,0,30,0
IND06983,01/07/2026,HOSP291,159,46,0.78,2,0,0,2,0,42,0
IND06984,01/08/2026,HOSP291,158,47,0.77,0,0,0,0,0,25,0
IND06985,01/09/2024,HOSP292,170,5,0.97,1,0,0,1,0,14,0
IND06986,01/10/2024,HOSP292,163,12,0.93,0,0,0,0,0,31,0
IND06987,01/11/2024,HOSP292,161,14,0.92,0,0,0,0,0,39,0
IND06988,01/12/2024,HOSP292,154,21,0.88,0,0,0,0,0,22,0
IND06989,01/01/2025,HOSP292,161,14,0.92,1,0,1,0,0,12,0
IND06990,01/02/2025,HOSP292,171,4,0.98,1,0,1,0,0,29,0
IND06991,01/03/2025,HOSP292,163,12,0.93,0,0,0,0,0,38,0
IND06992,01/04/2025,HOSP292,146,29,0.83,0,0,0,0,0,25,0
IND06993,01/05/2025,HOSP292,150,25,0.86,1,0,0,1,0,47,0
IND06994,01/06/2025,HOSP292,159,16,0.91,0,0,0,0,0,32,0
IND06995,01/07/2025,HOSP292,153,22,0.87,1,0,0,0,1,33,1
IND06996,01/08/2025,HOSP292,164,11,0.94,1,1,0,0,0,19,0
IND06997,01/09/2025,HOSP292,157,18,0.9,2,0,0,2,0,18,0
IND06998,01/10/2025,HOSP292,147,28,0.84,0,0,0,0,0,23,0
IND06999,01/11/2025,HOSP292,157,18,0.9,0,0,0,0,0,27,0
IND07000,01/12/2025,HOSP292,161,14,0.92,2,0,0,2,0,31,0
IND07001,01/01/2026,HOSP292,147,28,0.84,1,0,0,1,0,14,0
IND07002,01/02/2026,HOSP292,156,19,0.89,2,0,1,1,0,24,0
IND07003,01/03/2026,HOSP292,153,22,0.87,1,0,0,1,0,20,0
IND07004,01/04/2026,HOSP292,155,20,0.89,0,0,0,0,0,22,0
IND07005,01/05/2026,HOSP292,152,23,0.87,0,0,0,0,0,36,0
IND07006,01/06/2026,HOSP292,149,26,0.85,0,0,0,0,0,41,0
IND07007,01/07/2026,HOSP292,161,14,0.92,0,0,0,0,0,26,0
IND07008,01/08/2026,HOSP292,162,13,0.93,0,0,0,0,0,27,0
IND07009,01/09/2024,HOSP293,182,33,0.85,0,0,0,0,0,36,0
IND07010,01/10/2024,HOSP293,188,27,0.87,0,0,0,0,0,24,0
IND07011,01/11/2024,HOSP293,173,42,0.8,0,0,0,0,0,21,0
IND07012,01/12/2024,HOSP293,190,25,0.88,2,0,1,1,0,36,0
IND07013,01/01/2025,HOSP293,178,37,0.83,0,0,0,0,0,33,0
IND07014,01/02/2025,HOSP293,190,25,0.88,0,0,0,0,0,29,0
IND07015,01/03/2025,HOSP293,187,28,0.87,1,0,1,0,0,37,0
IND07016,01/04/2025,HOSP293,183,32,0.85,0,0,0,0,0,37,0
IND07017,01/05/2025,HOSP293,172,43,0.8,0,0,0,0,0,29,0
IND07018,01/06/2025,HOSP293,172,43,0.8,0,0,0,0,0,19,0
IND07019,01/07/2025,HOSP293,188,27,0.87,0,0,0,0,0,40,0
IND07020,01/08/2025,HOSP293,177,38,0.82,0,0,0,0,0,27,0
IND07021,01/09/2025,HOSP293,176,39,0.82,1,0,1,0,0,26,0
IND07022,01/10/2025,HOSP293,184,31,0.86,0,0,0,0,0,33,0
IND07023,01/11/2025,HOSP293,182,33,0.85,0,0,0,0,0,29,0
IND07024,01/12/2025,HOSP293,179,36,0.83,0,0,0,0,0,21,0
IND07025,01/01/2026,HOSP293,192,23,0.89,0,0,0,0,0,18,0
IND07026,01/02/2026,HOSP293,176,39,0.82,0,0,0,0,0,36,0
IND07027,01/03/2026,HOSP293,182,33,0.85,0,0,0,0,0,32,0
IND07028,01/04/2026,HOSP293,194,21,0.9,0,0,0,0,0,40,0
IND07029,01/05/2026,HOSP293,192,23,0.89,1,0,1,0,0,18,0
IND07030,01/06/2026,HOSP293,184,31,0.86,0,0,0,0,0,30,0
IND07031,01/07/2026,HOSP293,190,25,0.88,0,0,0,0,0,30,0
IND07032,01/08/2026,HOSP293,197,18,0.92,1,0,0,1,0,52,0
IND07033,01/09/2024,HOSP294,134,16,0.89,0,0,0,0,0,27,0
IND07034,01/10/2024,HOSP294,125,25,0.83,1,0,1,0,0,53,0
IND07035,01/11/2024,HOSP294,127,23,0.85,2,0,1,0,1,36,1
IND07036,01/12/2024,HOSP294,119,31,0.79,1,0,0,1,0,15,0
IND07037,01/01/2025,HOSP294,140,10,0.93,4,0,1,3,0,29,0
IND07038,01/02/2025,HOSP294,133,17,0.89,0,0,0,0,0,20,0
IND07039,01/03/2025,HOSP294,132,18,0.88,0,0,0,0,0,33,0
IND07040,01/04/2025,HOSP294,131,19,0.87,1,0,1,0,0,23,0
IND07041,01/05/2025,HOSP294,133,17,0.89,2,0,0,2,0,26,0
IND07042,01/06/2025,HOSP294,123,27,0.82,0,0,0,0,0,28,0
IND07043,01/07/2025,HOSP294,124,26,0.83,0,0,0,0,0,29,0
IND07044,01/08/2025,HOSP294,144,6,0.96,1,0,0,0,1,31,0
IND07045,01/09/2025,HOSP294,137,13,0.91,2,0,1,1,0,38,0
IND07046,01/10/2025,HOSP294,120,30,0.8,1,0,0,1,0,21,0
IND07047,01/11/2025,HOSP294,135,15,0.9,2,0,0,1,1,36,0
IND07048,01/12/2025,HOSP294,138,12,0.92,1,0,0,1,0,44,0
IND07049,01/01/2026,HOSP294,133,17,0.89,1,0,0,1,0,10,0
IND07050,01/02/2026,HOSP294,122,28,0.81,0,0,0,0,0,30,0
IND07051,01/03/2026,HOSP294,125,25,0.83,1,0,0,0,1,14,0
IND07052,01/04/2026,HOSP294,125,25,0.83,0,0,0,0,0,37,0
IND07053,01/05/2026,HOSP294,132,18,0.88,0,0,0,0,0,28,0
IND07054,01/06/2026,HOSP294,127,23,0.85,0,0,0,0,0,25,0
IND07055,01/07/2026,HOSP294,136,14,0.91,3,0,0,1,2,28,0
IND07056,01/08/2026,HOSP294,121,29,0.81,3,0,0,3,0,27,0
IND07057,01/09/2024,HOSP295,224,31,0.88,1,0,1,0,0,29,1
IND07058,01/10/2024,HOSP295,207,48,0.81,1,0,1,0,0,39,0
IND07059,01/11/2024,HOSP295,205,50,0.8,0,0,0,0,0,29,0
IND07060,01/12/2024,HOSP295,202,53,0.79,2,0,1,1,0,38,0
IND07061,01/01/2025,HOSP295,209,46,0.82,0,0,0,0,0,40,0
IND07062,01/02/2025,HOSP295,202,53,0.79,0,0,0,0,0,31,0
IND07063,01/03/2025,HOSP295,214,41,0.84,4,0,0,2,2,35,0
IND07064,01/04/2025,HOSP295,203,52,0.8,2,0,0,2,0,34,1
IND07065,01/05/2025,HOSP295,207,48,0.81,4,0,0,2,2,28,0
IND07066,01/06/2025,HOSP295,207,48,0.81,0,0,0,0,0,30,0
IND07067,01/07/2025,HOSP295,204,51,0.8,2,0,2,0,0,38,0
IND07068,01/08/2025,HOSP295,210,45,0.82,1,0,0,0,1,27,0
IND07069,01/09/2025,HOSP295,195,60,0.76,0,0,0,0,0,27,0
IND07070,01/10/2025,HOSP295,202,53,0.79,1,0,0,1,0,27,0
IND07071,01/11/2025,HOSP295,199,56,0.78,1,0,1,0,0,17,0
IND07072,01/12/2025,HOSP295,205,50,0.8,3,0,1,2,0,33,1
IND07073,01/01/2026,HOSP295,224,31,0.88,1,0,0,1,0,45,0
IND07074,01/02/2026,HOSP295,198,57,0.78,0,0,0,0,0,27,0
IND07075,01/03/2026,HOSP295,207,48,0.81,1,0,0,1,0,24,0
IND07076,01/04/2026,HOSP295,196,59,0.77,0,0,0,0,0,23,0
IND07077,01/05/2026,HOSP295,217,38,0.85,1,0,1,0,0,42,0
IND07078,01/06/2026,HOSP295,199,56,0.78,0,0,0,0,0,26,0
IND07079,01/07/2026,HOSP295,212,43,0.83,1,0,0,1,0,38,0
IND07080,01/08/2026,HOSP295,199,56,0.78,1,0,1,0,0,34,1
IND07081,01/09/2024,HOSP296,168,22,0.88,0,0,0,0,0,30,0
IND07082,01/10/2024,HOSP296,151,39,0.79,0,0,0,0,0,22,0
IND07083,01/11/2024,HOSP296,159,31,0.84,0,0,0,0,0,28,0
IND07084,01/12/2024,HOSP296,144,46,0.76,1,0,1,0,0,16,0
IND07085,01/01/2025,HOSP296,149,41,0.78,0,0,0,0,0,22,0
IND07086,01/02/2025,HOSP296,158,32,0.83,2,0,0,1,1,22,0
IND07087,01/03/2025,HOSP296,149,41,0.78,0,0,0,0,0,24,0
IND07088,01/04/2025,HOSP296,143,47,0.75,1,0,0,1,0,18,0
IND07089,01/05/2025,HOSP296,146,44,0.77,1,0,0,1,0,11,0
IND07090,01/06/2025,HOSP296,148,42,0.78,0,0,0,0,0,26,0
IND07091,01/07/2025,HOSP296,152,38,0.8,0,0,0,0,0,29,0
IND07092,01/08/2025,HOSP296,147,43,0.77,1,0,0,1,0,45,0
IND07093,01/09/2025,HOSP296,153,37,0.81,0,0,0,0,0,28,0
IND07094,01/10/2025,HOSP296,144,46,0.76,2,0,0,1,1,31,0
IND07095,01/11/2025,HOSP296,148,42,0.78,1,0,0,1,0,5,0
IND07096,01/12/2025,HOSP296,141,49,0.74,0,0,0,0,0,37,0
IND07097,01/01/2026,HOSP296,157,33,0.83,0,0,0,0,0,36,0
IND07098,01/02/2026,HOSP296,142,48,0.75,0,0,0,0,0,28,0
IND07099,01/03/2026,HOSP296,148,42,0.78,0,0,0,0,0,28,0
IND07100,01/04/2026,HOSP296,151,39,0.79,0,0,0,0,0,24,0
IND07101,01/05/2026,HOSP296,158,32,0.83,1,0,0,1,0,23,0
IND07102,01/06/2026,HOSP296,162,28,0.85,2,0,1,1,0,38,0
IND07103,01/07/2026,HOSP296,162,28,0.85,1,0,1,0,0,31,0
IND07104,01/08/2026,HOSP296,157,33,0.83,0,0,0,0,0,38,0
IND07105,01/09/2024,HOSP297,150,35,0.81,0,0,0,0,0,36,0
IND07106,01/10/2024,HOSP297,157,28,0.85,1,0,0,1,0,38,0
IND07107,01/11/2024,HOSP297,159,26,0.86,0,0,0,0,0,23,0
IND07108,01/12/2024,HOSP297,143,42,0.77,2,0,2,0,0,24,0
IND07109,01/01/2025,HOSP297,153,32,0.83,1,0,0,0,1,26,0
IND07110,01/02/2025,HOSP297,154,31,0.83,0,0,0,0,0,28,0
IND07111,01/03/2025,HOSP297,150,35,0.81,1,0,0,1,0,18,0
IND07112,01/04/2025,HOSP297,164,21,0.89,0,0,0,0,0,37,0
IND07113,01/05/2025,HOSP297,154,31,0.83,1,0,1,0,0,7,0
IND07114,01/06/2025,HOSP297,160,25,0.86,0,0,0,0,0,27,0
IND07115,01/07/2025,HOSP297,156,29,0.84,0,0,0,0,0,26,0
IND07116,01/08/2025,HOSP297,149,36,0.81,0,0,0,0,0,35,0
IND07117,01/09/2025,HOSP297,145,40,0.78,0,0,0,0,0,25,0
IND07118,01/10/2025,HOSP297,158,27,0.85,1,0,0,1,0,32,0
IND07119,01/11/2025,HOSP297,152,33,0.82,0,0,0,0,0,42,0
IND07120,01/12/2025,HOSP297,149,36,0.81,0,0,0,0,0,31,0
IND07121,01/01/2026,HOSP297,149,36,0.81,1,0,0,1,0,29,0
IND07122,01/02/2026,HOSP297,152,33,0.82,1,0,0,1,0,11,0
IND07123,01/03/2026,HOSP297,162,23,0.88,1,0,1,0,0,50,1
IND07124,01/04/2026,HOSP297,162,23,0.88,0,0,0,0,0,26,0
IND07125,01/05/2026,HOSP297,138,47,0.75,0,0,0,0,0,13,0
IND07126,01/06/2026,HOSP297,155,30,0.84,0,0,0,0,0,34,0
IND07127,01/07/2026,HOSP297,148,37,0.8,2,0,1,1,0,48,0
IND07128,01/08/2026,HOSP297,149,36,0.81,1,0,1,0,0,32,0
IND07129,01/09/2024,HOSP298,172,53,0.76,3,0,2,1,0,51,2
IND07130,01/10/2024,HOSP298,192,33,0.85,1,0,1,0,0,21,0
IND07131,01/11/2024,HOSP298,194,31,0.86,3,0,1,2,0,33,0
IND07132,01/12/2024,HOSP298,190,35,0.84,3,0,1,1,1,38,0
IND07133,01/01/2025,HOSP298,187,38,0.83,2,0,1,1,0,32,0
IND07134,01/02/2025,HOSP298,189,36,0.84,3,0,0,1,2,26,0
IND07135,01/03/2025,HOSP298,182,43,0.81,4,0,2,1,1,36,0
IND07136,01/04/2025,HOSP298,209,16,0.93,4,0,1,2,1,36,0
IND07137,01/05/2025,HOSP298,208,17,0.92,1,0,0,1,0,21,0
IND07138,01/06/2025,HOSP298,218,7,0.97,1,0,0,1,0,34,0
IND07139,01/07/2025,HOSP298,185,40,0.82,3,1,0,2,0,26,0
IND07140,01/08/2025,HOSP298,193,32,0.86,1,0,1,0,0,18,0
IND07141,01/09/2025,HOSP298,203,22,0.9,2,0,0,2,0,38,0
IND07142,01/10/2025,HOSP298,186,39,0.83,1,0,0,0,1,13,0
IND07143,01/11/2025,HOSP298,204,21,0.91,1,0,1,0,0,22,0
IND07144,01/12/2025,HOSP298,202,23,0.9,3,0,1,2,0,28,0
IND07145,01/01/2026,HOSP298,199,26,0.88,3,1,1,1,0,45,1
IND07146,01/02/2026,HOSP298,180,45,0.8,2,1,0,1,0,22,0
IND07147,01/03/2026,HOSP298,185,40,0.82,3,0,1,2,0,36,0
IND07148,01/04/2026,HOSP298,205,20,0.91,2,0,0,2,0,40,1
IND07149,01/05/2026,HOSP298,201,24,0.89,1,0,1,0,0,37,0
IND07150,01/06/2026,HOSP298,204,21,0.91,1,0,0,0,1,17,0
IND07151,01/07/2026,HOSP298,192,33,0.85,4,0,1,2,1,27,0
IND07152,01/08/2026,HOSP298,189,36,0.84,5,0,1,4,0,34,1
IND07153,01/09/2024,HOSP299,141,24,0.85,0,0,0,0,0,21,0
IND07154,01/10/2024,HOSP299,145,20,0.88,1,0,1,0,0,30,1
IND07155,01/11/2024,HOSP299,150,15,0.91,0,0,0,0,0,31,0
IND07156,01/12/2024,HOSP299,142,23,0.86,0,0,0,0,0,31,0
IND07157,01/01/2025,HOSP299,156,9,0.95,0,0,0,0,0,32,0
IND07158,01/02/2025,HOSP299,144,21,0.87,0,0,0,0,0,20,0
IND07159,01/03/2025,HOSP299,147,18,0.89,0,0,0,0,0,25,0
IND07160,01/04/2025,HOSP299,155,10,0.94,0,0,0,0,0,32,0
IND07161,01/05/2025,HOSP299,147,18,0.89,1,0,1,0,0,22,0
IND07162,01/06/2025,HOSP299,145,20,0.88,0,0,0,0,0,32,0
IND07163,01/07/2025,HOSP299,155,10,0.94,0,0,0,0,0,38,0
IND07164,01/08/2025,HOSP299,148,17,0.9,1,0,1,0,0,39,0
IND07165,01/09/2025,HOSP299,155,10,0.94,0,0,0,0,0,25,0
IND07166,01/10/2025,HOSP299,144,21,0.87,0,0,0,0,0,21,0
IND07167,01/11/2025,HOSP299,147,18,0.89,0,0,0,0,0,20,0
IND07168,01/12/2025,HOSP299,152,13,0.92,0,0,0,0,0,30,0
IND07169,01/01/2026,HOSP299,141,24,0.85,0,0,0,0,0,35,0
IND07170,01/02/2026,HOSP299,152,13,0.92,0,0,0,0,0,26,0
IND07171,01/03/2026,HOSP299,145,20,0.88,1,0,1,0,0,30,0
IND07172,01/04/2026,HOSP299,147,18,0.89,0,0,0,0,0,25,0
IND07173,01/05/2026,HOSP299,137,28,0.83,0,0,0,0,0,34,0
IND07174,01/06/2026,HOSP299,152,13,0.92,0,0,0,0,0,29,0
IND07175,01/07/2026,HOSP299,153,12,0.93,0,0,0,0,0,27,0
IND07176,01/08/2026,HOSP299,161,4,0.98,0,0,0,0,0,26,0
IND07177,01/09/2024,HOSP300,225,25,0.9,0,0,0,0,0,30,0
IND07178,01/10/2024,HOSP300,230,20,0.92,1,0,0,1,0,5,0
IND07179,01/11/2024,HOSP300,222,28,0.89,1,0,0,1,0,27,0
IND07180,01/12/2024,HOSP300,217,33,0.87,2,0,1,1,0,32,1
IND07181,01/01/2025,HOSP300,223,27,0.89,1,0,1,0,0,31,0
IND07182,01/02/2025,HOSP300,215,35,0.86,2,0,2,0,0,19,0
IND07183,01/03/2025,HOSP300,221,29,0.88,1,0,0,0,1,37,0
IND07184,01/04/2025,HOSP300,214,36,0.86,0,0,0,0,0,27,0
IND07185,01/05/2025,HOSP300,231,19,0.92,1,0,0,1,0,26,1
IND07186,01/06/2025,HOSP300,219,31,0.88,0,0,0,0,0,32,0
IND07187,01/07/2025,HOSP300,222,28,0.89,2,0,1,1,0,22,0
IND07188,01/08/2025,HOSP300,215,35,0.86,0,0,0,0,0,24,0
IND07189,01/09/2025,HOSP300,233,17,0.93,1,0,1,0,0,41,0
IND07190,01/10/2025,HOSP300,215,35,0.86,0,0,0,0,0,30,0
IND07191,01/11/2025,HOSP300,214,36,0.86,2,0,0,1,1,30,1
IND07192,01/12/2025,HOSP300,228,22,0.91,0,0,0,0,0,24,0
IND07193,01/01/2026,HOSP300,219,31,0.88,0,0,0,0,0,21,0
IND07194,01/02/2026,HOSP300,220,30,0.88,1,0,1,0,0,20,0
IND07195,01/03/2026,HOSP300,211,39,0.84,1,0,1,0,0,28,0
IND07196,01/04/2026,HOSP300,233,17,0.93,1,0,0,1,0,37,0
IND07197,01/05/2026,HOSP300,227,23,0.91,2,1,0,1,0,36,0
IND07198,01/06/2026,HOSP300,237,13,0.95,0,0,0,0,0,33,0
IND07199,01/07/2026,HOSP300,223,27,0.89,1,0,0,1,0,23,0
IND07200,01/08/2026,HOSP300,222,28,0.89,1,0,0,0,1,33,0
