municipio;periodo;internacoes;periodo_data;media_permanencia;dias_permanencia;obitos;taxa_mortalidade;valor_total
350010 ADAMANTINA;2024/Jul;493.0;2024-07-01;8.7;4304.0;27.0;5.48;691033.76
350030 AGUAI;2024/Jul;41.0;2024-07-01;5.7;232.0;3.0;7.32;18715.34
350050 AGUAS DE LINDOIA;2024/Jul;106.0;2024-07-01;3.4;359.0;10.0;9.43;44394.61
350070 AGUDOS;2024/Jul;96.0;2024-07-01;1.8;177.0;0.0;0.0;43085.58
350100 ALTINOPOLIS;2024/Jul;140.0;2024-07-01;2.6;367.0;5.0;3.57;42556.83
350110 ALTO ALEGRE;2024/Jul;0.0;2024-07-01;0.0;0.0;0.0;0.0;0.0
350130 ALVARES MACHADO;2024/Jul;57.0;2024-07-01;3.9;225.0;5.0;8.77;20572.43
350160 AMERICANA;2024/Jul;763.0;2024-07-01;5.2;3986.0;88.0;11.53;1069226.67
350170 AMERICO BRASILIENSE;2024/Jul;666.0;2024-07-01;3.8;2512.0;8.0;1.2;655294.16
350190 AMPARO;2024/Jul;418.0;2024-07-01;16.4;6863.0;30.0;7.18;807457.12
350210 ANDRADINA;2024/Jul;293.0;2024-07-01;3.8;1123.0;21.0;7.17;291118.63
350220 ANGATUBA;2024/Jul;133.0;2024-07-01;3.8;506.0;3.0;2.26;53349.25
350250 APARECIDA;2024/Jul;436.0;2024-07-01;2.6;1113.0;12.0;2.75;523764.38
350260 APARECIDA D'OESTE;2024/Jul;5.0;2024-07-01;1.8;9.0;0.0;0.0;1115.09
350270 APIAI;2024/Jul;264.0;2024-07-01;3.2;855.0;11.0;4.17;157620.42
350280 ARACATUBA;2024/Jul;1052.0;2024-07-01;6.4;6746.0;102.0;9.7;3199599.64
350310 ARANDU;2024/Jul;8.0;2024-07-01;4.6;37.0;0.0;0.0;2905.83
350320 ARARAQUARA;2024/Jul;1803.0;2024-07-01;3.5;6252.0;81.0;4.49;3279875.78
350330 ARARAS;2024/Jul;493.0;2024-07-01;4.6;2287.0;27.0;5.48;991666.12
350340 AREALVA;2024/Jul;12.0;2024-07-01;2.6;31.0;1.0;8.33;3239.3
350390 ARUJA;2024/Jul;174.0;2024-07-01;2.7;470.0;12.0;6.9;89577.52
350400 ASSIS;2024/Jul;844.0;2024-07-01;4.3;3649.0;37.0;4.38;1369176.19
350410 ATIBAIA;2024/Jul;371.0;2024-07-01;4.6;1694.0;29.0;7.82;287840.52
350420 AURIFLAMA;2024/Jul;187.0;2024-07-01;1.4;257.0;1.0;0.53;258767.43
350450 AVARE;2024/Jul;683.0;2024-07-01;3.7;2561.0;33.0;4.83;1205327.7
350520 BARIRI;2024/Jul;131.0;2024-07-01;3.1;403.0;7.0;5.34;59891.76
350530 BARRA BONITA;2024/Jul;151.0;2024-07-01;2.6;396.0;11.0;7.28;127106.0
350550 BARRETOS;2024/Jul;2695.0;2024-07-01;4.6;12496.0;216.0;8.01;7827117.5
350570 BARUERI;2024/Jul;3977.0;2024-07-01;3.0;11835.0;104.0;2.62;2897790.13
350580 BASTOS;2024/Jul;127.0;2024-07-01;2.2;278.0;1.0;0.79;48182.75
350590 BATATAIS;2024/Jul;388.0;2024-07-01;3.6;1394.0;28.0;7.22;480566.06
350600 BAURU;2024/Jul;3409.0;2024-07-01;5.7;19424.0;135.0;3.96;5732648.05
350610 BEBEDOURO;2024/Jul;648.0;2024-07-01;2.8;1832.0;31.0;4.78;565758.31
350630 BERNARDINO DE CAMPOS;2024/Jul;52.0;2024-07-01;3.7;191.0;6.0;11.54;26258.93
350635 BERTIOGA;2024/Jul;261.0;2024-07-01;3.4;899.0;15.0;5.75;117103.36
350640 BILAC;2024/Jul;18.0;2024-07-01;6.9;125.0;0.0;0.0;6336.05
350650 BIRIGUI;2024/Jul;404.0;2024-07-01;4.7;1916.0;22.0;5.45;420768.14
350670 BOA ESPERANCA DO SUL;2024/Jul;1.0;2024-07-01;6.0;6.0;0.0;0.0;630.42
350680 BOCAINA;2024/Jul;13.0;2024-07-01;2.5;33.0;0.0;0.0;5444.41
350700 BOITUVA;2024/Jul;227.0;2024-07-01;2.8;634.0;9.0;3.96;125286.35
350710 BOM JESUS DOS PERDOES;2024/Jul;24.0;2024-07-01;6.2;148.0;2.0;8.33;12366.29
350740 BORBOREMA;2024/Jul;66.0;2024-07-01;3.1;202.0;2.0;3.03;32243.84
350750 BOTUCATU;2024/Jul;2272.0;2024-07-01;6.2;14122.0;134.0;5.9;7379022.79
350760 BRAGANCA PAULISTA;2024/Jul;1544.0;2024-07-01;3.6;5617.0;90.0;5.83;2947547.05
350790 BROTAS;2024/Jul;86.0;2024-07-01;4.6;394.0;5.0;5.81;46271.24
350810 BURITAMA;2024/Jul;61.0;2024-07-01;3.8;233.0;5.0;8.2;27441.82
350840 CABREUVA;2024/Jul;48.0;2024-07-01;3.2;153.0;0.0;0.0;24101.39
350850 CACAPAVA;2024/Jul;344.0;2024-07-01;4.9;1702.0;25.0;7.27;418076.95
350870 CACONDE;2024/Jul;113.0;2024-07-01;9.4;1057.0;2.0;1.77;201878.99
350880 CAFELANDIA;2024/Jul;92.0;2024-07-01;3.1;286.0;5.0;5.43;41616.75
350900 CAIEIRAS;2024/Jul;359.0;2024-07-01;2.8;1007.0;12.0;3.34;168435.09
350920 CAJAMAR;2024/Jul;281.0;2024-07-01;3.7;1039.0;16.0;5.69;110568.99
350930 CAJOBI;2024/Jul;50.0;2024-07-01;1.8;91.0;1.0;2.0;19163.51
350940 CAJURU;2024/Jul;255.0;2024-07-01;3.7;953.0;10.0;3.92;135238.88
350950 CAMPINAS;2024/Jul;7670.0;2024-07-01;5.7;43337.0;389.0;5.07;19298524.99
350960 CAMPO LIMPO PAULISTA;2024/Jul;290.0;2024-07-01;3.7;1073.0;29.0;10.0;309250.09
350970 CAMPOS DO JORDAO;2024/Jul;243.0;2024-07-01;19.2;4677.0;5.0;2.06;470101.16
351000 CANDIDO MOTA;2024/Jul;197.0;2024-07-01;3.1;607.0;13.0;6.6;167620.28
351020 CAPAO BONITO;2024/Jul;226.0;2024-07-01;3.5;786.0;18.0;7.96;221715.22
351040 CAPIVARI;2024/Jul;239.0;2024-07-01;3.3;792.0;13.0;5.44;284434.93
351050 CARAGUATATUBA;2024/Jul;1849.0;2024-07-01;3.7;6775.0;71.0;3.84;2163558.03
351060 CARAPICUIBA;2024/Jul;1688.0;2024-07-01;3.1;5306.0;62.0;3.67;1553756.91
351070 CARDOSO;2024/Jul;34.0;2024-07-01;4.1;138.0;2.0;5.88;17602.46
351080 CASA BRANCA;2024/Jul;133.0;2024-07-01;9.1;1215.0;8.0;6.02;124479.36
351100 CASTILHO;2024/Jul;30.0;2024-07-01;8.1;242.0;1.0;3.33;15058.33
351110 CATANDUVA;2024/Jul;1574.0;2024-07-01;6.7;10556.0;109.0;6.93;3759959.1
351140 CERQUEIRA CESAR;2024/Jul;163.0;2024-07-01;2.7;439.0;15.0;9.2;107292.88
351150 CERQUILHO;2024/Jul;35.0;2024-07-01;5.5;194.0;3.0;8.57;22366.58
351160 CESARIO LANGE;2024/Jul;51.0;2024-07-01;3.2;162.0;4.0;7.84;28352.1
351170 CHARQUEADA;2024/Jul;32.0;2024-07-01;3.8;121.0;1.0;3.13;9093.21
351190 CLEMENTINA;2024/Jul;26.0;2024-07-01;4.4;114.0;5.0;19.23;10749.85
351200 COLINA;2024/Jul;108.0;2024-07-01;3.4;368.0;8.0;7.41;132145.41
351210 COLOMBIA;2024/Jul;1.0;2024-07-01;7.0;7.0;0.0;0.0;261.18
351220 CONCHAL;2024/Jul;153.0;2024-07-01;1.9;293.0;2.0;1.31;86472.97
351230 CONCHAS;2024/Jul;27.0;2024-07-01;3.4;91.0;1.0;3.7;11347.26
351280 COSMOPOLIS;2024/Jul;136.0;2024-07-01;3.3;451.0;13.0;9.56;116255.92
351300 COTIA;2024/Jul;1240.0;2024-07-01;3.9;4874.0;82.0;6.61;1369375.64
351310 CRAVINHOS;2024/Jul;0.0;2024-07-01;0.0;0.0;0.0;0.0;0.0
351340 CRUZEIRO;2024/Jul;503.0;2024-07-01;5.3;2676.0;45.0;8.95;764725.23
351350 CUBATAO;2024/Jul;549.0;2024-07-01;5.7;3142.0;34.0;6.19;720473.81
351360 CUNHA;2024/Jul;124.0;2024-07-01;3.9;479.0;9.0;7.26;75718.8
351370 DESCALVADO;2024/Jul;190.0;2024-07-01;1.6;311.0;5.0;2.63;270717.36
351380 DIADEMA;2024/Jul;2007.0;2024-07-01;5.1;10179.0;87.0;4.33;2372919.34
351390 DIVINOLANDIA;2024/Jul;385.0;2024-07-01;0.7;281.0;3.0;0.78;286582.48
351410 DOIS CORREGOS;2024/Jul;96.0;2024-07-01;5.3;513.0;7.0;7.29;43741.94
351440 DRACENA;2024/Jul;281.0;2024-07-01;6.1;1703.0;28.0;9.96;572818.55
351450 DUARTINA;2024/Jul;159.0;2024-07-01;1.5;239.0;1.0;0.63;73174.04
351500 EMBU DAS ARTES;2024/Jul;337.0;2024-07-01;3.4;1141.0;16.0;4.75;166557.07
351510 EMBU-GUACU;2024/Jul;137.0;2024-07-01;0.9;123.0;7.0;5.11;62487.92
351518 ESPIRITO SANTO DO PINHAL;2024/Jul;330.0;2024-07-01;24.4;8049.0;23.0;6.97;735363.11
351520 ESTRELA D'OESTE;2024/Jul;67.0;2024-07-01;2.9;194.0;1.0;1.49;26974.01
351540 FARTURA;2024/Jul;92.0;2024-07-01;3.2;298.0;8.0;8.7;35808.85
351550 FERNANDOPOLIS;2024/Jul;535.0;2024-07-01;3.7;1955.0;35.0;6.54;640069.16
351570 FERRAZ DE VASCONCELOS;2024/Jul;529.0;2024-07-01;4.8;2514.0;34.0;6.43;384225.18
351600 FLORIDA PAULISTA;2024/Jul;65.0;2024-07-01;3.3;216.0;6.0;9.23;27831.3
351620 FRANCA;2024/Jul;1906.0;2024-07-01;5.9;11257.0;141.0;7.4;4403343.92
351630 FRANCISCO MORATO;2024/Jul;996.0;2024-07-01;4.6;4532.0;41.0;4.12;1014330.89
351640 FRANCO DA ROCHA;2024/Jul;673.0;2024-07-01;8.4;5649.0;50.0;7.43;808521.96
351660 GALIA;2024/Jul;8.0;2024-07-01;4.1;33.0;1.0;12.5;3744.43
351670 GARCA;2024/Jul;273.0;2024-07-01;18.4;5020.0;17.0;6.23;679765.9
351690 GENERAL SALGADO;2024/Jul;36.0;2024-07-01;4.0;145.0;2.0;5.56;16871.55
351700 GETULINA;2024/Jul;33.0;2024-07-01;3.8;125.0;1.0;3.03;9463.94
351740 GUAIRA;2024/Jul;281.0;2024-07-01;2.1;599.0;12.0;4.27;356891.82
351760 GUAPIARA;2024/Jul;0.0;2024-07-01;0.0;0.0;0.0;0.0;0.0
351770 GUARA;2024/Jul;87.0;2024-07-01;2.6;228.0;0.0;0.0;41577.17
351780 GUARACAI;2024/Jul;49.0;2024-07-01;3.8;187.0;1.0;2.04;25758.63
351820 GUARARAPES;2024/Jul;140.0;2024-07-01;4.9;692.0;8.0;5.71;70557.48
351830 GUARAREMA;2024/Jul;90.0;2024-07-01;4.2;377.0;7.0;7.78;38956.51
351840 GUARATINGUETA;2024/Jul;512.0;2024-07-01;4.4;2272.0;30.0;5.86;932554.03
351860 GUARIBA;2024/Jul;138.0;2024-07-01;3.0;409.0;3.0;2.17;71287.64
351870 GUARUJA;2024/Jul;1106.0;2024-07-01;6.7;7448.0;70.0;6.33;2331613.25
351880 GUARULHOS;2024/Jul;4727.0;2024-07-01;5.4;25695.0;332.0;7.02;6424966.18
351900 HERCULANDIA;2024/Jul;77.0;2024-07-01;3.2;250.0;2.0;2.6;32611.84
351907 HORTOLANDIA;2024/Jul;465.0;2024-07-01;4.1;1898.0;28.0;6.02;522468.17
351910 IACANGA;2024/Jul;53.0;2024-07-01;2.5;131.0;0.0;0.0;12096.56
351930 IBATE;2024/Jul;68.0;2024-07-01;2.0;139.0;2.0;2.94;37697.37
351940 IBIRA;2024/Jul;34.0;2024-07-01;3.6;121.0;0.0;0.0;13455.69
351960 IBITINGA;2024/Jul;412.0;2024-07-01;3.5;1433.0;31.0;7.52;499550.91
351970 IBIUNA;2024/Jul;256.0;2024-07-01;4.4;1127.0;9.0;3.52;151187.43
351990 IEPE;2024/Jul;60.0;2024-07-01;3.9;233.0;2.0;3.33;22381.94
352010 IGARAPAVA;2024/Jul;94.0;2024-07-01;4.9;461.0;2.0;2.13;51701.5
352040 ILHABELA;2024/Jul;314.0;2024-07-01;2.5;796.0;4.0;1.27;230600.66
352044 ILHA SOLTEIRA;2024/Jul;191.0;2024-07-01;4.0;756.0;15.0;7.85;253303.59
352050 INDAIATUBA;2024/Jul;1612.0;2024-07-01;3.8;6203.0;50.0;3.1;2096087.42
352070 INDIAPORA;2024/Jul;40.0;2024-07-01;3.0;118.0;1.0;2.5;14938.28
352090 IPAUSSU;2024/Jul;43.0;2024-07-01;4.3;185.0;5.0;11.63;17978.55
352130 IPUA;2024/Jul;60.0;2024-07-01;2.1;126.0;0.0;0.0;39486.98
352170 ITABERA;2024/Jul;109.0;2024-07-01;2.5;268.0;1.0;0.92;45152.06
352180 ITAI;2024/Jul;39.0;2024-07-01;5.4;211.0;6.0;15.38;15238.02
352190 ITAJOBI;2024/Jul;41.0;2024-07-01;8.0;328.0;3.0;7.32;15561.87
352210 ITANHAEM;2024/Jul;960.0;2024-07-01;4.7;4468.0;44.0;4.58;1280484.71
352220 ITAPECERICA DA SERRA;2024/Jul;1440.0;2024-07-01;4.1;5866.0;89.0;6.18;1708751.0
352230 ITAPETININGA;2024/Jul;851.0;2024-07-01;6.0;5142.0;76.0;8.93;951273.06
352240 ITAPEVA;2024/Jul;846.0;2024-07-01;4.1;3466.0;79.0;9.34;1249450.62
352250 ITAPEVI;2024/Jul;1421.0;2024-07-01;4.6;6557.0;55.0;3.87;1375908.06
352260 ITAPIRA;2024/Jul;491.0;2024-07-01;22.2;10917.0;36.0;7.33;980395.38
352270 ITAPOLIS;2024/Jul;250.0;2024-07-01;3.9;973.0;15.0;6.0;391481.58
352280 ITAPORANGA;2024/Jul;111.0;2024-07-01;2.4;271.0;4.0;3.6;48179.91
352290 ITAPUI;2024/Jul;24.0;2024-07-01;4.9;118.0;6.0;25.0;9162.69
352310 ITAQUAQUECETUBA;2024/Jul;1208.0;2024-07-01;6.4;7690.0;90.0;7.45;1336622.21
352320 ITARARE;2024/Jul;271.0;2024-07-01;2.1;560.0;9.0;3.32;190407.91
352340 ITATIBA;2024/Jul;459.0;2024-07-01;3.2;1465.0;25.0;5.45;395291.66
352350 ITATINGA;2024/Jul;33.0;2024-07-01;4.8;159.0;6.0;18.18;10513.58
352360 ITIRAPINA;2024/Jul;9.0;2024-07-01;4.4;40.0;2.0;22.22;3831.46
352390 ITU;2024/Jul;746.0;2024-07-01;5.0;3737.0;42.0;5.63;1120315.55
352400 ITUPEVA;2024/Jul;175.0;2024-07-01;3.5;616.0;7.0;4.0;80186.9
352410 ITUVERAVA;2024/Jul;292.0;2024-07-01;4.3;1244.0;25.0;8.56;465141.52
352420 JABORANDI;2024/Jul;1.0;2024-07-01;1.0;1.0;1.0;100.0;598.42
352430 JABOTICABAL;2024/Jul;183.0;2024-07-01;3.7;677.0;9.0;4.92;177438.13
352440 JACAREI;2024/Jul;1154.0;2024-07-01;4.1;4769.0;62.0;5.37;1945804.03
352450 JACI;2024/Jul;70.0;2024-07-01;15.3;1074.0;2.0;2.86;100446.3
352470 JAGUARIUNA;2024/Jul;288.0;2024-07-01;4.4;1267.0;17.0;5.9;447381.73
352480 JALES;2024/Jul;719.0;2024-07-01;3.2;2272.0;60.0;8.34;1220063.29
352520 JARINU;2024/Jul;44.0;2024-07-01;3.3;144.0;4.0;9.09;9485.21
352530 JAU;2024/Jul;2311.0;2024-07-01;5.9;13605.0;144.0;6.23;6156252.51
352550 JOANOPOLIS;2024/Jul;26.0;2024-07-01;4.2;109.0;4.0;15.38;9557.53
352570 JOSE BONIFACIO;2024/Jul;187.0;2024-07-01;10.1;1898.0;9.0;4.81;319595.28
352590 JUNDIAI;2024/Jul;4032.0;2024-07-01;4.4;17796.0;178.0;4.41;5354277.96
352600 JUNQUEIROPOLIS;2024/Jul;98.0;2024-07-01;6.2;603.0;4.0;4.08;39639.95
352640 LARANJAL PAULISTA;2024/Jul;125.0;2024-07-01;3.8;471.0;9.0;7.2;70364.68
352670 LEME;2024/Jul;463.0;2024-07-01;3.9;1787.0;40.0;8.64;473245.83
352680 LENCOIS PAULISTA;2024/Jul;228.0;2024-07-01;4.0;911.0;15.0;6.58;325085.79
352690 LIMEIRA;2024/Jul;1381.0;2024-07-01;4.2;5739.0;72.0;5.21;3556929.74
352710 LINS;2024/Jul;522.0;2024-07-01;7.2;3741.0;37.0;7.09;699003.76
352720 LORENA;2024/Jul;452.0;2024-07-01;5.2;2362.0;35.0;7.74;729701.34
352730 LOUVEIRA;2024/Jul;225.0;2024-07-01;2.9;660.0;13.0;5.78;150292.0
352740 LUCELIA;2024/Jul;52.0;2024-07-01;5.4;280.0;3.0;5.77;18798.86
352800 MACATUBA;2024/Jul;77.0;2024-07-01;2.0;153.0;2.0;2.6;27353.09
352810 MACAUBAL;2024/Jul;7.0;2024-07-01;4.3;30.0;2.0;28.57;3081.87
352850 MAIRIPORA;2024/Jul;255.0;2024-07-01;3.0;768.0;16.0;6.27;95538.24
352880 MARACAI;2024/Jul;84.0;2024-07-01;2.8;234.0;3.0;3.57;38742.89
352900 MARILIA;2024/Jul;2303.0;2024-07-01;5.5;12628.0;143.0;6.21;5982452.21
352920 MARTINOPOLIS;2024/Jul;171.0;2024-07-01;3.1;525.0;7.0;4.09;109929.21
352930 MATAO;2024/Jul;517.0;2024-07-01;4.3;2241.0;31.0;6.0;1218103.6
352940 MAUA;2024/Jul;1219.0;2024-07-01;5.4;6643.0;79.0;6.48;1542472.54
352970 MIGUELOPOLIS;2024/Jul;84.0;2024-07-01;3.1;258.0;1.0;1.19;37483.48
353010 MIRANDOPOLIS;2024/Jul;327.0;2024-07-01;3.9;1276.0;18.0;5.5;265658.51
353030 MIRASSOL;2024/Jul;200.0;2024-07-01;1.9;381.0;3.0;1.5;89384.07
353050 MOCOCA;2024/Jul;446.0;2024-07-01;3.7;1672.0;29.0;6.5;569020.09
353060 MOGI DAS CRUZES;2024/Jul;2761.0;2024-07-01;5.1;14081.0;189.0;6.85;4861871.52
353070 MOGI GUACU;2024/Jul;876.0;2024-07-01;4.8;4167.0;56.0;6.39;1674233.84
353080 MOGI MIRIM;2024/Jul;396.0;2024-07-01;4.1;1617.0;20.0;5.05;763343.43
353110 MONGAGUA;2024/Jul;60.0;2024-07-01;4.5;268.0;1.0;1.67;17433.87
353130 MONTE ALTO;2024/Jul;193.0;2024-07-01;4.8;936.0;13.0;6.74;331709.95
353140 MONTE APRAZIVEL;2024/Jul;187.0;2024-07-01;2.3;430.0;2.0;1.07;113805.57
353150 MONTE AZUL PAULISTA;2024/Jul;114.0;2024-07-01;1.9;217.0;1.0;0.88;212804.89
353180 MONTE MOR;2024/Jul;96.0;2024-07-01;2.6;251.0;7.0;7.29;39761.3
353190 MORRO AGUDO;2024/Jul;146.0;2024-07-01;4.5;658.0;7.0;4.79;237458.89
353200 MORUNGABA;2024/Jul;13.0;2024-07-01;2.9;38.0;2.0;15.38;7016.0
353240 NAZARE PAULISTA;2024/Jul;55.0;2024-07-01;4.5;250.0;4.0;7.27;23075.61
353250 NEVES PAULISTA;2024/Jul;3.0;2024-07-01;1.7;5.0;0.0;0.0;729.64
353260 NHANDEARA;2024/Jul;174.0;2024-07-01;2.6;456.0;5.0;2.87;141473.76
353290 NOVA EUROPA;2024/Jul;14.0;2024-07-01;3.1;43.0;2.0;14.29;4874.51
353300 NOVA GRANADA;2024/Jul;129.0;2024-07-01;3.0;390.0;0.0;0.0;51074.96
353340 NOVA ODESSA;2024/Jul;126.0;2024-07-01;4.7;598.0;14.0;11.11;51650.34
353350 NOVO HORIZONTE;2024/Jul;205.0;2024-07-01;3.2;646.0;12.0;5.85;276118.21
353390 OLIMPIA;2024/Jul;311.0;2024-07-01;5.0;1558.0;23.0;7.4;313889.85
353430 ORLANDIA;2024/Jul;203.0;2024-07-01;1.8;359.0;5.0;2.46;87171.93
353440 OSASCO;2024/Jul;2268.0;2024-07-01;6.3;14394.0;168.0;7.41;3174349.95
353460 OSVALDO CRUZ;2024/Jul;198.0;2024-07-01;3.8;760.0;12.0;6.06;118630.81
353470 OURINHOS;2024/Jul;934.0;2024-07-01;3.7;3500.0;68.0;7.28;1999562.36
353475 OUROESTE;2024/Jul;33.0;2024-07-01;4.0;131.0;3.0;9.09;16111.37
353520 PALMEIRA D'OESTE;2024/Jul;71.0;2024-07-01;2.6;186.0;0.0;0.0;22921.51
353530 PALMITAL;2024/Jul;158.0;2024-07-01;2.2;346.0;3.0;1.9;186210.22
353550 PARAGUACU PAULISTA;2024/Jul;276.0;2024-07-01;3.8;1040.0;23.0;8.33;465868.09
353580 PARANAPANEMA;2024/Jul;70.0;2024-07-01;3.2;226.0;6.0;8.57;30589.36
353600 PARAPUA;2024/Jul;0.0;2024-07-01;0.0;0.0;0.0;0.0;0.0
353620 PARIQUERA-ACU;2024/Jul;757.0;2024-07-01;4.2;3201.0;70.0;9.25;1027679.95
353630 PATROCINIO PAULISTA;2024/Jul;68.0;2024-07-01;2.8;191.0;3.0;4.41;37471.14
353650 PAULINIA;2024/Jul;646.0;2024-07-01;4.0;2590.0;33.0;5.11;579640.02
353660 PAULO DE FARIA;2024/Jul;4.0;2024-07-01;6.5;26.0;0.0;0.0;1641.09
353670 PEDERNEIRAS;2024/Jul;177.0;2024-07-01;5.2;918.0;11.0;6.21;216237.53
353700 PEDREGULHO;2024/Jul;87.0;2024-07-01;3.1;269.0;1.0;1.15;50918.08
353710 PEDREIRA;2024/Jul;98.0;2024-07-01;2.9;284.0;5.0;5.1;50192.75
353730 PENAPOLIS;2024/Jul;487.0;2024-07-01;6.6;3214.0;38.0;7.8;525730.19
353740 PEREIRA BARRETO;2024/Jul;77.0;2024-07-01;2.6;201.0;6.0;7.79;40503.42
353780 PIEDADE;2024/Jul;220.0;2024-07-01;3.8;836.0;22.0;10.0;108830.68
353790 PILAR DO SUL;2024/Jul;104.0;2024-07-01;3.3;344.0;6.0;5.77;48562.27
353800 PINDAMONHANGABA;2024/Jul;579.0;2024-07-01;5.8;3375.0;27.0;4.66;843422.94
353860 PIRACAIA;2024/Jul;60.0;2024-07-01;3.5;209.0;2.0;3.33;20289.8
353870 PIRACICABA;2024/Jul;3232.0;2024-07-01;3.2;10273.0;139.0;4.3;6434037.91
353880 PIRAJU;2024/Jul;168.0;2024-07-01;3.6;600.0;19.0;11.31;77824.57
353890 PIRAJUI;2024/Jul;120.0;2024-07-01;2.4;289.0;4.0;3.33;67245.62
353900 PIRANGI;2024/Jul;72.0;2024-07-01;2.3;167.0;1.0;1.39;84225.59
353930 PIRASSUNUNGA;2024/Jul;211.0;2024-07-01;5.6;1177.0;21.0;9.95;310688.28
353940 PIRATININGA;2024/Jul;15.0;2024-07-01;2.3;35.0;0.0;0.0;2347.22
353950 PITANGUEIRAS;2024/Jul;120.0;2024-07-01;3.6;429.0;10.0;8.33;60257.54
354000 POMPEIA;2024/Jul;54.0;2024-07-01;2.8;153.0;3.0;5.56;24120.16
354020 PONTAL;2024/Jul;191.0;2024-07-01;1.2;237.0;5.0;2.62;117098.62
354040 POPULINA;2024/Jul;19.0;2024-07-01;3.7;71.0;0.0;0.0;7227.52
354060 PORTO FELIZ;2024/Jul;357.0;2024-07-01;2.8;1016.0;18.0;5.04;307510.7
354070 PORTO FERREIRA;2024/Jul;159.0;2024-07-01;3.4;540.0;13.0;8.18;157496.85
354080 POTIRENDABA;2024/Jul;77.0;2024-07-01;2.6;199.0;3.0;3.9;39011.76
354100 PRAIA GRANDE;2024/Jul;700.0;2024-07-01;4.7;3309.0;39.0;5.57;792390.46
354120 PRESIDENTE BERNARDES;2024/Jul;103.0;2024-07-01;2.4;249.0;3.0;2.91;34521.31
354130 PRESIDENTE EPITACIO;2024/Jul;292.0;2024-07-01;2.7;796.0;13.0;4.45;126483.96
354140 PRESIDENTE PRUDENTE;2024/Jul;3269.0;2024-07-01;6.6;21412.0;166.0;5.08;6287880.18
354150 PRESIDENTE VENCESLAU;2024/Jul;198.0;2024-07-01;3.9;765.0;13.0;6.57;256710.05
354160 PROMISSAO;2024/Jul;315.0;2024-07-01;3.9;1243.0;19.0;6.03;378441.45
354190 QUELUZ;2024/Jul;17.0;2024-07-01;4.0;68.0;0.0;0.0;8566.01
354220 RANCHARIA;2024/Jul;344.0;2024-07-01;2.3;782.0;15.0;4.36;418198.17
354240 REGENTE FEIJO;2024/Jul;84.0;2024-07-01;3.1;262.0;3.0;3.57;31626.64
354260 REGISTRO;2024/Jul;1001.0;2024-07-01;3.1;3095.0;31.0;3.1;1079888.43
354290 RIBEIRAO BONITO;2024/Jul;27.0;2024-07-01;3.2;87.0;0.0;0.0;7977.93
354300 RIBEIRAO BRANCO;2024/Jul;40.0;2024-07-01;3.4;134.0;2.0;5.0;16152.38
354330 RIBEIRAO PIRES;2024/Jul;190.0;2024-07-01;5.2;983.0;12.0;6.32;112904.9
354340 RIBEIRAO PRETO;2024/Jul;7149.0;2024-07-01;4.6;32593.0;388.0;5.43;18522607.9
354380 RINOPOLIS;2024/Jul;21.0;2024-07-01;3.8;79.0;2.0;9.52;10693.74
354390 RIO CLARO;2024/Jul;822.0;2024-07-01;6.8;5599.0;42.0;5.11;1611227.51
354400 RIO DAS PEDRAS;2024/Jul;76.0;2024-07-01;1.9;148.0;3.0;3.95;23755.06
354420 RIOLANDIA;2024/Jul;11.0;2024-07-01;1.8;20.0;1.0;9.09;3275.79
354425 ROSANA;2024/Jul;275.0;2024-07-01;10.3;2844.0;6.0;2.18;182406.01
354490 SALES OLIVEIRA;2024/Jul;28.0;2024-07-01;2.1;60.0;0.0;0.0;11737.53
354500 SALESOPOLIS;2024/Jul;55.0;2024-07-01;3.0;167.0;5.0;9.09;22430.62
354520 SALTO;2024/Jul;401.0;2024-07-01;3.9;1567.0;43.0;10.72;386057.64
354530 SALTO DE PIRAPORA;2024/Jul;250.0;2024-07-01;2.1;528.0;10.0;4.0;213097.2
354540 SALTO GRANDE;2024/Jul;30.0;2024-07-01;3.6;108.0;3.0;10.0;13172.37
354560 SANTA ADELIA;2024/Jul;64.0;2024-07-01;2.6;168.0;3.0;4.69;96580.75
354580 SANTA BARBARA D'OESTE;2024/Jul;695.0;2024-07-01;2.9;2011.0;30.0;4.32;876310.85
354630 SANTA CRUZ DAS PALMEIRAS;2024/Jul;96.0;2024-07-01;2.6;246.0;8.0;8.33;43812.31
354640 SANTA CRUZ DO RIO PARDO;2024/Jul;376.0;2024-07-01;3.3;1244.0;20.0;5.32;449593.05
354660 SANTA FE DO SUL;2024/Jul;274.0;2024-07-01;5.2;1435.0;20.0;7.3;344829.99
354680 SANTA ISABEL;2024/Jul;183.0;2024-07-01;5.4;986.0;14.0;7.65;235532.67
354730 SANTANA DE PARNAIBA;2024/Jul;294.0;2024-07-01;4.1;1220.0;19.0;6.46;106612.42
354750 SANTA RITA DO PASSA QUATRO;2024/Jul;107.0;2024-07-01;8.1;868.0;8.0;7.48;68460.5
354760 SANTA ROSA DE VITERBO;2024/Jul;87.0;2024-07-01;4.5;388.0;3.0;3.45;27159.93
354770 SANTO ANASTACIO;2024/Jul;139.0;2024-07-01;2.5;349.0;2.0;1.44;50342.24
354780 SANTO ANDRE;2024/Jul;4057.0;2024-07-01;4.8;19287.0;279.0;6.88;7589437.25
354790 SANTO ANTONIO DA ALEGRIA;2024/Jul;13.0;2024-07-01;2.5;32.0;0.0;0.0;6569.37
354850 SANTOS;2024/Jul;2867.0;2024-07-01;5.8;16616.0;145.0;5.06;6150638.16
354860 SAO BENTO DO SAPUCAI;2024/Jul;45.0;2024-07-01;3.9;175.0;3.0;6.67;20648.85
354870 SAO BERNARDO DO CAMPO;2024/Jul;2893.0;2024-07-01;6.5;18825.0;180.0;6.22;8775197.08
354880 SAO CAETANO DO SUL;2024/Jul;1061.0;2024-07-01;3.7;3902.0;78.0;7.35;1643494.5
354890 SAO CARLOS;2024/Jul;1612.0;2024-07-01;3.9;6301.0;93.0;5.77;2795786.4
354910 SAO JOAO DA BOA VISTA;2024/Jul;496.0;2024-07-01;4.6;2271.0;64.0;12.9;937675.36
354940 SAO JOAQUIM DA BARRA;2024/Jul;269.0;2024-07-01;3.8;1010.0;17.0;6.32;458198.35
354970 SAO JOSE DO RIO PARDO;2024/Jul;389.0;2024-07-01;3.1;1221.0;24.0;6.17;393224.38
354980 SAO JOSE DO RIO PRETO;2024/Jul;7096.0;2024-07-01;4.8;34063.0;315.0;4.44;22046155.6
354990 SAO JOSE DOS CAMPOS;2024/Jul;4551.0;2024-07-01;5.1;23012.0;298.0;6.55;10372242.98
355000 SAO LUIS DO PARAITINGA;2024/Jul;21.0;2024-07-01;5.3;112.0;4.0;19.05;7772.12
355010 SAO MANUEL;2024/Jul;105.0;2024-07-01;4.2;446.0;13.0;12.38;151203.91
355020 SAO MIGUEL ARCANJO;2024/Jul;130.0;2024-07-01;14.3;1864.0;5.0;3.85;62744.04
355030 SAO PAULO;2024/Jul;61129.0;2024-07-01;5.5;336785.0;3178.0;5.2;140506620.31
355040 SAO PEDRO;2024/Jul;305.0;2024-07-01;1.7;533.0;7.0;2.3;504320.15
355060 SAO ROQUE;2024/Jul;352.0;2024-07-01;4.4;1565.0;26.0;7.39;355727.7
355070 SAO SEBASTIAO;2024/Jul;354.0;2024-07-01;4.1;1456.0;11.0;3.11;355614.87
355080 SAO SEBASTIAO DA GRAMA;2024/Jul;49.0;2024-07-01;3.4;165.0;1.0;2.04;18472.74
355090 SAO SIMAO;2024/Jul;20.0;2024-07-01;6.0;119.0;2.0;10.0;11778.13
355100 SAO VICENTE;2024/Jul;970.0;2024-07-01;4.3;4186.0;55.0;5.67;975135.17
355150 SERRANA;2024/Jul;431.0;2024-07-01;4.0;1732.0;16.0;3.71;457212.44
355160 SERRA NEGRA;2024/Jul;119.0;2024-07-01;3.4;407.0;13.0;10.92;48127.28
355170 SERTAOZINHO;2024/Jul;516.0;2024-07-01;3.5;1831.0;24.0;4.65;836657.82
355200 SILVEIRAS;2024/Jul;4.0;2024-07-01;3.0;12.0;0.0;0.0;1467.86
355210 SOCORRO;2024/Jul;280.0;2024-07-01;2.5;689.0;18.0;6.43;234257.34
355220 SOROCABA;2024/Jul;5041.0;2024-07-01;5.3;26860.0;356.0;7.06;10918473.59
355230 SUD MENNUCCI;2024/Jul;21.0;2024-07-01;3.3;70.0;0.0;0.0;10432.29
355240 SUMARE;2024/Jul;1013.0;2024-07-01;4.9;4934.0;44.0;4.34;2006334.84
355250 SUZANO;2024/Jul;711.0;2024-07-01;7.2;5084.0;34.0;4.78;815531.06
355260 TABAPUA;2024/Jul;58.0;2024-07-01;4.3;248.0;2.0;3.45;41821.2
355270 TABATINGA;2024/Jul;72.0;2024-07-01;4.0;291.0;5.0;6.94;53618.49
355280 TABOAO DA SERRA;2024/Jul;1916.0;2024-07-01;4.5;8646.0;90.0;4.7;3365186.03
355300 TAGUAI;2024/Jul;53.0;2024-07-01;3.0;157.0;1.0;1.89;27877.84
355330 TAMBAU;2024/Jul;106.0;2024-07-01;2.7;283.0;7.0;6.6;47238.72
355340 TANABI;2024/Jul;112.0;2024-07-01;7.9;888.0;2.0;1.79;77072.38
355360 TAPIRATIBA;2024/Jul;28.0;2024-07-01;2.9;80.0;2.0;7.14;15680.22
355370 TAQUARITINGA;2024/Jul;405.0;2024-07-01;3.6;1443.0;19.0;4.69;268170.02
355380 TAQUARITUBA;2024/Jul;187.0;2024-07-01;3.1;578.0;4.0;2.14;71601.49
355400 TATUI;2024/Jul;439.0;2024-07-01;4.3;1866.0;27.0;6.15;409565.03
355410 TAUBATE;2024/Jul;1921.0;2024-07-01;3.9;7457.0;100.0;5.21;4224392.11
355430 TEODORO SAMPAIO;2024/Jul;73.0;2024-07-01;3.4;249.0;4.0;5.48;26991.71
355440 TERRA ROXA;2024/Jul;3.0;2024-07-01;3.0;9.0;0.0;0.0;1232.22
355450 TIETE;2024/Jul;196.0;2024-07-01;2.8;539.0;8.0;4.08;98017.16
355470 TORRINHA;2024/Jul;13.0;2024-07-01;3.5;45.0;0.0;0.0;4613.63
355500 TUPA;2024/Jul;694.0;2024-07-01;4.7;3252.0;55.0;7.93;1062973.24
355510 TUPI PAULISTA;2024/Jul;80.0;2024-07-01;4.1;326.0;9.0;11.25;43145.29
355540 UBATUBA;2024/Jul;388.0;2024-07-01;3.6;1411.0;13.0;3.35;261121.26
355580 URANIA;2024/Jul;25.0;2024-07-01;4.7;118.0;1.0;4.0;9710.47
355600 URUPES;2024/Jul;35.0;2024-07-01;5.5;193.0;1.0;2.86;15902.09
355620 VALINHOS;2024/Jul;346.0;2024-07-01;5.5;1889.0;24.0;6.94;536623.49
355630 VALPARAISO;2024/Jul;63.0;2024-07-01;2.8;176.0;5.0;7.94;35172.41
355640 VARGEM GRANDE DO SUL;2024/Jul;189.0;2024-07-01;3.8;713.0;11.0;5.82;90360.4
355650 VARZEA PAULISTA;2024/Jul;102.0;2024-07-01;4.0;413.0;7.0;6.86;35347.69
355670 VINHEDO;2024/Jul;530.0;2024-07-01;3.0;1606.0;24.0;4.53;433209.46
355680 VIRADOURO;2024/Jul;31.0;2024-07-01;2.9;91.0;1.0;3.23;14057.24
355700 VOTORANTIM;2024/Jul;463.0;2024-07-01;3.0;1369.0;27.0;5.83;358619.81
355710 VOTUPORANGA;2024/Jul;876.0;2024-07-01;4.0;3527.0;60.0;6.85;1721484.77
355720 CHAVANTES;2024/Jul;59.0;2024-07-01;2.5;147.0;7.0;11.86;24999.41
350010 ADAMANTINA;2024/Ago;467.0;2024-08-01;9.6;4496.0;28.0;6.0;748153.45
350030 AGUAI;2024/Ago;35.0;2024-08-01;5.2;182.0;1.0;2.86;14895.46
350050 AGUAS DE LINDOIA;2024/Ago;118.0;2024-08-01;3.5;411.0;15.0;12.71;50886.01
350070 AGUDOS;2024/Ago;108.0;2024-08-01;1.8;197.0;0.0;0.0;49749.52
350100 ALTINOPOLIS;2024/Ago;195.0;2024-08-01;1.5;296.0;6.0;3.08;108394.56
350110 ALTO ALEGRE;2024/Ago;0.0;2024-08-01;0.0;0.0;0.0;0.0;0.0
350130 ALVARES MACHADO;2024/Ago;68.0;2024-08-01;3.9;265.0;5.0;7.35;23777.7
350160 AMERICANA;2024/Ago;733.0;2024-08-01;5.0;3655.0;58.0;7.91;796680.59
350170 AMERICO BRASILIENSE;2024/Ago;603.0;2024-08-01;4.8;2875.0;14.0;2.32;673893.63
350190 AMPARO;2024/Ago;369.0;2024-08-01;12.8;4727.0;16.0;4.34;633786.28
350210 ANDRADINA;2024/Ago;293.0;2024-08-01;3.9;1146.0;24.0;8.19;257086.41
350220 ANGATUBA;2024/Ago;145.0;2024-08-01;4.6;667.0;14.0;9.66;64665.32
350250 APARECIDA;2024/Ago;447.0;2024-08-01;2.8;1241.0;16.0;3.58;475290.73
350260 APARECIDA D'OESTE;2024/Ago;9.0;2024-08-01;3.1;28.0;0.0;0.0;2795.22
350270 APIAI;2024/Ago;227.0;2024-08-01;3.0;671.0;10.0;4.41;136044.43
350280 ARACATUBA;2024/Ago;1114.0;2024-08-01;6.5;7212.0;93.0;8.35;3564467.15
350310 ARANDU;2024/Ago;11.0;2024-08-01;3.8;42.0;0.0;0.0;6432.89
350320 ARARAQUARA;2024/Ago;1729.0;2024-08-01;3.6;6282.0;98.0;5.67;3885707.8
350330 ARARAS;2024/Ago;488.0;2024-08-01;4.3;2085.0;33.0;6.76;1029961.1
350340 AREALVA;2024/Ago;19.0;2024-08-01;2.2;41.0;0.0;0.0;5088.13
350390 ARUJA;2024/Ago;169.0;2024-08-01;2.7;461.0;7.0;4.14;72381.72
350400 ASSIS;2024/Ago;847.0;2024-08-01;4.0;3423.0;45.0;5.31;1340570.64
350410 ATIBAIA;2024/Ago;395.0;2024-08-01;3.8;1501.0;30.0;7.59;284133.95
350420 AURIFLAMA;2024/Ago;205.0;2024-08-01;1.6;324.0;6.0;2.93;403222.67
350450 AVARE;2024/Ago;649.0;2024-08-01;4.1;2679.0;36.0;5.55;1201597.84
350520 BARIRI;2024/Ago;175.0;2024-08-01;2.3;411.0;12.0;6.86;74986.5
350530 BARRA BONITA;2024/Ago;152.0;2024-08-01;2.2;337.0;8.0;5.26;127978.87
350550 BARRETOS;2024/Ago;2736.0;2024-08-01;4.7;12752.0;199.0;7.27;7742980.2
350570 BARUERI;2024/Ago;3661.0;2024-08-01;3.3;12132.0;96.0;2.62;2895811.78
350580 BASTOS;2024/Ago;115.0;2024-08-01;1.8;203.0;1.0;0.87;42218.32
350590 BATATAIS;2024/Ago;409.0;2024-08-01;4.3;1746.0;28.0;6.85;480724.53
350600 BAURU;2024/Ago;3517.0;2024-08-01;5.6;19550.0;145.0;4.12;6448083.38
350610 BEBEDOURO;2024/Ago;616.0;2024-08-01;3.0;1827.0;28.0;4.55;674037.33
350630 BERNARDINO DE CAMPOS;2024/Ago;56.0;2024-08-01;3.5;194.0;7.0;12.5;30550.3
350635 BERTIOGA;2024/Ago;275.0;2024-08-01;3.3;912.0;11.0;4.0;122731.96
350640 BILAC;2024/Ago;17.0;2024-08-01;4.0;68.0;2.0;11.76;7056.96
350650 BIRIGUI;2024/Ago;413.0;2024-08-01;4.2;1744.0;21.0;5.08;408935.0
350670 BOA ESPERANCA DO SUL;2024/Ago;6.0;2024-08-01;2.2;13.0;3.0;50.0;2352.51
350680 BOCAINA;2024/Ago;8.0;2024-08-01;3.0;24.0;2.0;25.0;4688.12
350700 BOITUVA;2024/Ago;232.0;2024-08-01;2.7;633.0;11.0;4.74;129976.52
350710 BOM JESUS DOS PERDOES;2024/Ago;14.0;2024-08-01;7.6;106.0;3.0;21.43;5833.88
350740 BORBOREMA;2024/Ago;58.0;2024-08-01;3.2;186.0;3.0;5.17;24593.95
350750 BOTUCATU;2024/Ago;2429.0;2024-08-01;6.5;15767.0;127.0;5.23;7272101.87
350760 BRAGANCA PAULISTA;2024/Ago;1570.0;2024-08-01;3.8;5958.0;90.0;5.73;3048539.24
350790 BROTAS;2024/Ago;62.0;2024-08-01;5.1;319.0;4.0;6.45;34116.82
350810 BURITAMA;2024/Ago;60.0;2024-08-01;4.2;250.0;9.0;15.0;28356.14
350840 CABREUVA;2024/Ago;71.0;2024-08-01;2.7;191.0;4.0;5.63;33832.82
350850 CACAPAVA;2024/Ago;332.0;2024-08-01;4.8;1587.0;26.0;7.83;366153.52
350870 CACONDE;2024/Ago;113.0;2024-08-01;2.7;308.0;6.0;5.31;172498.98
350880 CAFELANDIA;2024/Ago;79.0;2024-08-01;2.9;232.0;4.0;5.06;33886.5
350900 CAIEIRAS;2024/Ago;392.0;2024-08-01;2.7;1054.0;10.0;2.55;186580.04
350920 CAJAMAR;2024/Ago;327.0;2024-08-01;3.4;1124.0;9.0;2.75;123144.66
350930 CAJOBI;2024/Ago;42.0;2024-08-01;2.5;107.0;1.0;2.38;18216.75
350940 CAJURU;2024/Ago;254.0;2024-08-01;3.4;863.0;8.0;3.15;131809.59
350950 CAMPINAS;2024/Ago;7705.0;2024-08-01;5.3;40522.0;397.0;5.15;19461868.23
350960 CAMPO LIMPO PAULISTA;2024/Ago;339.0;2024-08-01;3.7;1263.0;27.0;7.96;333775.83
350970 CAMPOS DO JORDAO;2024/Ago;226.0;2024-08-01;17.8;4031.0;9.0;3.98;413799.61
351000 CANDIDO MOTA;2024/Ago;239.0;2024-08-01;2.8;661.0;8.0;3.35;217619.31
351020 CAPAO BONITO;2024/Ago;282.0;2024-08-01;3.8;1076.0;26.0;9.22;337982.93
351040 CAPIVARI;2024/Ago;245.0;2024-08-01;3.4;831.0;18.0;7.35;293135.69
351050 CARAGUATATUBA;2024/Ago;1783.0;2024-08-01;3.8;6760.0;62.0;3.48;2396648.87
351060 CARAPICUIBA;2024/Ago;1706.0;2024-08-01;3.5;5894.0;59.0;3.46;1642511.99
351070 CARDOSO;2024/Ago;38.0;2024-08-01;3.2;122.0;0.0;0.0;13077.4
351080 CASA BRANCA;2024/Ago;184.0;2024-08-01;8.4;1544.0;10.0;5.43;170336.6
351100 CASTILHO;2024/Ago;30.0;2024-08-01;7.4;222.0;2.0;6.67;13674.68
351110 CATANDUVA;2024/Ago;1473.0;2024-08-01;7.0;10351.0;109.0;7.4;3186247.57
351140 CERQUEIRA CESAR;2024/Ago;174.0;2024-08-01;2.3;396.0;5.0;2.87;119531.74
351150 CERQUILHO;2024/Ago;34.0;2024-08-01;4.6;156.0;2.0;5.88;15680.74
351160 CESARIO LANGE;2024/Ago;52.0;2024-08-01;3.7;193.0;2.0;3.85;29992.91
351170 CHARQUEADA;2024/Ago;31.0;2024-08-01;3.2;100.0;1.0;3.23;10275.79
351190 CLEMENTINA;2024/Ago;26.0;2024-08-01;4.9;128.0;0.0;0.0;10610.12
351200 COLINA;2024/Ago;107.0;2024-08-01;4.1;442.0;6.0;5.61;134814.62
351210 COLOMBIA;2024/Ago;1.0;2024-08-01;2.0;2.0;0.0;0.0;292.62
351220 CONCHAL;2024/Ago;187.0;2024-08-01;1.6;302.0;8.0;4.28;116347.94
351230 CONCHAS;2024/Ago;37.0;2024-08-01;3.1;115.0;3.0;8.11;15996.72
351280 COSMOPOLIS;2024/Ago;135.0;2024-08-01;3.8;511.0;14.0;10.37;133193.91
351300 COTIA;2024/Ago;1218.0;2024-08-01;3.4;4196.0;56.0;4.6;1442971.69
351310 CRAVINHOS;2024/Ago;0.0;2024-08-01;0.0;0.0;0.0;0.0;0.0
351340 CRUZEIRO;2024/Ago;514.0;2024-08-01;5.1;2596.0;63.0;12.26;748878.47
351350 CUBATAO;2024/Ago;584.0;2024-08-01;5.3;3116.0;27.0;4.62;669976.97
351360 CUNHA;2024/Ago;110.0;2024-08-01;3.7;411.0;1.0;0.91;69838.07
351370 DESCALVADO;2024/Ago;159.0;2024-08-01;2.6;408.0;7.0;4.4;150942.5
351380 DIADEMA;2024/Ago;1879.0;2024-08-01;5.5;10292.0;97.0;5.16;2447554.2
351390 DIVINOLANDIA;2024/Ago;438.0;2024-08-01;5.2;2292.0;2.0;0.46;456134.45
351410 DOIS CORREGOS;2024/Ago;91.0;2024-08-01;3.9;359.0;4.0;4.4;42034.98
351440 DRACENA;2024/Ago;311.0;2024-08-01;5.1;1573.0;31.0;9.97;574251.44
351450 DUARTINA;2024/Ago;129.0;2024-08-01;1.8;237.0;5.0;3.88;58318.91
351500 EMBU DAS ARTES;2024/Ago;360.0;2024-08-01;3.3;1204.0;12.0;3.33;170931.41
351510 EMBU-GUACU;2024/Ago;123.0;2024-08-01;1.8;216.0;15.0;12.2;54060.97
351518 ESPIRITO SANTO DO PINHAL;2024/Ago;331.0;2024-08-01;22.1;7328.0;18.0;5.44;686276.87
351520 ESTRELA D'OESTE;2024/Ago;55.0;2024-08-01;3.4;188.0;3.0;5.45;23232.78
351540 FARTURA;2024/Ago;87.0;2024-08-01;3.0;260.0;4.0;4.6;30836.37
351550 FERNANDOPOLIS;2024/Ago;539.0;2024-08-01;3.7;2017.0;33.0;6.12;577669.14
351570 FERRAZ DE VASCONCELOS;2024/Ago;518.0;2024-08-01;3.8;1991.0;29.0;5.6;374715.38
351600 FLORIDA PAULISTA;2024/Ago;60.0;2024-08-01;3.6;216.0;3.0;5.0;26315.82
351620 FRANCA;2024/Ago;2100.0;2024-08-01;5.7;12044.0;169.0;8.05;4996059.05
351630 FRANCISCO MORATO;2024/Ago;1005.0;2024-08-01;4.8;4804.0;53.0;5.27;960679.37
351640 FRANCO DA ROCHA;2024/Ago;914.0;2024-08-01;6.6;6057.0;51.0;5.58;1232920.98
351660 GALIA;2024/Ago;9.0;2024-08-01;13.3;120.0;1.0;11.11;4867.63
351670 GARCA;2024/Ago;249.0;2024-08-01;18.4;4590.0;9.0;3.61;510736.89
351690 GENERAL SALGADO;2024/Ago;46.0;2024-08-01;4.2;193.0;2.0;4.35;22958.18
351700 GETULINA;2024/Ago;23.0;2024-08-01;3.8;88.0;1.0;4.35;6215.12
351740 GUAIRA;2024/Ago;257.0;2024-08-01;2.8;718.0;10.0;3.89;348411.47
351760 GUAPIARA;2024/Ago;16.0;2024-08-01;2.6;42.0;1.0;6.25;5363.82
351770 GUARA;2024/Ago;80.0;2024-08-01;2.2;179.0;2.0;2.5;36295.56
351780 GUARACAI;2024/Ago;42.0;2024-08-01;3.5;145.0;2.0;4.76;20911.38
351820 GUARARAPES;2024/Ago;138.0;2024-08-01;4.1;562.0;8.0;5.8;65817.32
351830 GUARAREMA;2024/Ago;101.0;2024-08-01;3.7;374.0;6.0;5.94;42906.05
351840 GUARATINGUETA;2024/Ago;491.0;2024-08-01;4.8;2360.0;31.0;6.31;910794.04
351860 GUARIBA;2024/Ago;173.0;2024-08-01;2.3;396.0;4.0;2.31;85367.68
351870 GUARUJA;2024/Ago;1141.0;2024-08-01;6.3;7153.0;95.0;8.33;2100812.04
351880 GUARULHOS;2024/Ago;4668.0;2024-08-01;5.2;24290.0;308.0;6.6;6345016.23
351900 HERCULANDIA;2024/Ago;72.0;2024-08-01;3.5;249.0;2.0;2.78;27395.02
351907 HORTOLANDIA;2024/Ago;431.0;2024-08-01;4.2;1793.0;29.0;6.73;368234.58
351910 IACANGA;2024/Ago;44.0;2024-08-01;3.4;151.0;0.0;0.0;8039.95
351930 IBATE;2024/Ago;65.0;2024-08-01;2.5;161.0;0.0;0.0;35964.56
351940 IBIRA;2024/Ago;30.0;2024-08-01;3.4;103.0;2.0;6.67;11690.96
351960 IBITINGA;2024/Ago;406.0;2024-08-01;3.2;1284.0;27.0;6.65;446159.15
351970 IBIUNA;2024/Ago;271.0;2024-08-01;3.4;917.0;9.0;3.32;166197.18
351990 IEPE;2024/Ago;48.0;2024-08-01;3.6;172.0;1.0;2.08;13931.19
352010 IGARAPAVA;2024/Ago;96.0;2024-08-01;6.4;614.0;5.0;5.21;62056.24
352040 ILHABELA;2024/Ago;294.0;2024-08-01;2.4;697.0;6.0;2.04;208663.82
352044 ILHA SOLTEIRA;2024/Ago;204.0;2024-08-01;4.2;856.0;17.0;8.33;243015.81
352050 INDAIATUBA;2024/Ago;1902.0;2024-08-01;3.6;6896.0;72.0;3.79;2404415.51
352070 INDIAPORA;2024/Ago;38.0;2024-08-01;3.0;114.0;0.0;0.0;16899.73
352090 IPAUSSU;2024/Ago;40.0;2024-08-01;3.5;138.0;3.0;7.5;18593.22
352130 IPUA;2024/Ago;76.0;2024-08-01;1.9;143.0;2.0;2.63;38137.35
352170 ITABERA;2024/Ago;130.0;2024-08-01;2.1;276.0;3.0;2.31;58676.82
352180 ITAI;2024/Ago;30.0;2024-08-01;5.1;153.0;4.0;13.33;13530.55
352190 ITAJOBI;2024/Ago;56.0;2024-08-01;7.3;406.0;5.0;8.93;19805.45
352210 ITANHAEM;2024/Ago;1081.0;2024-08-01;4.2;4587.0;58.0;5.37;1368639.55
352220 ITAPECERICA DA SERRA;2024/Ago;1431.0;2024-08-01;3.7;5317.0;80.0;5.59;1485313.18
352230 ITAPETININGA;2024/Ago;875.0;2024-08-01;5.6;4921.0;80.0;9.14;902306.48
352240 ITAPEVA;2024/Ago;828.0;2024-08-01;4.3;3573.0;55.0;6.64;1300924.46
352250 ITAPEVI;2024/Ago;1331.0;2024-08-01;4.8;6385.0;51.0;3.83;1234396.17
352260 ITAPIRA;2024/Ago;541.0;2024-08-01;20.0;10799.0;39.0;7.21;1033345.47
352270 ITAPOLIS;2024/Ago;249.0;2024-08-01;3.3;818.0;22.0;8.84;394985.74
352280 ITAPORANGA;2024/Ago;96.0;2024-08-01;2.5;236.0;1.0;1.04;42192.65
352290 ITAPUI;2024/Ago;25.0;2024-08-01;6.0;151.0;3.0;12.0;10403.57
352310 ITAQUAQUECETUBA;2024/Ago;1246.0;2024-08-01;6.9;8570.0;86.0;6.9;1586306.58
352320 ITARARE;2024/Ago;283.0;2024-08-01;2.1;602.0;13.0;4.59;212380.53
352340 ITATIBA;2024/Ago;508.0;2024-08-01;3.3;1694.0;25.0;4.92;507166.82
352350 ITATINGA;2024/Ago;21.0;2024-08-01;5.0;104.0;2.0;9.52;7153.9
352360 ITIRAPINA;2024/Ago;10.0;2024-08-01;5.3;53.0;3.0;30.0;4821.73
352390 ITU;2024/Ago;728.0;2024-08-01;4.0;2919.0;38.0;5.22;1058249.32
352400 ITUPEVA;2024/Ago;179.0;2024-08-01;3.7;660.0;4.0;2.23;84585.67
352410 ITUVERAVA;2024/Ago;306.0;2024-08-01;3.2;993.0;25.0;8.17;445366.39
352420 JABORANDI;2024/Ago;6.0;2024-08-01;4.2;25.0;0.0;0.0;2534.68
352430 JABOTICABAL;2024/Ago;175.0;2024-08-01;3.9;678.0;9.0;5.14;211839.76
352440 JACAREI;2024/Ago;1047.0;2024-08-01;4.4;4621.0;77.0;7.35;1702091.65
352450 JACI;2024/Ago;68.0;2024-08-01;47.1;3204.0;2.0;2.94;260896.2
352470 JAGUARIUNA;2024/Ago;307.0;2024-08-01;3.5;1076.0;15.0;4.89;414577.37
352480 JALES;2024/Ago;720.0;2024-08-01;3.1;2261.0;46.0;6.39;1198281.74
352520 JARINU;2024/Ago;53.0;2024-08-01;3.0;159.0;4.0;7.55;11259.48
352530 JAU;2024/Ago;2215.0;2024-08-01;5.0;11015.0;145.0;6.55;6174783.69
352550 JOANOPOLIS;2024/Ago;25.0;2024-08-01;5.2;129.0;8.0;32.0;8618.6
352570 JOSE BONIFACIO;2024/Ago;165.0;2024-08-01;5.4;895.0;13.0;7.88;125695.29
352590 JUNDIAI;2024/Ago;4004.0;2024-08-01;4.0;16155.0;154.0;3.85;5133272.31
352600 JUNQUEIROPOLIS;2024/Ago;105.0;2024-08-01;6.0;630.0;7.0;6.67;52062.12
352640 LARANJAL PAULISTA;2024/Ago;116.0;2024-08-01;4.7;547.0;7.0;6.03;56189.53
352670 LEME;2024/Ago;458.0;2024-08-01;3.5;1591.0;33.0;7.21;427026.05
352680 LENCOIS PAULISTA;2024/Ago;237.0;2024-08-01;3.7;882.0;9.0;3.8;306150.94
352690 LIMEIRA;2024/Ago;1430.0;2024-08-01;4.0;5744.0;89.0;6.22;3483099.17
352710 LINS;2024/Ago;516.0;2024-08-01;8.2;4224.0;46.0;8.91;659527.66
352720 LORENA;2024/Ago;402.0;2024-08-01;5.3;2117.0;33.0;8.21;694902.92
352730 LOUVEIRA;2024/Ago;240.0;2024-08-01;2.4;575.0;6.0;2.5;153994.93
352740 LUCELIA;2024/Ago;55.0;2024-08-01;4.0;222.0;7.0;12.73;18189.05
352800 MACATUBA;2024/Ago;67.0;2024-08-01;2.7;182.0;3.0;4.48;24013.56
352810 MACAUBAL;2024/Ago;3.0;2024-08-01;1.3;4.0;0.0;0.0;1085.76
352850 MAIRIPORA;2024/Ago;296.0;2024-08-01;2.8;822.0;10.0;3.38;103761.16
352880 MARACAI;2024/Ago;100.0;2024-08-01;3.2;321.0;4.0;4.0;79551.74
352900 MARILIA;2024/Ago;2484.0;2024-08-01;5.6;13908.0;131.0;5.27;6099161.79
352920 MARTINOPOLIS;2024/Ago;177.0;2024-08-01;2.4;421.0;8.0;4.52;95159.3
352930 MATAO;2024/Ago;490.0;2024-08-01;3.9;1891.0;29.0;5.92;1322082.03
352940 MAUA;2024/Ago;1065.0;2024-08-01;5.5;5839.0;65.0;6.1;1336363.68
352970 MIGUELOPOLIS;2024/Ago;100.0;2024-08-01;2.9;294.0;0.0;0.0;44312.22
353010 MIRANDOPOLIS;2024/Ago;331.0;2024-08-01;3.9;1291.0;27.0;8.16;314079.67
353030 MIRASSOL;2024/Ago;190.0;2024-08-01;2.0;371.0;4.0;2.11;89154.21
353050 MOCOCA;2024/Ago;399.0;2024-08-01;3.8;1531.0;20.0;5.01;474461.78
353060 MOGI DAS CRUZES;2024/Ago;2816.0;2024-08-01;5.3;14873.0;152.0;5.4;4697926.49
353070 MOGI GUACU;2024/Ago;825.0;2024-08-01;4.9;4006.0;59.0;7.15;1445154.61
353080 MOGI MIRIM;2024/Ago;397.0;2024-08-01;3.8;1526.0;27.0;6.8;799847.52
353110 MONGAGUA;2024/Ago;66.0;2024-08-01;4.2;278.0;2.0;3.03;23050.49
353130 MONTE ALTO;2024/Ago;203.0;2024-08-01;4.6;938.0;16.0;7.88;359054.13
353140 MONTE APRAZIVEL;2024/Ago;210.0;2024-08-01;2.1;448.0;0.0;0.0;98146.85
353150 MONTE AZUL PAULISTA;2024/Ago;118.0;2024-08-01;1.6;192.0;0.0;0.0;704620.81
353180 MONTE MOR;2024/Ago;94.0;2024-08-01;3.6;340.0;10.0;10.64;47385.63
353190 MORRO AGUDO;2024/Ago;128.0;2024-08-01;3.2;405.0;8.0;6.25;183151.3
353200 MORUNGABA;2024/Ago;14.0;2024-08-01;2.0;28.0;4.0;28.57;7454.9
353240 NAZARE PAULISTA;2024/Ago;36.0;2024-08-01;4.9;176.0;1.0;2.78;15273.99
353250 NEVES PAULISTA;2024/Ago;2.0;2024-08-01;1.5;3.0;1.0;50.0;847.99
353260 NHANDEARA;2024/Ago;152.0;2024-08-01;2.8;424.0;8.0;5.26;90028.33
353290 NOVA EUROPA;2024/Ago;17.0;2024-08-01;4.5;76.0;1.0;5.88;6657.73
353300 NOVA GRANADA;2024/Ago;143.0;2024-08-01;3.1;440.0;5.0;3.5;62625.83
353340 NOVA ODESSA;2024/Ago;127.0;2024-08-01;5.2;655.0;9.0;7.09;57671.92
353350 NOVO HORIZONTE;2024/Ago;201.0;2024-08-01;3.3;671.0;10.0;4.98;308081.01
353390 OLIMPIA;2024/Ago;321.0;2024-08-01;4.5;1435.0;19.0;5.92;310118.98
353430 ORLANDIA;2024/Ago;234.0;2024-08-01;1.9;452.0;5.0;2.14;120644.29
353440 OSASCO;2024/Ago;2383.0;2024-08-01;5.9;14010.0;175.0;7.34;3211389.76
353460 OSVALDO CRUZ;2024/Ago;214.0;2024-08-01;3.3;707.0;13.0;6.07;113744.51
353470 OURINHOS;2024/Ago;940.0;2024-08-01;3.8;3555.0;64.0;6.81;2043376.85
353475 OUROESTE;2024/Ago;55.0;2024-08-01;3.1;169.0;0.0;0.0;25285.41
353520 PALMEIRA D'OESTE;2024/Ago;79.0;2024-08-01;2.7;217.0;0.0;0.0;25878.96
353530 PALMITAL;2024/Ago;181.0;2024-08-01;2.1;382.0;8.0;4.42;216242.52
353550 PARAGUACU PAULISTA;2024/Ago;307.0;2024-08-01;3.9;1206.0;20.0;6.51;500493.42
353580 PARANAPANEMA;2024/Ago;75.0;2024-08-01;3.2;240.0;5.0;6.67;31150.54
353600 PARAPUA;2024/Ago;0.0;2024-08-01;0.0;0.0;0.0;0.0;0.0
353620 PARIQUERA-ACU;2024/Ago;768.0;2024-08-01;3.9;2994.0;55.0;7.16;980425.9
353630 PATROCINIO PAULISTA;2024/Ago;83.0;2024-08-01;3.2;262.0;3.0;3.61;41827.88
353650 PAULINIA;2024/Ago;683.0;2024-08-01;3.9;2636.0;30.0;4.39;650225.24
353660 PAULO DE FARIA;2024/Ago;5.0;2024-08-01;4.8;24.0;1.0;20.0;1632.24
353670 PEDERNEIRAS;2024/Ago;173.0;2024-08-01;4.3;747.0;14.0;8.09;202870.31
353700 PEDREGULHO;2024/Ago;77.0;2024-08-01;2.3;174.0;2.0;2.6;37703.5
353710 PEDREIRA;2024/Ago;85.0;2024-08-01;3.0;253.0;6.0;7.06;53769.02
353730 PENAPOLIS;2024/Ago;478.0;2024-08-01;5.5;2613.0;39.0;8.16;503234.84
353740 PEREIRA BARRETO;2024/Ago;80.0;2024-08-01;2.8;222.0;9.0;11.25;36520.38
353780 PIEDADE;2024/Ago;253.0;2024-08-01;3.4;850.0;23.0;9.09;131103.25
353790 PILAR DO SUL;2024/Ago;85.0;2024-08-01;2.8;237.0;5.0;5.88;37793.14
353800 PINDAMONHANGABA;2024/Ago;662.0;2024-08-01;5.5;3618.0;30.0;4.53;870151.31
353860 PIRACAIA;2024/Ago;49.0;2024-08-01;4.1;199.0;1.0;2.04;16246.33
353870 PIRACICABA;2024/Ago;3406.0;2024-08-01;3.0;10272.0;141.0;4.14;6622898.38
353880 PIRAJU;2024/Ago;215.0;2024-08-01;3.3;719.0;17.0;7.91;96365.65
353890 PIRAJUI;2024/Ago;114.0;2024-08-01;2.8;317.0;7.0;6.14;53328.42
353900 PIRANGI;2024/Ago;97.0;2024-08-01;2.1;200.0;5.0;5.15;115457.67
353930 PIRASSUNUNGA;2024/Ago;221.0;2024-08-01;4.6;1025.0;20.0;9.05;257456.55
353940 PIRATININGA;2024/Ago;17.0;2024-08-01;6.4;109.0;1.0;5.88;7551.99
353950 PITANGUEIRAS;2024/Ago;127.0;2024-08-01;2.6;334.0;4.0;3.15;73261.95
354000 POMPEIA;2024/Ago;86.0;2024-08-01;3.1;270.0;1.0;1.16;38618.59
354020 PONTAL;2024/Ago;129.0;2024-08-01;1.4;176.0;3.0;2.33;67852.23
354040 POPULINA;2024/Ago;15.0;2024-08-01;3.3;49.0;0.0;0.0;6685.65
354060 PORTO FELIZ;2024/Ago;317.0;2024-08-01;3.4;1083.0;20.0;6.31;275581.43
354070 PORTO FERREIRA;2024/Ago;170.0;2024-08-01;3.5;592.0;15.0;8.82;186813.87
354080 POTIRENDABA;2024/Ago;68.0;2024-08-01;2.2;152.0;1.0;1.47;23814.87
354100 PRAIA GRANDE;2024/Ago;776.0;2024-08-01;5.1;3981.0;32.0;4.12;805045.34
354120 PRESIDENTE BERNARDES;2024/Ago;96.0;2024-08-01;2.7;259.0;3.0;3.13;32394.05
354130 PRESIDENTE EPITACIO;2024/Ago;265.0;2024-08-01;3.2;846.0;14.0;5.28;131557.0
354140 PRESIDENTE PRUDENTE;2024/Ago;3222.0;2024-08-01;5.8;18717.0;168.0;5.21;5768984.46
354150 PRESIDENTE VENCESLAU;2024/Ago;220.0;2024-08-01;3.4;742.0;12.0;5.45;239518.14
354160 PROMISSAO;2024/Ago;304.0;2024-08-01;4.2;1269.0;15.0;4.93;314533.91
354190 QUELUZ;2024/Ago;23.0;2024-08-01;4.7;109.0;1.0;4.35;11020.44
354220 RANCHARIA;2024/Ago;329.0;2024-08-01;3.1;1006.0;12.0;3.65;390708.92
354240 REGENTE FEIJO;2024/Ago;80.0;2024-08-01;3.2;254.0;7.0;8.75;27851.88
354260 REGISTRO;2024/Ago;1014.0;2024-08-01;3.5;3528.0;29.0;2.86;1053826.18
354290 RIBEIRAO BONITO;2024/Ago;21.0;2024-08-01;2.3;49.0;1.0;4.76;6119.16
354300 RIBEIRAO BRANCO;2024/Ago;36.0;2024-08-01;3.1;111.0;3.0;8.33;11869.42
354330 RIBEIRAO PIRES;2024/Ago;156.0;2024-08-01;5.6;877.0;18.0;11.54;101857.86
354340 RIBEIRAO PRETO;2024/Ago;7578.0;2024-08-01;4.5;34286.0;384.0;5.07;18525961.26
354380 RINOPOLIS;2024/Ago;24.0;2024-08-01;4.1;98.0;2.0;8.33;11732.63
354390 RIO CLARO;2024/Ago;845.0;2024-08-01;6.6;5584.0;49.0;5.8;1628858.8
354400 RIO DAS PEDRAS;2024/Ago;71.0;2024-08-01;1.3;94.0;6.0;8.45;21024.02
354420 RIOLANDIA;2024/Ago;14.0;2024-08-01;2.6;36.0;1.0;7.14;4139.37
354425 ROSANA;2024/Ago;263.0;2024-08-01;3.2;836.0;11.0;4.18;130206.54
354490 SALES OLIVEIRA;2024/Ago;26.0;2024-08-01;3.7;96.0;0.0;0.0;9630.98
354500 SALESOPOLIS;2024/Ago;47.0;2024-08-01;3.1;145.0;2.0;4.26;18472.29
354520 SALTO;2024/Ago;497.0;2024-08-01;3.0;1495.0;38.0;7.65;350761.32
354530 SALTO DE PIRAPORA;2024/Ago;222.0;2024-08-01;1.9;414.0;5.0;2.25;172600.81
354540 SALTO GRANDE;2024/Ago;30.0;2024-08-01;2.9;88.0;2.0;6.67;13237.99
354560 SANTA ADELIA;2024/Ago;54.0;2024-08-01;3.0;160.0;1.0;1.85;50937.8
354580 SANTA BARBARA D'OESTE;2024/Ago;755.0;2024-08-01;2.6;1985.0;38.0;5.03;991960.25
354630 SANTA CRUZ DAS PALMEIRAS;2024/Ago;105.0;2024-08-01;2.0;208.0;2.0;1.9;53448.12
354640 SANTA CRUZ DO RIO PARDO;2024/Ago;369.0;2024-08-01;3.6;1312.0;23.0;6.23;475924.1
354660 SANTA FE DO SUL;2024/Ago;287.0;2024-08-01;4.5;1285.0;14.0;4.88;268359.47
354680 SANTA ISABEL;2024/Ago;183.0;2024-08-01;5.1;926.0;11.0;6.01;228051.6
354730 SANTANA DE PARNAIBA;2024/Ago;337.0;2024-08-01;4.0;1361.0;10.0;2.97;125780.38
354750 SANTA RITA DO PASSA QUATRO;2024/Ago;135.0;2024-08-01;12.8;1731.0;5.0;3.7;114456.02
354760 SANTA ROSA DE VITERBO;2024/Ago;106.0;2024-08-01;3.4;364.0;3.0;2.83;50698.03
354770 SANTO ANASTACIO;2024/Ago;164.0;2024-08-01;2.3;380.0;5.0;3.05;54918.69
354780 SANTO ANDRE;2024/Ago;4213.0;2024-08-01;4.7;19656.0;282.0;6.69;7494323.19
354790 SANTO ANTONIO DA ALEGRIA;2024/Ago;8.0;2024-08-01;1.9;15.0;1.0;12.5;3577.21
354850 SANTOS;2024/Ago;3006.0;2024-08-01;5.8;17353.0;174.0;5.79;6517671.33
354860 SAO BENTO DO SAPUCAI;2024/Ago;41.0;2024-08-01;4.1;167.0;2.0;4.88;19546.34
354870 SAO BERNARDO DO CAMPO;2024/Ago;2877.0;2024-08-01;7.1;20377.0;172.0;5.98;8620045.02
354880 SAO CAETANO DO SUL;2024/Ago;1041.0;2024-08-01;3.4;3574.0;71.0;6.82;2016457.85
354890 SAO CARLOS;2024/Ago;1618.0;2024-08-01;4.0;6485.0;96.0;5.93;2919372.03
354910 SAO JOAO DA BOA VISTA;2024/Ago;467.0;2024-08-01;4.7;2190.0;42.0;8.99;813247.77
354940 SAO JOAQUIM DA BARRA;2024/Ago;301.0;2024-08-01;3.4;1017.0;13.0;4.32;690879.1
354970 SAO JOSE DO RIO PARDO;2024/Ago;342.0;2024-08-01;3.2;1083.0;18.0;5.26;350313.75
354980 SAO JOSE DO RIO PRETO;2024/Ago;7085.0;2024-08-01;4.7;33627.0;308.0;4.35;22615537.44
354990 SAO JOSE DOS CAMPOS;2024/Ago;4678.0;2024-08-01;4.5;21229.0;230.0;4.92;10978626.35
355000 SAO LUIS DO PARAITINGA;2024/Ago;8.0;2024-08-01;5.4;43.0;1.0;12.5;3054.54
355010 SAO MANUEL;2024/Ago;126.0;2024-08-01;4.8;609.0;14.0;11.11;171503.18
355020 SAO MIGUEL ARCANJO;2024/Ago;121.0;2024-08-01;20.1;2430.0;9.0;7.44;78938.76
355030 SAO PAULO;2024/Ago;61817.0;2024-08-01;5.3;330118.0;3144.0;5.09;140793408.51
355040 SAO PEDRO;2024/Ago;292.0;2024-08-01;2.4;711.0;10.0;3.42;564623.12
355060 SAO ROQUE;2024/Ago;297.0;2024-08-01;4.3;1268.0;26.0;8.75;295716.81
355070 SAO SEBASTIAO;2024/Ago;400.0;2024-08-01;4.3;1737.0;17.0;4.25;419457.09
355080 SAO SEBASTIAO DA GRAMA;2024/Ago;66.0;2024-08-01;4.5;295.0;4.0;6.06;29428.71
355090 SAO SIMAO;2024/Ago;25.0;2024-08-01;6.0;149.0;2.0;8.0;14331.79
355100 SAO VICENTE;2024/Ago;945.0;2024-08-01;4.6;4322.0;52.0;5.5;1038861.62
355150 SERRANA;2024/Ago;374.0;2024-08-01;4.9;1846.0;14.0;3.74;607522.0
355160 SERRA NEGRA;2024/Ago;110.0;2024-08-01;4.2;461.0;12.0;10.91;48159.8
355170 SERTAOZINHO;2024/Ago;486.0;2024-08-01;3.2;1579.0;23.0;4.73;742148.67
355200 SILVEIRAS;2024/Ago;1.0;2024-08-01;1.0;1.0;0.0;0.0;582.42
355210 SOCORRO;2024/Ago;266.0;2024-08-01;2.5;671.0;17.0;6.39;222420.38
355220 SOROCABA;2024/Ago;4969.0;2024-08-01;5.2;25915.0;334.0;6.72;10085905.26
355230 SUD MENNUCCI;2024/Ago;33.0;2024-08-01;3.7;122.0;0.0;0.0;15684.67
355240 SUMARE;2024/Ago;1114.0;2024-08-01;4.5;4985.0;45.0;4.04;1918253.65
355250 SUZANO;2024/Ago;706.0;2024-08-01;6.5;4593.0;36.0;5.1;744398.16
355260 TABAPUA;2024/Ago;65.0;2024-08-01;3.8;246.0;1.0;1.54;43390.1
355270 TABATINGA;2024/Ago;75.0;2024-08-01;3.3;246.0;0.0;0.0;54577.6
355280 TABOAO DA SERRA;2024/Ago;1860.0;2024-08-01;4.1;7663.0;71.0;3.82;3135011.66
355300 TAGUAI;2024/Ago;47.0;2024-08-01;2.7;127.0;1.0;2.13;33319.23
355330 TAMBAU;2024/Ago;123.0;2024-08-01;2.7;331.0;5.0;4.07;56785.93
355340 TANABI;2024/Ago;124.0;2024-08-01;6.6;819.0;1.0;0.81;86140.2
355360 TAPIRATIBA;2024/Ago;35.0;2024-08-01;3.4;120.0;1.0;2.86;20842.2
355370 TAQUARITINGA;2024/Ago;379.0;2024-08-01;3.2;1201.0;19.0;5.01;257079.8
355380 TAQUARITUBA;2024/Ago;169.0;2024-08-01;2.7;455.0;6.0;3.55;64495.32
355400 TATUI;2024/Ago;445.0;2024-08-01;4.4;1946.0;28.0;6.29;397575.58
355410 TAUBATE;2024/Ago;2344.0;2024-08-01;4.5;10478.0;109.0;4.65;6076278.6
355430 TEODORO SAMPAIO;2024/Ago;82.0;2024-08-01;3.2;265.0;7.0;8.54;29185.43
355440 TERRA ROXA;2024/Ago;5.0;2024-08-01;3.0;15.0;0.0;0.0;2912.1
355450 TIETE;2024/Ago;188.0;2024-08-01;2.6;482.0;6.0;3.19;78000.57
355470 TORRINHA;2024/Ago;5.0;2024-08-01;4.6;23.0;2.0;40.0;1681.95
355500 TUPA;2024/Ago;698.0;2024-08-01;7.7;5401.0;57.0;8.17;1287175.62
355510 TUPI PAULISTA;2024/Ago;92.0;2024-08-01;4.6;427.0;12.0;13.04;56562.89
355540 UBATUBA;2024/Ago;417.0;2024-08-01;3.6;1495.0;12.0;2.88;269210.37
355580 URANIA;2024/Ago;24.0;2024-08-01;4.1;99.0;0.0;0.0;8492.99
355600 URUPES;2024/Ago;41.0;2024-08-01;5.0;203.0;0.0;0.0;17705.35
355620 VALINHOS;2024/Ago;367.0;2024-08-01;5.0;1839.0;32.0;8.72;549625.23
355630 VALPARAISO;2024/Ago;53.0;2024-08-01;3.1;164.0;3.0;5.66;29744.32
355640 VARGEM GRANDE DO SUL;2024/Ago;198.0;2024-08-01;3.6;720.0;12.0;6.06;96834.72
355650 VARZEA PAULISTA;2024/Ago;86.0;2024-08-01;3.8;328.0;6.0;6.98;28521.52
355670 VINHEDO;2024/Ago;522.0;2024-08-01;2.8;1454.0;17.0;3.26;493585.09
355680 VIRADOURO;2024/Ago;22.0;2024-08-01;3.0;66.0;0.0;0.0;9569.33
355700 VOTORANTIM;2024/Ago;361.0;2024-08-01;3.7;1345.0;17.0;4.71;329451.8
355710 VOTUPORANGA;2024/Ago;867.0;2024-08-01;4.0;3453.0;74.0;8.54;1675560.97
355720 CHAVANTES;2024/Ago;100.0;2024-08-01;2.4;240.0;1.0;1.0;66754.7
350010 ADAMANTINA;2024/Set;453.0;2024-09-01;8.2;3709.0;30.0;6.62;505445.29
350030 AGUAI;2024/Set;37.0;2024-09-01;4.7;173.0;3.0;8.11;16383.72
350050 AGUAS DE LINDOIA;2024/Set;110.0;2024-09-01;3.8;416.0;7.0;6.36;45814.03
350070 AGUDOS;2024/Set;102.0;2024-09-01;1.7;176.0;1.0;0.98;44560.27
350100 ALTINOPOLIS;2024/Set;158.0;2024-09-01;2.2;349.0;3.0;1.9;40820.87
350110 ALTO ALEGRE;2024/Set;0.0;2024-09-01;0.0;0.0;0.0;0.0;0.0
350130 ALVARES MACHADO;2024/Set;82.0;2024-09-01;4.0;330.0;8.0;9.76;32286.12
350160 AMERICANA;2024/Set;708.0;2024-09-01;5.1;3641.0;50.0;7.06;835800.92
350170 AMERICO BRASILIENSE;2024/Set;567.0;2024-09-01;5.0;2813.0;15.0;2.65;662371.72
350190 AMPARO;2024/Set;469.0;2024-09-01;12.1;5672.0;31.0;6.61;750778.49
350210 ANDRADINA;2024/Set;301.0;2024-09-01;4.7;1419.0;32.0;10.63;329948.9
350220 ANGATUBA;2024/Set;132.0;2024-09-01;4.0;530.0;15.0;11.36;59972.27
350250 APARECIDA;2024/Set;332.0;2024-09-01;3.5;1175.0;17.0;5.12;435085.44
350260 APARECIDA D'OESTE;2024/Set;11.0;2024-09-01;2.5;27.0;0.0;0.0;3761.08
350270 APIAI;2024/Set;281.0;2024-09-01;3.2;895.0;6.0;2.14;153934.92
350280 ARACATUBA;2024/Set;1062.0;2024-09-01;6.6;7038.0;107.0;10.08;3362683.87
350310 ARANDU;2024/Set;7.0;2024-09-01;3.7;26.0;0.0;0.0;3256.47
350320 ARARAQUARA;2024/Set;1874.0;2024-09-01;3.2;5948.0;97.0;5.18;4114525.42
350330 ARARAS;2024/Set;475.0;2024-09-01;4.0;1895.0;29.0;6.11;937598.81
350340 AREALVA;2024/Set;11.0;2024-09-01;2.5;28.0;1.0;9.09;2675.09
350390 ARUJA;2024/Set;168.0;2024-09-01;2.7;453.0;7.0;4.17;73084.07
350400 ASSIS;2024/Set;833.0;2024-09-01;4.1;3390.0;46.0;5.52;1370805.58
350410 ATIBAIA;2024/Set;386.0;2024-09-01;5.4;2073.0;38.0;9.84;316503.25
350420 AURIFLAMA;2024/Set;250.0;2024-09-01;1.6;391.0;4.0;1.6;346462.91
350450 AVARE;2024/Set;620.0;2024-09-01;4.0;2474.0;30.0;4.84;1109776.79
350520 BARIRI;2024/Set;148.0;2024-09-01;2.7;406.0;4.0;2.7;68578.8
350530 BARRA BONITA;2024/Set;180.0;2024-09-01;2.8;498.0;12.0;6.67;153443.1
350550 BARRETOS;2024/Set;2541.0;2024-09-01;5.2;13199.0;210.0;8.26;8231791.74
350570 BARUERI;2024/Set;3197.0;2024-09-01;3.6;11465.0;115.0;3.6;2587336.52
350580 BASTOS;2024/Set;123.0;2024-09-01;2.0;240.0;0.0;0.0;45899.5
350590 BATATAIS;2024/Set;399.0;2024-09-01;2.9;1168.0;21.0;5.26;416948.92
350600 BAURU;2024/Set;3593.0;2024-09-01;5.2;18510.0;133.0;3.7;6152636.56
350610 BEBEDOURO;2024/Set;688.0;2024-09-01;2.8;1942.0;27.0;3.92;617151.14
350630 BERNARDINO DE CAMPOS;2024/Set;65.0;2024-09-01;2.8;183.0;5.0;7.69;35502.91
350635 BERTIOGA;2024/Set;255.0;2024-09-01;3.3;833.0;11.0;4.31;119194.94
350640 BILAC;2024/Set;27.0;2024-09-01;2.2;59.0;5.0;18.52;9447.11
350650 BIRIGUI;2024/Set;403.0;2024-09-01;4.5;1800.0;17.0;4.22;383231.05
350670 BOA ESPERANCA DO SUL;2024/Set;1.0;2024-09-01;4.0;4.0;0.0;0.0;250.68
350680 BOCAINA;2024/Set;14.0;2024-09-01;3.0;42.0;2.0;14.29;7432.74
350700 BOITUVA;2024/Set;187.0;2024-09-01;3.2;599.0;11.0;5.88;105725.33
350710 BOM JESUS DOS PERDOES;2024/Set;18.0;2024-09-01;4.3;78.0;0.0;0.0;6838.36
350740 BORBOREMA;2024/Set;75.0;2024-09-01;3.8;282.0;1.0;1.33;36475.63
350750 BOTUCATU;2024/Set;2255.0;2024-09-01;6.3;14121.0;133.0;5.9;6723540.11
350760 BRAGANCA PAULISTA;2024/Set;1618.0;2024-09-01;3.4;5547.0;84.0;5.19;2986184.61
350790 BROTAS;2024/Set;66.0;2024-09-01;6.1;401.0;2.0;3.03;37287.37
350810 BURITAMA;2024/Set;56.0;2024-09-01;3.8;211.0;4.0;7.14;27808.99
350840 CABREUVA;2024/Set;78.0;2024-09-01;3.4;265.0;2.0;2.56;40519.76
350850 CACAPAVA;2024/Set;284.0;2024-09-01;3.8;1065.0;24.0;8.45;250317.36
350870 CACONDE;2024/Set;108.0;2024-09-01;2.4;260.0;2.0;1.85;138726.69
350880 CAFELANDIA;2024/Set;56.0;2024-09-01;2.8;156.0;2.0;3.57;25392.42
350900 CAIEIRAS;2024/Set;344.0;2024-09-01;3.1;1078.0;4.0;1.16;195657.32
350920 CAJAMAR;2024/Set;274.0;2024-09-01;4.0;1102.0;14.0;5.11;106590.44
350930 CAJOBI;2024/Set;47.0;2024-09-01;2.4;115.0;0.0;0.0;19544.63
350940 CAJURU;2024/Set;279.0;2024-09-01;3.7;1032.0;8.0;2.87;154504.45
350950 CAMPINAS;2024/Set;7615.0;2024-09-01;5.4;41292.0;360.0;4.73;20773710.74
350960 CAMPO LIMPO PAULISTA;2024/Set;311.0;2024-09-01;3.9;1209.0;24.0;7.72;330325.3
350970 CAMPOS DO JORDAO;2024/Set;238.0;2024-09-01;17.7;4207.0;6.0;2.52;425917.27
351000 CANDIDO MOTA;2024/Set;247.0;2024-09-01;2.7;677.0;12.0;4.86;240036.14
351020 CAPAO BONITO;2024/Set;228.0;2024-09-01;3.3;757.0;12.0;5.26;207154.88
351040 CAPIVARI;2024/Set;236.0;2024-09-01;3.3;776.0;16.0;6.78;269773.76
351050 CARAGUATATUBA;2024/Set;1793.0;2024-09-01;3.5;6289.0;71.0;3.96;2570126.13
351060 CARAPICUIBA;2024/Set;1632.0;2024-09-01;3.4;5622.0;58.0;3.55;1481903.6
351070 CARDOSO;2024/Set;32.0;2024-09-01;3.7;119.0;0.0;0.0;12219.82
351080 CASA BRANCA;2024/Set;186.0;2024-09-01;10.7;1995.0;5.0;2.69;169366.17
351100 CASTILHO;2024/Set;32.0;2024-09-01;4.7;151.0;3.0;9.38;11747.34
351110 CATANDUVA;2024/Set;1494.0;2024-09-01;7.3;10940.0;107.0;7.16;3212289.43
351140 CERQUEIRA CESAR;2024/Set;166.0;2024-09-01;2.5;409.0;6.0;3.61;74002.7
351150 CERQUILHO;2024/Set;45.0;2024-09-01;6.0;268.0;4.0;8.89;20476.47
351160 CESARIO LANGE;2024/Set;51.0;2024-09-01;3.3;169.0;6.0;11.76;32107.49
351170 CHARQUEADA;2024/Set;28.0;2024-09-01;3.8;106.0;3.0;10.71;8229.28
351190 CLEMENTINA;2024/Set;20.0;2024-09-01;3.5;71.0;0.0;0.0;7948.63
351200 COLINA;2024/Set;105.0;2024-09-01;4.7;492.0;7.0;6.67;155044.26
351210 COLOMBIA;2024/Set;0.0;2024-09-01;0.0;0.0;0.0;0.0;0.0
351220 CONCHAL;2024/Set;242.0;2024-09-01;1.7;421.0;1.0;0.41;146526.17
351230 CONCHAS;2024/Set;49.0;2024-09-01;3.8;185.0;0.0;0.0;17607.86
351280 COSMOPOLIS;2024/Set;143.0;2024-09-01;3.7;522.0;23.0;16.08;159335.23
351300 COTIA;2024/Set;1300.0;2024-09-01;3.8;4973.0;70.0;5.38;1731217.03
351310 CRAVINHOS;2024/Set;0.0;2024-09-01;0.0;0.0;0.0;0.0;0.0
351340 CRUZEIRO;2024/Set;503.0;2024-09-01;5.2;2602.0;45.0;8.95;655447.89
351350 CUBATAO;2024/Set;521.0;2024-09-01;4.8;2489.0;21.0;4.03;551128.65
351360 CUNHA;2024/Set;95.0;2024-09-01;3.6;343.0;3.0;3.16;56619.47
351370 DESCALVADO;2024/Set;170.0;2024-09-01;1.9;317.0;13.0;7.65;193038.18
351380 DIADEMA;2024/Set;1969.0;2024-09-01;5.4;10640.0;86.0;4.37;2598343.96
351390 DIVINOLANDIA;2024/Set;442.0;2024-09-01;3.4;1516.0;4.0;0.9;440973.25
351410 DOIS CORREGOS;2024/Set;100.0;2024-09-01;4.7;474.0;6.0;6.0;44067.61
351440 DRACENA;2024/Set;279.0;2024-09-01;4.8;1345.0;25.0;8.96;482058.72
351450 DUARTINA;2024/Set;108.0;2024-09-01;2.2;234.0;7.0;6.48;37756.71
351500 EMBU DAS ARTES;2024/Set;390.0;2024-09-01;2.6;1006.0;13.0;3.33;188831.67
351510 EMBU-GUACU;2024/Set;113.0;2024-09-01;1.4;156.0;9.0;7.96;46872.8
351518 ESPIRITO SANTO DO PINHAL;2024/Set;345.0;2024-09-01;22.1;7609.0;14.0;4.06;800130.58
351520 ESTRELA D'OESTE;2024/Set;60.0;2024-09-01;3.2;193.0;0.0;0.0;26889.82
351540 FARTURA;2024/Set;64.0;2024-09-01;3.4;218.0;3.0;4.69;25386.97
351550 FERNANDOPOLIS;2024/Set;519.0;2024-09-01;3.3;1701.0;30.0;5.78;534938.2
351570 FERRAZ DE VASCONCELOS;2024/Set;533.0;2024-09-01;4.1;2166.0;15.0;2.81;387330.77
351600 FLORIDA PAULISTA;2024/Set;62.0;2024-09-01;3.3;203.0;2.0;3.23;26078.57
351620 FRANCA;2024/Set;1960.0;2024-09-01;5.4;10585.0;119.0;6.07;4577901.59
351630 FRANCISCO MORATO;2024/Set;940.0;2024-09-01;4.1;3838.0;49.0;5.21;750788.5
351640 FRANCO DA ROCHA;2024/Set;886.0;2024-09-01;6.0;5342.0;51.0;5.76;1178225.69
351660 GALIA;2024/Set;13.0;2024-09-01;8.5;111.0;3.0;23.08;4621.21
351670 GARCA;2024/Set;291.0;2024-09-01;16.5;4799.0;22.0;7.56;527837.92
351690 GENERAL SALGADO;2024/Set;18.0;2024-09-01;4.6;82.0;1.0;5.56;9932.57
351700 GETULINA;2024/Set;35.0;2024-09-01;4.5;158.0;3.0;8.57;10193.44
351740 GUAIRA;2024/Set;289.0;2024-09-01;2.9;841.0;12.0;4.15;369485.07
351760 GUAPIARA;2024/Set;25.0;2024-09-01;3.5;88.0;2.0;8.0;10640.05
351770 GUARA;2024/Set;86.0;2024-09-01;2.7;230.0;2.0;2.33;41396.65
351780 GUARACAI;2024/Set;50.0;2024-09-01;3.5;174.0;4.0;8.0;26832.14
351820 GUARARAPES;2024/Set;149.0;2024-09-01;4.7;705.0;7.0;4.7;74935.37
351830 GUARAREMA;2024/Set;95.0;2024-09-01;3.5;334.0;6.0;6.32;42831.02
351840 GUARATINGUETA;2024/Set;583.0;2024-09-01;4.3;2505.0;37.0;6.35;964324.86
351860 GUARIBA;2024/Set;155.0;2024-09-01;3.1;479.0;14.0;9.03;79099.2
351870 GUARUJA;2024/Set;1330.0;2024-09-01;6.0;8046.0;87.0;6.54;2275150.31
351880 GUARULHOS;2024/Set;4531.0;2024-09-01;5.3;23985.0;313.0;6.91;5925900.53
351900 HERCULANDIA;2024/Set;86.0;2024-09-01;3.6;311.0;4.0;4.65;38569.07
351907 HORTOLANDIA;2024/Set;471.0;2024-09-01;3.5;1629.0;21.0;4.46;341648.29
351910 IACANGA;2024/Set;29.0;2024-09-01;2.2;65.0;1.0;3.45;7552.56
351930 IBATE;2024/Set;93.0;2024-09-01;2.3;215.0;8.0;8.6;48275.22
351940 IBIRA;2024/Set;28.0;2024-09-01;3.9;110.0;0.0;0.0;10425.8
351960 IBITINGA;2024/Set;401.0;2024-09-01;3.5;1394.0;33.0;8.23;463558.83
351970 IBIUNA;2024/Set;316.0;2024-09-01;3.6;1122.0;16.0;5.06;196556.02
351990 IEPE;2024/Set;51.0;2024-09-01;2.2;114.0;3.0;5.88;14105.02
352010 IGARAPAVA;2024/Set;89.0;2024-09-01;5.2;460.0;4.0;4.49;60213.02
352040 ILHABELA;2024/Set;302.0;2024-09-01;2.5;758.0;8.0;2.65;224058.12
352044 ILHA SOLTEIRA;2024/Set;191.0;2024-09-01;4.4;836.0;25.0;13.09;309983.15
352050 INDAIATUBA;2024/Set;1811.0;2024-09-01;3.3;6046.0;64.0;3.53;2201324.46
352070 INDIAPORA;2024/Set;39.0;2024-09-01;3.0;117.0;0.0;0.0;16894.17
352090 IPAUSSU;2024/Set;41.0;2024-09-01;4.1;167.0;2.0;4.88;21911.55
352130 IPUA;2024/Set;71.0;2024-09-01;2.5;180.0;2.0;2.82;55057.44
352170 ITABERA;2024/Set;123.0;2024-09-01;2.1;255.0;9.0;7.32;55219.01
352180 ITAI;2024/Set;48.0;2024-09-01;3.7;176.0;0.0;0.0;18968.53
352190 ITAJOBI;2024/Set;60.0;2024-09-01;5.5;331.0;7.0;11.67;19220.95
352210 ITANHAEM;2024/Set;1035.0;2024-09-01;4.1;4271.0;46.0;4.44;1246147.87
352220 ITAPECERICA DA SERRA;2024/Set;1443.0;2024-09-01;4.1;5870.0;74.0;5.13;1626707.78
352230 ITAPETININGA;2024/Set;859.0;2024-09-01;5.7;4909.0;84.0;9.78;908721.84
352240 ITAPEVA;2024/Set;794.0;2024-09-01;3.9;3113.0;53.0;6.68;1068232.27
352250 ITAPEVI;2024/Set;1275.0;2024-09-01;4.1;5218.0;36.0;2.82;1122762.32
352260 ITAPIRA;2024/Set;552.0;2024-09-01;20.0;11029.0;36.0;6.52;1141278.83
352270 ITAPOLIS;2024/Set;249.0;2024-09-01;3.4;842.0;18.0;7.23;383664.17
352280 ITAPORANGA;2024/Set;90.0;2024-09-01;1.8;164.0;4.0;4.44;31232.97
352290 ITAPUI;2024/Set;22.0;2024-09-01;7.5;165.0;2.0;9.09;9408.28
352310 ITAQUAQUECETUBA;2024/Set;1175.0;2024-09-01;5.4;6288.0;78.0;6.64;1177636.92
352320 ITARARE;2024/Set;289.0;2024-09-01;2.0;581.0;17.0;5.88;202634.26
352340 ITATIBA;2024/Set;478.0;2024-09-01;3.2;1531.0;18.0;3.77;431017.99
352350 ITATINGA;2024/Set;20.0;2024-09-01;5.6;112.0;0.0;0.0;6178.8
352360 ITIRAPINA;2024/Set;14.0;2024-09-01;4.0;56.0;4.0;28.57;5566.24
352390 ITU;2024/Set;741.0;2024-09-01;4.3;3209.0;40.0;5.4;1065429.67
352400 ITUPEVA;2024/Set;211.0;2024-09-01;3.6;767.0;6.0;2.84;93069.76
352410 ITUVERAVA;2024/Set;293.0;2024-09-01;4.1;1201.0;24.0;8.19;440033.3
352420 JABORANDI;2024/Set;5.0;2024-09-01;5.8;29.0;0.0;0.0;2803.08
352430 JABOTICABAL;2024/Set;188.0;2024-09-01;3.8;721.0;5.0;2.66;158334.18
352440 JACAREI;2024/Set;1072.0;2024-09-01;4.1;4446.0;51.0;4.76;1606146.28
352450 JACI;2024/Set;61.0;2024-09-01;16.4;1003.0;1.0;1.64;88333.73
352470 JAGUARIUNA;2024/Set;339.0;2024-09-01;3.2;1101.0;11.0;3.24;468217.74
352480 JALES;2024/Set;715.0;2024-09-01;3.2;2309.0;46.0;6.43;1291776.37
352520 JARINU;2024/Set;38.0;2024-09-01;3.4;130.0;2.0;5.26;8818.58
352530 JAU;2024/Set;2315.0;2024-09-01;4.7;10919.0;122.0;5.27;5991860.69
352550 JOANOPOLIS;2024/Set;17.0;2024-09-01;5.3;90.0;5.0;29.41;6808.53
352570 JOSE BONIFACIO;2024/Set;122.0;2024-09-01;5.9;714.0;10.0;8.2;77911.98
352590 JUNDIAI;2024/Set;4024.0;2024-09-01;4.1;16464.0;154.0;3.83;5031637.7
352600 JUNQUEIROPOLIS;2024/Set;105.0;2024-09-01;6.1;642.0;3.0;2.86;46247.36
352640 LARANJAL PAULISTA;2024/Set;121.0;2024-09-01;4.2;513.0;11.0;9.09;62677.41
352670 LEME;2024/Set;464.0;2024-09-01;3.4;1587.0;26.0;5.6;415955.27
352680 LENCOIS PAULISTA;2024/Set;212.0;2024-09-01;3.8;812.0;10.0;4.72;265789.34
352690 LIMEIRA;2024/Set;1359.0;2024-09-01;4.3;5902.0;89.0;6.55;3446506.5
352710 LINS;2024/Set;548.0;2024-09-01;6.9;3806.0;27.0;4.93;680378.58
352720 LORENA;2024/Set;404.0;2024-09-01;5.2;2120.0;19.0;4.7;697553.78
352730 LOUVEIRA;2024/Set;229.0;2024-09-01;2.3;531.0;8.0;3.49;151191.79
352740 LUCELIA;2024/Set;36.0;2024-09-01;4.9;178.0;5.0;13.89;12902.22
352800 MACATUBA;2024/Set;68.0;2024-09-01;2.6;180.0;3.0;4.41;23400.53
352810 MACAUBAL;2024/Set;4.0;2024-09-01;6.3;25.0;1.0;25.0;1625.34
352850 MAIRIPORA;2024/Set;307.0;2024-09-01;2.4;731.0;9.0;2.93;104396.82
352880 MARACAI;2024/Set;75.0;2024-09-01;2.9;216.0;4.0;5.33;53550.21
352900 MARILIA;2024/Set;2433.0;2024-09-01;5.7;13753.0;151.0;6.21;5952790.37
352920 MARTINOPOLIS;2024/Set;253.0;2024-09-01;2.1;539.0;12.0;4.74;122041.91
352930 MATAO;2024/Set;502.0;2024-09-01;4.2;2111.0;38.0;7.57;1408749.49
352940 MAUA;2024/Set;1179.0;2024-09-01;5.5;6466.0;78.0;6.62;1499894.81
352970 MIGUELOPOLIS;2024/Set;95.0;2024-09-01;3.5;336.0;0.0;0.0;39909.64
353010 MIRANDOPOLIS;2024/Set;320.0;2024-09-01;4.2;1352.0;23.0;7.19;327454.11
353030 MIRASSOL;2024/Set;181.0;2024-09-01;2.2;394.0;2.0;1.1;101412.24
353050 MOCOCA;2024/Set;447.0;2024-09-01;3.9;1721.0;22.0;4.92;463462.53
353060 MOGI DAS CRUZES;2024/Set;2893.0;2024-09-01;5.1;14629.0;170.0;5.88;4866083.33
353070 MOGI GUACU;2024/Set;852.0;2024-09-01;4.6;3929.0;45.0;5.28;1328608.76
353080 MOGI MIRIM;2024/Set;358.0;2024-09-01;4.7;1680.0;40.0;11.17;757424.07
353110 MONGAGUA;2024/Set;66.0;2024-09-01;4.2;274.0;1.0;1.52;20037.37
353130 MONTE ALTO;2024/Set;237.0;2024-09-01;4.5;1068.0;16.0;6.75;404722.96
353140 MONTE APRAZIVEL;2024/Set;234.0;2024-09-01;2.3;547.0;1.0;0.43;104266.91
353150 MONTE AZUL PAULISTA;2024/Set;121.0;2024-09-01;1.7;203.0;1.0;0.83;236106.12
353180 MONTE MOR;2024/Set;78.0;2024-09-01;2.9;229.0;4.0;5.13;33172.74
353190 MORRO AGUDO;2024/Set;140.0;2024-09-01;2.6;362.0;6.0;4.29;131554.19
353200 MORUNGABA;2024/Set;16.0;2024-09-01;3.3;53.0;1.0;6.25;6398.08
353240 NAZARE PAULISTA;2024/Set;38.0;2024-09-01;4.0;151.0;3.0;7.89;13117.85
353250 NEVES PAULISTA;2024/Set;6.0;2024-09-01;2.0;12.0;1.0;16.67;1420.67
353260 NHANDEARA;2024/Set;182.0;2024-09-01;2.7;491.0;10.0;5.49;116762.11
353290 NOVA EUROPA;2024/Set;34.0;2024-09-01;3.3;112.0;1.0;2.94;13151.08
353300 NOVA GRANADA;2024/Set;154.0;2024-09-01;2.7;409.0;1.0;0.65;61828.86
353340 NOVA ODESSA;2024/Set;115.0;2024-09-01;6.7;774.0;10.0;8.7;59270.78
353350 NOVO HORIZONTE;2024/Set;212.0;2024-09-01;3.0;630.0;13.0;6.13;245467.48
353390 OLIMPIA;2024/Set;320.0;2024-09-01;4.1;1314.0;16.0;5.0;330067.09
353430 ORLANDIA;2024/Set;200.0;2024-09-01;1.7;348.0;10.0;5.0;98531.31
353440 OSASCO;2024/Set;2235.0;2024-09-01;5.9;13281.0;154.0;6.89;3143524.91
353460 OSVALDO CRUZ;2024/Set;236.0;2024-09-01;3.1;738.0;14.0;5.93;111585.0
353470 OURINHOS;2024/Set;957.0;2024-09-01;3.8;3621.0;67.0;7.0;2017759.33
353475 OUROESTE;2024/Set;59.0;2024-09-01;2.6;156.0;3.0;5.08;24985.81
353520 PALMEIRA D'OESTE;2024/Set;81.0;2024-09-01;2.6;212.0;0.0;0.0;28330.67
353530 PALMITAL;2024/Set;192.0;2024-09-01;2.3;433.0;9.0;4.69;233557.8
353550 PARAGUACU PAULISTA;2024/Set;350.0;2024-09-01;3.4;1202.0;20.0;5.71;551087.44
353580 PARANAPANEMA;2024/Set;56.0;2024-09-01;3.3;183.0;5.0;8.93;23704.93
353600 PARAPUA;2024/Set;0.0;2024-09-01;0.0;0.0;0.0;0.0;0.0
353620 PARIQUERA-ACU;2024/Set;771.0;2024-09-01;4.0;3120.0;55.0;7.13;1007549.46
353630 PATROCINIO PAULISTA;2024/Set;97.0;2024-09-01;3.1;297.0;2.0;2.06;50946.73
353650 PAULINIA;2024/Set;738.0;2024-09-01;3.7;2715.0;22.0;2.98;614785.52
353660 PAULO DE FARIA;2024/Set;7.0;2024-09-01;12.6;88.0;0.0;0.0;1796.0
353670 PEDERNEIRAS;2024/Set;182.0;2024-09-01;4.8;866.0;10.0;5.49;236972.42
353700 PEDREGULHO;2024/Set;67.0;2024-09-01;3.2;212.0;0.0;0.0;39816.15
353710 PEDREIRA;2024/Set;95.0;2024-09-01;3.2;307.0;10.0;10.53;52992.02
353730 PENAPOLIS;2024/Set;524.0;2024-09-01;6.5;3424.0;38.0;7.25;554580.7
353740 PEREIRA BARRETO;2024/Set;85.0;2024-09-01;3.1;260.0;3.0;3.53;44093.19
353780 PIEDADE;2024/Set;251.0;2024-09-01;2.6;653.0;14.0;5.58;109493.05
353790 PILAR DO SUL;2024/Set;88.0;2024-09-01;3.4;299.0;6.0;6.82;38883.53
353800 PINDAMONHANGABA;2024/Set;644.0;2024-09-01;5.2;3342.0;23.0;3.57;820287.39
353860 PIRACAIA;2024/Set;75.0;2024-09-01;3.7;278.0;6.0;8.0;27567.46
353870 PIRACICABA;2024/Set;3116.0;2024-09-01;3.2;9875.0;141.0;4.53;6187979.44
353880 PIRAJU;2024/Set;196.0;2024-09-01;3.3;646.0;9.0;4.59;145523.23
353890 PIRAJUI;2024/Set;94.0;2024-09-01;2.4;222.0;8.0;8.51;45000.68
353900 PIRANGI;2024/Set;104.0;2024-09-01;2.2;232.0;0.0;0.0;128310.37
353930 PIRASSUNUNGA;2024/Set;197.0;2024-09-01;4.6;904.0;12.0;6.09;260667.18
353940 PIRATININGA;2024/Set;30.0;2024-09-01;4.1;122.0;2.0;6.67;8818.31
353950 PITANGUEIRAS;2024/Set;205.0;2024-09-01;2.4;489.0;9.0;4.39;897551.32
354000 POMPEIA;2024/Set;68.0;2024-09-01;3.1;209.0;5.0;7.35;30562.76
354020 PONTAL;2024/Set;178.0;2024-09-01;1.5;267.0;2.0;1.12;110710.83
354040 POPULINA;2024/Set;17.0;2024-09-01;3.8;65.0;0.0;0.0;7833.29
354060 PORTO FELIZ;2024/Set;355.0;2024-09-01;3.9;1372.0;20.0;5.63;287192.09
354070 PORTO FERREIRA;2024/Set;166.0;2024-09-01;3.5;574.0;12.0;7.23;187586.66
354080 POTIRENDABA;2024/Set;112.0;2024-09-01;2.7;306.0;2.0;1.79;43622.86
354100 PRAIA GRANDE;2024/Set;800.0;2024-09-01;4.9;3936.0;38.0;4.75;867583.11
354120 PRESIDENTE BERNARDES;2024/Set;114.0;2024-09-01;2.4;275.0;0.0;0.0;35809.23
354130 PRESIDENTE EPITACIO;2024/Set;243.0;2024-09-01;3.2;786.0;8.0;3.29;110342.62
354140 PRESIDENTE PRUDENTE;2024/Set;3313.0;2024-09-01;6.3;20820.0;158.0;4.77;5952138.36
354150 PRESIDENTE VENCESLAU;2024/Set;224.0;2024-09-01;3.6;807.0;7.0;3.13;244134.19
354160 PROMISSAO;2024/Set;351.0;2024-09-01;3.9;1377.0;21.0;5.98;361301.44
354190 QUELUZ;2024/Set;15.0;2024-09-01;4.4;66.0;1.0;6.67;5557.39
354220 RANCHARIA;2024/Set;322.0;2024-09-01;3.1;994.0;23.0;7.14;412996.98
354240 REGENTE FEIJO;2024/Set;85.0;2024-09-01;3.0;253.0;3.0;3.53;33824.74
354260 REGISTRO;2024/Set;990.0;2024-09-01;3.5;3417.0;21.0;2.12;993442.73
354290 RIBEIRAO BONITO;2024/Set;29.0;2024-09-01;3.0;88.0;3.0;10.34;9479.92
354300 RIBEIRAO BRANCO;2024/Set;30.0;2024-09-01;2.4;72.0;0.0;0.0;9776.38
354330 RIBEIRAO PIRES;2024/Set;142.0;2024-09-01;6.1;865.0;15.0;10.56;93000.82
354340 RIBEIRAO PRETO;2024/Set;7547.0;2024-09-01;4.6;34780.0;336.0;4.45;17928571.2
354380 RINOPOLIS;2024/Set;21.0;2024-09-01;7.0;147.0;4.0;19.05;9592.14
354390 RIO CLARO;2024/Set;861.0;2024-09-01;6.7;5763.0;44.0;5.11;1694819.0
354400 RIO DAS PEDRAS;2024/Set;73.0;2024-09-01;1.5;111.0;5.0;6.85;18864.17
354420 RIOLANDIA;2024/Set;13.0;2024-09-01;3.9;51.0;0.0;0.0;3402.94
354425 ROSANA;2024/Set;293.0;2024-09-01;3.5;1040.0;2.0;0.68;148148.07
354490 SALES OLIVEIRA;2024/Set;29.0;2024-09-01;2.0;58.0;0.0;0.0;11931.38
354500 SALESOPOLIS;2024/Set;34.0;2024-09-01;3.3;111.0;3.0;8.82;12565.72
354520 SALTO;2024/Set;444.0;2024-09-01;3.2;1433.0;31.0;6.98;304789.92
354530 SALTO DE PIRAPORA;2024/Set;246.0;2024-09-01;2.0;493.0;9.0;3.66;158884.7
354540 SALTO GRANDE;2024/Set;40.0;2024-09-01;2.9;114.0;8.0;20.0;16920.01
354560 SANTA ADELIA;2024/Set;59.0;2024-09-01;4.5;263.0;3.0;5.08;40121.92
354580 SANTA BARBARA D'OESTE;2024/Set;924.0;2024-09-01;2.0;1850.0;33.0;3.57;1075988.95
354630 SANTA CRUZ DAS PALMEIRAS;2024/Set;103.0;2024-09-01;2.0;210.0;7.0;6.8;42529.9
354640 SANTA CRUZ DO RIO PARDO;2024/Set;336.0;2024-09-01;3.8;1263.0;15.0;4.46;415390.12
354660 SANTA FE DO SUL;2024/Set;288.0;2024-09-01;5.0;1438.0;19.0;6.6;329159.99
354680 SANTA ISABEL;2024/Set;185.0;2024-09-01;5.7;1047.0;9.0;4.86;212538.95
354730 SANTANA DE PARNAIBA;2024/Set;341.0;2024-09-01;4.1;1412.0;17.0;4.99;119600.61
354750 SANTA RITA DO PASSA QUATRO;2024/Set;131.0;2024-09-01;14.1;1852.0;6.0;4.58;129066.93
354760 SANTA ROSA DE VITERBO;2024/Set;95.0;2024-09-01;2.4;225.0;2.0;2.11;42416.26
354770 SANTO ANASTACIO;2024/Set;202.0;2024-09-01;2.3;469.0;4.0;1.98;67614.3
354780 SANTO ANDRE;2024/Set;4178.0;2024-09-01;4.4;18405.0;275.0;6.58;7211700.93
354790 SANTO ANTONIO DA ALEGRIA;2024/Set;12.0;2024-09-01;2.3;28.0;0.0;0.0;5126.32
354850 SANTOS;2024/Set;2960.0;2024-09-01;5.7;16826.0;137.0;4.63;6155563.66
354860 SAO BENTO DO SAPUCAI;2024/Set;47.0;2024-09-01;3.3;157.0;1.0;2.13;19259.34
354870 SAO BERNARDO DO CAMPO;2024/Set;2993.0;2024-09-01;6.0;17909.0;160.0;5.35;8059040.21
354880 SAO CAETANO DO SUL;2024/Set;1017.0;2024-09-01;4.3;4411.0;77.0;7.57;1384017.38
354890 SAO CARLOS;2024/Set;1652.0;2024-09-01;3.8;6254.0;95.0;5.75;2921624.0
354910 SAO JOAO DA BOA VISTA;2024/Set;479.0;2024-09-01;4.5;2150.0;45.0;9.39;778750.25
354940 SAO JOAQUIM DA BARRA;2024/Set;253.0;2024-09-01;3.6;900.0;16.0;6.32;514930.86
354970 SAO JOSE DO RIO PARDO;2024/Set;374.0;2024-09-01;2.9;1085.0;15.0;4.01;327715.19
354980 SAO JOSE DO RIO PRETO;2024/Set;6985.0;2024-09-01;4.7;33093.0;337.0;4.82;22135677.68
354990 SAO JOSE DOS CAMPOS;2024/Set;4693.0;2024-09-01;4.6;21720.0;220.0;4.69;10033001.35
355000 SAO LUIS DO PARAITINGA;2024/Set;13.0;2024-09-01;8.4;109.0;3.0;23.08;5545.67
355010 SAO MANUEL;2024/Set;118.0;2024-09-01;4.8;570.0;10.0;8.47;170525.33
355020 SAO MIGUEL ARCANJO;2024/Set;101.0;2024-09-01;12.3;1240.0;11.0;10.89;51180.7
355030 SAO PAULO;2024/Set;61872.0;2024-09-01;5.2;324148.0;2974.0;4.81;139419601.7
355040 SAO PEDRO;2024/Set;308.0;2024-09-01;2.2;666.0;2.0;0.65;246503.85
355060 SAO ROQUE;2024/Set;307.0;2024-09-01;3.5;1073.0;13.0;4.23;252871.2
355070 SAO SEBASTIAO;2024/Set;384.0;2024-09-01;4.4;1690.0;11.0;2.86;402947.71
355080 SAO SEBASTIAO DA GRAMA;2024/Set;47.0;2024-09-01;4.5;212.0;5.0;10.64;16114.06
355090 SAO SIMAO;2024/Set;37.0;2024-09-01;9.5;350.0;0.0;0.0;25013.86
355100 SAO VICENTE;2024/Set;890.0;2024-09-01;4.4;3905.0;54.0;6.07;1027032.36
355150 SERRANA;2024/Set;341.0;2024-09-01;4.5;1529.0;10.0;2.93;387923.13
355160 SERRA NEGRA;2024/Set;136.0;2024-09-01;2.8;380.0;11.0;8.09;57639.98
355170 SERTAOZINHO;2024/Set;504.0;2024-09-01;4.0;2005.0;23.0;4.56;868186.54
355200 SILVEIRAS;2024/Set;1.0;2024-09-01;3.0;3.0;0.0;0.0;582.42
355210 SOCORRO;2024/Set;278.0;2024-09-01;2.4;674.0;24.0;8.63;238121.16
355220 SOROCABA;2024/Set;4930.0;2024-09-01;5.2;25708.0;291.0;5.9;9256647.87
355230 SUD MENNUCCI;2024/Set;32.0;2024-09-01;3.2;101.0;0.0;0.0;15332.05
355240 SUMARE;2024/Set;1077.0;2024-09-01;4.7;5025.0;40.0;3.71;2102072.49
355250 SUZANO;2024/Set;801.0;2024-09-01;6.5;5177.0;63.0;7.87;793652.53
355260 TABAPUA;2024/Set;77.0;2024-09-01;3.8;295.0;1.0;1.3;50719.06
355270 TABATINGA;2024/Set;74.0;2024-09-01;3.4;251.0;0.0;0.0;59168.77
355280 TABOAO DA SERRA;2024/Set;1935.0;2024-09-01;4.3;8311.0;74.0;3.82;3073346.47
355300 TAGUAI;2024/Set;52.0;2024-09-01;3.2;168.0;1.0;1.92;36272.49
355330 TAMBAU;2024/Set;114.0;2024-09-01;3.1;354.0;6.0;5.26;53060.5
355340 TANABI;2024/Set;130.0;2024-09-01;6.1;792.0;0.0;0.0;86382.89
355360 TAPIRATIBA;2024/Set;28.0;2024-09-01;3.7;104.0;1.0;3.57;16007.04
355370 TAQUARITINGA;2024/Set;378.0;2024-09-01;3.7;1409.0;19.0;5.03;342417.84
355380 TAQUARITUBA;2024/Set;175.0;2024-09-01;3.2;568.0;9.0;5.14;70644.92
355400 TATUI;2024/Set;450.0;2024-09-01;4.3;1932.0;25.0;5.56;436048.25
355410 TAUBATE;2024/Set;2252.0;2024-09-01;3.9;8817.0;87.0;3.86;5807073.19
355430 TEODORO SAMPAIO;2024/Set;95.0;2024-09-01;4.1;388.0;9.0;9.47;33119.98
355440 TERRA ROXA;2024/Set;5.0;2024-09-01;3.6;18.0;2.0;40.0;2139.54
355450 TIETE;2024/Set;186.0;2024-09-01;3.3;611.0;6.0;3.23;83442.45
355470 TORRINHA;2024/Set;6.0;2024-09-01;4.0;24.0;0.0;0.0;3104.03
355500 TUPA;2024/Set;705.0;2024-09-01;5.6;3961.0;53.0;7.52;1073824.41
355510 TUPI PAULISTA;2024/Set;89.0;2024-09-01;4.0;355.0;11.0;12.36;51180.05
355540 UBATUBA;2024/Set;383.0;2024-09-01;3.2;1238.0;14.0;3.66;264777.59
355580 URANIA;2024/Set;22.0;2024-09-01;3.7;82.0;0.0;0.0;6034.3
355600 URUPES;2024/Set;39.0;2024-09-01;4.3;169.0;0.0;0.0;16588.64
355620 VALINHOS;2024/Set;346.0;2024-09-01;5.6;1945.0;20.0;5.78;524335.82
355630 VALPARAISO;2024/Set;76.0;2024-09-01;2.5;190.0;3.0;3.95;46917.4
355640 VARGEM GRANDE DO SUL;2024/Set;214.0;2024-09-01;4.0;848.0;10.0;4.67;117198.23
355650 VARZEA PAULISTA;2024/Set;72.0;2024-09-01;4.2;302.0;7.0;9.72;24211.92
355670 VINHEDO;2024/Set;486.0;2024-09-01;3.2;1566.0;22.0;4.53;382206.33
355680 VIRADOURO;2024/Set;22.0;2024-09-01;2.3;50.0;3.0;13.64;10245.53
355700 VOTORANTIM;2024/Set;332.0;2024-09-01;4.3;1427.0;18.0;5.42;355857.1
355710 VOTUPORANGA;2024/Set;802.0;2024-09-01;3.7;3004.0;47.0;5.86;1501541.53
355720 CHAVANTES;2024/Set;119.0;2024-09-01;2.4;284.0;3.0;2.52;106879.22
350010 ADAMANTINA;2024/Out;412.0;2024-10-01;9.3;3845.0;27.0;6.55;521675.71
350030 AGUAI;2024/Out;49.0;2024-10-01;5.4;264.0;4.0;8.16;20543.42
350050 AGUAS DE LINDOIA;2024/Out;123.0;2024-10-01;3.4;422.0;6.0;4.88;57059.77
350070 AGUDOS;2024/Out;113.0;2024-10-01;1.5;166.0;0.0;0.0;48072.99
350100 ALTINOPOLIS;2024/Out;179.0;2024-10-01;1.9;335.0;2.0;1.12;46328.73
350110 ALTO ALEGRE;2024/Out;0.0;2024-10-01;0.0;0.0;0.0;0.0;0.0
350130 ALVARES MACHADO;2024/Out;61.0;2024-10-01;4.0;242.0;3.0;4.92;20238.31
350160 AMERICANA;2024/Out;704.0;2024-10-01;4.9;3463.0;63.0;8.95;891891.69
350170 AMERICO BRASILIENSE;2024/Out;656.0;2024-10-01;4.9;3213.0;13.0;1.98;758205.47
350190 AMPARO;2024/Out;496.0;2024-10-01;12.6;6246.0;23.0;4.64;806658.97
350210 ANDRADINA;2024/Out;322.0;2024-10-01;4.1;1321.0;21.0;6.52;320583.16
350220 ANGATUBA;2024/Out;117.0;2024-10-01;4.8;560.0;5.0;4.27;47739.28
350250 APARECIDA;2024/Out;352.0;2024-10-01;3.5;1215.0;15.0;4.26;438134.34
350260 APARECIDA D'OESTE;2024/Out;2.0;2024-10-01;2.0;4.0;0.0;0.0;294.07
350270 APIAI;2024/Out;254.0;2024-10-01;2.9;740.0;13.0;5.12;142806.07
350280 ARACATUBA;2024/Out;1127.0;2024-10-01;8.7;9859.0;100.0;8.87;3704426.6
350310 ARANDU;2024/Out;2.0;2024-10-01;7.0;14.0;0.0;0.0;776.08
350320 ARARAQUARA;2024/Out;2158.0;2024-10-01;3.1;6637.0;94.0;4.36;4577779.4
350330 ARARAS;2024/Out;537.0;2024-10-01;4.8;2558.0;30.0;5.59;1029945.64
350340 AREALVA;2024/Out;20.0;2024-10-01;3.1;62.0;0.0;0.0;5691.22
350390 ARUJA;2024/Out;152.0;2024-10-01;2.8;418.0;15.0;9.87;80838.19
350400 ASSIS;2024/Out;894.0;2024-10-01;4.2;3767.0;26.0;2.91;1362242.08
350410 ATIBAIA;2024/Out;364.0;2024-10-01;4.5;1633.0;35.0;9.62;284618.44
350420 AURIFLAMA;2024/Out;221.0;2024-10-01;1.6;362.0;1.0;0.45;200145.2
350450 AVARE;2024/Out;707.0;2024-10-01;4.1;2915.0;29.0;4.1;1286663.47
350520 BARIRI;2024/Out;111.0;2024-10-01;3.6;404.0;5.0;4.5;39928.65
350530 BARRA BONITA;2024/Out;180.0;2024-10-01;2.4;436.0;11.0;6.11;103190.49
350550 BARRETOS;2024/Out;2743.0;2024-10-01;4.9;13390.0;174.0;6.34;8286730.17
350570 BARUERI;2024/Out;2973.0;2024-10-01;3.7;10972.0;74.0;2.49;2458380.55
350580 BASTOS;2024/Out;109.0;2024-10-01;2.6;286.0;2.0;1.83;41811.6
350590 BATATAIS;2024/Out;428.0;2024-10-01;2.7;1168.0;17.0;3.97;439762.48
350600 BAURU;2024/Out;3729.0;2024-10-01;5.3;19821.0;144.0;3.86;6922759.71
350610 BEBEDOURO;2024/Out;762.0;2024-10-01;2.8;2123.0;27.0;3.54;673656.16
350630 BERNARDINO DE CAMPOS;2024/Out;61.0;2024-10-01;3.5;211.0;3.0;4.92;34500.11
350635 BERTIOGA;2024/Out;258.0;2024-10-01;2.7;703.0;8.0;3.1;116539.51
350640 BILAC;2024/Out;19.0;2024-10-01;3.4;64.0;2.0;10.53;7285.61
350650 BIRIGUI;2024/Out;413.0;2024-10-01;4.5;1873.0;24.0;5.81;433335.83
350670 BOA ESPERANCA DO SUL;2024/Out;3.0;2024-10-01;2.0;6.0;2.0;66.67;857.64
350680 BOCAINA;2024/Out;15.0;2024-10-01;2.7;41.0;2.0;13.33;7799.86
350700 BOITUVA;2024/Out;201.0;2024-10-01;2.5;505.0;6.0;2.99;113238.26
350710 BOM JESUS DOS PERDOES;2024/Out;21.0;2024-10-01;7.9;165.0;0.0;0.0;8232.89
350740 BORBOREMA;2024/Out;71.0;2024-10-01;4.3;306.0;3.0;4.23;33704.0
350750 BOTUCATU;2024/Out;2408.0;2024-10-01;6.6;15976.0;120.0;4.98;7779933.33
350760 BRAGANCA PAULISTA;2024/Out;1600.0;2024-10-01;3.4;5507.0;77.0;4.81;2933346.96
350790 BROTAS;2024/Out;70.0;2024-10-01;4.7;329.0;6.0;8.57;43306.53
350810 BURITAMA;2024/Out;65.0;2024-10-01;5.2;336.0;4.0;6.15;31017.48
350840 CABREUVA;2024/Out;60.0;2024-10-01;3.5;207.0;5.0;8.33;29516.62
350850 CACAPAVA;2024/Out;275.0;2024-10-01;4.6;1268.0;25.0;9.09;355955.46
350870 CACONDE;2024/Out;121.0;2024-10-01;13.1;1585.0;2.0;1.65;286110.09
350880 CAFELANDIA;2024/Out;91.0;2024-10-01;3.3;299.0;7.0;7.69;39019.05
350900 CAIEIRAS;2024/Out;339.0;2024-10-01;3.1;1057.0;8.0;2.36;243756.11
350920 CAJAMAR;2024/Out;283.0;2024-10-01;3.9;1112.0;15.0;5.3;118973.95
350930 CAJOBI;2024/Out;33.0;2024-10-01;2.3;76.0;2.0;6.06;15260.22
350940 CAJURU;2024/Out;309.0;2024-10-01;3.0;929.0;7.0;2.27;172263.42
350950 CAMPINAS;2024/Out;7566.0;2024-10-01;5.4;40873.0;348.0;4.6;20342777.86
350960 CAMPO LIMPO PAULISTA;2024/Out;383.0;2024-10-01;3.8;1444.0;19.0;4.96;386741.35
350970 CAMPOS DO JORDAO;2024/Out;231.0;2024-10-01;28.6;6615.0;10.0;4.33;628748.93
351000 CANDIDO MOTA;2024/Out;223.0;2024-10-01;3.1;702.0;7.0;3.14;191296.63
351020 CAPAO BONITO;2024/Out;234.0;2024-10-01;3.9;917.0;18.0;7.69;287140.81
351040 CAPIVARI;2024/Out;233.0;2024-10-01;3.4;782.0;14.0;6.01;239429.55
351050 CARAGUATATUBA;2024/Out;1984.0;2024-10-01;3.2;6283.0;76.0;3.83;2579632.56
351060 CARAPICUIBA;2024/Out;1693.0;2024-10-01;3.6;6136.0;57.0;3.37;1580349.33
351070 CARDOSO;2024/Out;41.0;2024-10-01;3.1;127.0;0.0;0.0;20519.13
351080 CASA BRANCA;2024/Out;216.0;2024-10-01;7.8;1680.0;8.0;3.7;154301.94
351100 CASTILHO;2024/Out;39.0;2024-10-01;4.5;177.0;6.0;15.38;16134.65
351110 CATANDUVA;2024/Out;1608.0;2024-10-01;7.0;11204.0;91.0;5.66;3630525.16
351140 CERQUEIRA CESAR;2024/Out;166.0;2024-10-01;3.1;509.0;5.0;3.01;78555.7
351150 CERQUILHO;2024/Out;40.0;2024-10-01;5.0;201.0;3.0;7.5;15746.23
351160 CESARIO LANGE;2024/Out;55.0;2024-10-01;2.9;162.0;1.0;1.82;34197.1
351170 CHARQUEADA;2024/Out;19.0;2024-10-01;3.5;66.0;1.0;5.26;5188.79
351190 CLEMENTINA;2024/Out;24.0;2024-10-01;2.5;60.0;0.0;0.0;9398.51
351200 COLINA;2024/Out;89.0;2024-10-01;3.5;309.0;5.0;5.62;121652.18
351210 COLOMBIA;2024/Out;0.0;2024-10-01;0.0;0.0;0.0;0.0;0.0
351220 CONCHAL;2024/Out;193.0;2024-10-01;2.2;421.0;5.0;2.59;102368.63
351230 CONCHAS;2024/Out;27.0;2024-10-01;3.6;98.0;1.0;3.7;12083.29
351280 COSMOPOLIS;2024/Out;151.0;2024-10-01;3.7;564.0;17.0;11.26;149076.88
351300 COTIA;2024/Out;1189.0;2024-10-01;3.7;4436.0;44.0;3.7;1645706.53
351310 CRAVINHOS;2024/Out;0.0;2024-10-01;0.0;0.0;0.0;0.0;0.0
351340 CRUZEIRO;2024/Out;533.0;2024-10-01;4.9;2629.0;36.0;6.75;697129.78
351350 CUBATAO;2024/Out;562.0;2024-10-01;5.7;3219.0;21.0;3.74;652325.65
351360 CUNHA;2024/Out;90.0;2024-10-01;3.1;275.0;4.0;4.44;60580.16
351370 DESCALVADO;2024/Out;143.0;2024-10-01;2.3;336.0;4.0;2.8;83172.76
351380 DIADEMA;2024/Out;1892.0;2024-10-01;5.1;9705.0;71.0;3.75;2431243.08
351390 DIVINOLANDIA;2024/Out;447.0;2024-10-01;2.7;1211.0;4.0;0.89;442419.39
351410 DOIS CORREGOS;2024/Out;108.0;2024-10-01;4.4;479.0;8.0;7.41;50603.89
351440 DRACENA;2024/Out;337.0;2024-10-01;4.6;1561.0;33.0;9.79;582046.41
351450 DUARTINA;2024/Out;124.0;2024-10-01;1.9;230.0;2.0;1.61;43239.59
351500 EMBU DAS ARTES;2024/Out;383.0;2024-10-01;2.8;1079.0;4.0;1.04;177082.87
351510 EMBU-GUACU;2024/Out;93.0;2024-10-01;1.6;149.0;11.0;11.83;36228.43
351518 ESPIRITO SANTO DO PINHAL;2024/Out;362.0;2024-10-01;24.3;8789.0;17.0;4.7;812550.6
351520 ESTRELA D'OESTE;2024/Out;56.0;2024-10-01;2.9;163.0;2.0;3.57;24431.06
351540 FARTURA;2024/Out;62.0;2024-10-01;3.3;205.0;3.0;4.84;22930.67
351550 FERNANDOPOLIS;2024/Out;527.0;2024-10-01;3.8;2006.0;36.0;6.83;625000.96
351570 FERRAZ DE VASCONCELOS;2024/Out;579.0;2024-10-01;3.2;1872.0;14.0;2.42;326093.89
351600 FLORIDA PAULISTA;2024/Out;82.0;2024-10-01;3.2;266.0;1.0;1.22;28263.61
351620 FRANCA;2024/Out;2106.0;2024-10-01;5.5;11652.0;136.0;6.46;5176128.88
351630 FRANCISCO MORATO;2024/Out;1122.0;2024-10-01;4.1;4591.0;61.0;5.44;973776.21
351640 FRANCO DA ROCHA;2024/Out;789.0;2024-10-01;7.0;5518.0;35.0;4.44;1133584.08
351660 GALIA;2024/Out;7.0;2024-10-01;5.0;35.0;2.0;28.57;2539.41
351670 GARCA;2024/Out;288.0;2024-10-01;18.8;5417.0;13.0;4.51;598771.52
351690 GENERAL SALGADO;2024/Out;35.0;2024-10-01;4.4;154.0;1.0;2.86;16890.81
351700 GETULINA;2024/Out;33.0;2024-10-01;5.1;169.0;0.0;0.0;9758.48
351740 GUAIRA;2024/Out;292.0;2024-10-01;2.3;674.0;8.0;2.74;357376.02
351760 GUAPIARA;2024/Out;22.0;2024-10-01;3.7;82.0;1.0;4.55;7727.72
351770 GUARA;2024/Out;86.0;2024-10-01;3.3;287.0;2.0;2.33;43352.43
351780 GUARACAI;2024/Out;52.0;2024-10-01;3.5;183.0;1.0;1.92;22665.37
351820 GUARARAPES;2024/Out;131.0;2024-10-01;4.4;580.0;8.0;6.11;60867.55
351830 GUARAREMA;2024/Out;95.0;2024-10-01;3.9;374.0;6.0;6.32;41822.96
351840 GUARATINGUETA;2024/Out;641.0;2024-10-01;4.1;2635.0;29.0;4.52;1000896.35
351860 GUARIBA;2024/Out;137.0;2024-10-01;2.2;301.0;5.0;3.65;61222.74
351870 GUARUJA;2024/Out;1419.0;2024-10-01;5.4;7698.0;75.0;5.29;2437310.3
351880 GUARULHOS;2024/Out;4683.0;2024-10-01;5.3;24695.0;284.0;6.06;6304196.15
351900 HERCULANDIA;2024/Out;64.0;2024-10-01;3.1;201.0;0.0;0.0;24301.3
351907 HORTOLANDIA;2024/Out;458.0;2024-10-01;3.7;1684.0;31.0;6.77;371312.55
351910 IACANGA;2024/Out;49.0;2024-10-01;2.2;109.0;1.0;2.04;12022.58
351930 IBATE;2024/Out;65.0;2024-10-01;2.2;146.0;2.0;3.08;31721.42
351940 IBIRA;2024/Out;24.0;2024-10-01;8.0;191.0;1.0;4.17;9839.66
351960 IBITINGA;2024/Out;381.0;2024-10-01;3.0;1128.0;23.0;6.04;391022.76
351970 IBIUNA;2024/Out;321.0;2024-10-01;3.0;949.0;11.0;3.43;194406.29
351990 IEPE;2024/Out;71.0;2024-10-01;3.1;222.0;1.0;1.41;23255.11
352010 IGARAPAVA;2024/Out;128.0;2024-10-01;5.1;647.0;5.0;3.91;71347.1
352040 ILHABELA;2024/Out;314.0;2024-10-01;2.7;858.0;5.0;1.59;237798.75
352044 ILHA SOLTEIRA;2024/Out;186.0;2024-10-01;4.2;787.0;14.0;7.53;222428.52
352050 INDAIATUBA;2024/Out;2036.0;2024-10-01;3.2;6438.0;50.0;2.46;2344112.3
352070 INDIAPORA;2024/Out;26.0;2024-10-01;2.7;69.0;0.0;0.0;11236.95
352090 IPAUSSU;2024/Out;48.0;2024-10-01;3.6;171.0;2.0;4.17;21701.89
352130 IPUA;2024/Out;105.0;2024-10-01;3.1;329.0;1.0;0.95;57841.02
352170 ITABERA;2024/Out;142.0;2024-10-01;2.1;294.0;2.0;1.41;62157.15
352180 ITAI;2024/Out;49.0;2024-10-01;3.3;161.0;3.0;6.12;20757.74
352190 ITAJOBI;2024/Out;60.0;2024-10-01;4.7;279.0;2.0;3.33;19425.61
352210 ITANHAEM;2024/Out;1062.0;2024-10-01;4.3;4546.0;57.0;5.37;1462579.28
352220 ITAPECERICA DA SERRA;2024/Out;1388.0;2024-10-01;4.1;5650.0;73.0;5.26;1482106.79
352230 ITAPETININGA;2024/Out;846.0;2024-10-01;5.8;4947.0;73.0;8.63;920340.0
352240 ITAPEVA;2024/Out;798.0;2024-10-01;4.0;3180.0;42.0;5.26;1043405.63
352250 ITAPEVI;2024/Out;1321.0;2024-10-01;4.5;5893.0;38.0;2.88;1353919.08
352260 ITAPIRA;2024/Out;551.0;2024-10-01;24.5;13479.0;23.0;4.17;1252274.29
352270 ITAPOLIS;2024/Out;222.0;2024-10-01;3.1;684.0;14.0;6.31;249086.44
352280 ITAPORANGA;2024/Out;104.0;2024-10-01;2.5;257.0;5.0;4.81;44347.75
352290 ITAPUI;2024/Out;11.0;2024-10-01;6.8;75.0;1.0;9.09;3501.44
352310 ITAQUAQUECETUBA;2024/Out;1266.0;2024-10-01;6.4;8109.0;110.0;8.69;1655572.2
352320 ITARARE;2024/Out;400.0;2024-10-01;1.6;637.0;12.0;3.0;272224.54
352340 ITATIBA;2024/Out;495.0;2024-10-01;3.2;1567.0;12.0;2.42;454378.94
352350 ITATINGA;2024/Out;28.0;2024-10-01;5.5;153.0;2.0;7.14;8227.55
352360 ITIRAPINA;2024/Out;12.0;2024-10-01;5.2;62.0;0.0;0.0;5317.39
352390 ITU;2024/Out;765.0;2024-10-01;4.8;3668.0;37.0;4.84;1091973.35
352400 ITUPEVA;2024/Out;181.0;2024-10-01;3.2;582.0;9.0;4.97;76774.4
352410 ITUVERAVA;2024/Out;348.0;2024-10-01;3.6;1258.0;21.0;6.03;416896.45
352420 JABORANDI;2024/Out;1.0;2024-10-01;4.0;4.0;0.0;0.0;633.1
352430 JABOTICABAL;2024/Out;173.0;2024-10-01;4.3;748.0;5.0;2.89;165572.88
352440 JACAREI;2024/Out;1062.0;2024-10-01;4.1;4311.0;65.0;6.12;1625374.17
352450 JACI;2024/Out;72.0;2024-10-01;30.4;2189.0;0.0;0.0;188064.67
352470 JAGUARIUNA;2024/Out;306.0;2024-10-01;3.5;1078.0;14.0;4.58;376458.86
352480 JALES;2024/Out;760.0;2024-10-01;3.0;2286.0;45.0;5.92;1250235.86
352520 JARINU;2024/Out;53.0;2024-10-01;2.3;123.0;1.0;1.89;12596.07
352530 JAU;2024/Out;2370.0;2024-10-01;4.9;11618.0;129.0;5.44;7029839.73
352550 JOANOPOLIS;2024/Out;12.0;2024-10-01;3.9;47.0;3.0;25.0;4174.15
352570 JOSE BONIFACIO;2024/Out;111.0;2024-10-01;5.8;643.0;8.0;7.21;72379.48
352590 JUNDIAI;2024/Out;4138.0;2024-10-01;4.5;18495.0;141.0;3.41;5175254.35
352600 JUNQUEIROPOLIS;2024/Out;107.0;2024-10-01;6.6;704.0;5.0;4.67;48420.99
352640 LARANJAL PAULISTA;2024/Out;139.0;2024-10-01;2.6;364.0;5.0;3.6;73897.31
352670 LEME;2024/Out;522.0;2024-10-01;2.9;1529.0;27.0;5.17;471550.83
352680 LENCOIS PAULISTA;2024/Out;214.0;2024-10-01;4.1;869.0;7.0;3.27;310290.03
352690 LIMEIRA;2024/Out;1447.0;2024-10-01;3.9;5653.0;75.0;5.18;3566312.11
352710 LINS;2024/Out;505.0;2024-10-01;7.5;3812.0;28.0;5.54;662559.15
352720 LORENA;2024/Out;423.0;2024-10-01;5.1;2172.0;25.0;5.91;719485.07
352730 LOUVEIRA;2024/Out;227.0;2024-10-01;2.1;475.0;8.0;3.52;138720.27
352740 LUCELIA;2024/Out;36.0;2024-10-01;4.9;178.0;5.0;13.89;12455.94
352800 MACATUBA;2024/Out;48.0;2024-10-01;1.9;93.0;2.0;4.17;16542.01
352810 MACAUBAL;2024/Out;5.0;2024-10-01;2.4;12.0;1.0;20.0;2200.6
352850 MAIRIPORA;2024/Out;296.0;2024-10-01;2.2;665.0;10.0;3.38;105769.06
352880 MARACAI;2024/Out;79.0;2024-10-01;2.6;204.0;2.0;2.53;68244.66
352900 MARILIA;2024/Out;2581.0;2024-10-01;5.5;14220.0;131.0;5.08;6580956.62
352920 MARTINOPOLIS;2024/Out;209.0;2024-10-01;2.2;452.0;9.0;4.31;102105.1
352930 MATAO;2024/Out;492.0;2024-10-01;4.2;2060.0;20.0;4.07;1469381.16
352940 MAUA;2024/Out;1194.0;2024-10-01;5.2;6184.0;68.0;5.7;1431834.56
352970 MIGUELOPOLIS;2024/Out;98.0;2024-10-01;3.2;310.0;0.0;0.0;40492.06
353010 MIRANDOPOLIS;2024/Out;278.0;2024-10-01;4.4;1226.0;18.0;6.47;305867.13
353030 MIRASSOL;2024/Out;200.0;2024-10-01;1.9;385.0;2.0;1.0;86611.05
353050 MOCOCA;2024/Out;463.0;2024-10-01;3.7;1717.0;20.0;4.32;517415.47
353060 MOGI DAS CRUZES;2024/Out;2835.0;2024-10-01;4.8;13721.0;164.0;5.78;4998757.52
353070 MOGI GUACU;2024/Out;895.0;2024-10-01;4.5;4006.0;59.0;6.59;1500959.82
353080 MOGI MIRIM;2024/Out;352.0;2024-10-01;4.2;1488.0;33.0;9.38;797369.04
353110 MONGAGUA;2024/Out;69.0;2024-10-01;4.1;283.0;2.0;2.9;20245.32
353130 MONTE ALTO;2024/Out;197.0;2024-10-01;3.9;759.0;15.0;7.61;327470.08
353140 MONTE APRAZIVEL;2024/Out;220.0;2024-10-01;2.2;491.0;3.0;1.36;107320.22
353150 MONTE AZUL PAULISTA;2024/Out;126.0;2024-10-01;1.8;229.0;2.0;1.59;436923.47
353180 MONTE MOR;2024/Out;88.0;2024-10-01;2.5;223.0;7.0;7.95;39358.08
353190 MORRO AGUDO;2024/Out;149.0;2024-10-01;3.7;550.0;10.0;6.71;213181.74
353200 MORUNGABA;2024/Out;17.0;2024-10-01;3.5;60.0;1.0;5.88;7438.69
353240 NAZARE PAULISTA;2024/Out;50.0;2024-10-01;4.8;240.0;3.0;6.0;21448.5
353250 NEVES PAULISTA;2024/Out;4.0;2024-10-01;1.8;7.0;0.0;0.0;1102.82
353260 NHANDEARA;2024/Out;177.0;2024-10-01;2.5;446.0;9.0;5.08;102258.61
353290 NOVA EUROPA;2024/Out;28.0;2024-10-01;4.5;125.0;1.0;3.57;10341.02
353300 NOVA GRANADA;2024/Out;139.0;2024-10-01;3.3;455.0;5.0;3.6;59585.44
353340 NOVA ODESSA;2024/Out;148.0;2024-10-01;4.5;661.0;10.0;6.76;62767.73
353350 NOVO HORIZONTE;2024/Out;217.0;2024-10-01;2.9;626.0;8.0;3.69;238563.24
353390 OLIMPIA;2024/Out;306.0;2024-10-01;4.6;1409.0;15.0;4.9;313467.7
353430 ORLANDIA;2024/Out;227.0;2024-10-01;1.7;384.0;5.0;2.2;106549.94
353440 OSASCO;2024/Out;2369.0;2024-10-01;5.8;13699.0;161.0;6.8;3309954.83
353460 OSVALDO CRUZ;2024/Out;239.0;2024-10-01;3.6;849.0;16.0;6.69;122887.85
353470 OURINHOS;2024/Out;1040.0;2024-10-01;3.6;3777.0;53.0;5.1;1975273.96
353475 OUROESTE;2024/Out;46.0;2024-10-01;3.6;164.0;0.0;0.0;18255.12
353520 PALMEIRA D'OESTE;2024/Out;56.0;2024-10-01;2.9;163.0;0.0;0.0;17664.39
353530 PALMITAL;2024/Out;165.0;2024-10-01;2.4;396.0;3.0;1.82;172022.52
353550 PARAGUACU PAULISTA;2024/Out;362.0;2024-10-01;3.9;1397.0;18.0;4.97;546417.95
353580 PARANAPANEMA;2024/Out;64.0;2024-10-01;3.9;251.0;0.0;0.0;28214.73
353600 PARAPUA;2024/Out;0.0;2024-10-01;0.0;0.0;0.0;0.0;0.0
353620 PARIQUERA-ACU;2024/Out;777.0;2024-10-01;4.3;3367.0;51.0;6.56;1081676.8
353630 PATROCINIO PAULISTA;2024/Out;96.0;2024-10-01;2.5;243.0;2.0;2.08;54486.11
353650 PAULINIA;2024/Out;758.0;2024-10-01;3.4;2546.0;35.0;4.62;616463.08
353660 PAULO DE FARIA;2024/Out;12.0;2024-10-01;5.7;68.0;0.0;0.0;3616.24
353670 PEDERNEIRAS;2024/Out;170.0;2024-10-01;4.5;759.0;10.0;5.88;180464.52
353700 PEDREGULHO;2024/Out;98.0;2024-10-01;2.9;287.0;2.0;2.04;41761.96
353710 PEDREIRA;2024/Out;80.0;2024-10-01;3.0;237.0;4.0;5.0;53837.83
353730 PENAPOLIS;2024/Out;475.0;2024-10-01;7.2;3409.0;33.0;6.95;563680.43
353740 PEREIRA BARRETO;2024/Out;70.0;2024-10-01;3.6;255.0;6.0;8.57;35271.87
353780 PIEDADE;2024/Out;224.0;2024-10-01;2.8;627.0;14.0;6.25;99916.44
353790 PILAR DO SUL;2024/Out;85.0;2024-10-01;3.2;274.0;2.0;2.35;41799.84
353800 PINDAMONHANGABA;2024/Out;669.0;2024-10-01;5.4;3612.0;28.0;4.19;873743.73
353860 PIRACAIA;2024/Out;71.0;2024-10-01;3.5;246.0;3.0;4.23;28420.93
353870 PIRACICABA;2024/Out;3497.0;2024-10-01;3.0;10324.0;122.0;3.49;6918279.84
353880 PIRAJU;2024/Out;186.0;2024-10-01;2.7;511.0;11.0;5.91;117454.26
353890 PIRAJUI;2024/Out;152.0;2024-10-01;2.1;322.0;6.0;3.95;88093.31
353900 PIRANGI;2024/Out;93.0;2024-10-01;2.1;194.0;2.0;2.15;79064.25
353930 PIRASSUNUNGA;2024/Out;237.0;2024-10-01;4.4;1036.0;27.0;11.39;244807.64
353940 PIRATININGA;2024/Out;19.0;2024-10-01;3.4;65.0;1.0;5.26;5202.17
353950 PITANGUEIRAS;2024/Out;132.0;2024-10-01;3.1;409.0;7.0;5.3;62072.93
354000 POMPEIA;2024/Out;84.0;2024-10-01;1.8;155.0;3.0;3.57;30574.36
354020 PONTAL;2024/Out;139.0;2024-10-01;1.9;266.0;2.0;1.44;74784.38
354040 POPULINA;2024/Out;20.0;2024-10-01;5.3;105.0;0.0;0.0;9520.57
354060 PORTO FELIZ;2024/Out;331.0;2024-10-01;3.1;1037.0;10.0;3.02;299418.89
354070 PORTO FERREIRA;2024/Out;186.0;2024-10-01;3.0;555.0;14.0;7.53;147368.06
354080 POTIRENDABA;2024/Out;98.0;2024-10-01;2.5;243.0;2.0;2.04;44927.59
354100 PRAIA GRANDE;2024/Out;809.0;2024-10-01;5.3;4251.0;40.0;4.94;896791.7
354120 PRESIDENTE BERNARDES;2024/Out;135.0;2024-10-01;2.6;350.0;2.0;1.48;40927.15
354130 PRESIDENTE EPITACIO;2024/Out;268.0;2024-10-01;3.2;852.0;16.0;5.97;114119.53
354140 PRESIDENTE PRUDENTE;2024/Out;3555.0;2024-10-01;5.7;20148.0;165.0;4.64;6629215.48
354150 PRESIDENTE VENCESLAU;2024/Out;263.0;2024-10-01;3.6;940.0;10.0;3.8;286934.29
354160 PROMISSAO;2024/Out;382.0;2024-10-01;3.6;1379.0;12.0;3.14;403486.57
354190 QUELUZ;2024/Out;14.0;2024-10-01;6.7;94.0;0.0;0.0;6928.62
354220 RANCHARIA;2024/Out;366.0;2024-10-01;2.9;1066.0;19.0;5.19;486231.63
354240 REGENTE FEIJO;2024/Out;86.0;2024-10-01;3.0;257.0;4.0;4.65;32635.54
354260 REGISTRO;2024/Out;1017.0;2024-10-01;3.5;3533.0;31.0;3.05;1177979.33
354290 RIBEIRAO BONITO;2024/Out;22.0;2024-10-01;2.4;53.0;1.0;4.55;6399.67
354300 RIBEIRAO BRANCO;2024/Out;7.0;2024-10-01;1.6;11.0;1.0;14.29;2312.04
354330 RIBEIRAO PIRES;2024/Out;171.0;2024-10-01;4.9;844.0;20.0;11.7;103048.44
354340 RIBEIRAO PRETO;2024/Out;7989.0;2024-10-01;4.2;33561.0;352.0;4.41;18606468.74
354380 RINOPOLIS;2024/Out;18.0;2024-10-01;4.7;84.0;0.0;0.0;7433.69
354390 RIO CLARO;2024/Out;869.0;2024-10-01;6.1;5274.0;37.0;4.26;1693301.77
354400 RIO DAS PEDRAS;2024/Out;55.0;2024-10-01;1.2;67.0;2.0;3.64;14335.71
354420 RIOLANDIA;2024/Out;7.0;2024-10-01;5.0;35.0;0.0;0.0;2224.09
354425 ROSANA;2024/Out;316.0;2024-10-01;10.0;3172.0;13.0;4.11;205098.14
354490 SALES OLIVEIRA;2024/Out;30.0;2024-10-01;2.5;74.0;2.0;6.67;15510.92
354500 SALESOPOLIS;2024/Out;34.0;2024-10-01;4.1;139.0;3.0;8.82;13539.07
354520 SALTO;2024/Out;407.0;2024-10-01;3.6;1448.0;20.0;4.91;335814.49
354530 SALTO DE PIRAPORA;2024/Out;231.0;2024-10-01;2.1;485.0;3.0;1.3;135640.52
354540 SALTO GRANDE;2024/Out;31.0;2024-10-01;3.3;102.0;0.0;0.0;13033.66
354560 SANTA ADELIA;2024/Out;55.0;2024-10-01;3.0;167.0;2.0;3.64;36397.29
354580 SANTA BARBARA D'OESTE;2024/Out;1071.0;2024-10-01;2.0;2095.0;39.0;3.64;1218559.27
354630 SANTA CRUZ DAS PALMEIRAS;2024/Out;112.0;2024-10-01;2.4;273.0;6.0;5.36;52197.6
354640 SANTA CRUZ DO RIO PARDO;2024/Out;369.0;2024-10-01;3.2;1189.0;10.0;2.71;458873.02
354660 SANTA FE DO SUL;2024/Out;268.0;2024-10-01;5.4;1445.0;9.0;3.36;277140.14
354680 SANTA ISABEL;2024/Out;186.0;2024-10-01;6.0;1107.0;20.0;10.75;253085.39
354730 SANTANA DE PARNAIBA;2024/Out;290.0;2024-10-01;4.2;1217.0;17.0;5.86;108012.39
354750 SANTA RITA DO PASSA QUATRO;2024/Out;146.0;2024-10-01;9.9;1443.0;3.0;2.05;86869.99
354760 SANTA ROSA DE VITERBO;2024/Out;91.0;2024-10-01;2.8;259.0;1.0;1.1;24813.06
354770 SANTO ANASTACIO;2024/Out;151.0;2024-10-01;2.5;374.0;1.0;0.66;50537.08
354780 SANTO ANDRE;2024/Out;4180.0;2024-10-01;4.3;18120.0;245.0;5.86;6903121.5
354790 SANTO ANTONIO DA ALEGRIA;2024/Out;6.0;2024-10-01;2.2;13.0;0.0;0.0;1276.62
354850 SANTOS;2024/Out;2855.0;2024-10-01;5.9;16729.0;135.0;4.73;6197680.14
354860 SAO BENTO DO SAPUCAI;2024/Out;47.0;2024-10-01;4.3;201.0;5.0;10.64;21071.9
354870 SAO BERNARDO DO CAMPO;2024/Out;3356.0;2024-10-01;6.2;20685.0;154.0;4.59;7390071.53
354880 SAO CAETANO DO SUL;2024/Out;1112.0;2024-10-01;4.3;4815.0;60.0;5.4;1633688.74
354890 SAO CARLOS;2024/Out;1609.0;2024-10-01;3.8;6099.0;72.0;4.47;3038839.15
354910 SAO JOAO DA BOA VISTA;2024/Out;485.0;2024-10-01;4.3;2102.0;40.0;8.25;819813.67
354940 SAO JOAQUIM DA BARRA;2024/Out;291.0;2024-10-01;3.5;1029.0;18.0;6.19;606570.03
354970 SAO JOSE DO RIO PARDO;2024/Out;427.0;2024-10-01;2.9;1223.0;23.0;5.39;400803.23
354980 SAO JOSE DO RIO PRETO;2024/Out;7489.0;2024-10-01;4.7;35364.0;315.0;4.21;22340934.64
354990 SAO JOSE DOS CAMPOS;2024/Out;4961.0;2024-10-01;4.6;22763.0;225.0;4.54;11346581.58
355000 SAO LUIS DO PARAITINGA;2024/Out;11.0;2024-10-01;4.6;51.0;1.0;9.09;2677.01
355010 SAO MANUEL;2024/Out;146.0;2024-10-01;4.1;604.0;11.0;7.53;181262.75
355020 SAO MIGUEL ARCANJO;2024/Out;117.0;2024-10-01;13.1;1535.0;11.0;9.4;61626.82
355030 SAO PAULO;2024/Out;63791.0;2024-10-01;5.4;341845.0;2842.0;4.46;146425705.41
355040 SAO PEDRO;2024/Out;308.0;2024-10-01;1.8;544.0;6.0;1.95;276683.4
355060 SAO ROQUE;2024/Out;359.0;2024-10-01;3.9;1400.0;16.0;4.46;301605.5
355070 SAO SEBASTIAO;2024/Out;436.0;2024-10-01;3.7;1595.0;22.0;5.05;429589.78
355080 SAO SEBASTIAO DA GRAMA;2024/Out;61.0;2024-10-01;2.4;147.0;5.0;8.2;20491.14
355090 SAO SIMAO;2024/Out;31.0;2024-10-01;4.9;153.0;3.0;9.68;15106.37
355100 SAO VICENTE;2024/Out;880.0;2024-10-01;4.7;4113.0;44.0;5.0;1022227.28
355150 SERRANA;2024/Out;366.0;2024-10-01;4.2;1538.0;14.0;3.83;417299.86
355160 SERRA NEGRA;2024/Out;136.0;2024-10-01;3.9;526.0;14.0;10.29;62049.45
355170 SERTAOZINHO;2024/Out;507.0;2024-10-01;3.5;1768.0;26.0;5.13;856164.83
355200 SILVEIRAS;2024/Out;1.0;2024-10-01;7.0;7.0;0.0;0.0;582.42
355210 SOCORRO;2024/Out;240.0;2024-10-01;2.4;568.0;14.0;5.83;175893.43
355220 SOROCABA;2024/Out;5232.0;2024-10-01;5.1;26487.0;322.0;6.15;10779325.36
355230 SUD MENNUCCI;2024/Out;32.0;2024-10-01;3.2;101.0;0.0;0.0;15318.73
355240 SUMARE;2024/Out;1114.0;2024-10-01;4.7;5278.0;40.0;3.59;2368514.42
355250 SUZANO;2024/Out;858.0;2024-10-01;6.4;5453.0;63.0;7.34;818052.82
355260 TABAPUA;2024/Out;83.0;2024-10-01;3.6;300.0;3.0;3.61;51619.39
355270 TABATINGA;2024/Out;73.0;2024-10-01;4.1;298.0;5.0;6.85;53988.72
355280 TABOAO DA SERRA;2024/Out;2077.0;2024-10-01;4.1;8487.0;73.0;3.51;3345924.4
355300 TAGUAI;2024/Out;47.0;2024-10-01;2.7;127.0;3.0;6.38;19819.85
355330 TAMBAU;2024/Out;124.0;2024-10-01;2.8;350.0;7.0;5.65;53764.42
355340 TANABI;2024/Out;95.0;2024-10-01;7.2;682.0;3.0;3.16;66569.42
355360 TAPIRATIBA;2024/Out;27.0;2024-10-01;2.9;77.0;0.0;0.0;16155.55
355370 TAQUARITINGA;2024/Out;424.0;2024-10-01;2.8;1197.0;10.0;2.36;236325.84
355380 TAQUARITUBA;2024/Out;173.0;2024-10-01;3.1;528.0;7.0;4.05;66495.7
355400 TATUI;2024/Out;445.0;2024-10-01;4.2;1854.0;24.0;5.39;378096.3
355410 TAUBATE;2024/Out;2179.0;2024-10-01;3.9;8518.0;96.0;4.41;5700315.19
355430 TEODORO SAMPAIO;2024/Out;81.0;2024-10-01;3.3;269.0;3.0;3.7;25779.17
355440 TERRA ROXA;2024/Out;9.0;2024-10-01;4.7;42.0;1.0;11.11;4600.65
355450 TIETE;2024/Out;198.0;2024-10-01;2.6;510.0;6.0;3.03;87047.02
355470 TORRINHA;2024/Out;7.0;2024-10-01;3.6;25.0;0.0;0.0;2397.95
355500 TUPA;2024/Out;705.0;2024-10-01;3.8;2664.0;35.0;4.96;1015694.91
355510 TUPI PAULISTA;2024/Out;108.0;2024-10-01;4.3;459.0;2.0;1.85;52980.87
355540 UBATUBA;2024/Out;403.0;2024-10-01;3.2;1303.0;15.0;3.72;264074.43
355580 URANIA;2024/Out;16.0;2024-10-01;3.8;60.0;0.0;0.0;5748.84
355600 URUPES;2024/Out;30.0;2024-10-01;5.8;173.0;2.0;6.67;15267.03
355620 VALINHOS;2024/Out;375.0;2024-10-01;5.0;1874.0;26.0;6.93;606661.76
355630 VALPARAISO;2024/Out;54.0;2024-10-01;3.7;202.0;4.0;7.41;29435.22
355640 VARGEM GRANDE DO SUL;2024/Out;199.0;2024-10-01;3.5;694.0;13.0;6.53;94069.97
355650 VARZEA PAULISTA;2024/Out;54.0;2024-10-01;4.0;216.0;6.0;11.11;16404.92
355670 VINHEDO;2024/Out;499.0;2024-10-01;3.1;1549.0;14.0;2.81;440111.95
355680 VIRADOURO;2024/Out;19.0;2024-10-01;2.6;50.0;0.0;0.0;6385.44
355700 VOTORANTIM;2024/Out;335.0;2024-10-01;3.8;1275.0;19.0;5.67;334779.92
355710 VOTUPORANGA;2024/Out;904.0;2024-10-01;3.8;3441.0;43.0;4.76;1717911.45
355720 CHAVANTES;2024/Out;105.0;2024-10-01;2.5;262.0;0.0;0.0;81798.25
350010 ADAMANTINA;2024/Nov;406.0;2024-11-01;10.5;4263.0;21.0;5.17;491764.37
350030 AGUAI;2024/Nov;49.0;2024-11-01;5.3;262.0;4.0;8.16;22220.79
350050 AGUAS DE LINDOIA;2024/Nov;112.0;2024-11-01;3.3;368.0;4.0;3.57;37265.34
350070 AGUDOS;2024/Nov;88.0;2024-11-01;1.5;134.0;0.0;0.0;40494.36
350100 ALTINOPOLIS;2024/Nov;180.0;2024-11-01;2.0;359.0;9.0;5.0;66580.46
350110 ALTO ALEGRE;2024/Nov;0.0;2024-11-01;0.0;0.0;0.0;0.0;0.0
350130 ALVARES MACHADO;2024/Nov;60.0;2024-11-01;4.6;275.0;2.0;3.33;16509.56
350160 AMERICANA;2024/Nov;712.0;2024-11-01;5.4;3859.0;64.0;8.99;968971.02
350170 AMERICO BRASILIENSE;2024/Nov;556.0;2024-11-01;3.1;1717.0;8.0;1.44;531198.83
350190 AMPARO;2024/Nov;335.0;2024-11-01;13.0;4344.0;17.0;5.07;553631.25
350210 ANDRADINA;2024/Nov;314.0;2024-11-01;3.7;1156.0;28.0;8.92;296804.92
350220 ANGATUBA;2024/Nov;103.0;2024-11-01;5.2;533.0;9.0;8.74;48746.56
350250 APARECIDA;2024/Nov;298.0;2024-11-01;3.3;977.0;15.0;5.03;388000.11
350260 APARECIDA D'OESTE;2024/Nov;8.0;2024-11-01;2.6;21.0;0.0;0.0;3982.39
350270 APIAI;2024/Nov;223.0;2024-11-01;3.0;664.0;6.0;2.69;121432.45
350280 ARACATUBA;2024/Nov;1042.0;2024-11-01;6.6;6924.0;117.0;11.23;3504027.78
350310 ARANDU;2024/Nov;5.0;2024-11-01;4.8;24.0;0.0;0.0;2546.19
350320 ARARAQUARA;2024/Nov;1845.0;2024-11-01;3.4;6215.0;98.0;5.31;4029792.96
350330 ARARAS;2024/Nov;463.0;2024-11-01;4.6;2145.0;25.0;5.4;1051832.14
350340 AREALVA;2024/Nov;9.0;2024-11-01;2.9;26.0;2.0;22.22;1515.67
350390 ARUJA;2024/Nov;129.0;2024-11-01;2.7;342.0;8.0;6.2;61711.45
350400 ASSIS;2024/Nov;817.0;2024-11-01;4.2;3428.0;46.0;5.63;1400915.22
350410 ATIBAIA;2024/Nov;341.0;2024-11-01;5.2;1778.0;30.0;8.8;338516.66
350420 AURIFLAMA;2024/Nov;216.0;2024-11-01;1.8;381.0;1.0;0.46;184250.35
350450 AVARE;2024/Nov;566.0;2024-11-01;4.4;2464.0;33.0;5.83;915727.3
350520 BARIRI;2024/Nov;98.0;2024-11-01;2.5;243.0;4.0;4.08;37492.7
350530 BARRA BONITA;2024/Nov;182.0;2024-11-01;2.1;384.0;3.0;1.65;110500.49
350550 BARRETOS;2024/Nov;2412.0;2024-11-01;4.8;11679.0;171.0;7.09;7648473.68
350570 BARUERI;2024/Nov;2798.0;2024-11-01;4.1;11367.0;90.0;3.22;2264255.78
350580 BASTOS;2024/Nov;117.0;2024-11-01;2.0;235.0;0.0;0.0;46064.46
350590 BATATAIS;2024/Nov;301.0;2024-11-01;3.1;947.0;11.0;3.65;317668.25
350600 BAURU;2024/Nov;3237.0;2024-11-01;5.5;17756.0;134.0;4.14;6142420.16
350610 BEBEDOURO;2024/Nov;702.0;2024-11-01;3.0;2115.0;18.0;2.56;618380.75
350630 BERNARDINO DE CAMPOS;2024/Nov;61.0;2024-11-01;4.3;262.0;7.0;11.48;37133.46
350635 BERTIOGA;2024/Nov;252.0;2024-11-01;3.4;854.0;16.0;6.35;110217.43
350640 BILAC;2024/Nov;22.0;2024-11-01;3.7;81.0;5.0;22.73;9602.17
350650 BIRIGUI;2024/Nov;378.0;2024-11-01;4.4;1676.0;20.0;5.29;396538.3
350670 BOA ESPERANCA DO SUL;2024/Nov;9.0;2024-11-01;2.1;19.0;1.0;11.11;2157.18
350680 BOCAINA;2024/Nov;16.0;2024-11-01;2.6;41.0;1.0;6.25;7563.76
350700 BOITUVA;2024/Nov;205.0;2024-11-01;3.1;645.0;7.0;3.41;110793.3
350710 BOM JESUS DOS PERDOES;2024/Nov;21.0;2024-11-01;6.4;134.0;1.0;4.76;7582.73
350740 BORBOREMA;2024/Nov;68.0;2024-11-01;3.1;208.0;2.0;2.94;32917.71
350750 BOTUCATU;2024/Nov;2166.0;2024-11-01;6.3;13545.0;113.0;5.22;7230758.26
350760 BRAGANCA PAULISTA;2024/Nov;1489.0;2024-11-01;3.5;5270.0;82.0;5.51;2974571.04
350790 BROTAS;2024/Nov;55.0;2024-11-01;5.9;326.0;2.0;3.64;34227.46
350810 BURITAMA;2024/Nov;60.0;2024-11-01;4.9;293.0;5.0;8.33;33938.81
350840 CABREUVA;2024/Nov;54.0;2024-11-01;4.4;236.0;3.0;5.56;23691.4
350850 CACAPAVA;2024/Nov;256.0;2024-11-01;4.5;1143.0;18.0;7.03;303908.68
350870 CACONDE;2024/Nov;92.0;2024-11-01;2.3;208.0;1.0;1.09;160703.33
350880 CAFELANDIA;2024/Nov;52.0;2024-11-01;2.7;139.0;0.0;0.0;22392.36
350900 CAIEIRAS;2024/Nov;372.0;2024-11-01;2.6;968.0;2.0;0.54;151694.32
350920 CAJAMAR;2024/Nov;226.0;2024-11-01;4.6;1044.0;20.0;8.85;101288.03
350930 CAJOBI;2024/Nov;25.0;2024-11-01;2.5;62.0;0.0;0.0;9990.38
350940 CAJURU;2024/Nov;265.0;2024-11-01;3.6;953.0;10.0;3.77;142034.71
350950 CAMPINAS;2024/Nov;7027.0;2024-11-01;5.4;37787.0;368.0;5.24;19546825.99
350960 CAMPO LIMPO PAULISTA;2024/Nov;381.0;2024-11-01;3.6;1360.0;18.0;4.72;421675.89
350970 CAMPOS DO JORDAO;2024/Nov;203.0;2024-11-01;20.7;4204.0;8.0;3.94;406827.13
351000 CANDIDO MOTA;2024/Nov;182.0;2024-11-01;3.1;559.0;8.0;4.4;157808.14
351020 CAPAO BONITO;2024/Nov;211.0;2024-11-01;4.0;852.0;15.0;7.11;211651.02
351040 CAPIVARI;2024/Nov;218.0;2024-11-01;3.3;712.0;13.0;5.96;198308.09
351050 CARAGUATATUBA;2024/Nov;1758.0;2024-11-01;3.7;6517.0;61.0;3.47;2315071.26
351060 CARAPICUIBA;2024/Nov;1608.0;2024-11-01;3.4;5509.0;56.0;3.48;1526387.42
351070 CARDOSO;2024/Nov;41.0;2024-11-01;3.6;147.0;0.0;0.0;15355.96
351080 CASA BRANCA;2024/Nov;179.0;2024-11-01;9.4;1678.0;7.0;3.91;128986.47
351100 CASTILHO;2024/Nov;35.0;2024-11-01;4.2;148.0;2.0;5.71;14145.04
351110 CATANDUVA;2024/Nov;1499.0;2024-11-01;7.4;11067.0;92.0;6.14;3233064.65
351140 CERQUEIRA CESAR;2024/Nov;135.0;2024-11-01;3.1;422.0;5.0;3.7;64028.57
351150 CERQUILHO;2024/Nov;42.0;2024-11-01;3.9;164.0;5.0;11.9;15527.65
351160 CESARIO LANGE;2024/Nov;27.0;2024-11-01;5.4;146.0;5.0;18.52;17256.15
351170 CHARQUEADA;2024/Nov;22.0;2024-11-01;4.8;106.0;3.0;13.64;8607.74
351190 CLEMENTINA;2024/Nov;18.0;2024-11-01;5.7;102.0;1.0;5.56;7852.81
351200 COLINA;2024/Nov;77.0;2024-11-01;3.9;299.0;4.0;5.19;137493.4
351210 COLOMBIA;2024/Nov;1.0;2024-11-01;7.0;7.0;0.0;0.0;321.68
351220 CONCHAL;2024/Nov;189.0;2024-11-01;1.5;277.0;2.0;1.06;99096.77
351230 CONCHAS;2024/Nov;19.0;2024-11-01;3.2;60.0;2.0;10.53;6732.18
351280 COSMOPOLIS;2024/Nov;129.0;2024-11-01;3.2;413.0;13.0;10.08;102175.24
351300 COTIA;2024/Nov;1178.0;2024-11-01;4.2;4985.0;66.0;5.6;1313114.41
351310 CRAVINHOS;2024/Nov;0.0;2024-11-01;0.0;0.0;0.0;0.0;0.0
351340 CRUZEIRO;2024/Nov;451.0;2024-11-01;5.6;2523.0;33.0;7.32;626623.92
351350 CUBATAO;2024/Nov;505.0;2024-11-01;5.9;2984.0;22.0;4.36;621594.16
351360 CUNHA;2024/Nov;100.0;2024-11-01;4.0;399.0;8.0;8.0;54710.73
351370 DESCALVADO;2024/Nov;174.0;2024-11-01;1.9;333.0;3.0;1.72;95320.33
351380 DIADEMA;2024/Nov;1834.0;2024-11-01;5.7;10440.0;83.0;4.53;2581845.8
351390 DIVINOLANDIA;2024/Nov;401.0;2024-11-01;0.7;261.0;2.0;0.5;335348.94
351410 DOIS CORREGOS;2024/Nov;93.0;2024-11-01;4.0;369.0;7.0;7.53;50714.35
351440 DRACENA;2024/Nov;286.0;2024-11-01;5.3;1518.0;38.0;13.29;506555.34
351450 DUARTINA;2024/Nov;125.0;2024-11-01;2.1;257.0;5.0;4.0;44735.25
351500 EMBU DAS ARTES;2024/Nov;344.0;2024-11-01;3.1;1051.0;19.0;5.52;159559.96
351510 EMBU-GUACU;2024/Nov;85.0;2024-11-01;1.1;97.0;9.0;10.59;35998.68
351518 ESPIRITO SANTO DO PINHAL;2024/Nov;317.0;2024-11-01;23.4;7404.0;17.0;5.36;725723.0
351520 ESTRELA D'OESTE;2024/Nov;81.0;2024-11-01;3.0;244.0;2.0;2.47;30512.9
351540 FARTURA;2024/Nov;50.0;2024-11-01;3.5;174.0;2.0;4.0;18062.73
351550 FERNANDOPOLIS;2024/Nov;490.0;2024-11-01;3.7;1811.0;22.0;4.49;493275.27
351570 FERRAZ DE VASCONCELOS;2024/Nov;530.0;2024-11-01;3.4;1811.0;19.0;3.58;320362.53
351600 FLORIDA PAULISTA;2024/Nov;59.0;2024-11-01;2.8;167.0;1.0;1.69;25259.61
351620 FRANCA;2024/Nov;1860.0;2024-11-01;5.4;10125.0;109.0;5.86;4308776.55
351630 FRANCISCO MORATO;2024/Nov;1000.0;2024-11-01;4.3;4305.0;41.0;4.1;908858.62
351640 FRANCO DA ROCHA;2024/Nov;713.0;2024-11-01;8.4;6014.0;43.0;6.03;856732.54
351660 GALIA;2024/Nov;3.0;2024-11-01;4.3;13.0;0.0;0.0;1607.9
351670 GARCA;2024/Nov;264.0;2024-11-01;15.8;4166.0;17.0;6.44;484867.2
351690 GENERAL SALGADO;2024/Nov;37.0;2024-11-01;4.4;161.0;0.0;0.0;17925.93
351700 GETULINA;2024/Nov;14.0;2024-11-01;4.6;65.0;0.0;0.0;4063.74
351740 GUAIRA;2024/Nov;229.0;2024-11-01;2.6;605.0;4.0;1.75;299060.44
351760 GUAPIARA;2024/Nov;20.0;2024-11-01;2.9;57.0;4.0;20.0;8008.83
351770 GUARA;2024/Nov;76.0;2024-11-01;2.4;184.0;2.0;2.63;30289.08
351780 GUARACAI;2024/Nov;60.0;2024-11-01;3.8;228.0;0.0;0.0;25722.8
351820 GUARARAPES;2024/Nov;148.0;2024-11-01;4.7;693.0;8.0;5.41;69337.8
351830 GUARAREMA;2024/Nov;99.0;2024-11-01;5.0;497.0;6.0;6.06;44067.86
351840 GUARATINGUETA;2024/Nov;584.0;2024-11-01;4.0;2342.0;38.0;6.51;850950.26
351860 GUARIBA;2024/Nov;98.0;2024-11-01;2.7;269.0;4.0;4.08;47522.78
351870 GUARUJA;2024/Nov;1374.0;2024-11-01;5.0;6827.0;97.0;7.06;2090529.64
351880 GUARULHOS;2024/Nov;4467.0;2024-11-01;5.3;23630.0;277.0;6.2;5672332.69
351900 HERCULANDIA;2024/Nov;62.0;2024-11-01;3.3;202.0;0.0;0.0;21351.8
351907 HORTOLANDIA;2024/Nov;411.0;2024-11-01;4.0;1640.0;28.0;6.81;383932.62
351910 IACANGA;2024/Nov;49.0;2024-11-01;2.6;129.0;2.0;4.08;11309.03
351930 IBATE;2024/Nov;66.0;2024-11-01;1.9;124.0;2.0;3.03;33263.57
351940 IBIRA;2024/Nov;40.0;2024-11-01;3.4;136.0;2.0;5.0;15209.25
351960 IBITINGA;2024/Nov;312.0;2024-11-01;3.0;922.0;19.0;6.09;266406.97
351970 IBIUNA;2024/Nov;353.0;2024-11-01;3.3;1166.0;9.0;2.55;190940.89
351990 IEPE;2024/Nov;41.0;2024-11-01;3.9;161.0;1.0;2.44;17241.55
352010 IGARAPAVA;2024/Nov;88.0;2024-11-01;5.8;511.0;3.0;3.41;49206.79
352040 ILHABELA;2024/Nov;260.0;2024-11-01;2.6;677.0;6.0;2.31;200009.99
352044 ILHA SOLTEIRA;2024/Nov;181.0;2024-11-01;4.5;822.0;12.0;6.63;243364.3
352050 INDAIATUBA;2024/Nov;1762.0;2024-11-01;3.5;6226.0;45.0;2.55;2162053.52
352070 INDIAPORA;2024/Nov;33.0;2024-11-01;3.6;120.0;1.0;3.03;11831.35
352090 IPAUSSU;2024/Nov;40.0;2024-11-01;2.6;103.0;5.0;12.5;17322.21
352130 IPUA;2024/Nov;69.0;2024-11-01;3.8;259.0;0.0;0.0;34003.18
352170 ITABERA;2024/Nov;77.0;2024-11-01;3.2;249.0;4.0;5.19;36630.02
352180 ITAI;2024/Nov;61.0;2024-11-01;4.1;251.0;0.0;0.0;27019.13
352190 ITAJOBI;2024/Nov;52.0;2024-11-01;5.3;278.0;3.0;5.77;17562.06
352210 ITANHAEM;2024/Nov;1032.0;2024-11-01;4.0;4106.0;59.0;5.72;1252233.53
352220 ITAPECERICA DA SERRA;2024/Nov;1348.0;2024-11-01;3.9;5294.0;77.0;5.71;1355539.68
352230 ITAPETININGA;2024/Nov;770.0;2024-11-01;6.2;4802.0;72.0;9.35;869432.77
352240 ITAPEVA;2024/Nov;751.0;2024-11-01;4.4;3277.0;53.0;7.06;1175269.33
352250 ITAPEVI;2024/Nov;1278.0;2024-11-01;4.6;5877.0;38.0;2.97;1329296.4
352260 ITAPIRA;2024/Nov;511.0;2024-11-01;25.9;13230.0;23.0;4.5;1175220.73
352270 ITAPOLIS;2024/Nov;213.0;2024-11-01;3.3;710.0;8.0;3.76;233682.78
352280 ITAPORANGA;2024/Nov;80.0;2024-11-01;2.7;214.0;4.0;5.0;31848.29
352290 ITAPUI;2024/Nov;14.0;2024-11-01;6.4;89.0;1.0;7.14;6177.94
352310 ITAQUAQUECETUBA;2024/Nov;1306.0;2024-11-01;5.9;7654.0;95.0;7.27;1971403.47
352320 ITARARE;2024/Nov;559.0;2024-11-01;0.9;505.0;18.0;3.22;344823.65
352340 ITATIBA;2024/Nov;490.0;2024-11-01;3.3;1621.0;14.0;2.86;473683.31
352350 ITATINGA;2024/Nov;20.0;2024-11-01;3.8;76.0;3.0;15.0;5075.31
352360 ITIRAPINA;2024/Nov;7.0;2024-11-01;4.0;28.0;0.0;0.0;2430.48
352390 ITU;2024/Nov;719.0;2024-11-01;3.8;2741.0;31.0;4.31;953584.54
352400 ITUPEVA;2024/Nov;180.0;2024-11-01;2.7;479.0;1.0;0.56;75877.79
352410 ITUVERAVA;2024/Nov;282.0;2024-11-01;4.3;1200.0;19.0;6.74;454010.15
352420 JABORANDI;2024/Nov;7.0;2024-11-01;3.6;25.0;1.0;14.29;3741.82
352430 JABOTICABAL;2024/Nov;177.0;2024-11-01;3.9;695.0;13.0;7.34;193920.45
352440 JACAREI;2024/Nov;1064.0;2024-11-01;4.1;4412.0;58.0;5.45;1521189.83
352450 JACI;2024/Nov;92.0;2024-11-01;108.0;9940.0;2.0;2.17;778536.48
352470 JAGUARIUNA;2024/Nov;273.0;2024-11-01;4.1;1131.0;20.0;7.33;452028.89
352480 JALES;2024/Nov;624.0;2024-11-01;3.2;2027.0;43.0;6.89;1132017.4
352520 JARINU;2024/Nov;55.0;2024-11-01;3.4;188.0;5.0;9.09;13855.19
352530 JAU;2024/Nov;2214.0;2024-11-01;4.6;10212.0;135.0;6.1;5899318.72
352550 JOANOPOLIS;2024/Nov;15.0;2024-11-01;5.4;81.0;3.0;20.0;5227.79
352570 JOSE BONIFACIO;2024/Nov;105.0;2024-11-01;4.4;462.0;5.0;4.76;53628.69
352590 JUNDIAI;2024/Nov;3657.0;2024-11-01;4.5;16351.0;117.0;3.2;4595392.37
352600 JUNQUEIROPOLIS;2024/Nov;113.0;2024-11-01;4.8;548.0;9.0;7.96;37280.41
352640 LARANJAL PAULISTA;2024/Nov;117.0;2024-11-01;4.0;469.0;9.0;7.69;57074.56
352670 LEME;2024/Nov;440.0;2024-11-01;3.5;1540.0;25.0;5.68;378749.83
352680 LENCOIS PAULISTA;2024/Nov;207.0;2024-11-01;4.0;820.0;11.0;5.31;298762.49
352690 LIMEIRA;2024/Nov;1298.0;2024-11-01;4.2;5405.0;70.0;5.39;3189980.57
352710 LINS;2024/Nov;490.0;2024-11-01;8.2;4032.0;34.0;6.94;643619.56
352720 LORENA;2024/Nov;389.0;2024-11-01;5.4;2087.0;17.0;4.37;648826.37
352730 LOUVEIRA;2024/Nov;206.0;2024-11-01;2.2;450.0;1.0;0.49;125866.18
352740 LUCELIA;2024/Nov;43.0;2024-11-01;4.1;176.0;4.0;9.3;27281.97
352800 MACATUBA;2024/Nov;13.0;2024-11-01;2.5;32.0;0.0;0.0;6535.47
352810 MACAUBAL;2024/Nov;7.0;2024-11-01;3.3;23.0;1.0;14.29;2467.5
352850 MAIRIPORA;2024/Nov;282.0;2024-11-01;2.7;769.0;13.0;4.61;103899.15
352880 MARACAI;2024/Nov;70.0;2024-11-01;3.7;257.0;2.0;2.86;28237.32
352900 MARILIA;2024/Nov;2300.0;2024-11-01;5.6;12937.0;123.0;5.35;5390842.44
352920 MARTINOPOLIS;2024/Nov;196.0;2024-11-01;2.4;468.0;12.0;6.12;100876.94
352930 MATAO;2024/Nov;454.0;2024-11-01;4.7;2129.0;32.0;7.05;1547150.9
352940 MAUA;2024/Nov;1037.0;2024-11-01;5.4;5615.0;60.0;5.79;1276747.36
352970 MIGUELOPOLIS;2024/Nov;78.0;2024-11-01;4.6;358.0;0.0;0.0;31825.4
353010 MIRANDOPOLIS;2024/Nov;257.0;2024-11-01;4.2;1084.0;21.0;8.17;256838.6
353030 MIRASSOL;2024/Nov;151.0;2024-11-01;1.7;256.0;5.0;3.31;80617.69
353050 MOCOCA;2024/Nov;416.0;2024-11-01;3.6;1503.0;29.0;6.97;445416.35
353060 MOGI DAS CRUZES;2024/Nov;2840.0;2024-11-01;5.0;14199.0;156.0;5.49;4644835.45
353070 MOGI GUACU;2024/Nov;851.0;2024-11-01;4.4;3723.0;37.0;4.35;1371175.27
353080 MOGI MIRIM;2024/Nov;347.0;2024-11-01;4.5;1547.0;31.0;8.93;908341.78
353110 MONGAGUA;2024/Nov;64.0;2024-11-01;3.5;226.0;2.0;3.13;15229.16
353130 MONTE ALTO;2024/Nov;210.0;2024-11-01;5.3;1116.0;16.0;7.62;462240.33
353140 MONTE APRAZIVEL;2024/Nov;177.0;2024-11-01;2.3;411.0;1.0;0.56;91801.98
353150 MONTE AZUL PAULISTA;2024/Nov;106.0;2024-11-01;1.7;180.0;2.0;1.89;318535.02
353180 MONTE MOR;2024/Nov;89.0;2024-11-01;3.1;275.0;6.0;6.74;42891.37
353190 MORRO AGUDO;2024/Nov;102.0;2024-11-01;2.8;290.0;5.0;4.9;117510.61
353200 MORUNGABA;2024/Nov;9.0;2024-11-01;2.9;26.0;1.0;11.11;4549.44
353240 NAZARE PAULISTA;2024/Nov;57.0;2024-11-01;3.7;213.0;5.0;8.77;24515.86
353250 NEVES PAULISTA;2024/Nov;3.0;2024-11-01;2.3;7.0;0.0;0.0;1570.34
353260 NHANDEARA;2024/Nov;155.0;2024-11-01;2.6;409.0;5.0;3.23;98785.17
353290 NOVA EUROPA;2024/Nov;22.0;2024-11-01;4.8;105.0;1.0;4.55;6373.92
353300 NOVA GRANADA;2024/Nov;101.0;2024-11-01;3.2;322.0;2.0;1.98;44739.73
353340 NOVA ODESSA;2024/Nov;92.0;2024-11-01;5.2;479.0;4.0;4.35;40532.64
353350 NOVO HORIZONTE;2024/Nov;188.0;2024-11-01;2.6;495.0;7.0;3.72;186430.38
353390 OLIMPIA;2024/Nov;314.0;2024-11-01;4.1;1303.0;14.0;4.46;295531.77
353430 ORLANDIA;2024/Nov;200.0;2024-11-01;1.3;259.0;6.0;3.0;86592.01
353440 OSASCO;2024/Nov;2310.0;2024-11-01;5.9;13720.0;167.0;7.23;3044843.5
353460 OSVALDO CRUZ;2024/Nov;209.0;2024-11-01;3.3;689.0;14.0;6.7;105521.58
353470 OURINHOS;2024/Nov;984.0;2024-11-01;3.7;3643.0;68.0;6.91;1643267.92
353475 OUROESTE;2024/Nov;38.0;2024-11-01;3.6;135.0;1.0;2.63;15901.21
353520 PALMEIRA D'OESTE;2024/Nov;51.0;2024-11-01;2.8;144.0;1.0;1.96;15698.36
353530 PALMITAL;2024/Nov;155.0;2024-11-01;2.6;399.0;6.0;3.87;86496.68
353550 PARAGUACU PAULISTA;2024/Nov;562.0;2024-11-01;2.1;1163.0;18.0;3.2;536174.7
353580 PARANAPANEMA;2024/Nov;60.0;2024-11-01;3.5;208.0;1.0;1.67;24769.06
353600 PARAPUA;2024/Nov;0.0;2024-11-01;0.0;0.0;0.0;0.0;0.0
353620 PARIQUERA-ACU;2024/Nov;801.0;2024-11-01;4.1;3245.0;50.0;6.24;1127081.48
353630 PATROCINIO PAULISTA;2024/Nov;58.0;2024-11-01;3.8;222.0;2.0;3.45;34661.7
353650 PAULINIA;2024/Nov;710.0;2024-11-01;3.4;2448.0;35.0;4.93;547355.83
353660 PAULO DE FARIA;2024/Nov;7.0;2024-11-01;4.1;29.0;0.0;0.0;1616.81
353670 PEDERNEIRAS;2024/Nov;156.0;2024-11-01;5.3;833.0;12.0;7.69;225024.19
353700 PEDREGULHO;2024/Nov;79.0;2024-11-01;2.4;187.0;1.0;1.27;31254.32
353710 PEDREIRA;2024/Nov;69.0;2024-11-01;3.1;213.0;5.0;7.25;41399.77
353730 PENAPOLIS;2024/Nov;457.0;2024-11-01;7.6;3496.0;35.0;7.66;511905.66
353740 PEREIRA BARRETO;2024/Nov;68.0;2024-11-01;2.8;193.0;7.0;10.29;30640.42
353780 PIEDADE;2024/Nov;231.0;2024-11-01;2.9;676.0;14.0;6.06;102198.96
353790 PILAR DO SUL;2024/Nov;59.0;2024-11-01;2.7;159.0;1.0;1.69;24890.25
353800 PINDAMONHANGABA;2024/Nov;597.0;2024-11-01;5.4;3219.0;24.0;4.02;838737.06
353860 PIRACAIA;2024/Nov;56.0;2024-11-01;3.3;183.0;5.0;8.93;24500.05
353870 PIRACICABA;2024/Nov;3289.0;2024-11-01;3.0;9784.0;125.0;3.8;6510645.27
353880 PIRAJU;2024/Nov;156.0;2024-11-01;3.4;535.0;9.0;5.77;75557.06
353890 PIRAJUI;2024/Nov;145.0;2024-11-01;4.8;699.0;8.0;5.52;117903.42
353900 PIRANGI;2024/Nov;73.0;2024-11-01;2.2;159.0;2.0;2.74;39154.03
353930 PIRASSUNUNGA;2024/Nov;228.0;2024-11-01;4.5;1029.0;17.0;7.46;289295.53
353940 PIRATININGA;2024/Nov;10.0;2024-11-01;3.8;38.0;1.0;10.0;3212.65
353950 PITANGUEIRAS;2024/Nov;127.0;2024-11-01;2.8;352.0;4.0;3.15;53556.64
354000 POMPEIA;2024/Nov;74.0;2024-11-01;2.2;163.0;6.0;8.11;33123.52
354020 PONTAL;2024/Nov;134.0;2024-11-01;1.7;229.0;1.0;0.75;74781.57
354040 POPULINA;2024/Nov;17.0;2024-11-01;4.5;76.0;0.0;0.0;7549.55
354060 PORTO FELIZ;2024/Nov;338.0;2024-11-01;2.6;880.0;11.0;3.25;267398.97
354070 PORTO FERREIRA;2024/Nov;168.0;2024-11-01;3.2;541.0;7.0;4.17;183870.67
354080 POTIRENDABA;2024/Nov;96.0;2024-11-01;2.4;227.0;0.0;0.0;34383.25
354100 PRAIA GRANDE;2024/Nov;755.0;2024-11-01;5.6;4258.0;47.0;6.23;955386.1
354120 PRESIDENTE BERNARDES;2024/Nov;114.0;2024-11-01;2.2;249.0;2.0;1.75;30454.55
354130 PRESIDENTE EPITACIO;2024/Nov;240.0;2024-11-01;3.6;872.0;7.0;2.92;102430.31
354140 PRESIDENTE PRUDENTE;2024/Nov;3521.0;2024-11-01;6.0;21136.0;166.0;4.71;6208016.15
354150 PRESIDENTE VENCESLAU;2024/Nov;248.0;2024-11-01;3.6;893.0;17.0;6.85;254799.3
354160 PROMISSAO;2024/Nov;333.0;2024-11-01;3.5;1152.0;18.0;5.41;310601.45
354190 QUELUZ;2024/Nov;12.0;2024-11-01;5.1;61.0;2.0;16.67;5656.16
354220 RANCHARIA;2024/Nov;305.0;2024-11-01;3.0;908.0;25.0;8.2;388548.92
354240 REGENTE FEIJO;2024/Nov;71.0;2024-11-01;2.5;179.0;3.0;4.23;22034.01
354260 REGISTRO;2024/Nov;887.0;2024-11-01;3.2;2856.0;15.0;1.69;940305.03
354290 RIBEIRAO BONITO;2024/Nov;14.0;2024-11-01;3.6;51.0;0.0;0.0;5744.04
354300 RIBEIRAO BRANCO;2024/Nov;33.0;2024-11-01;2.8;92.0;3.0;9.09;10862.02
354330 RIBEIRAO PIRES;2024/Nov;144.0;2024-11-01;6.5;931.0;13.0;9.03;96507.2
354340 RIBEIRAO PRETO;2024/Nov;7149.0;2024-11-01;4.3;30912.0;308.0;4.31;16642968.87
354380 RINOPOLIS;2024/Nov;25.0;2024-11-01;5.2;130.0;3.0;12.0;11276.72
354390 RIO CLARO;2024/Nov;838.0;2024-11-01;6.6;5515.0;45.0;5.37;1359679.34
354400 RIO DAS PEDRAS;2024/Nov;72.0;2024-11-01;1.8;128.0;3.0;4.17;20217.88
354420 RIOLANDIA;2024/Nov;11.0;2024-11-01;4.6;51.0;1.0;9.09;4062.12
354425 ROSANA;2024/Nov;247.0;2024-11-01;3.2;790.0;4.0;1.62;116318.79
354490 SALES OLIVEIRA;2024/Nov;20.0;2024-11-01;1.4;27.0;0.0;0.0;7580.33
354500 SALESOPOLIS;2024/Nov;35.0;2024-11-01;3.1;107.0;3.0;8.57;9521.63
354520 SALTO;2024/Nov;362.0;2024-11-01;3.4;1220.0;22.0;6.08;262565.12
354530 SALTO DE PIRAPORA;2024/Nov;147.0;2024-11-01;2.3;335.0;6.0;4.08;61425.89
354540 SALTO GRANDE;2024/Nov;32.0;2024-11-01;3.6;115.0;6.0;18.75;11417.28
354560 SANTA ADELIA;2024/Nov;66.0;2024-11-01;3.3;221.0;3.0;4.55;44051.76
354580 SANTA BARBARA D'OESTE;2024/Nov;651.0;2024-11-01;3.0;1960.0;35.0;5.38;821160.74
354630 SANTA CRUZ DAS PALMEIRAS;2024/Nov;106.0;2024-11-01;2.0;212.0;2.0;1.89;49069.42
354640 SANTA CRUZ DO RIO PARDO;2024/Nov;336.0;2024-11-01;3.6;1218.0;21.0;6.25;421966.71
354660 SANTA FE DO SUL;2024/Nov;253.0;2024-11-01;5.0;1253.0;9.0;3.56;267391.92
354680 SANTA ISABEL;2024/Nov;162.0;2024-11-01;4.9;786.0;7.0;4.32;205150.16
354730 SANTANA DE PARNAIBA;2024/Nov;322.0;2024-11-01;3.9;1266.0;9.0;2.8;113098.28
354750 SANTA RITA DO PASSA QUATRO;2024/Nov;129.0;2024-11-01;11.6;1492.0;6.0;4.65;96291.47
354760 SANTA ROSA DE VITERBO;2024/Nov;159.0;2024-11-01;2.4;383.0;4.0;2.52;82237.32
354770 SANTO ANASTACIO;2024/Nov;123.0;2024-11-01;2.8;340.0;3.0;2.44;39745.74
354780 SANTO ANDRE;2024/Nov;3798.0;2024-11-01;5.0;18849.0;272.0;7.16;6866579.52
354790 SANTO ANTONIO DA ALEGRIA;2024/Nov;8.0;2024-11-01;3.1;25.0;0.0;0.0;2594.63
354850 SANTOS;2024/Nov;2696.0;2024-11-01;5.8;15543.0;152.0;5.64;5376951.76
354860 SAO BENTO DO SAPUCAI;2024/Nov;36.0;2024-11-01;3.0;107.0;7.0;19.44;17088.71
354870 SAO BERNARDO DO CAMPO;2024/Nov;3178.0;2024-11-01;5.9;18794.0;160.0;5.03;6210073.27
354880 SAO CAETANO DO SUL;2024/Nov;1006.0;2024-11-01;4.0;4012.0;61.0;6.06;1265084.97
354890 SAO CARLOS;2024/Nov;1498.0;2024-11-01;4.2;6325.0;79.0;5.27;2788473.96
354910 SAO JOAO DA BOA VISTA;2024/Nov;467.0;2024-11-01;4.1;1925.0;46.0;9.85;817902.52
354940 SAO JOAQUIM DA BARRA;2024/Nov;228.0;2024-11-01;3.4;778.0;15.0;6.58;267905.37
354970 SAO JOSE DO RIO PARDO;2024/Nov;354.0;2024-11-01;2.9;1041.0;20.0;5.65;326883.57
354980 SAO JOSE DO RIO PRETO;2024/Nov;6780.0;2024-11-01;4.9;33030.0;297.0;4.38;20188203.06
354990 SAO JOSE DOS CAMPOS;2024/Nov;4668.0;2024-11-01;4.8;22481.0;222.0;4.76;9608088.52
355000 SAO LUIS DO PARAITINGA;2024/Nov;11.0;2024-11-01;5.5;60.0;1.0;9.09;3951.94
355010 SAO MANUEL;2024/Nov;125.0;2024-11-01;5.1;632.0;11.0;8.8;166700.78
355020 SAO MIGUEL ARCANJO;2024/Nov;95.0;2024-11-01;15.2;1442.0;9.0;9.47;60513.54
355030 SAO PAULO;2024/Nov;59764.0;2024-11-01;5.3;318213.0;2831.0;4.74;133624256.96
355040 SAO PEDRO;2024/Nov;262.0;2024-11-01;1.6;418.0;6.0;2.29;247751.79
355060 SAO ROQUE;2024/Nov;380.0;2024-11-01;4.3;1651.0;32.0;8.42;368670.62
355070 SAO SEBASTIAO;2024/Nov;407.0;2024-11-01;3.6;1449.0;10.0;2.46;419982.38
355080 SAO SEBASTIAO DA GRAMA;2024/Nov;48.0;2024-11-01;3.9;188.0;2.0;4.17;15700.04
355090 SAO SIMAO;2024/Nov;35.0;2024-11-01;6.0;209.0;3.0;8.57;20951.31
355100 SAO VICENTE;2024/Nov;846.0;2024-11-01;4.9;4125.0;36.0;4.26;1114747.75
355150 SERRANA;2024/Nov;362.0;2024-11-01;4.1;1480.0;10.0;2.76;363916.99
355160 SERRA NEGRA;2024/Nov;99.0;2024-11-01;3.6;355.0;7.0;7.07;42518.85
355170 SERTAOZINHO;2024/Nov;493.0;2024-11-01;3.1;1541.0;27.0;5.48;759869.58
355200 SILVEIRAS;2024/Nov;4.0;2024-11-01;3.0;12.0;1.0;25.0;1473.95
355210 SOCORRO;2024/Nov;245.0;2024-11-01;2.1;513.0;15.0;6.12;188055.96
355220 SOROCABA;2024/Nov;4767.0;2024-11-01;5.2;24692.0;293.0;6.15;9748226.4
355230 SUD MENNUCCI;2024/Nov;17.0;2024-11-01;2.8;47.0;0.0;0.0;8548.1
355240 SUMARE;2024/Nov;1036.0;2024-11-01;4.7;4911.0;45.0;4.34;1949966.32
355250 SUZANO;2024/Nov;833.0;2024-11-01;6.9;5725.0;54.0;6.48;911179.17
355260 TABAPUA;2024/Nov;57.0;2024-11-01;3.5;199.0;3.0;5.26;28778.19
355270 TABATINGA;2024/Nov;56.0;2024-11-01;4.1;230.0;2.0;3.57;44063.45
355280 TABOAO DA SERRA;2024/Nov;1787.0;2024-11-01;4.8;8596.0;76.0;4.25;2909314.18
355300 TAGUAI;2024/Nov;49.0;2024-11-01;3.4;166.0;3.0;6.12;21124.08
355330 TAMBAU;2024/Nov;108.0;2024-11-01;2.5;273.0;3.0;2.78;46865.74
355340 TANABI;2024/Nov;78.0;2024-11-01;9.3;728.0;1.0;1.28;59417.11
355360 TAPIRATIBA;2024/Nov;24.0;2024-11-01;3.1;75.0;2.0;8.33;14212.41
355370 TAQUARITINGA;2024/Nov;319.0;2024-11-01;3.0;955.0;12.0;3.76;183833.63
355380 TAQUARITUBA;2024/Nov;142.0;2024-11-01;2.8;392.0;2.0;1.41;52209.67
355400 TATUI;2024/Nov;408.0;2024-11-01;4.1;1674.0;21.0;5.15;378924.86
355410 TAUBATE;2024/Nov;1825.0;2024-11-01;4.4;8034.0;94.0;5.15;3970140.71
355430 TEODORO SAMPAIO;2024/Nov;89.0;2024-11-01;3.2;282.0;3.0;3.37;25665.96
355440 TERRA ROXA;2024/Nov;3.0;2024-11-01;4.0;12.0;0.0;0.0;1489.74
355450 TIETE;2024/Nov;161.0;2024-11-01;2.7;440.0;5.0;3.11;77052.4
355470 TORRINHA;2024/Nov;6.0;2024-11-01;3.2;19.0;0.0;0.0;1137.47
355500 TUPA;2024/Nov;662.0;2024-11-01;5.7;3786.0;38.0;5.74;1107330.73
355510 TUPI PAULISTA;2024/Nov;78.0;2024-11-01;4.5;348.0;4.0;5.13;43805.55
355540 UBATUBA;2024/Nov;393.0;2024-11-01;3.1;1224.0;22.0;5.6;257292.26
355580 URANIA;2024/Nov;26.0;2024-11-01;2.8;72.0;2.0;7.69;9165.8
355600 URUPES;2024/Nov;39.0;2024-11-01;5.1;197.0;2.0;5.13;18078.99
355620 VALINHOS;2024/Nov;350.0;2024-11-01;5.1;1779.0;27.0;7.71;548876.09
355630 VALPARAISO;2024/Nov;80.0;2024-11-01;2.8;221.0;4.0;5.0;39096.16
355640 VARGEM GRANDE DO SUL;2024/Nov;164.0;2024-11-01;4.4;726.0;8.0;4.88;88128.62
355650 VARZEA PAULISTA;2024/Nov;78.0;2024-11-01;3.9;308.0;8.0;10.26;24910.73
355670 VINHEDO;2024/Nov;484.0;2024-11-01;3.2;1535.0;20.0;4.13;433356.92
355680 VIRADOURO;2024/Nov;24.0;2024-11-01;3.1;75.0;0.0;0.0;9179.4
355700 VOTORANTIM;2024/Nov;322.0;2024-11-01;4.3;1375.0;24.0;7.45;330341.66
355710 VOTUPORANGA;2024/Nov;877.0;2024-11-01;3.9;3426.0;56.0;6.39;1595195.97
355720 CHAVANTES;2024/Nov;91.0;2024-11-01;2.9;261.0;5.0;5.49;35134.46
350010 ADAMANTINA;2024/Dez;389.0;2024-12-01;8.4;3284.0;23.0;5.91;461850.66
350030 AGUAI;2024/Dez;49.0;2024-12-01;4.6;225.0;2.0;4.08;21949.56
350050 AGUAS DE LINDOIA;2024/Dez;84.0;2024-12-01;4.1;348.0;7.0;8.33;37182.96
350070 AGUDOS;2024/Dez;72.0;2024-12-01;1.6;112.0;0.0;0.0;30675.97
350100 ALTINOPOLIS;2024/Dez;159.0;2024-12-01;2.1;333.0;3.0;1.89;42070.28
350110 ALTO ALEGRE;2024/Dez;4.0;2024-12-01;2.5;10.0;0.0;0.0;1965.94
350130 ALVARES MACHADO;2024/Dez;45.0;2024-12-01;2.8;128.0;2.0;4.44;10618.54
350160 AMERICANA;2024/Dez;687.0;2024-12-01;4.9;3356.0;64.0;9.32;731759.55
350170 AMERICO BRASILIENSE;2024/Dez;312.0;2024-12-01;3.9;1215.0;8.0;2.56;326695.53
350190 AMPARO;2024/Dez;452.0;2024-12-01;12.2;5496.0;25.0;5.53;642361.1
350210 ANDRADINA;2024/Dez;286.0;2024-12-01;4.0;1132.0;26.0;9.09;305355.7
350220 ANGATUBA;2024/Dez;98.0;2024-12-01;3.4;338.0;4.0;4.08;38997.9
350250 APARECIDA;2024/Dez;248.0;2024-12-01;3.5;858.0;10.0;4.03;331771.73
350260 APARECIDA D'OESTE;2024/Dez;14.0;2024-12-01;2.5;35.0;0.0;0.0;4394.69
350270 APIAI;2024/Dez;256.0;2024-12-01;3.0;771.0;6.0;2.34;139099.77
350280 ARACATUBA;2024/Dez;1023.0;2024-12-01;6.8;6992.0;118.0;11.53;3233602.14
350310 ARANDU;2024/Dez;7.0;2024-12-01;4.3;30.0;0.0;0.0;2859.88
350320 ARARAQUARA;2024/Dez;1619.0;2024-12-01;3.7;5937.0;75.0;4.63;3117660.05
350330 ARARAS;2024/Dez;494.0;2024-12-01;4.2;2064.0;35.0;7.09;1054281.96
350340 AREALVA;2024/Dez;16.0;2024-12-01;2.1;34.0;0.0;0.0;5050.76
350390 ARUJA;2024/Dez;153.0;2024-12-01;2.7;414.0;5.0;3.27;72457.5
350400 ASSIS;2024/Dez;705.0;2024-12-01;4.1;2870.0;41.0;5.82;1156405.54
350410 ATIBAIA;2024/Dez;310.0;2024-12-01;4.1;1258.0;25.0;8.06;241945.27
350420 AURIFLAMA;2024/Dez;192.0;2024-12-01;1.6;308.0;1.0;0.52;151273.58
350450 AVARE;2024/Dez;551.0;2024-12-01;4.1;2268.0;22.0;3.99;836401.99
350520 BARIRI;2024/Dez;113.0;2024-12-01;2.5;282.0;6.0;5.31;51800.22
350530 BARRA BONITA;2024/Dez;149.0;2024-12-01;2.4;365.0;8.0;5.37;87459.6
350550 BARRETOS;2024/Dez;2236.0;2024-12-01;5.0;11266.0;166.0;7.42;7175222.63
350570 BARUERI;2024/Dez;2295.0;2024-12-01;4.4;10049.0;104.0;4.53;2182191.02
350580 BASTOS;2024/Dez;104.0;2024-12-01;1.8;191.0;2.0;1.92;45390.76
350590 BATATAIS;2024/Dez;303.0;2024-12-01;3.1;940.0;14.0;4.62;317243.22
350600 BAURU;2024/Dez;3199.0;2024-12-01;5.9;18854.0;109.0;3.41;5939653.25
350610 BEBEDOURO;2024/Dez;607.0;2024-12-01;2.8;1687.0;24.0;3.95;441664.65
350630 BERNARDINO DE CAMPOS;2024/Dez;53.0;2024-12-01;3.2;172.0;11.0;20.75;31528.44
350635 BERTIOGA;2024/Dez;248.0;2024-12-01;3.7;910.0;18.0;7.26;105000.56
350640 BILAC;2024/Dez;29.0;2024-12-01;3.6;103.0;0.0;0.0;12190.91
350650 BIRIGUI;2024/Dez;340.0;2024-12-01;4.8;1619.0;17.0;5.0;402334.21
350670 BOA ESPERANCA DO SUL;2024/Dez;1.0;2024-12-01;2.0;2.0;0.0;0.0;366.35
350680 BOCAINA;2024/Dez;11.0;2024-12-01;3.3;36.0;0.0;0.0;6339.49
350700 BOITUVA;2024/Dez;140.0;2024-12-01;3.0;414.0;8.0;5.71;76960.02
350710 BOM JESUS DOS PERDOES;2024/Dez;15.0;2024-12-01;6.9;103.0;1.0;6.67;5072.46
350740 BORBOREMA;2024/Dez;44.0;2024-12-01;3.9;170.0;4.0;9.09;19089.39
350750 BOTUCATU;2024/Dez;2128.0;2024-12-01;6.1;12998.0;132.0;6.2;6684400.6
350760 BRAGANCA PAULISTA;2024/Dez;1424.0;2024-12-01;3.8;5349.0;94.0;6.6;2930395.05
350790 BROTAS;2024/Dez;54.0;2024-12-01;4.0;214.0;0.0;0.0;28188.52
350810 BURITAMA;2024/Dez;61.0;2024-12-01;3.7;228.0;4.0;6.56;33261.7
350840 CABREUVA;2024/Dez;51.0;2024-12-01;2.7;140.0;1.0;1.96;23016.16
350850 CACAPAVA;2024/Dez;237.0;2024-12-01;3.7;866.0;22.0;9.28;187998.78
350870 CACONDE;2024/Dez;70.0;2024-12-01;2.8;196.0;4.0;5.71;104597.65
350880 CAFELANDIA;2024/Dez;68.0;2024-12-01;2.9;196.0;5.0;7.35;26795.03
350900 CAIEIRAS;2024/Dez;345.0;2024-12-01;2.7;921.0;5.0;1.45;161750.55
350920 CAJAMAR;2024/Dez;231.0;2024-12-01;3.5;799.0;13.0;5.63;99322.35
350930 CAJOBI;2024/Dez;28.0;2024-12-01;2.2;62.0;2.0;7.14;10775.17
350940 CAJURU;2024/Dez;270.0;2024-12-01;3.4;906.0;7.0;2.59;127132.35
350950 CAMPINAS;2024/Dez;6438.0;2024-12-01;6.0;38396.0;353.0;5.48;17055247.48
350960 CAMPO LIMPO PAULISTA;2024/Dez;362.0;2024-12-01;3.0;1080.0;20.0;5.52;331599.18
350970 CAMPOS DO JORDAO;2024/Dez;207.0;2024-12-01;20.2;4183.0;13.0;6.28;403120.46
351000 CANDIDO MOTA;2024/Dez;135.0;2024-12-01;3.3;452.0;8.0;5.93;93145.03
351020 CAPAO BONITO;2024/Dez;194.0;2024-12-01;3.7;727.0;11.0;5.67;204217.41
351040 CAPIVARI;2024/Dez;234.0;2024-12-01;2.8;666.0;21.0;8.97;248084.5
351050 CARAGUATATUBA;2024/Dez;1654.0;2024-12-01;3.5;5864.0;70.0;4.23;2054300.24
351060 CARAPICUIBA;2024/Dez;1559.0;2024-12-01;3.3;5136.0;59.0;3.78;1401474.04
351070 CARDOSO;2024/Dez;28.0;2024-12-01;2.9;80.0;1.0;3.57;12825.67
351080 CASA BRANCA;2024/Dez;183.0;2024-12-01;12.7;2319.0;5.0;2.73;178588.54
351100 CASTILHO;2024/Dez;42.0;2024-12-01;3.2;133.0;5.0;11.9;20410.87
351110 CATANDUVA;2024/Dez;1433.0;2024-12-01;9.5;13543.0;99.0;6.91;3418547.75
351140 CERQUEIRA CESAR;2024/Dez;115.0;2024-12-01;3.5;399.0;4.0;3.48;46390.49
351150 CERQUILHO;2024/Dez;38.0;2024-12-01;4.4;168.0;1.0;2.63;13381.71
351160 CESARIO LANGE;2024/Dez;42.0;2024-12-01;3.5;149.0;7.0;16.67;21416.81
351170 CHARQUEADA;2024/Dez;27.0;2024-12-01;3.4;91.0;2.0;7.41;8465.91
351190 CLEMENTINA;2024/Dez;25.0;2024-12-01;3.8;96.0;0.0;0.0;8969.18
351200 COLINA;2024/Dez;82.0;2024-12-01;4.0;326.0;7.0;8.54;139599.74
351210 COLOMBIA;2024/Dez;2.0;2024-12-01;2.5;5.0;0.0;0.0;88.44
351220 CONCHAL;2024/Dez;151.0;2024-12-01;1.8;274.0;5.0;3.31;73522.82
351230 CONCHAS;2024/Dez;23.0;2024-12-01;3.6;82.0;3.0;13.04;7321.09
351280 COSMOPOLIS;2024/Dez;150.0;2024-12-01;3.2;481.0;17.0;11.33;138665.62
351300 COTIA;2024/Dez;1112.0;2024-12-01;3.8;4213.0;40.0;3.6;1165514.75
351310 CRAVINHOS;2024/Dez;8.0;2024-12-01;25.5;204.0;0.0;0.0;5655.95
351340 CRUZEIRO;2024/Dez;463.0;2024-12-01;5.9;2742.0;37.0;7.99;739376.93
351350 CUBATAO;2024/Dez;474.0;2024-12-01;6.6;3124.0;39.0;8.23;644710.03
351360 CUNHA;2024/Dez;110.0;2024-12-01;2.9;321.0;4.0;3.64;58891.57
351370 DESCALVADO;2024/Dez;156.0;2024-12-01;2.5;388.0;3.0;1.92;75550.32
351380 DIADEMA;2024/Dez;1886.0;2024-12-01;5.4;10242.0;77.0;4.08;2479527.15
351390 DIVINOLANDIA;2024/Dez;279.0;2024-12-01;3.8;1065.0;5.0;1.79;260758.58
351410 DOIS CORREGOS;2024/Dez;86.0;2024-12-01;4.1;349.0;4.0;4.65;37850.03
351440 DRACENA;2024/Dez;271.0;2024-12-01;5.2;1398.0;35.0;12.92;532871.36
351450 DUARTINA;2024/Dez;123.0;2024-12-01;1.8;217.0;6.0;4.88;36438.26
351500 EMBU DAS ARTES;2024/Dez;270.0;2024-12-01;3.9;1063.0;20.0;7.41;128603.57
351510 EMBU-GUACU;2024/Dez;56.0;2024-12-01;1.1;59.0;2.0;3.57;20817.52
351518 ESPIRITO SANTO DO PINHAL;2024/Dez;305.0;2024-12-01;22.7;6932.0;17.0;5.57;695878.46
351520 ESTRELA D'OESTE;2024/Dez;92.0;2024-12-01;2.8;257.0;3.0;3.26;37074.1
351540 FARTURA;2024/Dez;63.0;2024-12-01;3.0;188.0;1.0;1.59;22071.42
351550 FERNANDOPOLIS;2024/Dez;501.0;2024-12-01;3.9;1949.0;27.0;5.39;601306.41
351570 FERRAZ DE VASCONCELOS;2024/Dez;552.0;2024-12-01;4.0;2227.0;21.0;3.8;408311.0
351600 FLORIDA PAULISTA;2024/Dez;77.0;2024-12-01;2.9;225.0;3.0;3.9;28525.28
351620 FRANCA;2024/Dez;1871.0;2024-12-01;5.8;10770.0;107.0;5.72;4378313.89
351630 FRANCISCO MORATO;2024/Dez;1002.0;2024-12-01;4.1;4146.0;40.0;3.99;842550.96
351640 FRANCO DA ROCHA;2024/Dez;554.0;2024-12-01;10.1;5592.0;46.0;8.3;745812.8
351660 GALIA;2024/Dez;11.0;2024-12-01;15.3;168.0;0.0;0.0;7083.37
351670 GARCA;2024/Dez;257.0;2024-12-01;21.2;5458.0;12.0;4.67;539459.72
351690 GENERAL SALGADO;2024/Dez;52.0;2024-12-01;3.5;184.0;1.0;1.92;19883.6
351700 GETULINA;2024/Dez;14.0;2024-12-01;4.5;63.0;1.0;7.14;3880.51
351740 GUAIRA;2024/Dez;247.0;2024-12-01;2.9;711.0;14.0;5.67;344943.02
351760 GUAPIARA;2024/Dez;16.0;2024-12-01;4.0;64.0;0.0;0.0;5996.15
351770 GUARA;2024/Dez;40.0;2024-12-01;2.2;88.0;0.0;0.0;19267.28
351780 GUARACAI;2024/Dez;46.0;2024-12-01;4.0;184.0;1.0;2.17;19121.3
351820 GUARARAPES;2024/Dez;144.0;2024-12-01;4.2;609.0;7.0;4.86;59502.91
351830 GUARAREMA;2024/Dez;93.0;2024-12-01;4.6;430.0;6.0;6.45;38391.07
351840 GUARATINGUETA;2024/Dez;510.0;2024-12-01;4.0;2020.0;34.0;6.67;925337.25
351860 GUARIBA;2024/Dez;101.0;2024-12-01;2.7;274.0;5.0;4.95;45893.61
351870 GUARUJA;2024/Dez;1329.0;2024-12-01;5.8;7674.0;80.0;6.02;2306681.23
351880 GUARULHOS;2024/Dez;4053.0;2024-12-01;5.6;22866.0;290.0;7.16;5547483.99
351900 HERCULANDIA;2024/Dez;56.0;2024-12-01;3.2;178.0;1.0;1.79;18037.26
351907 HORTOLANDIA;2024/Dez;412.0;2024-12-01;4.5;1843.0;30.0;7.28;396319.86
351910 IACANGA;2024/Dez;35.0;2024-12-01;2.6;90.0;1.0;2.86;10644.37
351930 IBATE;2024/Dez;65.0;2024-12-01;2.3;150.0;5.0;7.69;33203.6
351940 IBIRA;2024/Dez;44.0;2024-12-01;3.0;130.0;0.0;0.0;14490.45
351960 IBITINGA;2024/Dez;352.0;2024-12-01;2.9;1008.0;21.0;5.97;339708.97
351970 IBIUNA;2024/Dez;337.0;2024-12-01;3.4;1130.0;7.0;2.08;186749.94
351990 IEPE;2024/Dez;51.0;2024-12-01;3.0;155.0;3.0;5.88;17763.94
352010 IGARAPAVA;2024/Dez;93.0;2024-12-01;5.8;537.0;3.0;3.23;51879.99
352040 ILHABELA;2024/Dez;258.0;2024-12-01;2.8;732.0;11.0;4.26;207217.31
352044 ILHA SOLTEIRA;2024/Dez;227.0;2024-12-01;3.9;890.0;13.0;5.73;230508.05
352050 INDAIATUBA;2024/Dez;1694.0;2024-12-01;3.3;5597.0;49.0;2.89;1882656.06
352070 INDIAPORA;2024/Dez;39.0;2024-12-01;2.9;112.0;2.0;5.13;14391.33
352090 IPAUSSU;2024/Dez;34.0;2024-12-01;4.4;149.0;3.0;8.82;19858.6
352130 IPUA;2024/Dez;62.0;2024-12-01;2.7;168.0;1.0;1.61;28617.83
352170 ITABERA;2024/Dez;103.0;2024-12-01;2.0;210.0;3.0;2.91;52505.87
352180 ITAI;2024/Dez;52.0;2024-12-01;2.9;152.0;5.0;9.62;22280.05
352190 ITAJOBI;2024/Dez;88.0;2024-12-01;4.7;417.0;8.0;9.09;33259.56
352210 ITANHAEM;2024/Dez;960.0;2024-12-01;4.7;4504.0;62.0;6.46;1318781.39
352220 ITAPECERICA DA SERRA;2024/Dez;1297.0;2024-12-01;4.0;5224.0;69.0;5.32;1445107.2
352230 ITAPETININGA;2024/Dez;796.0;2024-12-01;6.0;4742.0;69.0;8.67;807745.05
352240 ITAPEVA;2024/Dez;736.0;2024-12-01;4.3;3150.0;62.0;8.42;1153925.87
352250 ITAPEVI;2024/Dez;1206.0;2024-12-01;4.5;5439.0;44.0;3.65;1116040.43
352260 ITAPIRA;2024/Dez;496.0;2024-12-01;24.0;11924.0;33.0;6.65;1195659.59
352270 ITAPOLIS;2024/Dez;209.0;2024-12-01;3.6;753.0;11.0;5.26;241081.62
352280 ITAPORANGA;2024/Dez;89.0;2024-12-01;2.2;192.0;5.0;5.62;39416.88
352290 ITAPUI;2024/Dez;9.0;2024-12-01;5.3;48.0;0.0;0.0;4620.74
352310 ITAQUAQUECETUBA;2024/Dez;1277.0;2024-12-01;6.2;7858.0;97.0;7.6;1693118.37
352320 ITARARE;2024/Dez;371.0;2024-12-01;1.2;463.0;9.0;2.43;234219.8
352340 ITATIBA;2024/Dez;459.0;2024-12-01;3.2;1489.0;19.0;4.14;469008.24
352350 ITATINGA;2024/Dez;27.0;2024-12-01;3.9;104.0;0.0;0.0;7557.48
352360 ITIRAPINA;2024/Dez;6.0;2024-12-01;3.0;18.0;0.0;0.0;2140.64
352390 ITU;2024/Dez;696.0;2024-12-01;6.8;4751.0;51.0;7.33;1098262.66
352400 ITUPEVA;2024/Dez;160.0;2024-12-01;3.1;491.0;3.0;1.88;70498.31
352410 ITUVERAVA;2024/Dez;285.0;2024-12-01;3.6;1017.0;22.0;7.72;391985.87
352420 JABORANDI;2024/Dez;8.0;2024-12-01;2.1;17.0;0.0;0.0;2612.27
352430 JABOTICABAL;2024/Dez;170.0;2024-12-01;3.9;665.0;10.0;5.88;172244.23
352440 JACAREI;2024/Dez;1052.0;2024-12-01;4.4;4608.0;56.0;5.32;1702212.65
352450 JACI;2024/Dez;58.0;2024-12-01;12.8;744.0;0.0;0.0;74980.73
352470 JAGUARIUNA;2024/Dez;191.0;2024-12-01;4.6;876.0;13.0;6.81;334532.27
352480 JALES;2024/Dez;644.0;2024-12-01;3.2;2088.0;54.0;8.39;1066817.16
352520 JARINU;2024/Dez;75.0;2024-12-01;3.0;224.0;5.0;6.67;15664.98
352530 JAU;2024/Dez;1954.0;2024-12-01;5.4;10644.0;105.0;5.37;5082261.83
352550 JOANOPOLIS;2024/Dez;22.0;2024-12-01;3.7;82.0;1.0;4.55;8578.23
352570 JOSE BONIFACIO;2024/Dez;157.0;2024-12-01;4.3;673.0;6.0;3.82;73167.53
352590 JUNDIAI;2024/Dez;3423.0;2024-12-01;4.7;16015.0;119.0;3.48;4761912.75
352600 JUNQUEIROPOLIS;2024/Dez;107.0;2024-12-01;4.4;468.0;2.0;1.87;56699.16
352640 LARANJAL PAULISTA;2024/Dez;131.0;2024-12-01;2.6;339.0;7.0;5.34;58301.51
352670 LEME;2024/Dez;405.0;2024-12-01;3.0;1219.0;23.0;5.68;359458.21
352680 LENCOIS PAULISTA;2024/Dez;192.0;2024-12-01;4.3;835.0;13.0;6.77;292755.2
352690 LIMEIRA;2024/Dez;1193.0;2024-12-01;4.4;5196.0;63.0;5.28;3327247.61
352710 LINS;2024/Dez;484.0;2024-12-01;6.3;3035.0;28.0;5.79;516760.1
352720 LORENA;2024/Dez;387.0;2024-12-01;5.1;1967.0;20.0;5.17;620380.65
352730 LOUVEIRA;2024/Dez;209.0;2024-12-01;2.1;448.0;4.0;1.91;118510.08
352740 LUCELIA;2024/Dez;39.0;2024-12-01;3.2;125.0;2.0;5.13;10034.52
352800 MACATUBA;2024/Dez;54.0;2024-12-01;2.5;137.0;3.0;5.56;17707.32
352810 MACAUBAL;2024/Dez;5.0;2024-12-01;5.0;25.0;0.0;0.0;2312.97
352850 MAIRIPORA;2024/Dez;283.0;2024-12-01;2.6;733.0;16.0;5.65;88188.05
352880 MARACAI;2024/Dez;60.0;2024-12-01;3.1;185.0;1.0;1.67;55547.98
352900 MARILIA;2024/Dez;2088.0;2024-12-01;5.8;12156.0;140.0;6.7;5518276.25
352920 MARTINOPOLIS;2024/Dez;217.0;2024-12-01;2.0;427.0;6.0;2.76;105060.69
352930 MATAO;2024/Dez;493.0;2024-12-01;4.2;2055.0;26.0;5.27;1137102.86
352940 MAUA;2024/Dez;1155.0;2024-12-01;5.3;6086.0;66.0;5.71;1458862.22
352970 MIGUELOPOLIS;2024/Dez;57.0;2024-12-01;4.3;243.0;1.0;1.75;23137.78
353010 MIRANDOPOLIS;2024/Dez;220.0;2024-12-01;4.4;978.0;19.0;8.64;211866.38
353030 MIRASSOL;2024/Dez;160.0;2024-12-01;2.0;314.0;2.0;1.25;69903.88
353050 MOCOCA;2024/Dez;361.0;2024-12-01;3.0;1087.0;20.0;5.54;340111.37
353060 MOGI DAS CRUZES;2024/Dez;2712.0;2024-12-01;4.7;12765.0;184.0;6.78;4522845.25
353070 MOGI GUACU;2024/Dez;817.0;2024-12-01;4.5;3698.0;60.0;7.34;1463371.78
353080 MOGI MIRIM;2024/Dez;355.0;2024-12-01;4.3;1530.0;31.0;8.73;776965.73
353110 MONGAGUA;2024/Dez;84.0;2024-12-01;3.6;302.0;7.0;8.33;22372.7
353130 MONTE ALTO;2024/Dez;213.0;2024-12-01;4.1;877.0;13.0;6.1;337112.79
353140 MONTE APRAZIVEL;2024/Dez;163.0;2024-12-01;2.0;328.0;1.0;0.61;60921.66
353150 MONTE AZUL PAULISTA;2024/Dez;120.0;2024-12-01;1.7;204.0;0.0;0.0;170728.55
353180 MONTE MOR;2024/Dez;82.0;2024-12-01;3.1;258.0;4.0;4.88;38384.17
353190 MORRO AGUDO;2024/Dez;111.0;2024-12-01;3.0;335.0;8.0;7.21;141112.25
353200 MORUNGABA;2024/Dez;11.0;2024-12-01;2.5;27.0;2.0;18.18;4307.59
353240 NAZARE PAULISTA;2024/Dez;29.0;2024-12-01;5.0;145.0;2.0;6.9;11088.36
353250 NEVES PAULISTA;2024/Dez;3.0;2024-12-01;4.3;13.0;0.0;0.0;798.09
353260 NHANDEARA;2024/Dez;114.0;2024-12-01;2.5;288.0;2.0;1.75;64231.74
353290 NOVA EUROPA;2024/Dez;31.0;2024-12-01;5.6;175.0;2.0;6.45;11258.14
353300 NOVA GRANADA;2024/Dez;131.0;2024-12-01;2.6;346.0;4.0;3.05;50987.66
353340 NOVA ODESSA;2024/Dez;110.0;2024-12-01;4.1;446.0;7.0;6.36;47876.72
353350 NOVO HORIZONTE;2024/Dez;197.0;2024-12-01;3.2;625.0;7.0;3.55;221678.96
353390 OLIMPIA;2024/Dez;309.0;2024-12-01;4.4;1367.0;22.0;7.12;303581.82
353430 ORLANDIA;2024/Dez;153.0;2024-12-01;1.8;273.0;3.0;1.96;79630.68
353440 OSASCO;2024/Dez;2176.0;2024-12-01;6.1;13203.0;176.0;8.09;2925633.51
353460 OSVALDO CRUZ;2024/Dez;204.0;2024-12-01;3.3;670.0;13.0;6.37;95029.62
353470 OURINHOS;2024/Dez;1020.0;2024-12-01;3.7;3736.0;67.0;6.57;1729115.61
353475 OUROESTE;2024/Dez;42.0;2024-12-01;3.3;139.0;3.0;7.14;18729.35
353520 PALMEIRA D'OESTE;2024/Dez;78.0;2024-12-01;2.6;206.0;0.0;0.0;22080.28
353530 PALMITAL;2024/Dez;100.0;2024-12-01;2.3;230.0;3.0;3.0;49369.32
353550 PARAGUACU PAULISTA;2024/Dez;332.0;2024-12-01;3.3;1093.0;17.0;5.12;486978.51
353580 PARANAPANEMA;2024/Dez;56.0;2024-12-01;3.2;180.0;1.0;1.79;24960.54
353600 PARAPUA;2024/Dez;0.0;2024-12-01;0.0;0.0;0.0;0.0;0.0
353620 PARIQUERA-ACU;2024/Dez;766.0;2024-12-01;4.5;3450.0;67.0;8.75;1140578.65
353630 PATROCINIO PAULISTA;2024/Dez;52.0;2024-12-01;7.2;372.0;1.0;1.92;37957.58
353650 PAULINIA;2024/Dez;642.0;2024-12-01;3.9;2527.0;31.0;4.83;541327.03
353660 PAULO DE FARIA;2024/Dez;4.0;2024-12-01;4.0;16.0;0.0;0.0;1602.2
353670 PEDERNEIRAS;2024/Dez;150.0;2024-12-01;4.3;640.0;17.0;11.33;166361.25
353700 PEDREGULHO;2024/Dez;99.0;2024-12-01;2.5;248.0;0.0;0.0;42317.45
353710 PEDREIRA;2024/Dez;61.0;2024-12-01;3.2;193.0;3.0;4.92;34201.22
353730 PENAPOLIS;2024/Dez;421.0;2024-12-01;5.4;2276.0;34.0;8.08;431312.07
353740 PEREIRA BARRETO;2024/Dez;55.0;2024-12-01;2.9;161.0;5.0;9.09;27371.55
353780 PIEDADE;2024/Dez;237.0;2024-12-01;3.2;761.0;15.0;6.33;102784.7
353790 PILAR DO SUL;2024/Dez;85.0;2024-12-01;2.4;208.0;5.0;5.88;28229.86
353800 PINDAMONHANGABA;2024/Dez;609.0;2024-12-01;5.7;3499.0;27.0;4.43;958884.21
353860 PIRACAIA;2024/Dez;37.0;2024-12-01;3.9;145.0;6.0;16.22;14499.59
353870 PIRACICABA;2024/Dez;2881.0;2024-12-01;3.1;8857.0;120.0;4.17;5604597.82
353880 PIRAJU;2024/Dez;143.0;2024-12-01;3.8;542.0;11.0;7.69;70871.3
353890 PIRAJUI;2024/Dez;101.0;2024-12-01;5.8;587.0;1.0;0.99;79364.25
353900 PIRANGI;2024/Dez;94.0;2024-12-01;2.2;210.0;0.0;0.0;46804.77
353930 PIRASSUNUNGA;2024/Dez;186.0;2024-12-01;3.9;727.0;19.0;10.22;238774.85
353940 PIRATININGA;2024/Dez;21.0;2024-12-01;3.8;80.0;1.0;4.76;4898.15
353950 PITANGUEIRAS;2024/Dez;138.0;2024-12-01;2.6;359.0;4.0;2.9;60820.07
354000 POMPEIA;2024/Dez;43.0;2024-12-01;3.0;130.0;2.0;4.65;20971.57
354020 PONTAL;2024/Dez;95.0;2024-12-01;2.2;211.0;1.0;1.05;50918.79
354040 POPULINA;2024/Dez;21.0;2024-12-01;4.6;96.0;1.0;4.76;8694.9
354060 PORTO FELIZ;2024/Dez;289.0;2024-12-01;3.4;971.0;19.0;6.57;274413.24
354070 PORTO FERREIRA;2024/Dez;154.0;2024-12-01;2.9;454.0;7.0;4.55;120303.15
354080 POTIRENDABA;2024/Dez;123.0;2024-12-01;2.3;288.0;0.0;0.0;46055.75
354100 PRAIA GRANDE;2024/Dez;691.0;2024-12-01;5.5;3816.0;54.0;7.81;913001.13
354120 PRESIDENTE BERNARDES;2024/Dez;102.0;2024-12-01;2.5;260.0;0.0;0.0;35137.43
354130 PRESIDENTE EPITACIO;2024/Dez;197.0;2024-12-01;3.0;599.0;14.0;7.11;89576.02
354140 PRESIDENTE PRUDENTE;2024/Dez;3411.0;2024-12-01;5.8;19908.0;149.0;4.37;6035562.4
354150 PRESIDENTE VENCESLAU;2024/Dez;229.0;2024-12-01;3.4;779.0;12.0;5.24;199680.49
354160 PROMISSAO;2024/Dez;286.0;2024-12-01;4.6;1326.0;15.0;5.24;356181.37
354190 QUELUZ;2024/Dez;9.0;2024-12-01;6.3;57.0;1.0;11.11;3987.04
354220 RANCHARIA;2024/Dez;253.0;2024-12-01;3.0;758.0;20.0;7.91;352653.26
354240 REGENTE FEIJO;2024/Dez;75.0;2024-12-01;2.9;216.0;4.0;5.33;23896.73
354260 REGISTRO;2024/Dez;720.0;2024-12-01;4.3;3068.0;18.0;2.5;831283.64
354290 RIBEIRAO BONITO;2024/Dez;13.0;2024-12-01;2.5;32.0;0.0;0.0;5467.96
354300 RIBEIRAO BRANCO;2024/Dez;28.0;2024-12-01;2.9;81.0;3.0;10.71;11295.59
354330 RIBEIRAO PIRES;2024/Dez;140.0;2024-12-01;7.3;1025.0;16.0;11.43;95771.3
354340 RIBEIRAO PRETO;2024/Dez;6543.0;2024-12-01;4.5;29489.0;303.0;4.63;15269901.94
354380 RINOPOLIS;2024/Dez;18.0;2024-12-01;4.2;76.0;1.0;5.56;6981.17
354390 RIO CLARO;2024/Dez;746.0;2024-12-01;7.3;5426.0;42.0;5.63;1292224.07
354400 RIO DAS PEDRAS;2024/Dez;73.0;2024-12-01;1.7;124.0;0.0;0.0;18433.66
354420 RIOLANDIA;2024/Dez;10.0;2024-12-01;1.6;16.0;2.0;20.0;2600.91
354425 ROSANA;2024/Dez;251.0;2024-12-01;3.1;790.0;5.0;1.99;114417.4
354490 SALES OLIVEIRA;2024/Dez;18.0;2024-12-01;1.8;33.0;0.0;0.0;7686.35
354500 SALESOPOLIS;2024/Dez;44.0;2024-12-01;1.9;85.0;2.0;4.55;13212.52
354520 SALTO;2024/Dez;339.0;2024-12-01;3.4;1144.0;24.0;7.08;269882.09
354530 SALTO DE PIRAPORA;2024/Dez;132.0;2024-12-01;2.4;317.0;5.0;3.79;51927.19
354540 SALTO GRANDE;2024/Dez;44.0;2024-12-01;3.5;153.0;2.0;4.55;15977.08
354560 SANTA ADELIA;2024/Dez;46.0;2024-12-01;3.3;152.0;1.0;2.17;28919.58
354580 SANTA BARBARA D'OESTE;2024/Dez;558.0;2024-12-01;3.2;1773.0;37.0;6.63;737794.37
354630 SANTA CRUZ DAS PALMEIRAS;2024/Dez;110.0;2024-12-01;2.4;267.0;6.0;5.45;50903.16
354640 SANTA CRUZ DO RIO PARDO;2024/Dez;322.0;2024-12-01;3.5;1136.0;13.0;4.04;397918.29
354660 SANTA FE DO SUL;2024/Dez;311.0;2024-12-01;5.1;1581.0;14.0;4.5;345576.42
354680 SANTA ISABEL;2024/Dez;145.0;2024-12-01;6.8;986.0;13.0;8.97;228159.85
354730 SANTANA DE PARNAIBA;2024/Dez;291.0;2024-12-01;3.7;1077.0;7.0;2.41;99528.92
354750 SANTA RITA DO PASSA QUATRO;2024/Dez;157.0;2024-12-01;11.6;1828.0;4.0;2.55;106835.03
354760 SANTA ROSA DE VITERBO;2024/Dez;74.0;2024-12-01;4.0;294.0;0.0;0.0;23350.62
354770 SANTO ANASTACIO;2024/Dez;133.0;2024-12-01;2.6;345.0;2.0;1.5;43752.19
354780 SANTO ANDRE;2024/Dez;3446.0;2024-12-01;4.7;16286.0;265.0;7.69;5734438.19
354790 SANTO ANTONIO DA ALEGRIA;2024/Dez;8.0;2024-12-01;3.5;28.0;2.0;25.0;2096.99
354850 SANTOS;2024/Dez;2510.0;2024-12-01;6.0;14945.0;140.0;5.58;5333625.45
354860 SAO BENTO DO SAPUCAI;2024/Dez;34.0;2024-12-01;3.6;124.0;2.0;5.88;13605.55
354870 SAO BERNARDO DO CAMPO;2024/Dez;3016.0;2024-12-01;6.2;18645.0;155.0;5.14;6334077.96
354880 SAO CAETANO DO SUL;2024/Dez;935.0;2024-12-01;4.2;3908.0;49.0;5.24;1258172.56
354890 SAO CARLOS;2024/Dez;1533.0;2024-12-01;4.1;6338.0;105.0;6.85;2945277.96
354910 SAO JOAO DA BOA VISTA;2024/Dez;484.0;2024-12-01;3.8;1862.0;40.0;8.26;748901.79
354940 SAO JOAQUIM DA BARRA;2024/Dez;227.0;2024-12-01;3.1;696.0;10.0;4.41;294575.63
354970 SAO JOSE DO RIO PARDO;2024/Dez;357.0;2024-12-01;3.0;1058.0;22.0;6.16;336859.44
354980 SAO JOSE DO RIO PRETO;2024/Dez;6746.0;2024-12-01;5.0;33916.0;284.0;4.21;19988506.77
354990 SAO JOSE DOS CAMPOS;2024/Dez;4098.0;2024-12-01;5.0;20314.0;239.0;5.83;8676616.24
355000 SAO LUIS DO PARAITINGA;2024/Dez;20.0;2024-12-01;4.5;91.0;4.0;20.0;7662.5
355010 SAO MANUEL;2024/Dez;129.0;2024-12-01;4.6;588.0;11.0;8.53;157291.27
355020 SAO MIGUEL ARCANJO;2024/Dez;89.0;2024-12-01;7.5;668.0;9.0;10.11;42629.84
355030 SAO PAULO;2024/Dez;56901.0;2024-12-01;5.5;314121.0;2853.0;5.01;127954069.06
355040 SAO PEDRO;2024/Dez;252.0;2024-12-01;1.5;369.0;7.0;2.78;206656.77
355060 SAO ROQUE;2024/Dez;337.0;2024-12-01;4.2;1427.0;21.0;6.23;328296.52
355070 SAO SEBASTIAO;2024/Dez;387.0;2024-12-01;4.0;1549.0;13.0;3.36;409421.02
355080 SAO SEBASTIAO DA GRAMA;2024/Dez;32.0;2024-12-01;4.1;130.0;2.0;6.25;9384.98
355090 SAO SIMAO;2024/Dez;35.0;2024-12-01;3.2;112.0;0.0;0.0;13933.2
355100 SAO VICENTE;2024/Dez;745.0;2024-12-01;5.2;3857.0;35.0;4.7;1069918.69
355150 SERRANA;2024/Dez;307.0;2024-12-01;4.9;1506.0;13.0;4.23;347177.92
355160 SERRA NEGRA;2024/Dez;90.0;2024-12-01;2.8;256.0;4.0;4.44;37572.12
355170 SERTAOZINHO;2024/Dez;495.0;2024-12-01;3.3;1645.0;24.0;4.85;742676.48
355200 SILVEIRAS;2024/Dez;1.0;2024-12-01;9.0;9.0;0.0;0.0;602.48
355210 SOCORRO;2024/Dez;216.0;2024-12-01;2.8;605.0;20.0;9.26;199037.88
355220 SOROCABA;2024/Dez;4625.0;2024-12-01;5.2;24280.0;276.0;5.97;8963153.09
355230 SUD MENNUCCI;2024/Dez;24.0;2024-12-01;4.3;103.0;0.0;0.0;11448.04
355240 SUMARE;2024/Dez;997.0;2024-12-01;4.6;4596.0;42.0;4.21;1781546.91
355250 SUZANO;2024/Dez;665.0;2024-12-01;8.0;5349.0;38.0;5.71;876288.07
355260 TABAPUA;2024/Dez;69.0;2024-12-01;2.9;199.0;2.0;2.9;42667.99
355270 TABATINGA;2024/Dez;51.0;2024-12-01;3.4;175.0;2.0;3.92;33921.76
355280 TABOAO DA SERRA;2024/Dez;1470.0;2024-12-01;4.9;7154.0;74.0;5.03;2609233.13
355300 TAGUAI;2024/Dez;53.0;2024-12-01;3.2;169.0;3.0;5.66;22665.94
355330 TAMBAU;2024/Dez;73.0;2024-12-01;2.7;199.0;0.0;0.0;28830.02
355340 TANABI;2024/Dez;112.0;2024-12-01;5.5;619.0;2.0;1.79;59619.83
355360 TAPIRATIBA;2024/Dez;22.0;2024-12-01;2.6;58.0;1.0;4.55;12229.89
355370 TAQUARITINGA;2024/Dez;337.0;2024-12-01;3.1;1042.0;24.0;7.12;212573.76
355380 TAQUARITUBA;2024/Dez;157.0;2024-12-01;2.6;406.0;4.0;2.55;59567.12
355400 TATUI;2024/Dez;362.0;2024-12-01;3.5;1284.0;19.0;5.25;271336.51
355410 TAUBATE;2024/Dez;1741.0;2024-12-01;4.2;7239.0;106.0;6.09;3959089.06
355430 TEODORO SAMPAIO;2024/Dez;2.0;2024-12-01;1.5;3.0;0.0;0.0;100.44
355440 TERRA ROXA;2024/Dez;0.0;2024-12-01;0.0;0.0;0.0;0.0;0.0
355450 TIETE;2024/Dez;166.0;2024-12-01;2.5;422.0;6.0;3.61;77736.43
355470 TORRINHA;2024/Dez;4.0;2024-12-01;2.5;10.0;0.0;0.0;1497.62
355500 TUPA;2024/Dez;661.0;2024-12-01;4.3;2854.0;51.0;7.72;1089807.55
355510 TUPI PAULISTA;2024/Dez;72.0;2024-12-01;4.2;304.0;2.0;2.78;33932.74
355540 UBATUBA;2024/Dez;358.0;2024-12-01;3.2;1139.0;7.0;1.96;250428.0
355580 URANIA;2024/Dez;38.0;2024-12-01;3.2;123.0;1.0;2.63;13796.22
355600 URUPES;2024/Dez;35.0;2024-12-01;3.6;125.0;3.0;8.57;12707.58
355620 VALINHOS;2024/Dez;305.0;2024-12-01;5.3;1605.0;26.0;8.52;499488.66
355630 VALPARAISO;2024/Dez;56.0;2024-12-01;3.3;182.0;1.0;1.79;30004.95
355640 VARGEM GRANDE DO SUL;2024/Dez;196.0;2024-12-01;3.5;679.0;14.0;7.14;104437.43
355650 VARZEA PAULISTA;2024/Dez;70.0;2024-12-01;2.8;197.0;6.0;8.57;20379.78
355670 VINHEDO;2024/Dez;459.0;2024-12-01;3.3;1522.0;22.0;4.79;407764.09
355680 VIRADOURO;2024/Dez;21.0;2024-12-01;3.0;62.0;1.0;4.76;8453.93
355700 VOTORANTIM;2024/Dez;304.0;2024-12-01;5.0;1505.0;20.0;6.58;319562.61
355710 VOTUPORANGA;2024/Dez;952.0;2024-12-01;3.3;3152.0;41.0;4.31;1576298.87
355720 CHAVANTES;2024/Dez;79.0;2024-12-01;2.8;220.0;1.0;1.27;28205.01
350010 ADAMANTINA;2025/Jan;435.0;2025-01-01;9.2;3986.0;29.0;6.67;492614.08
350030 AGUAI;2025/Jan;59.0;2025-01-01;5.0;294.0;2.0;3.39;29607.65
350050 AGUAS DE LINDOIA;2025/Jan;94.0;2025-01-01;3.1;294.0;9.0;9.57;56560.64
350070 AGUDOS;2025/Jan;97.0;2025-01-01;1.6;154.0;1.0;1.03;48401.28
350100 ALTINOPOLIS;2025/Jan;169.0;2025-01-01;2.1;353.0;1.0;0.59;44732.33
350110 ALTO ALEGRE;2025/Jan;5.0;2025-01-01;4.2;21.0;0.0;0.0;1321.5
350130 ALVARES MACHADO;2025/Jan;73.0;2025-01-01;4.5;331.0;8.0;10.96;23557.52
350160 AMERICANA;2025/Jan;732.0;2025-01-01;5.4;3946.0;62.0;8.47;957321.59
350170 AMERICO BRASILIENSE;2025/Jan;564.0;2025-01-01;4.9;2745.0;19.0;3.37;683727.09
350190 AMPARO;2025/Jan;519.0;2025-01-01;10.9;5682.0;26.0;5.01;667596.69
350210 ANDRADINA;2025/Jan;310.0;2025-01-01;3.6;1102.0;18.0;5.81;274260.36
350220 ANGATUBA;2025/Jan;134.0;2025-01-01;4.4;587.0;6.0;4.48;59073.39
350250 APARECIDA;2025/Jan;330.0;2025-01-01;3.3;1083.0;12.0;3.64;451014.17
350260 APARECIDA D'OESTE;2025/Jan;23.0;2025-01-01;3.1;72.0;0.0;0.0;7156.38
350270 APIAI;2025/Jan;248.0;2025-01-01;2.3;559.0;10.0;4.03;117938.45
350280 ARACATUBA;2025/Jan;1040.0;2025-01-01;6.5;6769.0;112.0;10.77;3225161.37
350310 ARANDU;2025/Jan;10.0;2025-01-01;3.9;39.0;0.0;0.0;3812.74
350320 ARARAQUARA;2025/Jan;1689.0;2025-01-01;3.9;6546.0;88.0;5.21;3202665.33
350330 ARARAS;2025/Jan;490.0;2025-01-01;4.6;2266.0;31.0;6.33;1071304.73
350340 AREALVA;2025/Jan;16.0;2025-01-01;2.4;38.0;0.0;0.0;4265.2
350390 ARUJA;2025/Jan;184.0;2025-01-01;2.5;452.0;3.0;1.63;88430.4
350400 ASSIS;2025/Jan;791.0;2025-01-01;4.7;3736.0;64.0;8.09;1286028.69
350410 ATIBAIA;2025/Jan;358.0;2025-01-01;4.4;1593.0;27.0;7.54;354131.07
350420 AURIFLAMA;2025/Jan;262.0;2025-01-01;1.9;494.0;2.0;0.76;223834.75
350450 AVARE;2025/Jan;593.0;2025-01-01;4.5;2691.0;28.0;4.72;974142.61
350520 BARIRI;2025/Jan;148.0;2025-01-01;3.5;519.0;10.0;6.76;66818.77
350530 BARRA BONITA;2025/Jan;186.0;2025-01-01;2.2;411.0;9.0;4.84;115093.54
350550 BARRETOS;2025/Jan;2654.0;2025-01-01;4.9;13095.0;186.0;7.01;8394443.77
350570 BARUERI;2025/Jan;2728.0;2025-01-01;3.9;10638.0;89.0;3.26;2322691.05
350580 BASTOS;2025/Jan;114.0;2025-01-01;2.1;235.0;3.0;2.63;47846.98
350590 BATATAIS;2025/Jan;351.0;2025-01-01;3.2;1125.0;21.0;5.98;380012.07
350600 BAURU;2025/Jan;3236.0;2025-01-01;5.9;18956.0;124.0;3.83;5939267.78
350610 BEBEDOURO;2025/Jan;724.0;2025-01-01;2.6;1915.0;24.0;3.31;590280.25
350630 BERNARDINO DE CAMPOS;2025/Jan;57.0;2025-01-01;3.8;215.0;6.0;10.53;22552.29
350635 BERTIOGA;2025/Jan;296.0;2025-01-01;3.6;1080.0;12.0;4.05;133055.81
350640 BILAC;2025/Jan;29.0;2025-01-01;3.1;91.0;1.0;3.45;11418.22
350650 BIRIGUI;2025/Jan;398.0;2025-01-01;4.4;1736.0;21.0;5.28;431303.01
350670 BOA ESPERANCA DO SUL;2025/Jan;3.0;2025-01-01;2.3;7.0;0.0;0.0;1245.48
350680 BOCAINA;2025/Jan;9.0;2025-01-01;2.1;19.0;1.0;11.11;3972.59
350700 BOITUVA;2025/Jan;155.0;2025-01-01;2.4;378.0;3.0;1.94;85203.35
350710 BOM JESUS DOS PERDOES;2025/Jan;14.0;2025-01-01;5.6;79.0;2.0;14.29;6709.7
350740 BORBOREMA;2025/Jan;59.0;2025-01-01;4.5;267.0;1.0;1.69;27169.43
350750 BOTUCATU;2025/Jan;2139.0;2025-01-01;6.7;14436.0;122.0;5.7;6943878.58
350760 BRAGANCA PAULISTA;2025/Jan;1590.0;2025-01-01;3.6;5714.0;80.0;5.03;3156814.85
350790 BROTAS;2025/Jan;52.0;2025-01-01;4.9;253.0;2.0;3.85;28411.07
350810 BURITAMA;2025/Jan;75.0;2025-01-01;3.9;291.0;4.0;5.33;43235.11
350840 CABREUVA;2025/Jan;65.0;2025-01-01;3.3;217.0;2.0;3.08;28751.79
350850 CACAPAVA;2025/Jan;274.0;2025-01-01;3.9;1076.0;31.0;11.31;294719.51
350870 CACONDE;2025/Jan;89.0;2025-01-01;2.9;259.0;1.0;1.12;80389.58
350880 CAFELANDIA;2025/Jan;99.0;2025-01-01;2.0;197.0;2.0;2.02;38908.47
350900 CAIEIRAS;2025/Jan;357.0;2025-01-01;3.3;1173.0;3.0;0.84;210906.5
350920 CAJAMAR;2025/Jan;282.0;2025-01-01;4.2;1184.0;15.0;5.32;114212.52
350930 CAJOBI;2025/Jan;39.0;2025-01-01;7.9;308.0;1.0;2.56;15083.0
350940 CAJURU;2025/Jan;324.0;2025-01-01;3.6;1160.0;8.0;2.47;169124.68
350950 CAMPINAS;2025/Jan;7533.0;2025-01-01;5.5;41756.0;357.0;4.74;21030790.48
350960 CAMPO LIMPO PAULISTA;2025/Jan;381.0;2025-01-01;3.6;1358.0;19.0;4.99;424629.3
350970 CAMPOS DO JORDAO;2025/Jan;235.0;2025-01-01;22.4;5272.0;14.0;5.96;508285.63
351000 CANDIDO MOTA;2025/Jan;209.0;2025-01-01;3.1;644.0;12.0;5.74;134736.32
351020 CAPAO BONITO;2025/Jan;220.0;2025-01-01;3.3;736.0;12.0;5.45;268309.32
351040 CAPIVARI;2025/Jan;174.0;2025-01-01;3.2;552.0;3.0;1.72;167010.04
351050 CARAGUATATUBA;2025/Jan;1850.0;2025-01-01;3.6;6746.0;66.0;3.57;2297141.97
351060 CARAPICUIBA;2025/Jan;1555.0;2025-01-01;3.6;5650.0;49.0;3.15;1631961.2
351070 CARDOSO;2025/Jan;36.0;2025-01-01;3.6;128.0;2.0;5.56;13796.25
351080 CASA BRANCA;2025/Jan;192.0;2025-01-01;10.3;1973.0;11.0;5.73;154893.78
351100 CASTILHO;2025/Jan;97.0;2025-01-01;2.0;190.0;4.0;4.12;55612.55
351110 CATANDUVA;2025/Jan;1527.0;2025-01-01;10.6;16239.0;99.0;6.48;3559706.4
351140 CERQUEIRA CESAR;2025/Jan;133.0;2025-01-01;3.0;405.0;5.0;3.76;58900.73
351150 CERQUILHO;2025/Jan;82.0;2025-01-01;4.2;345.0;6.0;7.32;52400.4
351160 CESARIO LANGE;2025/Jan;31.0;2025-01-01;3.0;93.0;2.0;6.45;22162.31
351170 CHARQUEADA;2025/Jan;21.0;2025-01-01;3.2;68.0;4.0;19.05;5229.8
351190 CLEMENTINA;2025/Jan;30.0;2025-01-01;4.7;140.0;2.0;6.67;10091.12
351200 COLINA;2025/Jan;78.0;2025-01-01;3.7;291.0;6.0;7.69;113657.95
351210 COLOMBIA;2025/Jan;5.0;2025-01-01;4.6;23.0;0.0;0.0;1115.52
351220 CONCHAL;2025/Jan;133.0;2025-01-01;2.0;261.0;3.0;2.26;76843.41
351230 CONCHAS;2025/Jan;46.0;2025-01-01;3.6;167.0;1.0;2.17;16397.63
351280 COSMOPOLIS;2025/Jan;146.0;2025-01-01;3.6;525.0;12.0;8.22;146216.91
351300 COTIA;2025/Jan;1176.0;2025-01-01;4.1;4849.0;60.0;5.1;1205160.84
351310 CRAVINHOS;2025/Jan;29.0;2025-01-01;6.2;179.0;1.0;3.45;12263.78
351340 CRUZEIRO;2025/Jan;424.0;2025-01-01;5.5;2330.0;40.0;9.43;566236.52
351350 CUBATAO;2025/Jan;525.0;2025-01-01;5.9;3075.0;35.0;6.67;657427.91
351360 CUNHA;2025/Jan;122.0;2025-01-01;2.8;337.0;4.0;3.28;72832.11
351370 DESCALVADO;2025/Jan;162.0;2025-01-01;2.6;420.0;6.0;3.7;101932.63
351380 DIADEMA;2025/Jan;1835.0;2025-01-01;5.7;10438.0;70.0;3.81;2618780.68
351390 DIVINOLANDIA;2025/Jan;389.0;2025-01-01;10.6;4123.0;2.0;0.51;814345.87
351410 DOIS CORREGOS;2025/Jan;78.0;2025-01-01;3.4;266.0;2.0;2.56;30516.55
351440 DRACENA;2025/Jan;320.0;2025-01-01;5.6;1790.0;35.0;10.94;577510.71
351450 DUARTINA;2025/Jan;149.0;2025-01-01;1.6;233.0;8.0;5.37;40002.82
351500 EMBU DAS ARTES;2025/Jan;295.0;2025-01-01;4.5;1334.0;12.0;4.07;126412.46
351510 EMBU-GUACU;2025/Jan;92.0;2025-01-01;1.6;146.0;8.0;8.7;35936.95
351518 ESPIRITO SANTO DO PINHAL;2025/Jan;345.0;2025-01-01;26.4;9101.0;14.0;4.06;828584.87
351520 ESTRELA D'OESTE;2025/Jan;98.0;2025-01-01;2.6;259.0;0.0;0.0;37098.73
351540 FARTURA;2025/Jan;61.0;2025-01-01;3.2;193.0;6.0;9.84;24838.91
351550 FERNANDOPOLIS;2025/Jan;540.0;2025-01-01;3.5;1873.0;27.0;5.0;577041.41
351570 FERRAZ DE VASCONCELOS;2025/Jan;486.0;2025-01-01;4.5;2188.0;14.0;2.88;339839.17
351600 FLORIDA PAULISTA;2025/Jan;102.0;2025-01-01;2.9;300.0;1.0;0.98;32597.23
351620 FRANCA;2025/Jan;1995.0;2025-01-01;5.4;10758.0;105.0;5.26;4848584.74
351630 FRANCISCO MORATO;2025/Jan;993.0;2025-01-01;4.0;3926.0;43.0;4.33;769666.66
351640 FRANCO DA ROCHA;2025/Jan;615.0;2025-01-01;8.7;5357.0;35.0;5.69;781996.22
351660 GALIA;2025/Jan;0.0;2025-01-01;0.0;0.0;0.0;0.0;0.0
351670 GARCA;2025/Jan;274.0;2025-01-01;18.1;4951.0;12.0;4.38;570862.57
351690 GENERAL SALGADO;2025/Jan;67.0;2025-01-01;3.8;256.0;3.0;4.48;28820.38
351700 GETULINA;2025/Jan;27.0;2025-01-01;5.5;149.0;1.0;3.7;8963.44
351740 GUAIRA;2025/Jan;275.0;2025-01-01;2.9;804.0;15.0;5.45;327413.79
351760 GUAPIARA;2025/Jan;17.0;2025-01-01;4.9;84.0;5.0;29.41;6697.03
351770 GUARA;2025/Jan;81.0;2025-01-01;2.6;212.0;0.0;0.0;39164.6
351780 GUARACAI;2025/Jan;66.0;2025-01-01;3.0;197.0;1.0;1.52;28209.82
351820 GUARARAPES;2025/Jan;143.0;2025-01-01;4.4;627.0;9.0;6.29;62856.53
351830 GUARAREMA;2025/Jan;86.0;2025-01-01;3.5;298.0;1.0;1.16;33800.77
351840 GUARATINGUETA;2025/Jan;550.0;2025-01-01;4.7;2569.0;38.0;6.91;867005.8
351860 GUARIBA;2025/Jan;95.0;2025-01-01;3.1;293.0;1.0;1.05;55915.8
351870 GUARUJA;2025/Jan;1302.0;2025-01-01;5.6;7266.0;75.0;5.76;2237095.19
351880 GUARULHOS;2025/Jan;4348.0;2025-01-01;5.3;22933.0;287.0;6.6;6086974.31
351900 HERCULANDIA;2025/Jan;70.0;2025-01-01;3.1;220.0;0.0;0.0;24822.31
351907 HORTOLANDIA;2025/Jan;480.0;2025-01-01;3.4;1633.0;18.0;3.75;387997.39
351910 IACANGA;2025/Jan;22.0;2025-01-01;3.1;69.0;0.0;0.0;7534.03
351930 IBATE;2025/Jan;88.0;2025-01-01;2.2;193.0;1.0;1.14;45210.82
351940 IBIRA;2025/Jan;45.0;2025-01-01;3.5;159.0;1.0;2.22;15101.7
351960 IBITINGA;2025/Jan;371.0;2025-01-01;3.1;1159.0;24.0;6.47;364871.31
351970 IBIUNA;2025/Jan;343.0;2025-01-01;4.7;1605.0;11.0;3.21;179618.37
351990 IEPE;2025/Jan;52.0;2025-01-01;3.6;186.0;0.0;0.0;20699.44
352010 IGARAPAVA;2025/Jan;93.0;2025-01-01;4.5;422.0;3.0;3.23;51934.17
352040 ILHABELA;2025/Jan;312.0;2025-01-01;2.3;723.0;4.0;1.28;248598.88
352044 ILHA SOLTEIRA;2025/Jan;209.0;2025-01-01;4.3;899.0;12.0;5.74;235774.57
352050 INDAIATUBA;2025/Jan;1911.0;2025-01-01;8.7;16616.0;66.0;3.45;2819345.71
352070 INDIAPORA;2025/Jan;41.0;2025-01-01;2.9;120.0;1.0;2.44;14800.37
352090 IPAUSSU;2025/Jan;55.0;2025-01-01;3.3;179.0;2.0;3.64;21957.23
352130 IPUA;2025/Jan;66.0;2025-01-01;4.7;308.0;2.0;3.03;26616.88
352170 ITABERA;2025/Jan;102.0;2025-01-01;2.3;232.0;3.0;2.94;53581.35
352180 ITAI;2025/Jan;58.0;2025-01-01;3.3;189.0;4.0;6.9;25339.75
352190 ITAJOBI;2025/Jan;67.0;2025-01-01;5.4;362.0;2.0;2.99;21957.66
352210 ITANHAEM;2025/Jan;1077.0;2025-01-01;4.3;4665.0;57.0;5.29;1279069.0
352220 ITAPECERICA DA SERRA;2025/Jan;1369.0;2025-01-01;3.9;5294.0;69.0;5.04;1538306.89
352230 ITAPETININGA;2025/Jan;871.0;2025-01-01;5.6;4865.0;64.0;7.35;978017.39
352240 ITAPEVA;2025/Jan;731.0;2025-01-01;4.3;3133.0;42.0;5.75;1174571.15
352250 ITAPEVI;2025/Jan;1340.0;2025-01-01;4.5;6021.0;31.0;2.31;1429324.95
352260 ITAPIRA;2025/Jan;581.0;2025-01-01;21.0;12208.0;28.0;4.82;1067304.58
352270 ITAPOLIS;2025/Jan;232.0;2025-01-01;3.3;773.0;15.0;6.47;276023.99
352280 ITAPORANGA;2025/Jan;88.0;2025-01-01;2.2;197.0;3.0;3.41;34391.83
352290 ITAPUI;2025/Jan;13.0;2025-01-01;6.5;85.0;0.0;0.0;5040.1
352310 ITAQUAQUECETUBA;2025/Jan;1158.0;2025-01-01;6.4;7368.0;66.0;5.7;1223372.82
352320 ITARARE;2025/Jan;284.0;2025-01-01;1.9;533.0;18.0;6.34;182147.05
352340 ITATIBA;2025/Jan;486.0;2025-01-01;3.9;1878.0;15.0;3.09;548136.93
352350 ITATINGA;2025/Jan;25.0;2025-01-01;3.8;96.0;1.0;4.0;6248.45
352360 ITIRAPINA;2025/Jan;14.0;2025-01-01;3.7;52.0;1.0;7.14;5945.65
352390 ITU;2025/Jan;730.0;2025-01-01;6.4;4643.0;41.0;5.62;1081996.96
352400 ITUPEVA;2025/Jan;158.0;2025-01-01;3.4;539.0;8.0;5.06;72058.67
352410 ITUVERAVA;2025/Jan;300.0;2025-01-01;4.6;1370.0;22.0;7.33;458988.57
352420 JABORANDI;2025/Jan;2.0;2025-01-01;2.5;5.0;0.0;0.0;889.07
352430 JABOTICABAL;2025/Jan;202.0;2025-01-01;4.5;919.0;5.0;2.48;192922.16
352440 JACAREI;2025/Jan;1060.0;2025-01-01;4.4;4702.0;70.0;6.6;1813253.93
352450 JACI;2025/Jan;75.0;2025-01-01;4.9;371.0;1.0;1.33;38274.23
352470 JAGUARIUNA;2025/Jan;250.0;2025-01-01;3.9;971.0;11.0;4.4;380185.29
352480 JALES;2025/Jan;778.0;2025-01-01;3.4;2641.0;55.0;7.07;1321182.56
352520 JARINU;2025/Jan;57.0;2025-01-01;4.3;247.0;3.0;5.26;14588.99
352530 JAU;2025/Jan;2225.0;2025-01-01;4.8;10652.0;134.0;6.02;6282359.49
352550 JOANOPOLIS;2025/Jan;26.0;2025-01-01;5.7;147.0;2.0;7.69;9661.75
352570 JOSE BONIFACIO;2025/Jan;233.0;2025-01-01;3.0;699.0;7.0;3.0;97827.52
352590 JUNDIAI;2025/Jan;3608.0;2025-01-01;4.2;15051.0;127.0;3.52;4818408.08
352600 JUNQUEIROPOLIS;2025/Jan;104.0;2025-01-01;7.1;740.0;5.0;4.81;44334.51
352640 LARANJAL PAULISTA;2025/Jan;140.0;2025-01-01;3.4;469.0;10.0;7.14;61630.21
352670 LEME;2025/Jan;478.0;2025-01-01;3.5;1681.0;33.0;6.9;476287.97
352680 LENCOIS PAULISTA;2025/Jan;223.0;2025-01-01;3.5;781.0;6.0;2.69;327476.78
352690 LIMEIRA;2025/Jan;1270.0;2025-01-01;4.1;5174.0;71.0;5.59;3368847.64
352710 LINS;2025/Jan;572.0;2025-01-01;6.3;3615.0;36.0;6.29;699112.69
352720 LORENA;2025/Jan;416.0;2025-01-01;5.0;2082.0;22.0;5.29;676659.39
352730 LOUVEIRA;2025/Jan;217.0;2025-01-01;2.1;460.0;10.0;4.61;135858.14
352740 LUCELIA;2025/Jan;49.0;2025-01-01;3.0;146.0;4.0;8.16;14249.93
352800 MACATUBA;2025/Jan;55.0;2025-01-01;2.6;145.0;6.0;10.91;17547.71
352810 MACAUBAL;2025/Jan;21.0;2025-01-01;2.1;44.0;0.0;0.0;7428.99
352850 MAIRIPORA;2025/Jan;225.0;2025-01-01;2.5;561.0;6.0;2.67;63370.27
352880 MARACAI;2025/Jan;67.0;2025-01-01;3.3;221.0;1.0;1.49;37214.57
352900 MARILIA;2025/Jan;2294.0;2025-01-01;6.3;14418.0;149.0;6.5;6003766.55
352920 MARTINOPOLIS;2025/Jan;254.0;2025-01-01;2.6;650.0;8.0;3.15;101986.39
352930 MATAO;2025/Jan;539.0;2025-01-01;4.0;2178.0;20.0;3.71;1200276.01
352940 MAUA;2025/Jan;1203.0;2025-01-01;4.9;5946.0;77.0;6.4;1431194.5
352970 MIGUELOPOLIS;2025/Jan;87.0;2025-01-01;3.2;281.0;0.0;0.0;38303.92
353010 MIRANDOPOLIS;2025/Jan;286.0;2025-01-01;4.7;1333.0;27.0;9.44;316730.37
353030 MIRASSOL;2025/Jan;214.0;2025-01-01;2.2;480.0;1.0;0.47;89102.31
353050 MOCOCA;2025/Jan;409.0;2025-01-01;3.8;1561.0;28.0;6.85;490046.48
353060 MOGI DAS CRUZES;2025/Jan;2789.0;2025-01-01;5.0;13849.0;157.0;5.63;4920783.58
353070 MOGI GUACU;2025/Jan;902.0;2025-01-01;4.8;4295.0;69.0;7.65;1542606.97
353080 MOGI MIRIM;2025/Jan;402.0;2025-01-01;4.2;1703.0;33.0;8.21;758857.99
353110 MONGAGUA;2025/Jan;88.0;2025-01-01;3.0;262.0;2.0;2.27;21439.93
353130 MONTE ALTO;2025/Jan;207.0;2025-01-01;4.9;1016.0;14.0;6.76;361602.17
353140 MONTE APRAZIVEL;2025/Jan;264.0;2025-01-01;2.4;627.0;1.0;0.38;122662.87
353150 MONTE AZUL PAULISTA;2025/Jan;138.0;2025-01-01;3.2;441.0;1.0;0.72;170239.02
353180 MONTE MOR;2025/Jan;89.0;2025-01-01;3.2;289.0;2.0;2.25;42364.93
353190 MORRO AGUDO;2025/Jan;134.0;2025-01-01;3.0;397.0;8.0;5.97;143570.05
353200 MORUNGABA;2025/Jan;15.0;2025-01-01;3.1;46.0;2.0;13.33;6775.54
353240 NAZARE PAULISTA;2025/Jan;43.0;2025-01-01;6.7;290.0;2.0;4.65;14931.58
353250 NEVES PAULISTA;2025/Jan;7.0;2025-01-01;1.6;11.0;0.0;0.0;1159.36
353260 NHANDEARA;2025/Jan;210.0;2025-01-01;2.8;588.0;8.0;3.81;121860.04
353290 NOVA EUROPA;2025/Jan;28.0;2025-01-01;3.9;110.0;3.0;10.71;9420.79
353300 NOVA GRANADA;2025/Jan;177.0;2025-01-01;3.0;527.0;5.0;2.82;67739.06
353340 NOVA ODESSA;2025/Jan;98.0;2025-01-01;6.7;661.0;8.0;8.16;57656.61
353350 NOVO HORIZONTE;2025/Jan;228.0;2025-01-01;2.8;642.0;11.0;4.82;235087.14
353390 OLIMPIA;2025/Jan;325.0;2025-01-01;4.2;1366.0;20.0;6.15;302903.51
353430 ORLANDIA;2025/Jan;177.0;2025-01-01;1.6;280.0;4.0;2.26;77978.44
353440 OSASCO;2025/Jan;2255.0;2025-01-01;6.0;13485.0;157.0;6.96;3080824.13
353460 OSVALDO CRUZ;2025/Jan;233.0;2025-01-01;3.4;803.0;11.0;4.72;118403.58
353470 OURINHOS;2025/Jan;933.0;2025-01-01;4.1;3819.0;57.0;6.11;1474737.24
353475 OUROESTE;2025/Jan;84.0;2025-01-01;3.1;258.0;1.0;1.19;29815.73
353520 PALMEIRA D'OESTE;2025/Jan;91.0;2025-01-01;2.9;263.0;0.0;0.0;26954.93
353530 PALMITAL;2025/Jan;128.0;2025-01-01;2.7;348.0;5.0;3.91;62634.14
353550 PARAGUACU PAULISTA;2025/Jan;563.0;2025-01-01;2.4;1369.0;22.0;3.91;774314.73
353580 PARANAPANEMA;2025/Jan;55.0;2025-01-01;4.5;248.0;4.0;7.27;24424.18
353600 PARAPUA;2025/Jan;0.0;2025-01-01;0.0;0.0;0.0;0.0;0.0
353620 PARIQUERA-ACU;2025/Jan;864.0;2025-01-01;4.2;3594.0;59.0;6.83;1089424.47
353630 PATROCINIO PAULISTA;2025/Jan;67.0;2025-01-01;4.2;284.0;2.0;2.99;37149.03
353650 PAULINIA;2025/Jan;695.0;2025-01-01;3.7;2566.0;35.0;5.04;593220.83
353660 PAULO DE FARIA;2025/Jan;10.0;2025-01-01;6.1;61.0;1.0;10.0;2500.76
353670 PEDERNEIRAS;2025/Jan;164.0;2025-01-01;4.2;695.0;14.0;8.54;161108.22
353700 PEDREGULHO;2025/Jan;88.0;2025-01-01;2.6;228.0;1.0;1.14;40968.37
353710 PEDREIRA;2025/Jan;72.0;2025-01-01;3.7;267.0;15.0;20.83;46437.63
353730 PENAPOLIS;2025/Jan;499.0;2025-01-01;6.7;3334.0;37.0;7.41;576289.62
353740 PEREIRA BARRETO;2025/Jan;81.0;2025-01-01;3.5;287.0;5.0;6.17;35510.33
353780 PIEDADE;2025/Jan;226.0;2025-01-01;3.2;719.0;14.0;6.19;105265.82
353790 PILAR DO SUL;2025/Jan;69.0;2025-01-01;3.0;210.0;3.0;4.35;26211.05
353800 PINDAMONHANGABA;2025/Jan;619.0;2025-01-01;4.6;2819.0;23.0;3.72;730610.49
353860 PIRACAIA;2025/Jan;38.0;2025-01-01;5.0;190.0;6.0;15.79;13308.27
353870 PIRACICABA;2025/Jan;3088.0;2025-01-01;3.1;9598.0;110.0;3.56;6050255.89
353880 PIRAJU;2025/Jan;176.0;2025-01-01;3.2;559.0;8.0;4.55;75285.6
353890 PIRAJUI;2025/Jan;123.0;2025-01-01;2.1;255.0;3.0;2.44;60540.0
353900 PIRANGI;2025/Jan;90.0;2025-01-01;2.6;230.0;1.0;1.11;42795.79
353930 PIRASSUNUNGA;2025/Jan;187.0;2025-01-01;5.1;950.0;17.0;9.09;267650.44
353940 PIRATININGA;2025/Jan;25.0;2025-01-01;2.6;66.0;0.0;0.0;4453.96
353950 PITANGUEIRAS;2025/Jan;132.0;2025-01-01;2.6;346.0;3.0;2.27;52622.08
354000 POMPEIA;2025/Jan;47.0;2025-01-01;3.3;155.0;3.0;6.38;20573.72
354020 PONTAL;2025/Jan;167.0;2025-01-01;1.5;244.0;3.0;1.8;86746.0
354040 POPULINA;2025/Jan;21.0;2025-01-01;4.0;83.0;0.0;0.0;7375.85
354060 PORTO FELIZ;2025/Jan;325.0;2025-01-01;2.9;950.0;8.0;2.46;280304.04
354070 PORTO FERREIRA;2025/Jan;243.0;2025-01-01;3.3;802.0;18.0;7.41;204910.93
354080 POTIRENDABA;2025/Jan;129.0;2025-01-01;2.4;314.0;3.0;2.33;41498.89
354100 PRAIA GRANDE;2025/Jan;773.0;2025-01-01;5.4;4177.0;36.0;4.66;866368.93
354120 PRESIDENTE BERNARDES;2025/Jan;109.0;2025-01-01;2.2;237.0;0.0;0.0;34892.64
354130 PRESIDENTE EPITACIO;2025/Jan;272.0;2025-01-01;2.9;800.0;13.0;4.78;113704.78
354140 PRESIDENTE PRUDENTE;2025/Jan;3633.0;2025-01-01;5.8;21063.0;152.0;4.18;6802176.18
354150 PRESIDENTE VENCESLAU;2025/Jan;224.0;2025-01-01;4.0;903.0;6.0;2.68;246832.01
354160 PROMISSAO;2025/Jan;341.0;2025-01-01;4.1;1396.0;17.0;4.99;364321.89
354190 QUELUZ;2025/Jan;17.0;2025-01-01;4.2;72.0;0.0;0.0;7690.45
354220 RANCHARIA;2025/Jan;322.0;2025-01-01;2.9;918.0;14.0;4.35;323976.54
354240 REGENTE FEIJO;2025/Jan;72.0;2025-01-01;2.8;204.0;2.0;2.78;23154.26
354260 REGISTRO;2025/Jan;723.0;2025-01-01;3.8;2745.0;24.0;3.32;795048.29
354290 RIBEIRAO BONITO;2025/Jan;16.0;2025-01-01;2.4;38.0;4.0;25.0;6771.27
354300 RIBEIRAO BRANCO;2025/Jan;42.0;2025-01-01;3.2;134.0;5.0;11.9;17080.7
354330 RIBEIRAO PIRES;2025/Jan;154.0;2025-01-01;5.9;906.0;11.0;7.14;94166.05
354340 RIBEIRAO PRETO;2025/Jan;7233.0;2025-01-01;4.5;32448.0;354.0;4.89;16728183.05
354380 RINOPOLIS;2025/Jan;16.0;2025-01-01;3.0;48.0;0.0;0.0;5404.51
354390 RIO CLARO;2025/Jan;810.0;2025-01-01;7.2;5858.0;26.0;3.21;1328025.61
354400 RIO DAS PEDRAS;2025/Jan;63.0;2025-01-01;1.4;91.0;3.0;4.76;14916.32
354420 RIOLANDIA;2025/Jan;12.0;2025-01-01;4.1;49.0;1.0;8.33;3830.24
354425 ROSANA;2025/Jan;271.0;2025-01-01;11.9;3231.0;9.0;3.32;189216.08
354490 SALES OLIVEIRA;2025/Jan;32.0;2025-01-01;1.6;52.0;0.0;0.0;9353.18
354500 SALESOPOLIS;2025/Jan;36.0;2025-01-01;2.5;89.0;1.0;2.78;13095.21
354520 SALTO;2025/Jan;413.0;2025-01-01;3.4;1395.0;17.0;4.12;281090.71
354530 SALTO DE PIRAPORA;2025/Jan;248.0;2025-01-01;1.6;400.0;8.0;3.23;115007.28
354540 SALTO GRANDE;2025/Jan;54.0;2025-01-01;3.8;204.0;1.0;1.85;19620.02
354560 SANTA ADELIA;2025/Jan;88.0;2025-01-01;3.5;311.0;2.0;2.27;49881.61
354580 SANTA BARBARA D'OESTE;2025/Jan;708.0;2025-01-01;2.9;2049.0;33.0;4.66;951192.44
354630 SANTA CRUZ DAS PALMEIRAS;2025/Jan;86.0;2025-01-01;2.3;199.0;3.0;3.49;40236.48
354640 SANTA CRUZ DO RIO PARDO;2025/Jan;295.0;2025-01-01;4.0;1182.0;21.0;7.12;406172.02
354660 SANTA FE DO SUL;2025/Jan;335.0;2025-01-01;4.9;1645.0;23.0;6.87;371768.86
354680 SANTA ISABEL;2025/Jan;169.0;2025-01-01;5.4;916.0;6.0;3.55;185868.95
354730 SANTANA DE PARNAIBA;2025/Jan;317.0;2025-01-01;5.9;1874.0;19.0;5.99;115861.09
354750 SANTA RITA DO PASSA QUATRO;2025/Jan;152.0;2025-01-01;10.5;1596.0;3.0;1.97;101792.08
354760 SANTA ROSA DE VITERBO;2025/Jan;90.0;2025-01-01;4.5;405.0;4.0;4.44;30882.05
354770 SANTO ANASTACIO;2025/Jan;198.0;2025-01-01;2.4;482.0;2.0;1.01;61135.59
354780 SANTO ANDRE;2025/Jan;3922.0;2025-01-01;4.5;17575.0;292.0;7.45;7346439.65
354790 SANTO ANTONIO DA ALEGRIA;2025/Jan;7.0;2025-01-01;2.6;18.0;0.0;0.0;2330.38
354850 SANTOS;2025/Jan;2789.0;2025-01-01;6.0;16747.0;139.0;4.98;6060315.09
354860 SAO BENTO DO SAPUCAI;2025/Jan;43.0;2025-01-01;3.9;167.0;5.0;11.63;19314.16
354870 SAO BERNARDO DO CAMPO;2025/Jan;3319.0;2025-01-01;5.6;18739.0;147.0;4.43;9184140.79
354880 SAO CAETANO DO SUL;2025/Jan;1026.0;2025-01-01;4.0;4089.0;69.0;6.73;1265564.4
354890 SAO CARLOS;2025/Jan;1571.0;2025-01-01;3.9;6155.0;84.0;5.35;2899952.36
354910 SAO JOAO DA BOA VISTA;2025/Jan;512.0;2025-01-01;4.2;2161.0;49.0;9.57;833617.6
354940 SAO JOAQUIM DA BARRA;2025/Jan;262.0;2025-01-01;3.1;814.0;10.0;3.82;296972.77
354970 SAO JOSE DO RIO PARDO;2025/Jan;396.0;2025-01-01;3.3;1307.0;18.0;4.55;429227.46
354980 SAO JOSE DO RIO PRETO;2025/Jan;7654.0;2025-01-01;4.8;36673.0;349.0;4.56;21966534.28
354990 SAO JOSE DOS CAMPOS;2025/Jan;4640.0;2025-01-01;4.4;20647.0;208.0;4.48;9509870.85
355000 SAO LUIS DO PARAITINGA;2025/Jan;13.0;2025-01-01;6.4;83.0;2.0;15.38;4782.16
355010 SAO MANUEL;2025/Jan;197.0;2025-01-01;3.4;678.0;4.0;2.03;206493.52
355020 SAO MIGUEL ARCANJO;2025/Jan;110.0;2025-01-01;9.4;1039.0;9.0;8.18;52051.07
355030 SAO PAULO;2025/Jan;60694.0;2025-01-01;5.4;327564.0;2918.0;4.81;142220079.09
355040 SAO PEDRO;2025/Jan;279.0;2025-01-01;1.8;510.0;17.0;6.09;266809.31
355060 SAO ROQUE;2025/Jan;363.0;2025-01-01;4.2;1540.0;20.0;5.51;366588.1
355070 SAO SEBASTIAO;2025/Jan;425.0;2025-01-01;3.8;1627.0;12.0;2.82;412915.99
355080 SAO SEBASTIAO DA GRAMA;2025/Jan;39.0;2025-01-01;4.2;165.0;3.0;7.69;13524.37
355090 SAO SIMAO;2025/Jan;35.0;2025-01-01;7.4;259.0;0.0;0.0;22686.1
355100 SAO VICENTE;2025/Jan;838.0;2025-01-01;4.8;4015.0;36.0;4.3;1070418.73
355150 SERRANA;2025/Jan;360.0;2025-01-01;4.8;1745.0;18.0;5.0;434036.91
355160 SERRA NEGRA;2025/Jan;152.0;2025-01-01;3.1;465.0;7.0;4.61;64548.36
355170 SERTAOZINHO;2025/Jan;595.0;2025-01-01;3.3;1971.0;28.0;4.71;897088.8
355200 SILVEIRAS;2025/Jan;1.0;2025-01-01;5.0;5.0;0.0;0.0;582.42
355210 SOCORRO;2025/Jan;287.0;2025-01-01;2.5;704.0;12.0;4.18;252483.1
355220 SOROCABA;2025/Jan;5037.0;2025-01-01;5.1;25771.0;317.0;6.29;10040184.6
355230 SUD MENNUCCI;2025/Jan;32.0;2025-01-01;2.8;88.0;0.0;0.0;14310.75
355240 SUMARE;2025/Jan;1083.0;2025-01-01;4.6;4953.0;48.0;4.43;2179308.24
355250 SUZANO;2025/Jan;726.0;2025-01-01;7.5;5462.0;47.0;6.47;877807.44
355260 TABAPUA;2025/Jan;56.0;2025-01-01;4.0;222.0;0.0;0.0;30561.69
355270 TABATINGA;2025/Jan;68.0;2025-01-01;4.1;278.0;1.0;1.47;42217.55
355280 TABOAO DA SERRA;2025/Jan;1591.0;2025-01-01;5.0;7929.0;71.0;4.46;2647474.32
355300 TAGUAI;2025/Jan;48.0;2025-01-01;3.3;159.0;0.0;0.0;20468.7
355330 TAMBAU;2025/Jan;109.0;2025-01-01;3.4;374.0;5.0;4.59;48998.79
355340 TANABI;2025/Jan;142.0;2025-01-01;6.0;849.0;2.0;1.41;78347.16
355360 TAPIRATIBA;2025/Jan;26.0;2025-01-01;3.6;93.0;1.0;3.85;14304.13
355370 TAQUARITINGA;2025/Jan;376.0;2025-01-01;3.9;1482.0;19.0;5.05;260151.0
355380 TAQUARITUBA;2025/Jan;178.0;2025-01-01;2.7;489.0;7.0;3.93;59960.74
355400 TATUI;2025/Jan;390.0;2025-01-01;3.4;1312.0;16.0;4.1;299540.29
355410 TAUBATE;2025/Jan;1974.0;2025-01-01;3.9;7742.0;100.0;5.07;4414905.64
355430 TEODORO SAMPAIO;2025/Jan;78.0;2025-01-01;3.2;252.0;1.0;1.28;22420.55
355440 TERRA ROXA;2025/Jan;5.0;2025-01-01;3.6;18.0;2.0;40.0;2011.87
355450 TIETE;2025/Jan;153.0;2025-01-01;2.7;415.0;6.0;3.92;73980.76
355470 TORRINHA;2025/Jan;11.0;2025-01-01;3.2;35.0;0.0;0.0;2787.77
355500 TUPA;2025/Jan;674.0;2025-01-01;3.9;2646.0;52.0;7.72;1037097.29
355510 TUPI PAULISTA;2025/Jan;97.0;2025-01-01;4.4;429.0;9.0;9.28;46712.78
355540 UBATUBA;2025/Jan;389.0;2025-01-01;3.3;1296.0;9.0;2.31;235163.65
355580 URANIA;2025/Jan;33.0;2025-01-01;3.3;109.0;1.0;3.03;11352.15
355600 URUPES;2025/Jan;61.0;2025-01-01;3.3;200.0;1.0;1.64;19774.31
355620 VALINHOS;2025/Jan;347.0;2025-01-01;5.5;1913.0;24.0;6.92;563497.25
355630 VALPARAISO;2025/Jan;68.0;2025-01-01;3.4;228.0;5.0;7.35;36613.91
355640 VARGEM GRANDE DO SUL;2025/Jan;158.0;2025-01-01;4.2;665.0;9.0;5.7;74641.13
355650 VARZEA PAULISTA;2025/Jan;82.0;2025-01-01;3.2;260.0;6.0;7.32;23867.94
355670 VINHEDO;2025/Jan;496.0;2025-01-01;3.5;1756.0;26.0;5.24;473830.01
355680 VIRADOURO;2025/Jan;28.0;2025-01-01;2.9;80.0;0.0;0.0;12594.36
355700 VOTORANTIM;2025/Jan;298.0;2025-01-01;4.2;1240.0;12.0;4.03;245197.35
355710 VOTUPORANGA;2025/Jan;1056.0;2025-01-01;3.2;3420.0;59.0;5.59;1668704.65
355720 CHAVANTES;2025/Jan;93.0;2025-01-01;2.7;251.0;3.0;3.23;35145.3
350010 ADAMANTINA;2025/Fev;396.0;2025-02-01;10.5;4150.0;23.0;5.81;578976.53
350030 AGUAI;2025/Fev;35.0;2025-02-01;5.3;185.0;5.0;14.29;18365.0
350050 AGUAS DE LINDOIA;2025/Fev;95.0;2025-02-01;3.9;374.0;7.0;7.37;37799.74
350070 AGUDOS;2025/Fev;106.0;2025-02-01;1.7;182.0;0.0;0.0;48463.26
350100 ALTINOPOLIS;2025/Fev;147.0;2025-02-01;1.5;214.0;2.0;1.36;45568.69
350110 ALTO ALEGRE;2025/Fev;9.0;2025-02-01;3.2;29.0;1.0;11.11;2689.91
350130 ALVARES MACHADO;2025/Fev;77.0;2025-02-01;4.1;313.0;3.0;3.9;25744.98
350160 AMERICANA;2025/Fev;839.0;2025-02-01;4.7;3972.0;68.0;8.1;973954.17
350170 AMERICO BRASILIENSE;2025/Fev;561.0;2025-02-01;5.4;3035.0;10.0;1.78;683830.3
350190 AMPARO;2025/Fev;474.0;2025-02-01;9.9;4715.0;18.0;3.8;578761.06
350210 ANDRADINA;2025/Fev;258.0;2025-02-01;4.4;1126.0;18.0;6.98;263226.95
350220 ANGATUBA;2025/Fev;181.0;2025-02-01;2.8;500.0;4.0;2.21;66191.55
350250 APARECIDA;2025/Fev;348.0;2025-02-01;3.1;1066.0;12.0;3.45;505392.33
350260 APARECIDA D'OESTE;2025/Fev;10.0;2025-02-01;3.4;34.0;0.0;0.0;4244.72
350270 APIAI;2025/Fev;218.0;2025-02-01;2.8;614.0;6.0;2.75;111111.09
350280 ARACATUBA;2025/Fev;1133.0;2025-02-01;7.6;8660.0;127.0;11.21;3897997.5
350310 ARANDU;2025/Fev;3.0;2025-02-01;5.0;15.0;0.0;0.0;1019.78
350320 ARARAQUARA;2025/Fev;1630.0;2025-02-01;3.6;5792.0;78.0;4.79;3155103.25
350330 ARARAS;2025/Fev;512.0;2025-02-01;5.2;2645.0;28.0;5.47;1217794.62
350340 AREALVA;2025/Fev;18.0;2025-02-01;2.1;38.0;0.0;0.0;4935.4
350390 ARUJA;2025/Fev;117.0;2025-02-01;2.6;306.0;1.0;0.85;53689.42
350400 ASSIS;2025/Fev;795.0;2025-02-01;4.0;3202.0;39.0;4.91;1204763.39
350410 ATIBAIA;2025/Fev;320.0;2025-02-01;4.8;1526.0;22.0;6.88;255681.71
350420 AURIFLAMA;2025/Fev;250.0;2025-02-01;1.9;479.0;2.0;0.8;296032.98
350450 AVARE;2025/Fev;570.0;2025-02-01;4.3;2438.0;32.0;5.61;943516.65
350520 BARIRI;2025/Fev;139.0;2025-02-01;3.0;414.0;10.0;7.19;61525.16
350530 BARRA BONITA;2025/Fev;165.0;2025-02-01;2.4;404.0;11.0;6.67;103383.13
350550 BARRETOS;2025/Fev;2595.0;2025-02-01;4.5;11797.0;168.0;6.47;7730423.05
350570 BARUERI;2025/Fev;2829.0;2025-02-01;4.2;11745.0;105.0;3.71;2403776.91
350580 BASTOS;2025/Fev;105.0;2025-02-01;2.3;241.0;3.0;2.86;34907.1
350590 BATATAIS;2025/Fev;341.0;2025-02-01;4.2;1448.0;13.0;3.81;469307.06
350600 BAURU;2025/Fev;3230.0;2025-02-01;5.3;17193.0;123.0;3.81;5345030.1
350610 BEBEDOURO;2025/Fev;731.0;2025-02-01;2.8;2025.0;30.0;4.1;616641.76
350630 BERNARDINO DE CAMPOS;2025/Fev;68.0;2025-02-01;3.0;204.0;7.0;10.29;25816.42
350635 BERTIOGA;2025/Fev;235.0;2025-02-01;3.8;891.0;11.0;4.68;105570.43
350640 BILAC;2025/Fev;16.0;2025-02-01;2.4;38.0;2.0;12.5;7446.19
350650 BIRIGUI;2025/Fev;366.0;2025-02-01;4.6;1696.0;20.0;5.46;434232.27
350670 BOA ESPERANCA DO SUL;2025/Fev;1.0;2025-02-01;1.0;1.0;0.0;0.0;416.39
350680 BOCAINA;2025/Fev;11.0;2025-02-01;1.9;21.0;1.0;9.09;4836.75
350700 BOITUVA;2025/Fev;191.0;2025-02-01;2.6;490.0;4.0;2.09;97690.11
350710 BOM JESUS DOS PERDOES;2025/Fev;11.0;2025-02-01;6.5;72.0;2.0;18.18;5078.24
350740 BORBOREMA;2025/Fev;70.0;2025-02-01;2.5;177.0;1.0;1.43;30109.82
350750 BOTUCATU;2025/Fev;2235.0;2025-02-01;6.1;13611.0;127.0;5.68;6274187.6
350760 BRAGANCA PAULISTA;2025/Fev;1548.0;2025-02-01;3.3;5126.0;80.0;5.17;2963267.89
350790 BROTAS;2025/Fev;58.0;2025-02-01;4.9;286.0;5.0;8.62;29188.9
350810 BURITAMA;2025/Fev;106.0;2025-02-01;2.8;301.0;5.0;4.72;63055.55
350840 CABREUVA;2025/Fev;71.0;2025-02-01;3.4;240.0;1.0;1.41;36409.51
350850 CACAPAVA;2025/Fev;247.0;2025-02-01;4.3;1067.0;23.0;9.31;269534.44
350870 CACONDE;2025/Fev;100.0;2025-02-01;2.7;266.0;2.0;2.0;93300.73
350880 CAFELANDIA;2025/Fev;101.0;2025-02-01;2.1;216.0;3.0;2.97;36177.75
350900 CAIEIRAS;2025/Fev;362.0;2025-02-01;3.2;1170.0;5.0;1.38;219451.37
350920 CAJAMAR;2025/Fev;292.0;2025-02-01;3.7;1072.0;19.0;6.51;106205.08
350930 CAJOBI;2025/Fev;54.0;2025-02-01;2.1;114.0;0.0;0.0;22612.9
350940 CAJURU;2025/Fev;329.0;2025-02-01;3.0;995.0;9.0;2.74;180589.3
350950 CAMPINAS;2025/Fev;7109.0;2025-02-01;5.2;36823.0;353.0;4.97;18646221.38
350960 CAMPO LIMPO PAULISTA;2025/Fev;356.0;2025-02-01;3.5;1252.0;15.0;4.21;355923.74
350970 CAMPOS DO JORDAO;2025/Fev;256.0;2025-02-01;19.0;4864.0;10.0;3.91;474871.21
351000 CANDIDO MOTA;2025/Fev;199.0;2025-02-01;2.8;566.0;13.0;6.53;165667.74
351020 CAPAO BONITO;2025/Fev;182.0;2025-02-01;3.2;576.0;10.0;5.49;201355.55
351040 CAPIVARI;2025/Fev;202.0;2025-02-01;2.9;589.0;16.0;7.92;215624.71
351050 CARAGUATATUBA;2025/Fev;1796.0;2025-02-01;3.5;6371.0;72.0;4.01;2364558.38
351060 CARAPICUIBA;2025/Fev;1547.0;2025-02-01;3.5;5430.0;55.0;3.56;1623780.19
351070 CARDOSO;2025/Fev;58.0;2025-02-01;3.9;225.0;1.0;1.72;20126.15
351080 CASA BRANCA;2025/Fev;139.0;2025-02-01;7.8;1091.0;3.0;2.16;107704.86
351100 CASTILHO;2025/Fev;103.0;2025-02-01;2.8;286.0;3.0;2.91;59850.68
351110 CATANDUVA;2025/Fev;1624.0;2025-02-01;6.8;10992.0;103.0;6.34;3095151.0
351140 CERQUEIRA CESAR;2025/Fev;136.0;2025-02-01;3.1;423.0;7.0;5.15;65047.98
351150 CERQUILHO;2025/Fev;49.0;2025-02-01;4.1;199.0;3.0;6.12;23197.67
351160 CESARIO LANGE;2025/Fev;43.0;2025-02-01;2.6;112.0;1.0;2.33;25279.72
351170 CHARQUEADA;2025/Fev;24.0;2025-02-01;5.0;120.0;1.0;4.17;5984.22
351190 CLEMENTINA;2025/Fev;23.0;2025-02-01;3.6;82.0;2.0;8.7;8698.86
351200 COLINA;2025/Fev;90.0;2025-02-01;3.8;341.0;6.0;6.67;131851.39
351210 COLOMBIA;2025/Fev;1.0;2025-02-01;5.0;5.0;0.0;0.0;479.19
351220 CONCHAL;2025/Fev;165.0;2025-02-01;2.5;408.0;3.0;1.82;88356.63
351230 CONCHAS;2025/Fev;50.0;2025-02-01;3.2;159.0;2.0;4.0;17387.51
351280 COSMOPOLIS;2025/Fev;131.0;2025-02-01;3.3;427.0;19.0;14.5;108444.2
351300 COTIA;2025/Fev;1058.0;2025-02-01;3.7;3878.0;53.0;5.01;1014201.39
351310 CRAVINHOS;2025/Fev;28.0;2025-02-01;5.1;142.0;0.0;0.0;12574.89
351340 CRUZEIRO;2025/Fev;444.0;2025-02-01;5.0;2227.0;39.0;8.78;580230.55
351350 CUBATAO;2025/Fev;485.0;2025-02-01;6.3;3044.0;34.0;7.01;596459.77
351360 CUNHA;2025/Fev;115.0;2025-02-01;2.8;327.0;0.0;0.0;67942.55
351370 DESCALVADO;2025/Fev;166.0;2025-02-01;2.4;391.0;10.0;6.02;145847.99
351380 DIADEMA;2025/Fev;1812.0;2025-02-01;5.4;9798.0;55.0;3.04;2371008.42
351390 DIVINOLANDIA;2025/Fev;369.0;2025-02-01;9.0;3318.0;0.0;0.0;748074.86
351410 DOIS CORREGOS;2025/Fev;87.0;2025-02-01;4.0;346.0;6.0;6.9;52378.66
351440 DRACENA;2025/Fev;251.0;2025-02-01;5.8;1452.0;28.0;11.16;456953.5
351450 DUARTINA;2025/Fev;120.0;2025-02-01;1.9;233.0;7.0;5.83;39305.1
351500 EMBU DAS ARTES;2025/Fev;225.0;2025-02-01;4.0;894.0;19.0;8.44;87892.72
351510 EMBU-GUACU;2025/Fev;96.0;2025-02-01;1.2;117.0;10.0;10.42;36959.43
351518 ESPIRITO SANTO DO PINHAL;2025/Fev;311.0;2025-02-01;24.7;7679.0;12.0;3.86;710573.0
351520 ESTRELA D'OESTE;2025/Fev;74.0;2025-02-01;3.1;229.0;1.0;1.35;33780.32
351540 FARTURA;2025/Fev;65.0;2025-02-01;3.1;203.0;4.0;6.15;24362.01
351550 FERNANDOPOLIS;2025/Fev;510.0;2025-02-01;3.4;1719.0;34.0;6.67;606020.37
351570 FERRAZ DE VASCONCELOS;2025/Fev;588.0;2025-02-01;4.0;2342.0;22.0;3.74;475720.15
351600 FLORIDA PAULISTA;2025/Fev;76.0;2025-02-01;2.7;206.0;1.0;1.32;24562.8
351620 FRANCA;2025/Fev;1892.0;2025-02-01;5.9;11187.0;131.0;6.92;4711064.17
351630 FRANCISCO MORATO;2025/Fev;1036.0;2025-02-01;4.1;4275.0;45.0;4.34;885081.96
351640 FRANCO DA ROCHA;2025/Fev;667.0;2025-02-01;7.9;5242.0;46.0;6.9;893275.88
351660 GALIA;2025/Fev;10.0;2025-02-01;4.9;49.0;1.0;10.0;4441.62
351670 GARCA;2025/Fev;266.0;2025-02-01;16.7;4447.0;10.0;3.76;466860.52
351690 GENERAL SALGADO;2025/Fev;61.0;2025-02-01;3.7;225.0;1.0;1.64;26478.53
351700 GETULINA;2025/Fev;30.0;2025-02-01;5.7;172.0;2.0;6.67;10354.6
351740 GUAIRA;2025/Fev;285.0;2025-02-01;3.3;944.0;10.0;3.51;359258.69
351760 GUAPIARA;2025/Fev;16.0;2025-02-01;2.6;41.0;3.0;18.75;5578.14
351770 GUARA;2025/Fev;90.0;2025-02-01;2.9;258.0;0.0;0.0;44197.18
351780 GUARACAI;2025/Fev;55.0;2025-02-01;2.7;148.0;0.0;0.0;25008.05
351820 GUARARAPES;2025/Fev;145.0;2025-02-01;4.2;614.0;7.0;4.83;64199.32
351830 GUARAREMA;2025/Fev;84.0;2025-02-01;3.6;301.0;3.0;3.57;35145.71
351840 GUARATINGUETA;2025/Fev;464.0;2025-02-01;4.9;2254.0;27.0;5.82;804221.01
351860 GUARIBA;2025/Fev;121.0;2025-02-01;3.0;357.0;5.0;4.13;87691.52
351870 GUARUJA;2025/Fev;1101.0;2025-02-01;5.6;6220.0;67.0;6.09;2109192.55
351880 GUARULHOS;2025/Fev;4315.0;2025-02-01;5.2;22637.0;236.0;5.47;5783153.9
351900 HERCULANDIA;2025/Fev;77.0;2025-02-01;3.1;236.0;0.0;0.0;28840.58
351907 HORTOLANDIA;2025/Fev;455.0;2025-02-01;3.7;1702.0;29.0;6.37;383556.2
351910 IACANGA;2025/Fev;58.0;2025-02-01;2.3;131.0;0.0;0.0;12171.21
351930 IBATE;2025/Fev;84.0;2025-02-01;2.5;208.0;1.0;1.19;44237.92
351940 IBIRA;2025/Fev;41.0;2025-02-01;3.5;143.0;0.0;0.0;18039.53
351960 IBITINGA;2025/Fev;367.0;2025-02-01;3.0;1101.0;24.0;6.54;433557.37
351970 IBIUNA;2025/Fev;334.0;2025-02-01;3.4;1134.0;8.0;2.4;170966.63
351990 IEPE;2025/Fev;47.0;2025-02-01;3.2;149.0;2.0;4.26;15926.9
352010 IGARAPAVA;2025/Fev;99.0;2025-02-01;4.9;484.0;6.0;6.06;54438.48
352040 ILHABELA;2025/Fev;274.0;2025-02-01;2.7;735.0;10.0;3.65;229832.91
352044 ILHA SOLTEIRA;2025/Fev;195.0;2025-02-01;4.1;793.0;11.0;5.64;228811.15
352050 INDAIATUBA;2025/Fev;1823.0;2025-02-01;3.7;6710.0;54.0;2.96;2263660.98
352070 INDIAPORA;2025/Fev;22.0;2025-02-01;2.8;62.0;0.0;0.0;7958.69
352090 IPAUSSU;2025/Fev;48.0;2025-02-01;4.2;203.0;4.0;8.33;20564.45
352130 IPUA;2025/Fev;105.0;2025-02-01;1.8;186.0;3.0;2.86;48945.31
352170 ITABERA;2025/Fev;108.0;2025-02-01;2.3;243.0;7.0;6.48;53627.28
352180 ITAI;2025/Fev;50.0;2025-02-01;3.5;175.0;0.0;0.0;21488.78
352190 ITAJOBI;2025/Fev;71.0;2025-02-01;4.1;294.0;2.0;2.82;23162.53
352210 ITANHAEM;2025/Fev;951.0;2025-02-01;4.1;3878.0;53.0;5.57;1135167.03
352220 ITAPECERICA DA SERRA;2025/Fev;1327.0;2025-02-01;4.0;5309.0;71.0;5.35;1384587.77
352230 ITAPETININGA;2025/Fev;788.0;2025-02-01;6.0;4759.0;67.0;8.5;913406.65
352240 ITAPEVA;2025/Fev;724.0;2025-02-01;4.2;3056.0;45.0;6.22;1035301.92
352250 ITAPEVI;2025/Fev;1201.0;2025-02-01;4.0;4827.0;28.0;2.33;1055897.19
352260 ITAPIRA;2025/Fev;565.0;2025-02-01;21.2;11973.0;23.0;4.07;1130784.4
352270 ITAPOLIS;2025/Fev;271.0;2025-02-01;3.3;886.0;15.0;5.54;357330.23
352280 ITAPORANGA;2025/Fev;111.0;2025-02-01;2.2;239.0;9.0;8.11;48287.46
352290 ITAPUI;2025/Fev;15.0;2025-02-01;5.5;83.0;2.0;13.33;7336.86
352310 ITAQUAQUECETUBA;2025/Fev;1173.0;2025-02-01;6.1;7112.0;64.0;5.46;1424997.91
352320 ITARARE;2025/Fev;314.0;2025-02-01;1.7;525.0;15.0;4.78;209133.08
352340 ITATIBA;2025/Fev;450.0;2025-02-01;3.5;1559.0;29.0;6.44;438863.73
352350 ITATINGA;2025/Fev;35.0;2025-02-01;3.2;112.0;3.0;8.57;10466.04
352360 ITIRAPINA;2025/Fev;9.0;2025-02-01;4.9;44.0;1.0;11.11;3851.1
352390 ITU;2025/Fev;744.0;2025-02-01;4.8;3547.0;22.0;2.96;1000240.11
352400 ITUPEVA;2025/Fev;197.0;2025-02-01;2.6;515.0;5.0;2.54;76776.83
352410 ITUVERAVA;2025/Fev;275.0;2025-02-01;3.5;957.0;22.0;8.0;318614.27
352420 JABORANDI;2025/Fev;5.0;2025-02-01;4.0;20.0;0.0;0.0;2043.36
352430 JABOTICABAL;2025/Fev;186.0;2025-02-01;3.8;699.0;11.0;5.91;184932.37
352440 JACAREI;2025/Fev;1041.0;2025-02-01;4.2;4358.0;64.0;6.15;1680016.16
352450 JACI;2025/Fev;67.0;2025-02-01;3.9;262.0;1.0;1.49;37328.5
352470 JAGUARIUNA;2025/Fev;308.0;2025-02-01;3.3;1030.0;17.0;5.52;399492.73
352480 JALES;2025/Fev;712.0;2025-02-01;3.4;2435.0;43.0;6.04;1267233.32
352520 JARINU;2025/Fev;60.0;2025-02-01;3.8;227.0;3.0;5.0;10302.87
352530 JAU;2025/Fev;2154.0;2025-02-01;4.7;10184.0;121.0;5.62;6331199.88
352550 JOANOPOLIS;2025/Fev;16.0;2025-02-01;5.6;90.0;4.0;25.0;5430.07
352570 JOSE BONIFACIO;2025/Fev;205.0;2025-02-01;6.6;1348.0;5.0;2.44;135922.39
352590 JUNDIAI;2025/Fev;3543.0;2025-02-01;4.3;15061.0;136.0;3.84;4719559.94
352600 JUNQUEIROPOLIS;2025/Fev;90.0;2025-02-01;7.0;631.0;5.0;5.56;38812.1
352640 LARANJAL PAULISTA;2025/Fev;135.0;2025-02-01;3.4;458.0;12.0;8.89;62228.11
352670 LEME;2025/Fev;454.0;2025-02-01;3.6;1638.0;35.0;7.71;470488.33
352680 LENCOIS PAULISTA;2025/Fev;209.0;2025-02-01;3.6;753.0;5.0;2.39;265964.65
352690 LIMEIRA;2025/Fev;1339.0;2025-02-01;4.2;5583.0;74.0;5.53;3409398.69
352710 LINS;2025/Fev;552.0;2025-02-01;5.8;3174.0;27.0;4.89;572927.67
352720 LORENA;2025/Fev;444.0;2025-02-01;4.5;2009.0;25.0;5.63;660946.94
352730 LOUVEIRA;2025/Fev;200.0;2025-02-01;2.9;581.0;5.0;2.5;119938.3
352740 LUCELIA;2025/Fev;49.0;2025-02-01;4.3;213.0;8.0;16.33;15077.48
352800 MACATUBA;2025/Fev;74.0;2025-02-01;2.3;173.0;6.0;8.11;23306.67
352810 MACAUBAL;2025/Fev;9.0;2025-02-01;2.8;25.0;0.0;0.0;3772.0
352850 MAIRIPORA;2025/Fev;254.0;2025-02-01;2.3;591.0;11.0;4.33;74807.3
352880 MARACAI;2025/Fev;72.0;2025-02-01;2.5;183.0;2.0;2.78;39404.87
352900 MARILIA;2025/Fev;2367.0;2025-02-01;5.7;13507.0;133.0;5.62;5701635.18
352920 MARTINOPOLIS;2025/Fev;246.0;2025-02-01;2.1;520.0;6.0;2.44;93379.54
352930 MATAO;2025/Fev;574.0;2025-02-01;4.5;2598.0;33.0;5.75;1480360.9
352940 MAUA;2025/Fev;1112.0;2025-02-01;5.4;6023.0;79.0;7.1;1429893.06
352970 MIGUELOPOLIS;2025/Fev;70.0;2025-02-01;2.8;195.0;1.0;1.43;30390.11
353010 MIRANDOPOLIS;2025/Fev;279.0;2025-02-01;4.2;1177.0;18.0;6.45;295211.91
353030 MIRASSOL;2025/Fev;225.0;2025-02-01;2.6;587.0;1.0;0.44;96535.89
353050 MOCOCA;2025/Fev;430.0;2025-02-01;3.6;1529.0;17.0;3.95;489092.48
353060 MOGI DAS CRUZES;2025/Fev;2748.0;2025-02-01;4.7;12881.0;140.0;5.09;4650073.87
353070 MOGI GUACU;2025/Fev;830.0;2025-02-01;4.7;3869.0;66.0;7.95;1409220.17
353080 MOGI MIRIM;2025/Fev;400.0;2025-02-01;3.9;1555.0;26.0;6.5;848906.0
353110 MONGAGUA;2025/Fev;81.0;2025-02-01;3.5;287.0;4.0;4.94;19955.27
353130 MONTE ALTO;2025/Fev;188.0;2025-02-01;3.9;739.0;14.0;7.45;288221.41
353140 MONTE APRAZIVEL;2025/Fev;255.0;2025-02-01;2.5;644.0;5.0;1.96;124785.24
353150 MONTE AZUL PAULISTA;2025/Fev;121.0;2025-02-01;1.9;224.0;1.0;0.83;167691.38
353180 MONTE MOR;2025/Fev;82.0;2025-02-01;3.0;245.0;5.0;6.1;36086.55
353190 MORRO AGUDO;2025/Fev;159.0;2025-02-01;3.2;513.0;7.0;4.4;166924.81
353200 MORUNGABA;2025/Fev;12.0;2025-02-01;1.9;23.0;2.0;16.67;5761.72
353240 NAZARE PAULISTA;2025/Fev;43.0;2025-02-01;6.1;261.0;5.0;11.63;18542.26
353250 NEVES PAULISTA;2025/Fev;3.0;2025-02-01;1.7;5.0;0.0;0.0;884.49
353260 NHANDEARA;2025/Fev;209.0;2025-02-01;2.5;528.0;6.0;2.87;125045.93
353290 NOVA EUROPA;2025/Fev;25.0;2025-02-01;4.3;108.0;1.0;4.0;9624.11
353300 NOVA GRANADA;2025/Fev;170.0;2025-02-01;3.2;539.0;2.0;1.18;64119.37
353340 NOVA ODESSA;2025/Fev;109.0;2025-02-01;7.3;792.0;12.0;11.01;56899.72
353350 NOVO HORIZONTE;2025/Fev;252.0;2025-02-01;3.1;777.0;9.0;3.57;269300.48
353390 OLIMPIA;2025/Fev;314.0;2025-02-01;4.2;1316.0;18.0;5.73;312896.52
353430 ORLANDIA;2025/Fev;212.0;2025-02-01;1.6;339.0;1.0;0.47;93332.08
353440 OSASCO;2025/Fev;2279.0;2025-02-01;5.7;12999.0;143.0;6.27;2912833.93
353460 OSVALDO CRUZ;2025/Fev;235.0;2025-02-01;3.7;876.0;12.0;5.11;139873.83
353470 OURINHOS;2025/Fev;854.0;2025-02-01;4.0;3440.0;47.0;5.5;1486669.39
353475 OUROESTE;2025/Fev;86.0;2025-02-01;3.0;256.0;1.0;1.16;30077.59
353520 PALMEIRA D'OESTE;2025/Fev;68.0;2025-02-01;3.2;217.0;0.0;0.0;21604.69
353530 PALMITAL;2025/Fev;165.0;2025-02-01;3.1;507.0;5.0;3.03;90899.65
353550 PARAGUACU PAULISTA;2025/Fev;580.0;2025-02-01;2.0;1186.0;19.0;3.28;656108.84
353580 PARANAPANEMA;2025/Fev;41.0;2025-02-01;3.6;147.0;2.0;4.88;17961.3
353600 PARAPUA;2025/Fev;0.0;2025-02-01;0.0;0.0;0.0;0.0;0.0
353620 PARIQUERA-ACU;2025/Fev;868.0;2025-02-01;3.7;3205.0;53.0;6.11;1074528.72
353630 PATROCINIO PAULISTA;2025/Fev;58.0;2025-02-01;5.1;295.0;2.0;3.45;39364.68
353650 PAULINIA;2025/Fev;703.0;2025-02-01;3.7;2590.0;26.0;3.7;625328.26
353660 PAULO DE FARIA;2025/Fev;18.0;2025-02-01;7.0;126.0;0.0;0.0;6050.06
353670 PEDERNEIRAS;2025/Fev;160.0;2025-02-01;4.5;712.0;13.0;8.13;166051.65
353700 PEDREGULHO;2025/Fev;97.0;2025-02-01;2.5;246.0;1.0;1.03;41100.13
353710 PEDREIRA;2025/Fev;69.0;2025-02-01;3.1;213.0;10.0;14.49;39679.99
353730 PENAPOLIS;2025/Fev;451.0;2025-02-01;5.9;2663.0;28.0;6.21;507453.44
353740 PEREIRA BARRETO;2025/Fev;88.0;2025-02-01;3.0;264.0;9.0;10.23;53862.54
353780 PIEDADE;2025/Fev;263.0;2025-02-01;2.9;759.0;23.0;8.75;116347.2
353790 PILAR DO SUL;2025/Fev;74.0;2025-02-01;2.8;207.0;6.0;8.11;29881.45
353800 PINDAMONHANGABA;2025/Fev;574.0;2025-02-01;5.6;3217.0;19.0;3.31;868591.33
353860 PIRACAIA;2025/Fev;34.0;2025-02-01;4.1;138.0;3.0;8.82;11548.36
353870 PIRACICABA;2025/Fev;3105.0;2025-02-01;2.8;8734.0;110.0;3.54;5966496.95
353880 PIRAJU;2025/Fev;134.0;2025-02-01;3.0;407.0;9.0;6.72;71595.44
353890 PIRAJUI;2025/Fev;136.0;2025-02-01;2.0;271.0;8.0;5.88;75061.44
353900 PIRANGI;2025/Fev;112.0;2025-02-01;2.5;281.0;1.0;0.89;63568.59
353930 PIRASSUNUNGA;2025/Fev;189.0;2025-02-01;5.1;964.0;18.0;9.52;196229.56
353940 PIRATININGA;2025/Fev;20.0;2025-02-01;3.8;76.0;0.0;0.0;5199.26
353950 PITANGUEIRAS;2025/Fev;128.0;2025-02-01;2.7;347.0;6.0;4.69;54558.98
354000 POMPEIA;2025/Fev;54.0;2025-02-01;3.3;179.0;2.0;3.7;21319.5
354020 PONTAL;2025/Fev;156.0;2025-02-01;1.5;234.0;5.0;3.21;81558.24
354040 POPULINA;2025/Fev;17.0;2025-02-01;3.3;56.0;0.0;0.0;5349.03
354060 PORTO FELIZ;2025/Fev;309.0;2025-02-01;3.0;916.0;11.0;3.56;262880.48
354070 PORTO FERREIRA;2025/Fev;228.0;2025-02-01;3.0;682.0;8.0;3.51;179393.81
354080 POTIRENDABA;2025/Fev;110.0;2025-02-01;2.3;258.0;0.0;0.0;38417.24
354100 PRAIA GRANDE;2025/Fev;739.0;2025-02-01;5.3;3888.0;38.0;5.14;857631.68
354120 PRESIDENTE BERNARDES;2025/Fev;93.0;2025-02-01;2.9;272.0;3.0;3.23;32925.35
354130 PRESIDENTE EPITACIO;2025/Fev;228.0;2025-02-01;3.2;739.0;18.0;7.89;107925.08
354140 PRESIDENTE PRUDENTE;2025/Fev;3424.0;2025-02-01;5.5;18785.0;141.0;4.12;6480458.19
354150 PRESIDENTE VENCESLAU;2025/Fev;204.0;2025-02-01;4.2;848.0;10.0;4.9;233457.66
354160 PROMISSAO;2025/Fev;282.0;2025-02-01;3.8;1063.0;15.0;5.32;250660.86
354190 QUELUZ;2025/Fev;17.0;2025-02-01;4.8;81.0;0.0;0.0;6474.93
354220 RANCHARIA;2025/Fev;315.0;2025-02-01;3.0;933.0;16.0;5.08;395872.84
354240 REGENTE FEIJO;2025/Fev;112.0;2025-02-01;3.3;372.0;3.0;2.68;35701.18
354260 REGISTRO;2025/Fev;808.0;2025-02-01;3.5;2828.0;20.0;2.48;912767.62
354290 RIBEIRAO BONITO;2025/Fev;16.0;2025-02-01;3.3;52.0;2.0;12.5;7474.71
354300 RIBEIRAO BRANCO;2025/Fev;46.0;2025-02-01;3.7;169.0;2.0;4.35;17289.05
354330 RIBEIRAO PIRES;2025/Fev;141.0;2025-02-01;5.1;713.0;10.0;7.09;85474.18
354340 RIBEIRAO PRETO;2025/Fev;7269.0;2025-02-01;4.8;35131.0;281.0;3.87;17956067.26
354380 RINOPOLIS;2025/Fev;10.0;2025-02-01;5.4;54.0;0.0;0.0;3945.16
354390 RIO CLARO;2025/Fev;825.0;2025-02-01;6.3;5231.0;52.0;6.3;1367884.9
354400 RIO DAS PEDRAS;2025/Fev;81.0;2025-02-01;1.5;124.0;0.0;0.0;19053.85
354420 RIOLANDIA;2025/Fev;14.0;2025-02-01;1.4;20.0;1.0;7.14;4789.63
354425 ROSANA;2025/Fev;244.0;2025-02-01;3.3;801.0;8.0;3.28;108304.29
354490 SALES OLIVEIRA;2025/Fev;32.0;2025-02-01;2.2;70.0;0.0;0.0;11382.31
354500 SALESOPOLIS;2025/Fev;39.0;2025-02-01;3.3;128.0;0.0;0.0;13188.48
354520 SALTO;2025/Fev;357.0;2025-02-01;3.1;1112.0;24.0;6.72;277867.48
354530 SALTO DE PIRAPORA;2025/Fev;241.0;2025-02-01;1.7;418.0;3.0;1.24;223046.8
354540 SALTO GRANDE;2025/Fev;55.0;2025-02-01;3.4;188.0;4.0;7.27;19889.78
354560 SANTA ADELIA;2025/Fev;82.0;2025-02-01;3.3;267.0;1.0;1.22;47320.99
354580 SANTA BARBARA D'OESTE;2025/Fev;723.0;2025-02-01;2.4;1706.0;33.0;4.56;840160.73
354630 SANTA CRUZ DAS PALMEIRAS;2025/Fev;100.0;2025-02-01;2.0;205.0;3.0;3.0;71828.5
354640 SANTA CRUZ DO RIO PARDO;2025/Fev;290.0;2025-02-01;3.7;1072.0;15.0;5.17;343534.18
354660 SANTA FE DO SUL;2025/Fev;295.0;2025-02-01;4.8;1416.0;23.0;7.8;328680.45
354680 SANTA ISABEL;2025/Fev;156.0;2025-02-01;6.2;970.0;12.0;7.69;238935.4
354730 SANTANA DE PARNAIBA;2025/Fev;317.0;2025-02-01;4.2;1344.0;13.0;4.1;110801.97
354750 SANTA RITA DO PASSA QUATRO;2025/Fev;135.0;2025-02-01;17.1;2304.0;4.0;2.96;149068.35
354760 SANTA ROSA DE VITERBO;2025/Fev;70.0;2025-02-01;5.3;373.0;1.0;1.43;18683.56
354770 SANTO ANASTACIO;2025/Fev;173.0;2025-02-01;2.7;459.0;0.0;0.0;53384.8
354780 SANTO ANDRE;2025/Fev;3682.0;2025-02-01;4.7;17474.0;237.0;6.44;6681660.29
354790 SANTO ANTONIO DA ALEGRIA;2025/Fev;6.0;2025-02-01;3.8;23.0;0.0;0.0;3295.51
354850 SANTOS;2025/Fev;2680.0;2025-02-01;5.9;15686.0;115.0;4.29;5566486.69
354860 SAO BENTO DO SAPUCAI;2025/Fev;38.0;2025-02-01;4.1;155.0;0.0;0.0;14835.67
354870 SAO BERNARDO DO CAMPO;2025/Fev;3122.0;2025-02-01;6.0;18604.0;163.0;5.22;8210586.01
354880 SAO CAETANO DO SUL;2025/Fev;1021.0;2025-02-01;3.8;3833.0;60.0;5.88;1439370.67
354890 SAO CARLOS;2025/Fev;1570.0;2025-02-01;3.6;5630.0;67.0;4.27;2808583.91
354910 SAO JOAO DA BOA VISTA;2025/Fev;475.0;2025-02-01;3.9;1847.0;31.0;6.53;729622.23
354940 SAO JOAQUIM DA BARRA;2025/Fev;240.0;2025-02-01;3.2;766.0;13.0;5.42;310952.55
354970 SAO JOSE DO RIO PARDO;2025/Fev;357.0;2025-02-01;3.2;1159.0;23.0;6.44;395974.49
354980 SAO JOSE DO RIO PRETO;2025/Fev;7391.0;2025-02-01;4.5;33571.0;309.0;4.18;21377657.37
354990 SAO JOSE DOS CAMPOS;2025/Fev;4604.0;2025-02-01;4.6;21213.0;239.0;5.19;9710421.32
355000 SAO LUIS DO PARAITINGA;2025/Fev;15.0;2025-02-01;8.0;120.0;1.0;6.67;4921.87
355010 SAO MANUEL;2025/Fev;154.0;2025-02-01;3.5;543.0;9.0;5.84;92526.84
355020 SAO MIGUEL ARCANJO;2025/Fev;101.0;2025-02-01;5.1;511.0;9.0;8.91;44360.71
355030 SAO PAULO;2025/Fev;58216.0;2025-02-01;5.2;301302.0;2681.0;4.61;134980316.76
355040 SAO PEDRO;2025/Fev;272.0;2025-02-01;2.2;595.0;5.0;1.84;402015.85
355060 SAO ROQUE;2025/Fev;341.0;2025-02-01;4.0;1367.0;20.0;5.87;354572.76
355070 SAO SEBASTIAO;2025/Fev;412.0;2025-02-01;3.9;1621.0;10.0;2.43;383484.98
355080 SAO SEBASTIAO DA GRAMA;2025/Fev;33.0;2025-02-01;2.8;94.0;1.0;3.03;15329.24
355090 SAO SIMAO;2025/Fev;27.0;2025-02-01;3.1;84.0;0.0;0.0;9897.85
355100 SAO VICENTE;2025/Fev;830.0;2025-02-01;4.7;3921.0;43.0;5.18;988400.48
355150 SERRANA;2025/Fev;362.0;2025-02-01;4.5;1635.0;6.0;1.66;457770.25
355160 SERRA NEGRA;2025/Fev;155.0;2025-02-01;2.7;412.0;9.0;5.81;72804.44
355170 SERTAOZINHO;2025/Fev;557.0;2025-02-01;3.2;1755.0;18.0;3.23;858176.0
355200 SILVEIRAS;2025/Fev;1.0;2025-02-01;13.0;13.0;0.0;0.0;461.1
355210 SOCORRO;2025/Fev;180.0;2025-02-01;3.3;585.0;13.0;7.22;183877.21
355220 SOROCABA;2025/Fev;4911.0;2025-02-01;4.8;23420.0;294.0;5.99;9272128.48
355230 SUD MENNUCCI;2025/Fev;34.0;2025-02-01;3.9;134.0;0.0;0.0;14955.85
355240 SUMARE;2025/Fev;1116.0;2025-02-01;4.6;5095.0;38.0;3.41;2285046.39
355250 SUZANO;2025/Fev;728.0;2025-02-01;6.5;4741.0;53.0;7.28;821525.32
355260 TABAPUA;2025/Fev;68.0;2025-02-01;4.5;307.0;0.0;0.0;37876.04
355270 TABATINGA;2025/Fev;75.0;2025-02-01;3.5;260.0;4.0;5.33;43597.71
355280 TABOAO DA SERRA;2025/Fev;1530.0;2025-02-01;4.7;7189.0;58.0;3.79;2611288.63
355300 TAGUAI;2025/Fev;45.0;2025-02-01;3.9;177.0;2.0;4.44;25163.2
355330 TAMBAU;2025/Fev;77.0;2025-02-01;3.3;253.0;4.0;5.19;32151.43
355340 TANABI;2025/Fev;108.0;2025-02-01;6.4;688.0;2.0;1.85;64729.8
355360 TAPIRATIBA;2025/Fev;22.0;2025-02-01;2.8;61.0;0.0;0.0;11320.54
355370 TAQUARITINGA;2025/Fev;349.0;2025-02-01;3.6;1255.0;12.0;3.44;231808.68
355380 TAQUARITUBA;2025/Fev;142.0;2025-02-01;2.3;329.0;2.0;1.41;51465.88
355400 TATUI;2025/Fev;380.0;2025-02-01;3.5;1346.0;24.0;6.32;297986.13
355410 TAUBATE;2025/Fev;1929.0;2025-02-01;4.1;7952.0;97.0;5.03;4335410.05
355430 TEODORO SAMPAIO;2025/Fev;98.0;2025-02-01;3.6;350.0;7.0;7.14;31975.19
355440 TERRA ROXA;2025/Fev;1.0;2025-02-01;3.0;3.0;0.0;0.0;233.85
355450 TIETE;2025/Fev;176.0;2025-02-01;2.6;456.0;9.0;5.11;81932.08
355470 TORRINHA;2025/Fev;3.0;2025-02-01;3.0;9.0;1.0;33.33;1418.83
355500 TUPA;2025/Fev;589.0;2025-02-01;4.8;2815.0;45.0;7.64;955902.51
355510 TUPI PAULISTA;2025/Fev;91.0;2025-02-01;4.8;436.0;5.0;5.49;45555.22
355540 UBATUBA;2025/Fev;406.0;2025-02-01;2.9;1185.0;12.0;2.96;266832.78
355580 URANIA;2025/Fev;22.0;2025-02-01;4.8;106.0;0.0;0.0;7952.15
355600 URUPES;2025/Fev;41.0;2025-02-01;3.0;124.0;1.0;2.44;14581.1
355620 VALINHOS;2025/Fev;347.0;2025-02-01;5.2;1816.0;24.0;6.92;538495.81
355630 VALPARAISO;2025/Fev;94.0;2025-02-01;2.7;258.0;7.0;7.45;49953.26
355640 VARGEM GRANDE DO SUL;2025/Fev;179.0;2025-02-01;3.1;563.0;8.0;4.47;97430.69
355650 VARZEA PAULISTA;2025/Fev;71.0;2025-02-01;3.8;269.0;5.0;7.04;20330.99
355670 VINHEDO;2025/Fev;463.0;2025-02-01;2.9;1345.0;20.0;4.32;423152.72
355680 VIRADOURO;2025/Fev;31.0;2025-02-01;5.5;171.0;1.0;3.23;11903.17
355700 VOTORANTIM;2025/Fev;297.0;2025-02-01;4.3;1267.0;14.0;4.71;272354.31
355710 VOTUPORANGA;2025/Fev;1006.0;2025-02-01;3.3;3353.0;50.0;4.97;1616679.97
355720 CHAVANTES;2025/Fev;108.0;2025-02-01;2.9;310.0;2.0;1.85;44453.95
350010 ADAMANTINA;2025/Mar;445.0;2025-03-01;9.3;4125.0;30.0;6.74;674654.91
350030 AGUAI;2025/Mar;57.0;2025-03-01;6.6;374.0;2.0;3.51;30567.41
350050 AGUAS DE LINDOIA;2025/Mar;119.0;2025-03-01;3.9;462.0;2.0;1.68;45335.47
350070 AGUDOS;2025/Mar;115.0;2025-03-01;1.7;190.0;0.0;0.0;55850.15
350100 ALTINOPOLIS;2025/Mar;173.0;2025-03-01;1.7;294.0;2.0;1.16;49268.7
350110 ALTO ALEGRE;2025/Mar;17.0;2025-03-01;2.6;45.0;1.0;5.88;5567.08
350130 ALVARES MACHADO;2025/Mar;86.0;2025-03-01;3.9;336.0;5.0;5.81;29318.63
350160 AMERICANA;2025/Mar;842.0;2025-03-01;4.4;3707.0;66.0;7.84;1057711.82
350170 AMERICO BRASILIENSE;2025/Mar;582.0;2025-03-01;4.2;2446.0;17.0;2.92;556105.62
350190 AMPARO;2025/Mar;465.0;2025-03-01;13.7;6392.0;29.0;6.24;759087.73
350210 ANDRADINA;2025/Mar;261.0;2025-03-01;4.0;1051.0;23.0;8.81;285897.0
350220 ANGATUBA;2025/Mar;177.0;2025-03-01;3.3;580.0;7.0;3.95;59812.46
350250 APARECIDA;2025/Mar;340.0;2025-03-01;3.3;1129.0;19.0;5.59;498538.17
350260 APARECIDA D'OESTE;2025/Mar;7.0;2025-03-01;2.1;15.0;1.0;14.29;2146.73
350270 APIAI;2025/Mar;249.0;2025-03-01;2.7;677.0;12.0;4.82;122739.87
350280 ARACATUBA;2025/Mar;1183.0;2025-03-01;5.7;6760.0;132.0;11.16;3787853.76
350310 ARANDU;2025/Mar;8.0;2025-03-01;4.9;39.0;0.0;0.0;3671.94
350320 ARARAQUARA;2025/Mar;1762.0;2025-03-01;3.9;6799.0;101.0;5.73;3448455.99
350330 ARARAS;2025/Mar;611.0;2025-03-01;4.7;2860.0;30.0;4.91;1432498.75
350340 AREALVA;2025/Mar;18.0;2025-03-01;2.4;43.0;0.0;0.0;4097.68
350390 ARUJA;2025/Mar;126.0;2025-03-01;2.6;322.0;6.0;4.76;63491.16
350400 ASSIS;2025/Mar;907.0;2025-03-01;4.5;4106.0;58.0;6.39;1522855.1
350410 ATIBAIA;2025/Mar;413.0;2025-03-01;4.4;1829.0;27.0;6.54;374774.15
350420 AURIFLAMA;2025/Mar;235.0;2025-03-01;1.6;377.0;6.0;2.55;272302.64
350450 AVARE;2025/Mar;598.0;2025-03-01;4.3;2543.0;16.0;2.68;888008.52
350520 BARIRI;2025/Mar;181.0;2025-03-01;3.5;630.0;10.0;5.52;79820.69
350530 BARRA BONITA;2025/Mar;153.0;2025-03-01;3.1;477.0;13.0;8.5;112260.93
350550 BARRETOS;2025/Mar;2686.0;2025-03-01;4.8;12819.0;209.0;7.78;8100808.37
350570 BARUERI;2025/Mar;3406.0;2025-03-01;4.0;13485.0;112.0;3.29;2730200.33
350580 BASTOS;2025/Mar;120.0;2025-03-01;2.1;257.0;1.0;0.83;53016.24
350590 BATATAIS;2025/Mar;398.0;2025-03-01;3.5;1384.0;17.0;4.27;451698.94
350600 BAURU;2025/Mar;3473.0;2025-03-01;5.6;19413.0;144.0;4.15;6138512.0
350610 BEBEDOURO;2025/Mar;769.0;2025-03-01;2.7;2073.0;35.0;4.55;650574.7
350630 BERNARDINO DE CAMPOS;2025/Mar;87.0;2025-03-01;2.9;254.0;6.0;6.9;29454.49
350635 BERTIOGA;2025/Mar;296.0;2025-03-01;3.9;1167.0;10.0;3.38;144622.62
350640 BILAC;2025/Mar;18.0;2025-03-01;4.3;77.0;4.0;22.22;8376.86
350650 BIRIGUI;2025/Mar;436.0;2025-03-01;4.3;1878.0;23.0;5.28;504944.88
350670 BOA ESPERANCA DO SUL;2025/Mar;3.0;2025-03-01;1.7;5.0;0.0;0.0;881.88
350680 BOCAINA;2025/Mar;12.0;2025-03-01;2.6;31.0;1.0;8.33;5755.31
350700 BOITUVA;2025/Mar;208.0;2025-03-01;2.6;538.0;7.0;3.37;124876.89
350710 BOM JESUS DOS PERDOES;2025/Mar;17.0;2025-03-01;7.8;132.0;2.0;11.76;6980.94
350740 BORBOREMA;2025/Mar;99.0;2025-03-01;3.5;349.0;5.0;5.05;43927.85
350750 BOTUCATU;2025/Mar;2432.0;2025-03-01;6.3;15384.0;129.0;5.3;7603331.17
350760 BRAGANCA PAULISTA;2025/Mar;1585.0;2025-03-01;3.6;5632.0;80.0;5.05;3042883.66
350790 BROTAS;2025/Mar;70.0;2025-03-01;6.0;423.0;2.0;2.86;37658.34
350810 BURITAMA;2025/Mar;90.0;2025-03-01;3.1;280.0;4.0;4.44;54493.63
350840 CABREUVA;2025/Mar;88.0;2025-03-01;2.8;249.0;5.0;5.68;40699.52
350850 CACAPAVA;2025/Mar;272.0;2025-03-01;4.6;1245.0;22.0;8.09;300655.3
350870 CACONDE;2025/Mar;150.0;2025-03-01;2.4;355.0;4.0;2.67;177768.88
350880 CAFELANDIA;2025/Mar;92.0;2025-03-01;2.3;212.0;3.0;3.26;37168.49
350900 CAIEIRAS;2025/Mar;464.0;2025-03-01;2.9;1358.0;4.0;0.86;232731.57
350920 CAJAMAR;2025/Mar;303.0;2025-03-01;3.4;1021.0;11.0;3.63;116361.98
350930 CAJOBI;2025/Mar;57.0;2025-03-01;3.5;200.0;0.0;0.0;22808.64
350940 CAJURU;2025/Mar;301.0;2025-03-01;3.5;1067.0;9.0;2.99;157717.8
350950 CAMPINAS;2025/Mar;7483.0;2025-03-01;5.5;40885.0;386.0;5.16;19423442.41
350960 CAMPO LIMPO PAULISTA;2025/Mar;397.0;2025-03-01;3.1;1241.0;19.0;4.79;404913.4
350970 CAMPOS DO JORDAO;2025/Mar;242.0;2025-03-01;19.0;4590.0;14.0;5.79;446123.54
351000 CANDIDO MOTA;2025/Mar;189.0;2025-03-01;3.0;565.0;8.0;4.23;187991.6
351020 CAPAO BONITO;2025/Mar;230.0;2025-03-01;3.6;831.0;16.0;6.96;214188.18
351040 CAPIVARI;2025/Mar;242.0;2025-03-01;2.9;700.0;15.0;6.2;229610.74
351050 CARAGUATATUBA;2025/Mar;1954.0;2025-03-01;3.3;6482.0;83.0;4.25;2381774.84
351060 CARAPICUIBA;2025/Mar;1650.0;2025-03-01;3.4;5651.0;46.0;2.79;1633799.2
351070 CARDOSO;2025/Mar;47.0;2025-03-01;3.4;160.0;3.0;6.38;18748.1
351080 CASA BRANCA;2025/Mar;185.0;2025-03-01;6.9;1284.0;4.0;2.16;119696.48
351100 CASTILHO;2025/Mar;110.0;2025-03-01;2.2;240.0;2.0;1.82;53475.3
351110 CATANDUVA;2025/Mar;1594.0;2025-03-01;4.9;7810.0;123.0;7.72;3364361.11
351140 CERQUEIRA CESAR;2025/Mar;154.0;2025-03-01;2.9;445.0;3.0;1.95;68577.67
351150 CERQUILHO;2025/Mar;53.0;2025-03-01;6.2;331.0;5.0;9.43;27687.99
351160 CESARIO LANGE;2025/Mar;31.0;2025-03-01;1.9;60.0;3.0;9.68;15224.46
351170 CHARQUEADA;2025/Mar;20.0;2025-03-01;4.0;80.0;2.0;10.0;4023.25
351190 CLEMENTINA;2025/Mar;20.0;2025-03-01;3.8;75.0;3.0;15.0;6604.83
351200 COLINA;2025/Mar;96.0;2025-03-01;4.7;455.0;10.0;10.42;142863.23
351210 COLOMBIA;2025/Mar;2.0;2025-03-01;7.0;14.0;0.0;0.0;522.36
351220 CONCHAL;2025/Mar;191.0;2025-03-01;2.2;423.0;3.0;1.57;101350.33
351230 CONCHAS;2025/Mar;59.0;2025-03-01;3.2;191.0;1.0;1.69;19171.54
351280 COSMOPOLIS;2025/Mar;143.0;2025-03-01;3.4;491.0;18.0;12.59;152717.79
351300 COTIA;2025/Mar;1235.0;2025-03-01;4.3;5369.0;68.0;5.51;1469418.57
351310 CRAVINHOS;2025/Mar;33.0;2025-03-01;5.3;176.0;6.0;18.18;15383.02
351340 CRUZEIRO;2025/Mar;499.0;2025-03-01;4.9;2449.0;41.0;8.22;653755.43
351350 CUBATAO;2025/Mar;533.0;2025-03-01;5.7;3041.0;21.0;3.94;627940.89
351360 CUNHA;2025/Mar;105.0;2025-03-01;2.9;301.0;2.0;1.9;62323.73
351370 DESCALVADO;2025/Mar;181.0;2025-03-01;2.6;476.0;11.0;6.08;152221.13
351380 DIADEMA;2025/Mar;1963.0;2025-03-01;5.2;10113.0;68.0;3.46;2657699.66
351390 DIVINOLANDIA;2025/Mar;399.0;2025-03-01;2.5;1010.0;5.0;1.25;627022.49
351410 DOIS CORREGOS;2025/Mar;84.0;2025-03-01;3.1;263.0;7.0;8.33;38727.84
351440 DRACENA;2025/Mar;271.0;2025-03-01;5.6;1508.0;29.0;10.7;523486.8
351450 DUARTINA;2025/Mar;154.0;2025-03-01;1.7;256.0;6.0;3.9;43952.4
351500 EMBU DAS ARTES;2025/Mar;252.0;2025-03-01;4.0;1001.0;13.0;5.16;104854.59
351510 EMBU-GUACU;2025/Mar;102.0;2025-03-01;1.1;115.0;8.0;7.84;42080.31
351518 ESPIRITO SANTO DO PINHAL;2025/Mar;330.0;2025-03-01;21.3;7027.0;12.0;3.64;642873.1
351520 ESTRELA D'OESTE;2025/Mar;65.0;2025-03-01;3.3;214.0;0.0;0.0;29849.33
351540 FARTURA;2025/Mar;88.0;2025-03-01;3.5;305.0;5.0;5.68;36562.33
351550 FERNANDOPOLIS;2025/Mar;461.0;2025-03-01;3.2;1479.0;18.0;3.9;523326.72
351570 FERRAZ DE VASCONCELOS;2025/Mar;616.0;2025-03-01;4.4;2709.0;9.0;1.46;461177.92
351600 FLORIDA PAULISTA;2025/Mar;77.0;2025-03-01;2.8;216.0;0.0;0.0;26504.14
351620 FRANCA;2025/Mar;2040.0;2025-03-01;5.6;11373.0;108.0;5.29;5134159.94
351630 FRANCISCO MORATO;2025/Mar;1179.0;2025-03-01;3.6;4223.0;50.0;4.24;959670.98
351640 FRANCO DA ROCHA;2025/Mar;711.0;2025-03-01;8.3;5930.0;47.0;6.61;906732.3
351660 GALIA;2025/Mar;15.0;2025-03-01;9.5;143.0;3.0;20.0;7450.69
351670 GARCA;2025/Mar;289.0;2025-03-01;17.6;5077.0;9.0;3.11;537121.27
351690 GENERAL SALGADO;2025/Mar;49.0;2025-03-01;3.4;168.0;4.0;8.16;21320.42
351700 GETULINA;2025/Mar;24.0;2025-03-01;6.0;144.0;0.0;0.0;7853.83
351740 GUAIRA;2025/Mar;285.0;2025-03-01;2.9;815.0;10.0;3.51;410620.22
351760 GUAPIARA;2025/Mar;18.0;2025-03-01;2.4;44.0;0.0;0.0;6768.98
351770 GUARA;2025/Mar;76.0;2025-03-01;2.6;201.0;1.0;1.32;41624.96
351780 GUARACAI;2025/Mar;40.0;2025-03-01;3.0;122.0;0.0;0.0;15672.51
351820 GUARARAPES;2025/Mar;119.0;2025-03-01;4.1;492.0;7.0;5.88;53456.42
351830 GUARAREMA;2025/Mar;111.0;2025-03-01;2.6;285.0;2.0;1.8;43503.9
351840 GUARATINGUETA;2025/Mar;524.0;2025-03-01;4.5;2373.0;20.0;3.82;864620.88
351860 GUARIBA;2025/Mar;150.0;2025-03-01;3.0;445.0;4.0;2.67;77596.87
351870 GUARUJA;2025/Mar;1071.0;2025-03-01;5.7;6152.0;55.0;5.14;1968393.01
351880 GUARULHOS;2025/Mar;4983.0;2025-03-01;5.1;25286.0;308.0;6.18;6493255.08
351900 HERCULANDIA;2025/Mar;76.0;2025-03-01;3.3;247.0;0.0;0.0;30259.76
351907 HORTOLANDIA;2025/Mar;504.0;2025-03-01;3.5;1780.0;32.0;6.35;430945.66
351910 IACANGA;2025/Mar;60.0;2025-03-01;2.2;131.0;0.0;0.0;12829.26
351930 IBATE;2025/Mar;93.0;2025-03-01;1.9;175.0;3.0;3.23;47453.62
351940 IBIRA;2025/Mar;47.0;2025-03-01;3.9;183.0;1.0;2.13;18640.38
351960 IBITINGA;2025/Mar;399.0;2025-03-01;2.9;1175.0;32.0;8.02;438369.46
351970 IBIUNA;2025/Mar;393.0;2025-03-01;2.9;1136.0;10.0;2.54;186983.59
351990 IEPE;2025/Mar;74.0;2025-03-01;3.4;252.0;3.0;4.05;27819.8
352010 IGARAPAVA;2025/Mar;97.0;2025-03-01;4.7;458.0;1.0;1.03;43052.29
352040 ILHABELA;2025/Mar;292.0;2025-03-01;3.0;888.0;2.0;0.68;246915.2
352044 ILHA SOLTEIRA;2025/Mar;233.0;2025-03-01;4.4;1022.0;21.0;9.01;259697.78
352050 INDAIATUBA;2025/Mar;1876.0;2025-03-01;3.8;7142.0;74.0;3.94;2285577.99
352070 INDIAPORA;2025/Mar;26.0;2025-03-01;3.0;77.0;1.0;3.85;9160.11
352090 IPAUSSU;2025/Mar;76.0;2025-03-01;4.1;308.0;2.0;2.63;32627.64
352130 IPUA;2025/Mar;87.0;2025-03-01;3.4;295.0;3.0;3.45;37312.04
352170 ITABERA;2025/Mar;111.0;2025-03-01;1.8;195.0;7.0;6.31;61747.38
352180 ITAI;2025/Mar;54.0;2025-03-01;3.0;161.0;1.0;1.85;22496.22
352190 ITAJOBI;2025/Mar;88.0;2025-03-01;4.5;395.0;9.0;10.23;26295.89
352210 ITANHAEM;2025/Mar;1019.0;2025-03-01;4.2;4329.0;56.0;5.5;1179056.89
352220 ITAPECERICA DA SERRA;2025/Mar;1461.0;2025-03-01;4.1;5938.0;78.0;5.34;1600580.61
352230 ITAPETININGA;2025/Mar;881.0;2025-03-01;5.9;5225.0;62.0;7.04;931956.48
352240 ITAPEVA;2025/Mar;822.0;2025-03-01;4.0;3321.0;50.0;6.08;1293494.47
352250 ITAPEVI;2025/Mar;1405.0;2025-03-01;4.0;5660.0;42.0;2.99;1284324.24
352260 ITAPIRA;2025/Mar;607.0;2025-03-01;21.1;12825.0;27.0;4.45;1212861.43
352270 ITAPOLIS;2025/Mar;273.0;2025-03-01;3.3;903.0;21.0;7.69;330399.22
352280 ITAPORANGA;2025/Mar;94.0;2025-03-01;2.9;276.0;11.0;11.7;38218.05
352290 ITAPUI;2025/Mar;19.0;2025-03-01;4.8;92.0;2.0;10.53;5654.11
352310 ITAQUAQUECETUBA;2025/Mar;1295.0;2025-03-01;5.1;6557.0;76.0;5.87;1277918.06
352320 ITARARE;2025/Mar;276.0;2025-03-01;2.1;573.0;17.0;6.16;177721.79
352340 ITATIBA;2025/Mar;531.0;2025-03-01;3.5;1873.0;20.0;3.77;603783.12
352350 ITATINGA;2025/Mar;35.0;2025-03-01;3.7;128.0;3.0;8.57;9618.66
352360 ITIRAPINA;2025/Mar;13.0;2025-03-01;5.6;73.0;0.0;0.0;4924.12
352390 ITU;2025/Mar;819.0;2025-03-01;4.4;3580.0;36.0;4.4;1263805.34
352400 ITUPEVA;2025/Mar;217.0;2025-03-01;3.9;847.0;9.0;4.15;90011.32
352410 ITUVERAVA;2025/Mar;302.0;2025-03-01;3.9;1173.0;21.0;6.95;442085.22
352420 JABORANDI;2025/Mar;2.0;2025-03-01;3.5;7.0;0.0;0.0;1152.96
352430 JABOTICABAL;2025/Mar;201.0;2025-03-01;4.1;823.0;7.0;3.48;162824.07
352440 JACAREI;2025/Mar;1211.0;2025-03-01;4.3;5240.0;77.0;6.36;2009059.26
352450 JACI;2025/Mar;65.0;2025-03-01;11.9;774.0;1.0;1.54;66931.92
352470 JAGUARIUNA;2025/Mar;340.0;2025-03-01;3.1;1057.0;21.0;6.18;379547.85
352480 JALES;2025/Mar;728.0;2025-03-01;3.2;2358.0;53.0;7.28;1223589.33
352520 JARINU;2025/Mar;59.0;2025-03-01;3.0;177.0;1.0;1.69;12456.3
352530 JAU;2025/Mar;2362.0;2025-03-01;6.4;15004.0;124.0;5.25;6397750.13
352550 JOANOPOLIS;2025/Mar;13.0;2025-03-01;4.3;56.0;2.0;15.38;4312.68
352570 JOSE BONIFACIO;2025/Mar;181.0;2025-03-01;3.1;565.0;4.0;2.21;84542.51
352590 JUNDIAI;2025/Mar;3747.0;2025-03-01;4.2;15861.0;125.0;3.34;4753396.1
352600 JUNQUEIROPOLIS;2025/Mar;113.0;2025-03-01;6.5;729.0;2.0;1.77;47363.65
352640 LARANJAL PAULISTA;2025/Mar;156.0;2025-03-01;3.4;536.0;9.0;5.77;66137.18
352670 LEME;2025/Mar;469.0;2025-03-01;3.4;1609.0;19.0;4.05;372617.04
352680 LENCOIS PAULISTA;2025/Mar;222.0;2025-03-01;3.6;803.0;8.0;3.6;268684.89
352690 LIMEIRA;2025/Mar;1317.0;2025-03-01;4.4;5768.0;74.0;5.62;3592807.88
352710 LINS;2025/Mar;585.0;2025-03-01;5.9;3434.0;38.0;6.5;642663.43
352720 LORENA;2025/Mar;431.0;2025-03-01;4.8;2049.0;27.0;6.26;669451.0
352730 LOUVEIRA;2025/Mar;247.0;2025-03-01;2.6;640.0;9.0;3.64;174936.93
352740 LUCELIA;2025/Mar;71.0;2025-03-01;3.9;280.0;6.0;8.45;27337.9
352800 MACATUBA;2025/Mar;73.0;2025-03-01;2.6;191.0;3.0;4.11;25663.24
352810 MACAUBAL;2025/Mar;9.0;2025-03-01;2.7;24.0;1.0;11.11;4199.59
352850 MAIRIPORA;2025/Mar;273.0;2025-03-01;2.4;647.0;13.0;4.76;88287.9
352880 MARACAI;2025/Mar;68.0;2025-03-01;3.6;247.0;0.0;0.0;28897.75
352900 MARILIA;2025/Mar;2593.0;2025-03-01;5.5;14192.0;161.0;6.21;6420056.02
352920 MARTINOPOLIS;2025/Mar;253.0;2025-03-01;2.2;547.0;3.0;1.19;101911.51
352930 MATAO;2025/Mar;522.0;2025-03-01;3.9;2055.0;40.0;7.66;1224312.7
352940 MAUA;2025/Mar;1151.0;2025-03-01;5.2;5931.0;73.0;6.34;1335275.54
352970 MIGUELOPOLIS;2025/Mar;68.0;2025-03-01;3.9;266.0;2.0;2.94;32682.68
353010 MIRANDOPOLIS;2025/Mar;321.0;2025-03-01;3.9;1251.0;36.0;11.21;274356.9
353030 MIRASSOL;2025/Mar;218.0;2025-03-01;2.1;460.0;3.0;1.38;96654.06
353050 MOCOCA;2025/Mar;466.0;2025-03-01;3.5;1621.0;18.0;3.86;488366.13
353060 MOGI DAS CRUZES;2025/Mar;3126.0;2025-03-01;4.7;14758.0;148.0;4.73;5247518.57
353070 MOGI GUACU;2025/Mar;934.0;2025-03-01;4.6;4313.0;56.0;6.0;1645180.28
353080 MOGI MIRIM;2025/Mar;490.0;2025-03-01;3.3;1603.0;44.0;8.98;749914.08
353110 MONGAGUA;2025/Mar;89.0;2025-03-01;4.2;372.0;2.0;2.25;21468.52
353130 MONTE ALTO;2025/Mar;230.0;2025-03-01;4.7;1073.0;15.0;6.52;408862.88
353140 MONTE APRAZIVEL;2025/Mar;195.0;2025-03-01;2.8;548.0;1.0;0.51;90160.9
353150 MONTE AZUL PAULISTA;2025/Mar;143.0;2025-03-01;2.0;284.0;0.0;0.0;214373.64
353180 MONTE MOR;2025/Mar;106.0;2025-03-01;3.1;328.0;8.0;7.55;46985.03
353190 MORRO AGUDO;2025/Mar;155.0;2025-03-01;3.6;560.0;9.0;5.81;176374.59
353200 MORUNGABA;2025/Mar;15.0;2025-03-01;2.2;33.0;1.0;6.67;7220.76
353240 NAZARE PAULISTA;2025/Mar;39.0;2025-03-01;3.5;138.0;6.0;15.38;13089.89
353250 NEVES PAULISTA;2025/Mar;5.0;2025-03-01;1.2;6.0;0.0;0.0;475.69
353260 NHANDEARA;2025/Mar;215.0;2025-03-01;2.5;534.0;7.0;3.26;121583.94
353290 NOVA EUROPA;2025/Mar;27.0;2025-03-01;5.3;144.0;5.0;18.52;11006.48
353300 NOVA GRANADA;2025/Mar;213.0;2025-03-01;2.7;579.0;3.0;1.41;71571.94
353340 NOVA ODESSA;2025/Mar;125.0;2025-03-01;4.5;568.0;8.0;6.4;68387.44
353350 NOVO HORIZONTE;2025/Mar;211.0;2025-03-01;2.9;606.0;13.0;6.16;265790.72
353390 OLIMPIA;2025/Mar;311.0;2025-03-01;4.6;1427.0;13.0;4.18;344115.43
353430 ORLANDIA;2025/Mar;228.0;2025-03-01;1.5;335.0;4.0;1.75;93692.06
353440 OSASCO;2025/Mar;2502.0;2025-03-01;5.7;14343.0;194.0;7.75;3096083.65
353460 OSVALDO CRUZ;2025/Mar;226.0;2025-03-01;3.6;819.0;20.0;8.85;118999.72
353470 OURINHOS;2025/Mar;961.0;2025-03-01;3.6;3506.0;60.0;6.24;1514575.63
353475 OUROESTE;2025/Mar;65.0;2025-03-01;2.9;189.0;0.0;0.0;23889.7
353520 PALMEIRA D'OESTE;2025/Mar;60.0;2025-03-01;3.0;178.0;1.0;1.67;19468.06
353530 PALMITAL;2025/Mar;164.0;2025-03-01;3.1;508.0;7.0;4.27;84256.19
353550 PARAGUACU PAULISTA;2025/Mar;431.0;2025-03-01;3.0;1301.0;16.0;3.71;637976.47
353580 PARANAPANEMA;2025/Mar;71.0;2025-03-01;3.4;238.0;3.0;4.23;28448.7
353600 PARAPUA;2025/Mar;0.0;2025-03-01;0.0;0.0;0.0;0.0;0.0
353620 PARIQUERA-ACU;2025/Mar;915.0;2025-03-01;4.0;3630.0;58.0;6.34;1154633.24
353630 PATROCINIO PAULISTA;2025/Mar;78.0;2025-03-01;3.4;263.0;2.0;2.56;43602.46
353650 PAULINIA;2025/Mar;759.0;2025-03-01;3.4;2612.0;35.0;4.61;688890.81
353660 PAULO DE FARIA;2025/Mar;9.0;2025-03-01;2.1;19.0;0.0;0.0;3326.34
353670 PEDERNEIRAS;2025/Mar;222.0;2025-03-01;4.6;1024.0;9.0;4.05;237975.17
353700 PEDREGULHO;2025/Mar;108.0;2025-03-01;2.0;214.0;0.0;0.0;48917.31
353710 PEDREIRA;2025/Mar;83.0;2025-03-01;3.1;259.0;8.0;9.64;47395.07
353730 PENAPOLIS;2025/Mar;511.0;2025-03-01;7.3;3711.0;32.0;6.26;636261.37
353740 PEREIRA BARRETO;2025/Mar;65.0;2025-03-01;4.1;265.0;5.0;7.69;31428.66
353780 PIEDADE;2025/Mar;241.0;2025-03-01;2.6;637.0;12.0;4.98;104164.59
353790 PILAR DO SUL;2025/Mar;68.0;2025-03-01;3.3;226.0;2.0;2.94;30809.94
353800 PINDAMONHANGABA;2025/Mar;589.0;2025-03-01;5.1;3021.0;20.0;3.4;732680.66
353860 PIRACAIA;2025/Mar;40.0;2025-03-01;2.6;106.0;0.0;0.0;9612.16
353870 PIRACICABA;2025/Mar;3088.0;2025-03-01;3.1;9541.0;99.0;3.21;6106232.83
353880 PIRAJU;2025/Mar;160.0;2025-03-01;2.8;450.0;9.0;5.63;76397.05
353890 PIRAJUI;2025/Mar;160.0;2025-03-01;2.4;389.0;2.0;1.25;79938.62
353900 PIRANGI;2025/Mar;103.0;2025-03-01;1.9;198.0;2.0;1.94;90693.35
353930 PIRASSUNUNGA;2025/Mar;240.0;2025-03-01;4.2;1008.0;21.0;8.75;267538.43
353940 PIRATININGA;2025/Mar;28.0;2025-03-01;4.7;131.0;1.0;3.57;7406.21
353950 PITANGUEIRAS;2025/Mar;144.0;2025-03-01;2.8;401.0;5.0;3.47;58707.83
354000 POMPEIA;2025/Mar;95.0;2025-03-01;2.4;226.0;2.0;2.11;38030.96
354020 PONTAL;2025/Mar;137.0;2025-03-01;2.3;315.0;2.0;1.46;72659.47
354040 POPULINA;2025/Mar;13.0;2025-03-01;3.2;41.0;1.0;7.69;5122.02
354060 PORTO FELIZ;2025/Mar;322.0;2025-03-01;2.9;924.0;11.0;3.42;265061.31
354070 PORTO FERREIRA;2025/Mar;257.0;2025-03-01;3.1;805.0;17.0;6.61;199753.63
354080 POTIRENDABA;2025/Mar;89.0;2025-03-01;2.6;230.0;0.0;0.0;33306.74
354100 PRAIA GRANDE;2025/Mar;859.0;2025-03-01;4.6;3968.0;32.0;3.73;938299.57
354120 PRESIDENTE BERNARDES;2025/Mar;106.0;2025-03-01;2.9;312.0;0.0;0.0;41033.47
354130 PRESIDENTE EPITACIO;2025/Mar;246.0;2025-03-01;3.5;872.0;20.0;8.13;115800.93
354140 PRESIDENTE PRUDENTE;2025/Mar;3874.0;2025-03-01;5.3;20720.0;179.0;4.62;7380410.89
354150 PRESIDENTE VENCESLAU;2025/Mar;235.0;2025-03-01;4.1;955.0;11.0;4.68;232875.76
354160 PROMISSAO;2025/Mar;286.0;2025-03-01;3.7;1064.0;7.0;2.45;295057.32
354190 QUELUZ;2025/Mar;15.0;2025-03-01;5.6;84.0;0.0;0.0;5114.3
354220 RANCHARIA;2025/Mar;394.0;2025-03-01;2.9;1143.0;23.0;5.84;438645.54
354240 REGENTE FEIJO;2025/Mar;156.0;2025-03-01;3.2;502.0;5.0;3.21;50421.27
354260 REGISTRO;2025/Mar;832.0;2025-03-01;4.1;3400.0;19.0;2.28;1063298.51
354290 RIBEIRAO BONITO;2025/Mar;23.0;2025-03-01;2.1;49.0;0.0;0.0;10483.54
354300 RIBEIRAO BRANCO;2025/Mar;46.0;2025-03-01;3.2;148.0;2.0;4.35;15421.53
354330 RIBEIRAO PIRES;2025/Mar;139.0;2025-03-01;5.3;736.0;13.0;9.35;93086.76
354340 RIBEIRAO PRETO;2025/Mar;7424.0;2025-03-01;4.7;34787.0;310.0;4.18;17032816.4
354380 RINOPOLIS;2025/Mar;22.0;2025-03-01;4.3;94.0;0.0;0.0;7548.17
354390 RIO CLARO;2025/Mar;825.0;2025-03-01;6.8;5594.0;52.0;6.3;1447467.97
354400 RIO DAS PEDRAS;2025/Mar;84.0;2025-03-01;1.5;124.0;2.0;2.38;19806.84
354420 RIOLANDIA;2025/Mar;16.0;2025-03-01;3.5;56.0;1.0;6.25;4042.77
354425 ROSANA;2025/Mar;252.0;2025-03-01;3.4;853.0;7.0;2.78;116780.88
354490 SALES OLIVEIRA;2025/Mar;27.0;2025-03-01;2.0;53.0;0.0;0.0;8779.1
354500 SALESOPOLIS;2025/Mar;46.0;2025-03-01;2.2;101.0;6.0;13.04;14597.11
354520 SALTO;2025/Mar;405.0;2025-03-01;3.2;1294.0;28.0;6.91;293231.41
354530 SALTO DE PIRAPORA;2025/Mar;287.0;2025-03-01;1.8;517.0;3.0;1.05;232989.19
354540 SALTO GRANDE;2025/Mar;63.0;2025-03-01;2.9;182.0;1.0;1.59;23900.74
354560 SANTA ADELIA;2025/Mar;92.0;2025-03-01;3.9;357.0;3.0;3.26;69173.29
354580 SANTA BARBARA D'OESTE;2025/Mar;776.0;2025-03-01;2.6;2051.0;23.0;2.96;914119.33
354630 SANTA CRUZ DAS PALMEIRAS;2025/Mar;110.0;2025-03-01;2.7;292.0;6.0;5.45;66574.32
354640 SANTA CRUZ DO RIO PARDO;2025/Mar;394.0;2025-03-01;4.0;1564.0;18.0;4.57;529716.74
354660 SANTA FE DO SUL;2025/Mar;340.0;2025-03-01;4.2;1428.0;12.0;3.53;385741.06
354680 SANTA ISABEL;2025/Mar;188.0;2025-03-01;5.2;977.0;11.0;5.85;218809.71
354730 SANTANA DE PARNAIBA;2025/Mar;342.0;2025-03-01;3.8;1298.0;14.0;4.09;124582.79
354750 SANTA RITA DO PASSA QUATRO;2025/Mar;162.0;2025-03-01;50.5;8182.0;14.0;8.64;569618.06
354760 SANTA ROSA DE VITERBO;2025/Mar;83.0;2025-03-01;4.3;359.0;3.0;3.61;20528.58
354770 SANTO ANASTACIO;2025/Mar;193.0;2025-03-01;3.5;666.0;3.0;1.55;72412.34
354780 SANTO ANDRE;2025/Mar;3843.0;2025-03-01;4.9;18737.0;272.0;7.08;7310236.02
354790 SANTO ANTONIO DA ALEGRIA;2025/Mar;15.0;2025-03-01;3.2;48.0;0.0;0.0;5753.31
354850 SANTOS;2025/Mar;3157.0;2025-03-01;5.8;18277.0;161.0;5.1;6336620.93
354860 SAO BENTO DO SAPUCAI;2025/Mar;44.0;2025-03-01;5.1;224.0;4.0;9.09;18602.12
354870 SAO BERNARDO DO CAMPO;2025/Mar;3755.0;2025-03-01;5.3;20031.0;158.0;4.21;9217553.54
354880 SAO CAETANO DO SUL;2025/Mar;1114.0;2025-03-01;4.0;4419.0;61.0;5.48;1511948.36
354890 SAO CARLOS;2025/Mar;1826.0;2025-03-01;3.9;7175.0;93.0;5.09;3224897.72
354910 SAO JOAO DA BOA VISTA;2025/Mar;476.0;2025-03-01;4.0;1921.0;56.0;11.76;776335.24
354940 SAO JOAQUIM DA BARRA;2025/Mar;285.0;2025-03-01;3.6;1018.0;14.0;4.91;417279.38
354970 SAO JOSE DO RIO PARDO;2025/Mar;384.0;2025-03-01;3.1;1186.0;22.0;5.73;422163.02
354980 SAO JOSE DO RIO PRETO;2025/Mar;7765.0;2025-03-01;4.6;36037.0;274.0;3.53;21678224.28
354990 SAO JOSE DOS CAMPOS;2025/Mar;4829.0;2025-03-01;4.7;22462.0;226.0;4.68;11117611.12
355000 SAO LUIS DO PARAITINGA;2025/Mar;10.0;2025-03-01;4.8;48.0;1.0;10.0;2663.73
355010 SAO MANUEL;2025/Mar;181.0;2025-03-01;3.0;534.0;7.0;3.87;137640.31
355020 SAO MIGUEL ARCANJO;2025/Mar;102.0;2025-03-01;7.7;784.0;9.0;8.82;47322.62
355030 SAO PAULO;2025/Mar;61984.0;2025-03-01;5.2;325129.0;2792.0;4.5;141333327.29
355040 SAO PEDRO;2025/Mar;301.0;2025-03-01;2.2;648.0;14.0;4.65;396483.54
355060 SAO ROQUE;2025/Mar;450.0;2025-03-01;3.5;1563.0;15.0;3.33;363382.98
355070 SAO SEBASTIAO;2025/Mar;513.0;2025-03-01;3.5;1819.0;9.0;1.75;470063.3
355080 SAO SEBASTIAO DA GRAMA;2025/Mar;63.0;2025-03-01;2.8;174.0;4.0;6.35;23321.86
355090 SAO SIMAO;2025/Mar;34.0;2025-03-01;5.3;180.0;1.0;2.94;16787.23
355100 SAO VICENTE;2025/Mar;875.0;2025-03-01;4.8;4219.0;43.0;4.91;1025234.87
355150 SERRANA;2025/Mar;349.0;2025-03-01;4.4;1523.0;16.0;4.58;418261.13
355160 SERRA NEGRA;2025/Mar;145.0;2025-03-01;3.1;451.0;5.0;3.45;69570.09
355170 SERTAOZINHO;2025/Mar;566.0;2025-03-01;3.9;2194.0;21.0;3.71;933487.97
355200 SILVEIRAS;2025/Mar;3.0;2025-03-01;2.3;7.0;0.0;0.0;845.32
355210 SOCORRO;2025/Mar;205.0;2025-03-01;3.4;694.0;16.0;7.8;219374.26
355220 SOROCABA;2025/Mar;5169.0;2025-03-01;5.1;26493.0;335.0;6.48;10200223.21
355230 SUD MENNUCCI;2025/Mar;30.0;2025-03-01;4.4;133.0;0.0;0.0;12142.91
355240 SUMARE;2025/Mar;1094.0;2025-03-01;4.8;5268.0;43.0;3.93;2182945.56
355250 SUZANO;2025/Mar;812.0;2025-03-01;6.5;5280.0;46.0;5.67;1013920.07
355260 TABAPUA;2025/Mar;62.0;2025-03-01;3.5;219.0;1.0;1.61;33541.45
355270 TABATINGA;2025/Mar;85.0;2025-03-01;3.6;306.0;3.0;3.53;58075.38
355280 TABOAO DA SERRA;2025/Mar;1711.0;2025-03-01;4.8;8273.0;76.0;4.44;2523135.31
355300 TAGUAI;2025/Mar;51.0;2025-03-01;2.5;127.0;4.0;7.84;24764.64
355330 TAMBAU;2025/Mar;103.0;2025-03-01;3.5;359.0;8.0;7.77;40071.26
355340 TANABI;2025/Mar;107.0;2025-03-01;6.4;684.0;2.0;1.87;63412.49
355360 TAPIRATIBA;2025/Mar;23.0;2025-03-01;2.8;65.0;1.0;4.35;13234.07
355370 TAQUARITINGA;2025/Mar;388.0;2025-03-01;2.7;1048.0;8.0;2.06;243248.02
355380 TAQUARITUBA;2025/Mar;183.0;2025-03-01;2.9;524.0;5.0;2.73;66564.8
355400 TATUI;2025/Mar;383.0;2025-03-01;3.7;1419.0;28.0;7.31;348285.05
355410 TAUBATE;2025/Mar;2221.0;2025-03-01;3.9;8734.0;94.0;4.23;4955264.81
355430 TEODORO SAMPAIO;2025/Mar;123.0;2025-03-01;3.1;386.0;5.0;4.07;40795.91
355440 TERRA ROXA;2025/Mar;2.0;2025-03-01;3.5;7.0;1.0;50.0;612.66
355450 TIETE;2025/Mar;188.0;2025-03-01;2.6;490.0;3.0;1.6;88956.13
355470 TORRINHA;2025/Mar;4.0;2025-03-01;2.3;9.0;0.0;0.0;686.12
355500 TUPA;2025/Mar;649.0;2025-03-01;4.0;2609.0;54.0;8.32;988212.17
355510 TUPI PAULISTA;2025/Mar;99.0;2025-03-01;4.3;425.0;8.0;8.08;48841.64
355540 UBATUBA;2025/Mar;485.0;2025-03-01;3.0;1449.0;15.0;3.09;336500.08
355580 URANIA;2025/Mar;16.0;2025-03-01;5.3;85.0;0.0;0.0;5047.69
355600 URUPES;2025/Mar;26.0;2025-03-01;3.1;80.0;3.0;11.54;9451.05
355620 VALINHOS;2025/Mar;423.0;2025-03-01;4.7;1997.0;32.0;7.57;560671.88
355630 VALPARAISO;2025/Mar;68.0;2025-03-01;2.5;167.0;3.0;4.41;35015.09
355640 VARGEM GRANDE DO SUL;2025/Mar;180.0;2025-03-01;3.5;622.0;13.0;7.22;102584.72
355650 VARZEA PAULISTA;2025/Mar;87.0;2025-03-01;3.2;282.0;5.0;5.75;23450.28
355670 VINHEDO;2025/Mar;533.0;2025-03-01;3.2;1681.0;23.0;4.32;521952.63
355680 VIRADOURO;2025/Mar;37.0;2025-03-01;2.3;85.0;0.0;0.0;15344.82
355700 VOTORANTIM;2025/Mar;338.0;2025-03-01;4.1;1373.0;18.0;5.33;310178.37
355710 VOTUPORANGA;2025/Mar;1034.0;2025-03-01;3.2;3290.0;44.0;4.26;1670806.45
355720 CHAVANTES;2025/Mar;124.0;2025-03-01;2.8;352.0;1.0;0.81;54677.14
350010 ADAMANTINA;2025/Abr;460.0;2025-04-01;7.4;3418.0;27.0;5.87;615550.6
350030 AGUAI;2025/Abr;52.0;2025-04-01;5.2;272.0;3.0;5.77;26338.01
350050 AGUAS DE LINDOIA;2025/Abr;94.0;2025-04-01;3.3;311.0;8.0;8.51;36791.79
350070 AGUDOS;2025/Abr;118.0;2025-04-01;1.7;205.0;0.0;0.0;59638.85
350100 ALTINOPOLIS;2025/Abr;198.0;2025-04-01;1.7;334.0;3.0;1.52;65171.45
350110 ALTO ALEGRE;2025/Abr;13.0;2025-04-01;2.4;31.0;0.0;0.0;4330.2
350130 ALVARES MACHADO;2025/Abr;67.0;2025-04-01;3.9;261.0;4.0;5.97;26930.5
350160 AMERICANA;2025/Abr;853.0;2025-04-01;4.4;3724.0;85.0;9.96;1107548.86
350170 AMERICO BRASILIENSE;2025/Abr;633.0;2025-04-01;4.3;2699.0;16.0;2.53;664719.94
350190 AMPARO;2025/Abr;390.0;2025-04-01;12.6;4916.0;20.0;5.13;638951.63
350210 ANDRADINA;2025/Abr;286.0;2025-04-01;3.8;1079.0;28.0;9.79;295672.46
350220 ANGATUBA;2025/Abr;189.0;2025-04-01;3.2;602.0;9.0;4.76;66952.19
350250 APARECIDA;2025/Abr;371.0;2025-04-01;3.1;1150.0;16.0;4.31;480516.23
350260 APARECIDA D'OESTE;2025/Abr;4.0;2025-04-01;3.0;12.0;1.0;25.0;2417.68
350270 APIAI;2025/Abr;263.0;2025-04-01;2.8;733.0;4.0;1.52;132026.0
350280 ARACATUBA;2025/Abr;1164.0;2025-04-01;5.7;6677.0;113.0;9.71;3691060.51
350310 ARANDU;2025/Abr;10.0;2025-04-01;3.2;32.0;1.0;10.0;3457.67
350320 ARARAQUARA;2025/Abr;1715.0;2025-04-01;4.1;7002.0;97.0;5.66;3654007.95
350330 ARARAS;2025/Abr;712.0;2025-04-01;4.2;3023.0;37.0;5.2;1695298.05
350340 AREALVA;2025/Abr;31.0;2025-04-01;1.9;60.0;1.0;3.23;5691.32
350390 ARUJA;2025/Abr;0.0;2025-04-01;0.0;0.0;0.0;0.0;0.0
350400 ASSIS;2025/Abr;912.0;2025-04-01;4.4;3987.0;45.0;4.93;1398390.14
350410 ATIBAIA;2025/Abr;411.0;2025-04-01;4.4;1798.0;23.0;5.6;357729.6
350420 AURIFLAMA;2025/Abr;242.0;2025-04-01;1.7;402.0;3.0;1.24;298033.43
350450 AVARE;2025/Abr;671.0;2025-04-01;4.0;2692.0;37.0;5.51;1057206.47
350520 BARIRI;2025/Abr;175.0;2025-04-01;2.8;495.0;8.0;4.57;74952.34
350530 BARRA BONITA;2025/Abr;180.0;2025-04-01;2.3;416.0;10.0;5.56;145356.42
350550 BARRETOS;2025/Abr;2667.0;2025-04-01;4.7;12479.0;181.0;6.79;8176988.88
350570 BARUERI;2025/Abr;3489.0;2025-04-01;4.1;14368.0;130.0;3.73;2864502.44
350580 BASTOS;2025/Abr;131.0;2025-04-01;2.4;320.0;0.0;0.0;51634.65
350590 BATATAIS;2025/Abr;376.0;2025-04-01;3.3;1250.0;20.0;5.32;416277.15
350600 BAURU;2025/Abr;3481.0;2025-04-01;5.5;19116.0;140.0;4.02;6254432.62
350610 BEBEDOURO;2025/Abr;800.0;2025-04-01;2.9;2354.0;33.0;4.13;711651.91
350630 BERNARDINO DE CAMPOS;2025/Abr;59.0;2025-04-01;2.9;174.0;7.0;11.86;21348.12
350635 BERTIOGA;2025/Abr;266.0;2025-04-01;3.6;956.0;11.0;4.14;125506.45
350640 BILAC;2025/Abr;14.0;2025-04-01;2.6;37.0;0.0;0.0;6478.71
350650 BIRIGUI;2025/Abr;423.0;2025-04-01;4.6;1950.0;11.0;2.6;443830.5
350670 BOA ESPERANCA DO SUL;2025/Abr;2.0;2025-04-01;2.0;4.0;0.0;0.0;642.31
350680 BOCAINA;2025/Abr;12.0;2025-04-01;2.9;35.0;1.0;8.33;5620.58
350700 BOITUVA;2025/Abr;180.0;2025-04-01;2.8;507.0;14.0;7.78;101173.67
350710 BOM JESUS DOS PERDOES;2025/Abr;12.0;2025-04-01;5.8;70.0;2.0;16.67;6015.73
350740 BORBOREMA;2025/Abr;97.0;2025-04-01;3.1;297.0;3.0;3.09;38076.98
350750 BOTUCATU;2025/Abr;2365.0;2025-04-01;6.1;14507.0;145.0;6.13;7106422.4
350760 BRAGANCA PAULISTA;2025/Abr;1682.0;2025-04-01;3.4;5747.0;77.0;4.58;3107035.09
350790 BROTAS;2025/Abr;86.0;2025-04-01;5.9;510.0;2.0;2.33;42853.16
350810 BURITAMA;2025/Abr;107.0;2025-04-01;2.9;313.0;6.0;5.61;58526.05
350840 CABREUVA;2025/Abr;30.0;2025-04-01;4.6;139.0;1.0;3.33;12279.57
350850 CACAPAVA;2025/Abr;272.0;2025-04-01;4.2;1137.0;25.0;9.19;324345.78
350870 CACONDE;2025/Abr;157.0;2025-04-01;2.3;359.0;6.0;3.82;179260.25
350880 CAFELANDIA;2025/Abr;111.0;2025-04-01;2.7;295.0;5.0;4.5;46371.76
350900 CAIEIRAS;2025/Abr;422.0;2025-04-01;3.0;1277.0;7.0;1.66;216082.26
350920 CAJAMAR;2025/Abr;311.0;2025-04-01;3.7;1137.0;15.0;4.82;122266.74
350930 CAJOBI;2025/Abr;48.0;2025-04-01;3.3;158.0;0.0;0.0;20450.89
350940 CAJURU;2025/Abr;297.0;2025-04-01;3.0;886.0;11.0;3.7;156425.08
350950 CAMPINAS;2025/Abr;7491.0;2025-04-01;5.7;42423.0;388.0;5.18;19096795.44
350960 CAMPO LIMPO PAULISTA;2025/Abr;373.0;2025-04-01;3.2;1182.0;23.0;6.17;307563.03
350970 CAMPOS DO JORDAO;2025/Abr;229.0;2025-04-01;15.5;3539.0;10.0;4.37;347731.01
351000 CANDIDO MOTA;2025/Abr;170.0;2025-04-01;2.7;459.0;8.0;4.71;139028.5
351020 CAPAO BONITO;2025/Abr;237.0;2025-04-01;3.6;843.0;10.0;4.22;239956.14
351040 CAPIVARI;2025/Abr;255.0;2025-04-01;2.8;723.0;14.0;5.49;299494.4
351050 CARAGUATATUBA;2025/Abr;1907.0;2025-04-01;3.3;6363.0;83.0;4.35;2406891.75
351060 CARAPICUIBA;2025/Abr;1596.0;2025-04-01;3.5;5547.0;52.0;3.26;1668981.18
351070 CARDOSO;2025/Abr;41.0;2025-04-01;3.3;137.0;0.0;0.0;15544.26
351080 CASA BRANCA;2025/Abr;212.0;2025-04-01;13.0;2760.0;9.0;4.25;229348.01
351100 CASTILHO;2025/Abr;98.0;2025-04-01;1.9;185.0;2.0;2.04;50965.6
351110 CATANDUVA;2025/Abr;1639.0;2025-04-01;7.4;12108.0;109.0;6.65;3700353.19
351140 CERQUEIRA CESAR;2025/Abr;156.0;2025-04-01;2.6;408.0;2.0;1.28;66348.91
351150 CERQUILHO;2025/Abr;58.0;2025-04-01;4.8;281.0;6.0;10.34;27636.28
351160 CESARIO LANGE;2025/Abr;25.0;2025-04-01;2.9;72.0;0.0;0.0;12396.27
351170 CHARQUEADA;2025/Abr;18.0;2025-04-01;5.0;90.0;2.0;11.11;5271.5
351190 CLEMENTINA;2025/Abr;22.0;2025-04-01;3.0;67.0;0.0;0.0;8203.25
351200 COLINA;2025/Abr;99.0;2025-04-01;4.6;455.0;7.0;7.07;194866.95
351210 COLOMBIA;2025/Abr;3.0;2025-04-01;3.7;11.0;0.0;0.0;132.66
351220 CONCHAL;2025/Abr;200.0;2025-04-01;2.3;455.0;3.0;1.5;93123.16
351230 CONCHAS;2025/Abr;29.0;2025-04-01;5.1;149.0;2.0;6.9;12807.38
351280 COSMOPOLIS;2025/Abr;157.0;2025-04-01;3.6;559.0;12.0;7.64;180009.87
351300 COTIA;2025/Abr;1095.0;2025-04-01;3.4;3731.0;41.0;3.74;958937.44
351310 CRAVINHOS;2025/Abr;32.0;2025-04-01;5.8;185.0;2.0;6.25;14168.86
351340 CRUZEIRO;2025/Abr;514.0;2025-04-01;5.1;2630.0;36.0;7.0;734186.68
351350 CUBATAO;2025/Abr;562.0;2025-04-01;5.7;3227.0;24.0;4.27;676189.91
351360 CUNHA;2025/Abr;130.0;2025-04-01;2.5;323.0;1.0;0.77;71966.3
351370 DESCALVADO;2025/Abr;151.0;2025-04-01;2.9;433.0;9.0;5.96;112774.89
351380 DIADEMA;2025/Abr;1974.0;2025-04-01;5.4;10750.0;59.0;2.99;2725834.77
351390 DIVINOLANDIA;2025/Abr;441.0;2025-04-01;2.4;1077.0;1.0;0.23;496128.38
351410 DOIS CORREGOS;2025/Abr;115.0;2025-04-01;3.7;427.0;4.0;3.48;50842.63
351440 DRACENA;2025/Abr;283.0;2025-04-01;5.1;1439.0;18.0;6.36;448145.86
351450 DUARTINA;2025/Abr;142.0;2025-04-01;1.8;255.0;1.0;0.7;41804.86
351500 EMBU DAS ARTES;2025/Abr;255.0;2025-04-01;5.0;1279.0;20.0;7.84;102680.66
351510 EMBU-GUACU;2025/Abr;86.0;2025-04-01;0.8;65.0;7.0;8.14;38454.65
351518 ESPIRITO SANTO DO PINHAL;2025/Abr;379.0;2025-04-01;23.0;8730.0;20.0;5.28;803369.12
351520 ESTRELA D'OESTE;2025/Abr;88.0;2025-04-01;4.0;355.0;0.0;0.0;41849.91
351540 FARTURA;2025/Abr;79.0;2025-04-01;2.8;220.0;1.0;1.27;29895.87
351550 FERNANDOPOLIS;2025/Abr;504.0;2025-04-01;3.8;1932.0;17.0;3.37;645281.14
351570 FERRAZ DE VASCONCELOS;2025/Abr;580.0;2025-04-01;4.8;2809.0;10.0;1.72;522509.34
351600 FLORIDA PAULISTA;2025/Abr;66.0;2025-04-01;3.0;200.0;1.0;1.52;23768.4
351620 FRANCA;2025/Abr;2104.0;2025-04-01;5.6;11731.0;133.0;6.32;5046747.75
351630 FRANCISCO MORATO;2025/Abr;1113.0;2025-04-01;4.2;4622.0;46.0;4.13;1016896.84
351640 FRANCO DA ROCHA;2025/Abr;700.0;2025-04-01;7.3;5085.0;55.0;7.86;879837.08
351660 GALIA;2025/Abr;10.0;2025-04-01;4.1;41.0;1.0;10.0;4413.18
351670 GARCA;2025/Abr;272.0;2025-04-01;20.7;5620.0;13.0;4.78;576585.56
351690 GENERAL SALGADO;2025/Abr;40.0;2025-04-01;4.8;194.0;2.0;5.0;19548.12
351700 GETULINA;2025/Abr;26.0;2025-04-01;5.5;142.0;1.0;3.85;8963.31
351740 GUAIRA;2025/Abr;316.0;2025-04-01;2.5;789.0;12.0;3.8;455395.55
351760 GUAPIARA;2025/Abr;22.0;2025-04-01;2.5;55.0;0.0;0.0;7002.81
351770 GUARA;2025/Abr;86.0;2025-04-01;2.3;202.0;1.0;1.16;48337.08
351780 GUARACAI;2025/Abr;49.0;2025-04-01;3.6;174.0;1.0;2.04;22388.39
351820 GUARARAPES;2025/Abr;133.0;2025-04-01;4.7;621.0;8.0;6.02;60932.16
351830 GUARAREMA;2025/Abr;90.0;2025-04-01;2.8;256.0;5.0;5.56;36651.66
351840 GUARATINGUETA;2025/Abr;535.0;2025-04-01;4.6;2481.0;43.0;8.04;958258.89
351860 GUARIBA;2025/Abr;143.0;2025-04-01;2.5;360.0;1.0;0.7;54428.58
351870 GUARUJA;2025/Abr;1153.0;2025-04-01;5.8;6632.0;81.0;7.03;2258831.28
351880 GUARULHOS;2025/Abr;4999.0;2025-04-01;5.4;27016.0;280.0;5.6;6277135.13
351900 HERCULANDIA;2025/Abr;73.0;2025-04-01;3.7;270.0;1.0;1.37;27576.55
351907 HORTOLANDIA;2025/Abr;495.0;2025-04-01;3.5;1746.0;7.0;1.41;284843.69
351910 IACANGA;2025/Abr;77.0;2025-04-01;2.4;185.0;2.0;2.6;21152.7
351930 IBATE;2025/Abr;78.0;2025-04-01;2.8;219.0;4.0;5.13;41442.39
351940 IBIRA;2025/Abr;20.0;2025-04-01;4.8;96.0;1.0;5.0;9484.03
351960 IBITINGA;2025/Abr;361.0;2025-04-01;2.8;1012.0;31.0;8.59;427678.13
351970 IBIUNA;2025/Abr;402.0;2025-04-01;3.3;1340.0;10.0;2.49;200900.59
351990 IEPE;2025/Abr;68.0;2025-04-01;3.6;244.0;1.0;1.47;21985.83
352010 IGARAPAVA;2025/Abr;142.0;2025-04-01;4.7;674.0;8.0;5.63;85306.03
352040 ILHABELA;2025/Abr;311.0;2025-04-01;2.4;736.0;6.0;1.93;251557.83
352044 ILHA SOLTEIRA;2025/Abr;210.0;2025-04-01;4.1;859.0;17.0;8.1;226670.21
352050 INDAIATUBA;2025/Abr;1875.0;2025-04-01;3.7;7030.0;58.0;3.09;2211258.63
352070 INDIAPORA;2025/Abr;32.0;2025-04-01;2.9;94.0;0.0;0.0;12634.42
352090 IPAUSSU;2025/Abr;46.0;2025-04-01;3.4;155.0;4.0;8.7;21937.44
352130 IPUA;2025/Abr;59.0;2025-04-01;3.9;232.0;2.0;3.39;32554.52
352170 ITABERA;2025/Abr;126.0;2025-04-01;2.1;259.0;3.0;2.38;66109.29
352180 ITAI;2025/Abr;85.0;2025-04-01;3.1;261.0;5.0;5.88;34928.3
352190 ITAJOBI;2025/Abr;65.0;2025-04-01;6.9;449.0;3.0;4.62;24917.59
352210 ITANHAEM;2025/Abr;1050.0;2025-04-01;4.3;4529.0;59.0;5.62;1287546.83
352220 ITAPECERICA DA SERRA;2025/Abr;1451.0;2025-04-01;4.1;5993.0;72.0;4.96;1610224.91
352230 ITAPETININGA;2025/Abr;907.0;2025-04-01;5.5;4948.0;69.0;7.61;929871.51
352240 ITAPEVA;2025/Abr;839.0;2025-04-01;3.9;3238.0;54.0;6.44;1263903.48
352250 ITAPEVI;2025/Abr;1462.0;2025-04-01;4.1;5974.0;38.0;2.6;1354023.95
352260 ITAPIRA;2025/Abr;637.0;2025-04-01;20.5;13041.0;21.0;3.3;1154916.74
352270 ITAPOLIS;2025/Abr;292.0;2025-04-01;3.4;987.0;16.0;5.48;321483.43
352280 ITAPORANGA;2025/Abr;98.0;2025-04-01;2.2;213.0;6.0;6.12;39689.88
352290 ITAPUI;2025/Abr;5.0;2025-04-01;5.2;26.0;1.0;20.0;2831.85
352310 ITAQUAQUECETUBA;2025/Abr;1299.0;2025-04-01;6.4;8281.0;96.0;7.39;1554377.21
352320 ITARARE;2025/Abr;302.0;2025-04-01;2.0;617.0;14.0;4.64;189155.18
352340 ITATIBA;2025/Abr;499.0;2025-04-01;3.6;1815.0;24.0;4.81;536301.01
352350 ITATINGA;2025/Abr;34.0;2025-04-01;3.9;133.0;3.0;8.82;10079.14
352360 ITIRAPINA;2025/Abr;14.0;2025-04-01;4.9;68.0;1.0;7.14;6939.77
352390 ITU;2025/Abr;859.0;2025-04-01;4.5;3907.0;41.0;4.77;1157818.84
352400 ITUPEVA;2025/Abr;187.0;2025-04-01;3.9;737.0;6.0;3.21;80347.45
352410 ITUVERAVA;2025/Abr;334.0;2025-04-01;4.1;1374.0;25.0;7.49;487768.92
352420 JABORANDI;2025/Abr;6.0;2025-04-01;5.2;31.0;1.0;16.67;2804.43
352430 JABOTICABAL;2025/Abr;195.0;2025-04-01;4.0;784.0;8.0;4.1;197844.39
352440 JACAREI;2025/Abr;1166.0;2025-04-01;4.2;4858.0;79.0;6.78;1914596.78
352450 JACI;2025/Abr;70.0;2025-04-01;58.0;4061.0;1.0;1.43;336172.72
352470 JAGUARIUNA;2025/Abr;354.0;2025-04-01;3.3;1168.0;21.0;5.93;406563.39
352480 JALES;2025/Abr;722.0;2025-04-01;3.4;2446.0;59.0;8.17;1373626.71
352520 JARINU;2025/Abr;74.0;2025-04-01;2.2;160.0;0.0;0.0;12060.29
352530 JAU;2025/Abr;2298.0;2025-04-01;5.1;11725.0;145.0;6.31;6513697.05
352550 JOANOPOLIS;2025/Abr;19.0;2025-04-01;4.6;88.0;2.0;10.53;5167.84
352570 JOSE BONIFACIO;2025/Abr;181.0;2025-04-01;4.0;731.0;7.0;3.87;95839.07
352590 JUNDIAI;2025/Abr;3574.0;2025-04-01;3.9;13942.0;153.0;4.28;4698558.58
352600 JUNQUEIROPOLIS;2025/Abr;102.0;2025-04-01;6.6;670.0;4.0;3.92;54371.87
352640 LARANJAL PAULISTA;2025/Abr;123.0;2025-04-01;2.6;320.0;5.0;4.07;52295.91
352670 LEME;2025/Abr;476.0;2025-04-01;3.7;1761.0;26.0;5.46;451523.36
352680 LENCOIS PAULISTA;2025/Abr;251.0;2025-04-01;3.8;948.0;17.0;6.77;371096.97
352690 LIMEIRA;2025/Abr;1381.0;2025-04-01;4.3;5930.0;90.0;6.52;3694143.18
352710 LINS;2025/Abr;637.0;2025-04-01;6.1;3869.0;30.0;4.71;708606.25
352720 LORENA;2025/Abr;431.0;2025-04-01;4.7;2013.0;25.0;5.8;671860.98
352730 LOUVEIRA;2025/Abr;232.0;2025-04-01;2.9;673.0;8.0;3.45;127825.19
352740 LUCELIA;2025/Abr;68.0;2025-04-01;4.1;277.0;7.0;10.29;44365.4
352800 MACATUBA;2025/Abr;85.0;2025-04-01;2.4;207.0;2.0;2.35;27102.1
352810 MACAUBAL;2025/Abr;11.0;2025-04-01;3.5;39.0;1.0;9.09;4283.91
352850 MAIRIPORA;2025/Abr;294.0;2025-04-01;2.5;731.0;11.0;3.74;99196.59
352880 MARACAI;2025/Abr;86.0;2025-04-01;2.7;230.0;1.0;1.16;38708.75
352900 MARILIA;2025/Abr;2576.0;2025-04-01;6.0;15575.0;145.0;5.63;6729909.91
352920 MARTINOPOLIS;2025/Abr;231.0;2025-04-01;2.7;627.0;9.0;3.9;109583.73
352930 MATAO;2025/Abr;502.0;2025-04-01;4.1;2082.0;29.0;5.78;1299008.89
352940 MAUA;2025/Abr;1281.0;2025-04-01;4.9;6275.0;68.0;5.31;1513220.75
352970 MIGUELOPOLIS;2025/Abr;100.0;2025-04-01;2.8;281.0;0.0;0.0;46026.91
353010 MIRANDOPOLIS;2025/Abr;299.0;2025-04-01;4.2;1268.0;17.0;5.69;291622.7
353030 MIRASSOL;2025/Abr;199.0;2025-04-01;2.6;525.0;1.0;0.5;93534.45
353050 MOCOCA;2025/Abr;450.0;2025-04-01;3.9;1741.0;37.0;8.22;552690.59
353060 MOGI DAS CRUZES;2025/Abr;3156.0;2025-04-01;4.8;15013.0;194.0;6.15;5340900.0
353070 MOGI GUACU;2025/Abr;843.0;2025-04-01;4.8;4070.0;64.0;7.59;1343245.7
353080 MOGI MIRIM;2025/Abr;456.0;2025-04-01;3.5;1615.0;21.0;4.61;794392.78
353110 MONGAGUA;2025/Abr;99.0;2025-04-01;3.3;325.0;4.0;4.04;26434.88
353130 MONTE ALTO;2025/Abr;225.0;2025-04-01;4.4;981.0;14.0;6.22;422938.39
353140 MONTE APRAZIVEL;2025/Abr;228.0;2025-04-01;2.3;526.0;1.0;0.44;110890.22
353150 MONTE AZUL PAULISTA;2025/Abr;146.0;2025-04-01;1.9;279.0;4.0;2.74;219122.38
353180 MONTE MOR;2025/Abr;108.0;2025-04-01;3.6;384.0;7.0;6.48;52248.51
353190 MORRO AGUDO;2025/Abr;173.0;2025-04-01;3.2;551.0;9.0;5.2;204277.91
353200 MORUNGABA;2025/Abr;14.0;2025-04-01;2.9;41.0;2.0;14.29;5876.42
353240 NAZARE PAULISTA;2025/Abr;48.0;2025-04-01;5.9;283.0;7.0;14.58;19715.06
353250 NEVES PAULISTA;2025/Abr;3.0;2025-04-01;2.0;6.0;0.0;0.0;1407.52
353260 NHANDEARA;2025/Abr;187.0;2025-04-01;2.4;449.0;8.0;4.28;120422.11
353290 NOVA EUROPA;2025/Abr;30.0;2025-04-01;3.1;92.0;2.0;6.67;10558.1
353300 NOVA GRANADA;2025/Abr;214.0;2025-04-01;2.8;601.0;1.0;0.47;79276.87
353340 NOVA ODESSA;2025/Abr;135.0;2025-04-01;5.4;730.0;10.0;7.41;80513.76
353350 NOVO HORIZONTE;2025/Abr;209.0;2025-04-01;3.2;669.0;10.0;4.78;235333.5
353390 OLIMPIA;2025/Abr;385.0;2025-04-01;3.8;1445.0;13.0;3.38;354668.11
353430 ORLANDIA;2025/Abr;217.0;2025-04-01;2.1;460.0;3.0;1.38;99389.38
353440 OSASCO;2025/Abr;2546.0;2025-04-01;5.5;14038.0;216.0;8.48;3330247.33
353460 OSVALDO CRUZ;2025/Abr;264.0;2025-04-01;3.1;814.0;16.0;6.06;148165.92
353470 OURINHOS;2025/Abr;989.0;2025-04-01;4.0;3956.0;60.0;6.07;1643306.78
353475 OUROESTE;2025/Abr;63.0;2025-04-01;2.8;178.0;1.0;1.59;28054.45
353520 PALMEIRA D'OESTE;2025/Abr;40.0;2025-04-01;3.3;131.0;0.0;0.0;11921.39
353530 PALMITAL;2025/Abr;209.0;2025-04-01;2.8;575.0;9.0;4.31;139374.61
353550 PARAGUACU PAULISTA;2025/Abr;522.0;2025-04-01;2.7;1400.0;21.0;4.02;570658.38
353580 PARANAPANEMA;2025/Abr;79.0;2025-04-01;3.3;260.0;5.0;6.33;32689.53
353600 PARAPUA;2025/Abr;0.0;2025-04-01;0.0;0.0;0.0;0.0;0.0
353620 PARIQUERA-ACU;2025/Abr;822.0;2025-04-01;4.1;3378.0;55.0;6.69;1081540.53
353630 PATROCINIO PAULISTA;2025/Abr;101.0;2025-04-01;3.4;348.0;4.0;3.96;64233.5
353650 PAULINIA;2025/Abr;704.0;2025-04-01;4.2;2968.0;34.0;4.83;561592.74
353660 PAULO DE FARIA;2025/Abr;13.0;2025-04-01;5.2;67.0;0.0;0.0;3936.52
353670 PEDERNEIRAS;2025/Abr;196.0;2025-04-01;4.2;814.0;13.0;6.63;189036.78
353700 PEDREGULHO;2025/Abr;129.0;2025-04-01;2.4;316.0;0.0;0.0;65060.69
353710 PEDREIRA;2025/Abr;97.0;2025-04-01;4.2;407.0;10.0;10.31;53865.48
353730 PENAPOLIS;2025/Abr;514.0;2025-04-01;7.4;3801.0;30.0;5.84;597568.99
353740 PEREIRA BARRETO;2025/Abr;70.0;2025-04-01;3.0;210.0;8.0;11.43;49984.8
353780 PIEDADE;2025/Abr;260.0;2025-04-01;2.9;751.0;21.0;8.08;118270.28
353790 PILAR DO SUL;2025/Abr;85.0;2025-04-01;2.7;231.0;6.0;7.06;39155.37
353800 PINDAMONHANGABA;2025/Abr;577.0;2025-04-01;5.0;2872.0;15.0;2.6;825156.01
353860 PIRACAIA;2025/Abr;36.0;2025-04-01;4.9;175.0;2.0;5.56;15708.28
353870 PIRACICABA;2025/Abr;2853.0;2025-04-01;3.3;9455.0;108.0;3.79;5921445.55
353880 PIRAJU;2025/Abr;184.0;2025-04-01;3.3;601.0;13.0;7.07;101135.69
353890 PIRAJUI;2025/Abr;170.0;2025-04-01;2.1;354.0;7.0;4.12;86530.23
353900 PIRANGI;2025/Abr;120.0;2025-04-01;2.1;255.0;0.0;0.0;115586.83
353930 PIRASSUNUNGA;2025/Abr;236.0;2025-04-01;4.9;1154.0;12.0;5.08;300367.09
353940 PIRATININGA;2025/Abr;33.0;2025-04-01;4.2;140.0;4.0;12.12;7119.38
353950 PITANGUEIRAS;2025/Abr;149.0;2025-04-01;2.8;413.0;3.0;2.01;68220.38
354000 POMPEIA;2025/Abr;63.0;2025-04-01;1.5;95.0;1.0;1.59;25585.74
354020 PONTAL;2025/Abr;119.0;2025-04-01;1.9;226.0;4.0;3.36;61668.98
354040 POPULINA;2025/Abr;13.0;2025-04-01;3.8;49.0;1.0;7.69;4130.41
354060 PORTO FELIZ;2025/Abr;330.0;2025-04-01;2.8;921.0;14.0;4.24;278414.33
354070 PORTO FERREIRA;2025/Abr;219.0;2025-04-01;3.4;754.0;7.0;3.2;202801.26
354080 POTIRENDABA;2025/Abr;77.0;2025-04-01;2.5;190.0;1.0;1.3;27138.59
354100 PRAIA GRANDE;2025/Abr;886.0;2025-04-01;4.8;4261.0;51.0;5.76;908740.67
354120 PRESIDENTE BERNARDES;2025/Abr;116.0;2025-04-01;2.9;336.0;1.0;0.86;41944.36
354130 PRESIDENTE EPITACIO;2025/Abr;253.0;2025-04-01;3.7;935.0;16.0;6.32;147350.56
354140 PRESIDENTE PRUDENTE;2025/Abr;3418.0;2025-04-01;5.8;19975.0;163.0;4.77;6837371.26
354150 PRESIDENTE VENCESLAU;2025/Abr;213.0;2025-04-01;4.9;1054.0;13.0;6.1;279691.08
354160 PROMISSAO;2025/Abr;327.0;2025-04-01;4.1;1339.0;12.0;3.67;356056.46
354190 QUELUZ;2025/Abr;21.0;2025-04-01;4.9;103.0;2.0;9.52;8031.83
354220 RANCHARIA;2025/Abr;373.0;2025-04-01;2.7;1015.0;17.0;4.56;444772.79
354240 REGENTE FEIJO;2025/Abr;122.0;2025-04-01;3.3;407.0;4.0;3.28;37164.27
354260 REGISTRO;2025/Abr;954.0;2025-04-01;3.9;3676.0;32.0;3.35;1030796.01
354290 RIBEIRAO BONITO;2025/Abr;27.0;2025-04-01;2.6;70.0;0.0;0.0;12164.46
354300 RIBEIRAO BRANCO;2025/Abr;51.0;2025-04-01;4.0;206.0;4.0;7.84;20017.93
354330 RIBEIRAO PIRES;2025/Abr;150.0;2025-04-01;5.7;861.0;10.0;6.67;112718.53
354340 RIBEIRAO PRETO;2025/Abr;7661.0;2025-04-01;4.8;36835.0;298.0;3.89;18177956.23
354380 RINOPOLIS;2025/Abr;19.0;2025-04-01;3.8;72.0;0.0;0.0;6412.05
354390 RIO CLARO;2025/Abr;869.0;2025-04-01;6.9;5989.0;38.0;4.37;1510173.86
354400 RIO DAS PEDRAS;2025/Abr;76.0;2025-04-01;1.2;90.0;2.0;2.63;17103.42
354420 RIOLANDIA;2025/Abr;21.0;2025-04-01;3.5;73.0;1.0;4.76;8362.43
354425 ROSANA;2025/Abr;315.0;2025-04-01;10.5;3307.0;6.0;1.9;199807.58
354490 SALES OLIVEIRA;2025/Abr;26.0;2025-04-01;1.5;39.0;0.0;0.0;11967.26
354500 SALESOPOLIS;2025/Abr;39.0;2025-04-01;3.2;123.0;2.0;5.13;12615.74
354520 SALTO;2025/Abr;446.0;2025-04-01;3.1;1377.0;30.0;6.73;357346.38
354530 SALTO DE PIRAPORA;2025/Abr;304.0;2025-04-01;1.6;490.0;6.0;1.97;259434.48
354540 SALTO GRANDE;2025/Abr;63.0;2025-04-01;2.7;170.0;2.0;3.17;21299.16
354560 SANTA ADELIA;2025/Abr;90.0;2025-04-01;3.4;307.0;1.0;1.11;103738.18
354580 SANTA BARBARA D'OESTE;2025/Abr;755.0;2025-04-01;2.6;1950.0;33.0;4.37;895690.55
354630 SANTA CRUZ DAS PALMEIRAS;2025/Abr;122.0;2025-04-01;2.5;308.0;6.0;4.92;67826.39
354640 SANTA CRUZ DO RIO PARDO;2025/Abr;382.0;2025-04-01;3.7;1413.0;15.0;3.93;485934.76
354660 SANTA FE DO SUL;2025/Abr;315.0;2025-04-01;4.7;1495.0;15.0;4.76;408952.17
354680 SANTA ISABEL;2025/Abr;167.0;2025-04-01;5.6;939.0;14.0;8.38;240655.19
354730 SANTANA DE PARNAIBA;2025/Abr;400.0;2025-04-01;4.2;1679.0;19.0;4.75;133466.06
354750 SANTA RITA DO PASSA QUATRO;2025/Abr;142.0;2025-04-01;18.7;2661.0;5.0;3.52;161560.49
354760 SANTA ROSA DE VITERBO;2025/Abr;74.0;2025-04-01;4.4;323.0;3.0;4.05;21915.92
354770 SANTO ANASTACIO;2025/Abr;169.0;2025-04-01;3.4;571.0;1.0;0.59;60201.03
354780 SANTO ANDRE;2025/Abr;4009.0;2025-04-01;4.5;17886.0;259.0;6.46;7300366.38
354790 SANTO ANTONIO DA ALEGRIA;2025/Abr;16.0;2025-04-01;3.5;56.0;0.0;0.0;5680.95
354850 SANTOS;2025/Abr;3073.0;2025-04-01;6.0;18300.0;143.0;4.65;6340247.19
354860 SAO BENTO DO SAPUCAI;2025/Abr;47.0;2025-04-01;3.9;184.0;2.0;4.26;22504.92
354870 SAO BERNARDO DO CAMPO;2025/Abr;3489.0;2025-04-01;5.5;19149.0;192.0;5.5;8843658.01
354880 SAO CAETANO DO SUL;2025/Abr;1190.0;2025-04-01;4.4;5196.0;74.0;6.22;1830569.49
354890 SAO CARLOS;2025/Abr;1788.0;2025-04-01;4.2;7424.0;89.0;4.98;3340667.32
354910 SAO JOAO DA BOA VISTA;2025/Abr;580.0;2025-04-01;4.1;2384.0;58.0;10.0;1018191.05
354940 SAO JOAQUIM DA BARRA;2025/Abr;291.0;2025-04-01;3.3;967.0;18.0;6.19;384368.44
354970 SAO JOSE DO RIO PARDO;2025/Abr;353.0;2025-04-01;3.0;1063.0;23.0;6.52;426341.1
354980 SAO JOSE DO RIO PRETO;2025/Abr;7468.0;2025-04-01;4.9;36716.0;323.0;4.33;22892711.77
354990 SAO JOSE DOS CAMPOS;2025/Abr;5006.0;2025-04-01;4.7;23775.0;229.0;4.57;11263179.79
355000 SAO LUIS DO PARAITINGA;2025/Abr;13.0;2025-04-01;6.5;85.0;2.0;15.38;4668.92
355010 SAO MANUEL;2025/Abr;159.0;2025-04-01;3.5;560.0;8.0;5.03;179295.39
355020 SAO MIGUEL ARCANJO;2025/Abr;107.0;2025-04-01;10.4;1114.0;10.0;9.35;58666.65
355030 SAO PAULO;2025/Abr;62703.0;2025-04-01;5.3;331110.0;2914.0;4.65;145407748.41
355040 SAO PEDRO;2025/Abr;320.0;2025-04-01;1.8;560.0;8.0;2.5;392944.51
355060 SAO ROQUE;2025/Abr;433.0;2025-04-01;4.3;1843.0;21.0;4.85;429935.89
355070 SAO SEBASTIAO;2025/Abr;489.0;2025-04-01;3.7;1822.0;18.0;3.68;434776.43
355080 SAO SEBASTIAO DA GRAMA;2025/Abr;69.0;2025-04-01;2.1;142.0;1.0;1.45;23309.41
355090 SAO SIMAO;2025/Abr;39.0;2025-04-01;7.6;297.0;1.0;2.56;23665.57
355100 SAO VICENTE;2025/Abr;782.0;2025-04-01;5.0;3903.0;49.0;6.27;985757.32
355150 SERRANA;2025/Abr;350.0;2025-04-01;4.4;1542.0;12.0;3.43;367238.78
355160 SERRA NEGRA;2025/Abr;162.0;2025-04-01;3.4;545.0;9.0;5.56;81555.47
355170 SERTAOZINHO;2025/Abr;507.0;2025-04-01;3.6;1822.0;26.0;5.13;810341.52
355200 SILVEIRAS;2025/Abr;3.0;2025-04-01;4.7;14.0;0.0;0.0;1093.72
355210 SOCORRO;2025/Abr;210.0;2025-04-01;3.3;700.0;15.0;7.14;208434.89
355220 SOROCABA;2025/Abr;5262.0;2025-04-01;5.0;26479.0;334.0;6.35;10274315.16
355230 SUD MENNUCCI;2025/Abr;17.0;2025-04-01;6.5;111.0;0.0;0.0;9350.86
355240 SUMARE;2025/Abr;1091.0;2025-04-01;5.0;5422.0;44.0;4.03;2253006.38
355250 SUZANO;2025/Abr;818.0;2025-04-01;6.4;5267.0;64.0;7.82;975335.51
355260 TABAPUA;2025/Abr;72.0;2025-04-01;4.7;336.0;1.0;1.39;52768.62
355270 TABATINGA;2025/Abr;82.0;2025-04-01;3.4;275.0;5.0;6.1;54728.9
355280 TABOAO DA SERRA;2025/Abr;1819.0;2025-04-01;4.3;7860.0;88.0;4.84;2839981.62
355300 TAGUAI;2025/Abr;54.0;2025-04-01;2.4;132.0;2.0;3.7;23255.8
355330 TAMBAU;2025/Abr;120.0;2025-04-01;2.4;291.0;4.0;3.33;50254.41
355340 TANABI;2025/Abr;114.0;2025-04-01;5.8;658.0;1.0;0.88;61942.48
355360 TAPIRATIBA;2025/Abr;35.0;2025-04-01;2.9;100.0;1.0;2.86;20268.23
355370 TAQUARITINGA;2025/Abr;386.0;2025-04-01;2.9;1109.0;15.0;3.89;249763.11
355380 TAQUARITUBA;2025/Abr;181.0;2025-04-01;2.8;502.0;5.0;2.76;63203.38
355400 TATUI;2025/Abr;445.0;2025-04-01;3.5;1545.0;20.0;4.49;407673.92
355410 TAUBATE;2025/Abr;2172.0;2025-04-01;3.8;8273.0;83.0;3.82;4475753.48
355430 TEODORO SAMPAIO;2025/Abr;97.0;2025-04-01;2.9;278.0;2.0;2.06;33558.14
355440 TERRA ROXA;2025/Abr;6.0;2025-04-01;2.8;17.0;0.0;0.0;2283.94
355450 TIETE;2025/Abr;203.0;2025-04-01;2.6;522.0;9.0;4.43;94996.12
355470 TORRINHA;2025/Abr;14.0;2025-04-01;4.0;56.0;2.0;14.29;3964.64
355500 TUPA;2025/Abr;696.0;2025-04-01;5.5;3858.0;33.0;4.74;1152214.67
355510 TUPI PAULISTA;2025/Abr;95.0;2025-04-01;3.9;367.0;3.0;3.16;42120.17
355540 UBATUBA;2025/Abr;452.0;2025-04-01;2.8;1287.0;11.0;2.43;265011.23
355580 URANIA;2025/Abr;14.0;2025-04-01;4.3;60.0;0.0;0.0;4717.77
355600 URUPES;2025/Abr;29.0;2025-04-01;3.8;110.0;2.0;6.9;10356.39
355620 VALINHOS;2025/Abr;398.0;2025-04-01;5.0;1997.0;19.0;4.77;581617.62
355630 VALPARAISO;2025/Abr;77.0;2025-04-01;2.1;165.0;2.0;2.6;34108.14
355640 VARGEM GRANDE DO SUL;2025/Abr;198.0;2025-04-01;3.2;641.0;18.0;9.09;98881.58
355650 VARZEA PAULISTA;2025/Abr;67.0;2025-04-01;4.0;267.0;4.0;5.97;19729.61
355670 VINHEDO;2025/Abr;523.0;2025-04-01;2.7;1390.0;27.0;5.16;492814.13
355680 VIRADOURO;2025/Abr;32.0;2025-04-01;2.6;84.0;1.0;3.13;12762.52
355700 VOTORANTIM;2025/Abr;343.0;2025-04-01;4.1;1402.0;24.0;7.0;340659.89
355710 VOTUPORANGA;2025/Abr;1016.0;2025-04-01;3.5;3537.0;47.0;4.63;1886993.85
355720 CHAVANTES;2025/Abr;73.0;2025-04-01;2.4;172.0;1.0;1.37;41268.23
350010 ADAMANTINA;2025/Mai;510.0;2025-05-01;8.4;4279.0;23.0;4.51;777471.33
350030 AGUAI;2025/Mai;70.0;2025-05-01;6.9;485.0;1.0;1.43;36087.74
350050 AGUAS DE LINDOIA;2025/Mai;96.0;2025-05-01;4.7;452.0;10.0;10.42;42467.03
350070 AGUDOS;2025/Mai;107.0;2025-05-01;2.2;236.0;0.0;0.0;55106.49
350100 ALTINOPOLIS;2025/Mai;202.0;2025-05-01;1.6;328.0;3.0;1.49;66813.56
350110 ALTO ALEGRE;2025/Mai;13.0;2025-05-01;2.5;33.0;0.0;0.0;3966.46
350130 ALVARES MACHADO;2025/Mai;77.0;2025-05-01;4.1;319.0;2.0;2.6;29086.71
350160 AMERICANA;2025/Mai;897.0;2025-05-01;4.8;4262.0;69.0;7.69;1067611.52
350170 AMERICO BRASILIENSE;2025/Mai;640.0;2025-05-01;3.9;2490.0;16.0;2.5;683222.16
350190 AMPARO;2025/Mai;409.0;2025-05-01;13.2;5381.0;20.0;4.89;708196.92
350210 ANDRADINA;2025/Mai;328.0;2025-05-01;4.5;1466.0;36.0;10.98;375094.33
350220 ANGATUBA;2025/Mai;179.0;2025-05-01;3.6;649.0;11.0;6.15;76685.81
350250 APARECIDA;2025/Mai;413.0;2025-05-01;3.4;1394.0;21.0;5.08;586173.74
350260 APARECIDA D'OESTE;2025/Mai;6.0;2025-05-01;3.3;20.0;0.0;0.0;2291.05
350270 APIAI;2025/Mai;349.0;2025-05-01;2.7;940.0;13.0;3.72;177068.77
350280 ARACATUBA;2025/Mai;1127.0;2025-05-01;6.3;7152.0;127.0;11.27;3843237.68
350310 ARANDU;2025/Mai;8.0;2025-05-01;3.8;30.0;1.0;12.5;3835.32
350320 ARARAQUARA;2025/Mai;1654.0;2025-05-01;4.2;6893.0;114.0;6.89;3919681.45
350330 ARARAS;2025/Mai;644.0;2025-05-01;4.2;2705.0;40.0;6.21;1642109.62
350340 AREALVA;2025/Mai;23.0;2025-05-01;2.0;46.0;4.0;17.39;6905.81
350390 ARUJA;2025/Mai;0.0;2025-05-01;0.0;0.0;0.0;0.0;0.0
350400 ASSIS;2025/Mai;960.0;2025-05-01;4.3;4102.0;72.0;7.5;1597579.53
350410 ATIBAIA;2025/Mai;428.0;2025-05-01;4.9;2088.0;42.0;9.81;383486.56
350420 AURIFLAMA;2025/Mai;257.0;2025-05-01;1.6;412.0;6.0;2.33;245031.64
350450 AVARE;2025/Mai;669.0;2025-05-01;4.2;2777.0;24.0;3.59;933330.67
350520 BARIRI;2025/Mai;178.0;2025-05-01;3.2;561.0;9.0;5.06;79420.59
350530 BARRA BONITA;2025/Mai;214.0;2025-05-01;3.4;720.0;21.0;9.81;186860.41
350550 BARRETOS;2025/Mai;2843.0;2025-05-01;5.1;14405.0;217.0;7.63;8378232.8
350570 BARUERI;2025/Mai;3510.0;2025-05-01;3.7;12985.0;145.0;4.13;2713195.38
350580 BASTOS;2025/Mai;136.0;2025-05-01;2.4;323.0;4.0;2.94;53980.6
350590 BATATAIS;2025/Mai;430.0;2025-05-01;3.9;1663.0;22.0;5.12;476800.39
350600 BAURU;2025/Mai;3500.0;2025-05-01;5.4;18760.0;144.0;4.11;6260684.44
350610 BEBEDOURO;2025/Mai;849.0;2025-05-01;2.7;2305.0;33.0;3.89;877676.94
350630 BERNARDINO DE CAMPOS;2025/Mai;75.0;2025-05-01;3.6;272.0;5.0;6.67;30957.47
350635 BERTIOGA;2025/Mai;310.0;2025-05-01;3.4;1063.0;16.0;5.16;148459.25
350640 BILAC;2025/Mai;16.0;2025-05-01;3.1;49.0;2.0;12.5;7150.7
350650 BIRIGUI;2025/Mai;419.0;2025-05-01;4.9;2063.0;16.0;3.82;471557.21
350670 BOA ESPERANCA DO SUL;2025/Mai;5.0;2025-05-01;3.0;15.0;1.0;20.0;1987.43
350680 BOCAINA;2025/Mai;15.0;2025-05-01;4.0;60.0;0.0;0.0;7341.02
350700 BOITUVA;2025/Mai;221.0;2025-05-01;2.8;613.0;9.0;4.07;121463.23
350710 BOM JESUS DOS PERDOES;2025/Mai;14.0;2025-05-01;5.3;74.0;3.0;21.43;5837.34
350740 BORBOREMA;2025/Mai;80.0;2025-05-01;3.5;277.0;6.0;7.5;35034.27
350750 BOTUCATU;2025/Mai;2488.0;2025-05-01;6.0;14820.0;139.0;5.59;7077847.85
350760 BRAGANCA PAULISTA;2025/Mai;1615.0;2025-05-01;3.8;6062.0;95.0;5.88;3247164.51
350790 BROTAS;2025/Mai;78.0;2025-05-01;7.1;553.0;9.0;11.54;46380.85
350810 BURITAMA;2025/Mai;119.0;2025-05-01;3.6;428.0;9.0;7.56;73346.52
350840 CABREUVA;2025/Mai;64.0;2025-05-01;4.5;288.0;3.0;4.69;30900.45
350850 CACAPAVA;2025/Mai;323.0;2025-05-01;4.0;1279.0;22.0;6.81;327544.29
350870 CACONDE;2025/Mai;199.0;2025-05-01;2.0;401.0;5.0;2.51;202768.17
350880 CAFELANDIA;2025/Mai;85.0;2025-05-01;2.2;191.0;3.0;3.53;35452.24
350900 CAIEIRAS;2025/Mai;458.0;2025-05-01;2.9;1316.0;13.0;2.84;258961.76
350920 CAJAMAR;2025/Mai;303.0;2025-05-01;3.5;1075.0;19.0;6.27;129349.29
350930 CAJOBI;2025/Mai;58.0;2025-05-01;2.5;146.0;0.0;0.0;26234.96
350940 CAJURU;2025/Mai;318.0;2025-05-01;3.5;1107.0;8.0;2.52;172180.48
350950 CAMPINAS;2025/Mai;7629.0;2025-05-01;5.4;41523.0;413.0;5.41;20195752.03
350960 CAMPO LIMPO PAULISTA;2025/Mai;361.0;2025-05-01;4.0;1429.0;28.0;7.76;398208.9
350970 CAMPOS DO JORDAO;2025/Mai;236.0;2025-05-01;18.3;4312.0;10.0;4.24;410100.08
351000 CANDIDO MOTA;2025/Mai;179.0;2025-05-01;3.0;532.0;8.0;4.47;144283.25
351020 CAPAO BONITO;2025/Mai;262.0;2025-05-01;3.2;850.0;19.0;7.25;258239.12
351040 CAPIVARI;2025/Mai;254.0;2025-05-01;3.5;886.0;20.0;7.87;265204.84
351050 CARAGUATATUBA;2025/Mai;2037.0;2025-05-01;3.2;6542.0;96.0;4.71;2577382.57
351060 CARAPICUIBA;2025/Mai;1549.0;2025-05-01;3.5;5412.0;57.0;3.68;1858673.31
351070 CARDOSO;2025/Mai;57.0;2025-05-01;3.9;222.0;1.0;1.75;26386.91
351080 CASA BRANCA;2025/Mai;212.0;2025-05-01;9.1;1929.0;11.0;5.19;213348.7
351100 CASTILHO;2025/Mai;113.0;2025-05-01;2.3;259.0;6.0;5.31;61412.42
351110 CATANDUVA;2025/Mai;1579.0;2025-05-01;6.4;10177.0;99.0;6.27;3575527.47
351140 CERQUEIRA CESAR;2025/Mai;158.0;2025-05-01;2.4;386.0;3.0;1.9;83602.12
351150 CERQUILHO;2025/Mai;105.0;2025-05-01;4.8;505.0;9.0;8.57;51394.99
351160 CESARIO LANGE;2025/Mai;58.0;2025-05-01;2.7;157.0;2.0;3.45;32854.03
351170 CHARQUEADA;2025/Mai;28.0;2025-05-01;10.8;301.0;2.0;7.14;9612.94
351190 CLEMENTINA;2025/Mai;41.0;2025-05-01;3.6;147.0;0.0;0.0;15729.68
351200 COLINA;2025/Mai;98.0;2025-05-01;5.2;512.0;10.0;10.2;213609.2
351210 COLOMBIA;2025/Mai;2.0;2025-05-01;5.0;10.0;0.0;0.0;88.44
351220 CONCHAL;2025/Mai;227.0;2025-05-01;2.8;641.0;8.0;3.52;180792.13
351230 CONCHAS;2025/Mai;28.0;2025-05-01;6.0;168.0;1.0;3.57;12895.27
351280 COSMOPOLIS;2025/Mai;151.0;2025-05-01;3.3;504.0;17.0;11.26;120770.5
351300 COTIA;2025/Mai;1178.0;2025-05-01;4.2;4915.0;93.0;7.89;1268048.42
351310 CRAVINHOS;2025/Mai;39.0;2025-05-01;6.5;255.0;4.0;10.26;20679.63
351340 CRUZEIRO;2025/Mai;556.0;2025-05-01;5.0;2786.0;44.0;7.91;798493.63
351350 CUBATAO;2025/Mai;584.0;2025-05-01;6.5;3776.0;30.0;5.14;840045.98
351360 CUNHA;2025/Mai;127.0;2025-05-01;3.3;414.0;9.0;7.09;75376.05
351370 DESCALVADO;2025/Mai;146.0;2025-05-01;2.3;338.0;8.0;5.48;132732.12
351380 DIADEMA;2025/Mai;1937.0;2025-05-01;5.1;9884.0;83.0;4.28;2948283.03
351390 DIVINOLANDIA;2025/Mai;432.0;2025-05-01;1.4;593.0;4.0;0.93;575632.2
351410 DOIS CORREGOS;2025/Mai;152.0;2025-05-01;4.3;659.0;5.0;3.29;76833.06
351440 DRACENA;2025/Mai;337.0;2025-05-01;5.4;1804.0;44.0;13.06;600745.62
351450 DUARTINA;2025/Mai;153.0;2025-05-01;2.0;301.0;5.0;3.27;49997.62
351500 EMBU DAS ARTES;2025/Mai;250.0;2025-05-01;5.6;1400.0;19.0;7.6;102702.83
351510 EMBU-GUACU;2025/Mai;122.0;2025-05-01;1.1;135.0;8.0;6.56;48961.47
351518 ESPIRITO SANTO DO PINHAL;2025/Mai;356.0;2025-05-01;24.5;8715.0;18.0;5.06;862913.28
351520 ESTRELA D'OESTE;2025/Mai;79.0;2025-05-01;4.3;339.0;2.0;2.53;43571.31
351540 FARTURA;2025/Mai;67.0;2025-05-01;3.3;223.0;7.0;10.45;28336.02
351550 FERNANDOPOLIS;2025/Mai;571.0;2025-05-01;3.9;2204.0;29.0;5.08;695839.62
351570 FERRAZ DE VASCONCELOS;2025/Mai;613.0;2025-05-01;5.3;3230.0;27.0;4.4;590059.89
351600 FLORIDA PAULISTA;2025/Mai;66.0;2025-05-01;3.4;224.0;3.0;4.55;24588.88
351620 FRANCA;2025/Mai;2042.0;2025-05-01;5.5;11251.0;151.0;7.39;5238086.99
351630 FRANCISCO MORATO;2025/Mai;1206.0;2025-05-01;4.2;5112.0;65.0;5.39;1139843.19
351640 FRANCO DA ROCHA;2025/Mai;722.0;2025-05-01;7.7;5542.0;58.0;8.03;1083175.29
351660 GALIA;2025/Mai;7.0;2025-05-01;2.9;20.0;0.0;0.0;2543.91
351670 GARCA;2025/Mai;271.0;2025-05-01;19.1;5184.0;13.0;4.8;552666.88
351690 GENERAL SALGADO;2025/Mai;48.0;2025-05-01;4.0;191.0;1.0;2.08;23459.1
351700 GETULINA;2025/Mai;32.0;2025-05-01;4.6;147.0;2.0;6.25;11008.43
351740 GUAIRA;2025/Mai;282.0;2025-05-01;3.1;882.0;17.0;6.03;508815.53
351760 GUAPIARA;2025/Mai;25.0;2025-05-01;4.2;106.0;3.0;12.0;11258.66
351770 GUARA;2025/Mai;77.0;2025-05-01;2.8;216.0;2.0;2.6;41895.59
351780 GUARACAI;2025/Mai;62.0;2025-05-01;3.4;213.0;3.0;4.84;31650.49
351820 GUARARAPES;2025/Mai;172.0;2025-05-01;4.5;766.0;5.0;2.91;83164.6
351830 GUARAREMA;2025/Mai;119.0;2025-05-01;3.1;370.0;8.0;6.72;46177.54
351840 GUARATINGUETA;2025/Mai;551.0;2025-05-01;5.0;2764.0;33.0;5.99;962698.04
351860 GUARIBA;2025/Mai;146.0;2025-05-01;3.0;432.0;5.0;3.42;77952.94
351870 GUARUJA;2025/Mai;1204.0;2025-05-01;5.5;6635.0;88.0;7.31;2485103.57
351880 GUARULHOS;2025/Mai;5284.0;2025-05-01;5.7;30269.0;336.0;6.36;7137178.76
351900 HERCULANDIA;2025/Mai;87.0;2025-05-01;3.2;276.0;0.0;0.0;35209.93
351907 HORTOLANDIA;2025/Mai;490.0;2025-05-01;3.2;1564.0;9.0;1.84;315194.07
351910 IACANGA;2025/Mai;97.0;2025-05-01;2.3;223.0;1.0;1.03;29195.93
351930 IBATE;2025/Mai;109.0;2025-05-01;2.6;281.0;7.0;6.42;61445.74
351940 IBIRA;2025/Mai;32.0;2025-05-01;4.3;138.0;0.0;0.0;13499.67
351960 IBITINGA;2025/Mai;405.0;2025-05-01;3.0;1203.0;45.0;11.11;467136.5
351970 IBIUNA;2025/Mai;403.0;2025-05-01;3.3;1321.0;19.0;4.71;212725.89
351990 IEPE;2025/Mai;97.0;2025-05-01;2.8;275.0;2.0;2.06;42542.88
352010 IGARAPAVA;2025/Mai;165.0;2025-05-01;4.1;673.0;10.0;6.06;124263.67
352040 ILHABELA;2025/Mai;326.0;2025-05-01;2.7;896.0;8.0;2.45;245112.89
352044 ILHA SOLTEIRA;2025/Mai;240.0;2025-05-01;3.8;902.0;17.0;7.08;286908.28
352050 INDAIATUBA;2025/Mai;1966.0;2025-05-01;3.7;7206.0;52.0;2.64;2313241.57
352070 INDIAPORA;2025/Mai;36.0;2025-05-01;3.2;114.0;0.0;0.0;16265.22
352090 IPAUSSU;2025/Mai;64.0;2025-05-01;3.6;229.0;5.0;7.81;32550.35
352130 IPUA;2025/Mai;85.0;2025-05-01;2.4;202.0;1.0;1.18;36949.46
352170 ITABERA;2025/Mai;118.0;2025-05-01;2.4;288.0;2.0;1.69;58246.1
352180 ITAI;2025/Mai;86.0;2025-05-01;3.0;259.0;4.0;4.65;38925.89
352190 ITAJOBI;2025/Mai;68.0;2025-05-01;6.5;439.0;6.0;8.82;28360.3
352210 ITANHAEM;2025/Mai;958.0;2025-05-01;5.0;4788.0;48.0;5.01;1242719.55
352220 ITAPECERICA DA SERRA;2025/Mai;1454.0;2025-05-01;4.0;5760.0;100.0;6.88;1759338.45
352230 ITAPETININGA;2025/Mai;958.0;2025-05-01;5.8;5511.0;87.0;9.08;1024086.82
352240 ITAPEVA;2025/Mai;900.0;2025-05-01;3.9;3536.0;55.0;6.11;1360008.07
352250 ITAPEVI;2025/Mai;1508.0;2025-05-01;4.2;6347.0;50.0;3.32;1507108.06
352260 ITAPIRA;2025/Mai;613.0;2025-05-01;22.3;13641.0;34.0;5.55;1270579.04
352270 ITAPOLIS;2025/Mai;304.0;2025-05-01;3.2;959.0;15.0;4.93;327470.8
352280 ITAPORANGA;2025/Mai;113.0;2025-05-01;2.6;292.0;7.0;6.19;52309.6
352290 ITAPUI;2025/Mai;0.0;2025-05-01;0.0;0.0;0.0;0.0;0.0
352310 ITAQUAQUECETUBA;2025/Mai;1229.0;2025-05-01;5.7;7004.0;93.0;7.57;1481781.47
352320 ITARARE;2025/Mai;323.0;2025-05-01;2.1;672.0;15.0;4.64;238428.1
352340 ITATIBA;2025/Mai;554.0;2025-05-01;3.5;1965.0;24.0;4.33;620055.2
352350 ITATINGA;2025/Mai;28.0;2025-05-01;5.6;156.0;2.0;7.14;12279.98
352360 ITIRAPINA;2025/Mai;15.0;2025-05-01;3.7;55.0;0.0;0.0;8518.86
352390 ITU;2025/Mai;839.0;2025-05-01;5.5;4619.0;51.0;6.08;1330218.65
352400 ITUPEVA;2025/Mai;200.0;2025-05-01;3.7;734.0;8.0;4.0;83411.95
352410 ITUVERAVA;2025/Mai;365.0;2025-05-01;4.0;1443.0;23.0;6.3;493539.14
352420 JABORANDI;2025/Mai;7.0;2025-05-01;5.6;39.0;1.0;14.29;3479.59
352430 JABOTICABAL;2025/Mai;192.0;2025-05-01;4.0;773.0;12.0;6.25;168818.28
352440 JACAREI;2025/Mai;1224.0;2025-05-01;4.2;5097.0;79.0;6.45;2020227.46
352450 JACI;2025/Mai;59.0;2025-05-01;6.2;366.0;1.0;1.69;31954.79
352470 JAGUARIUNA;2025/Mai;386.0;2025-05-01;3.3;1276.0;25.0;6.48;453513.34
352480 JALES;2025/Mai;724.0;2025-05-01;3.5;2512.0;56.0;7.73;1292083.99
352520 JARINU;2025/Mai;65.0;2025-05-01;2.6;170.0;3.0;4.62;10172.02
352530 JAU;2025/Mai;2337.0;2025-05-01;4.8;11269.0;148.0;6.33;6105619.72
352550 JOANOPOLIS;2025/Mai;23.0;2025-05-01;3.8;87.0;5.0;21.74;8802.15
352570 JOSE BONIFACIO;2025/Mai;204.0;2025-05-01;3.3;674.0;5.0;2.45;112294.41
352590 JUNDIAI;2025/Mai;3843.0;2025-05-01;3.9;15128.0;161.0;4.19;5291101.61
352600 JUNQUEIROPOLIS;2025/Mai;108.0;2025-05-01;5.7;611.0;3.0;2.78;53943.3
352640 LARANJAL PAULISTA;2025/Mai;15.0;2025-05-01;16.0;240.0;1.0;6.67;10676.16
352670 LEME;2025/Mai;479.0;2025-05-01;3.8;1800.0;39.0;8.14;507964.67
352680 LENCOIS PAULISTA;2025/Mai;228.0;2025-05-01;4.1;928.0;12.0;5.26;293733.8
352690 LIMEIRA;2025/Mai;1461.0;2025-05-01;4.2;6089.0;81.0;5.54;3792614.12
352710 LINS;2025/Mai;633.0;2025-05-01;6.9;4342.0;35.0;5.53;766156.42
352720 LORENA;2025/Mai;442.0;2025-05-01;4.6;2015.0;23.0;5.2;663627.06
352730 LOUVEIRA;2025/Mai;233.0;2025-05-01;2.9;675.0;10.0;4.29;235711.45
352740 LUCELIA;2025/Mai;62.0;2025-05-01;5.0;312.0;4.0;6.45;22456.85
352800 MACATUBA;2025/Mai;103.0;2025-05-01;2.7;274.0;5.0;4.85;41953.26
352810 MACAUBAL;2025/Mai;20.0;2025-05-01;3.1;62.0;4.0;20.0;10944.42
352850 MAIRIPORA;2025/Mai;258.0;2025-05-01;2.9;745.0;9.0;3.49;89368.56
352880 MARACAI;2025/Mai;77.0;2025-05-01;4.8;366.0;5.0;6.49;36703.8
352900 MARILIA;2025/Mai;2747.0;2025-05-01;5.7;15730.0;142.0;5.17;7298740.99
352920 MARTINOPOLIS;2025/Mai;221.0;2025-05-01;3.2;697.0;12.0;5.43;113846.8
352930 MATAO;2025/Mai;545.0;2025-05-01;4.5;2470.0;47.0;8.62;1534060.0
352940 MAUA;2025/Mai;1149.0;2025-05-01;4.8;5570.0;52.0;4.53;1242804.01
352970 MIGUELOPOLIS;2025/Mai;119.0;2025-05-01;3.6;434.0;2.0;1.68;64818.42
353010 MIRANDOPOLIS;2025/Mai;347.0;2025-05-01;4.6;1604.0;23.0;6.63;346045.15
353030 MIRASSOL;2025/Mai;178.0;2025-05-01;2.4;420.0;4.0;2.25;89564.63
353050 MOCOCA;2025/Mai;492.0;2025-05-01;3.5;1711.0;41.0;8.33;641675.44
353060 MOGI DAS CRUZES;2025/Mai;3283.0;2025-05-01;5.0;16474.0;206.0;6.27;5577301.11
353070 MOGI GUACU;2025/Mai;882.0;2025-05-01;4.8;4245.0;66.0;7.48;1594730.94
353080 MOGI MIRIM;2025/Mai;477.0;2025-05-01;3.6;1706.0;36.0;7.55;872159.22
353110 MONGAGUA;2025/Mai;128.0;2025-05-01;4.0;509.0;1.0;0.78;30881.7
353130 MONTE ALTO;2025/Mai;245.0;2025-05-01;4.3;1046.0;15.0;6.12;381385.56
353140 MONTE APRAZIVEL;2025/Mai;220.0;2025-05-01;2.3;510.0;4.0;1.82;101054.83
353150 MONTE AZUL PAULISTA;2025/Mai;123.0;2025-05-01;2.2;274.0;5.0;4.07;169526.33
353180 MONTE MOR;2025/Mai;111.0;2025-05-01;3.1;347.0;6.0;5.41;52098.41
353190 MORRO AGUDO;2025/Mai;180.0;2025-05-01;3.0;534.0;16.0;8.89;234120.85
353200 MORUNGABA;2025/Mai;18.0;2025-05-01;3.3;60.0;2.0;11.11;7713.53
353240 NAZARE PAULISTA;2025/Mai;48.0;2025-05-01;4.4;213.0;3.0;6.25;18907.04
353250 NEVES PAULISTA;2025/Mai;3.0;2025-05-01;7.0;21.0;0.0;0.0;1187.78
353260 NHANDEARA;2025/Mai;240.0;2025-05-01;2.4;572.0;5.0;2.08;139793.49
353290 NOVA EUROPA;2025/Mai;36.0;2025-05-01;3.9;139.0;2.0;5.56;13315.94
353300 NOVA GRANADA;2025/Mai;200.0;2025-05-01;3.4;676.0;4.0;2.0;89346.62
353340 NOVA ODESSA;2025/Mai;137.0;2025-05-01;6.4;875.0;22.0;16.06;67059.25
353350 NOVO HORIZONTE;2025/Mai;252.0;2025-05-01;3.5;883.0;19.0;7.54;351563.8
353390 OLIMPIA;2025/Mai;391.0;2025-05-01;4.2;1634.0;21.0;5.37;404005.48
353430 ORLANDIA;2025/Mai;234.0;2025-05-01;1.9;442.0;5.0;2.14;106756.69
353440 OSASCO;2025/Mai;2542.0;2025-05-01;5.6;14207.0;212.0;8.34;3305782.18
353460 OSVALDO CRUZ;2025/Mai;247.0;2025-05-01;3.3;807.0;15.0;6.07;143932.63
353470 OURINHOS;2025/Mai;950.0;2025-05-01;3.8;3624.0;53.0;5.58;1688491.37
353475 OUROESTE;2025/Mai;75.0;2025-05-01;3.6;272.0;0.0;0.0;31838.89
353520 PALMEIRA D'OESTE;2025/Mai;54.0;2025-05-01;3.2;173.0;0.0;0.0;17515.43
353530 PALMITAL;2025/Mai;188.0;2025-05-01;2.5;471.0;11.0;5.85;132152.68
353550 PARAGUACU PAULISTA;2025/Mai;621.0;2025-05-01;2.3;1417.0;22.0;3.54;668609.84
353580 PARANAPANEMA;2025/Mai;64.0;2025-05-01;3.8;243.0;4.0;6.25;28629.55
353600 PARAPUA;2025/Mai;0.0;2025-05-01;0.0;0.0;0.0;0.0;0.0
353620 PARIQUERA-ACU;2025/Mai;870.0;2025-05-01;4.2;3646.0;52.0;5.98;1211319.41
353630 PATROCINIO PAULISTA;2025/Mai;85.0;2025-05-01;4.8;404.0;6.0;7.06;42647.37
353650 PAULINIA;2025/Mai;732.0;2025-05-01;3.4;2500.0;44.0;6.01;639074.66
353660 PAULO DE FARIA;2025/Mai;10.0;2025-05-01;3.7;37.0;0.0;0.0;4106.06
353670 PEDERNEIRAS;2025/Mai;198.0;2025-05-01;4.9;973.0;14.0;7.07;226344.31
353700 PEDREGULHO;2025/Mai;137.0;2025-05-01;3.1;427.0;3.0;2.19;80078.97
353710 PEDREIRA;2025/Mai;90.0;2025-05-01;3.1;280.0;9.0;10.0;47093.81
353730 PENAPOLIS;2025/Mai;511.0;2025-05-01;5.9;2990.0;35.0;6.85;540135.89
353740 PEREIRA BARRETO;2025/Mai;70.0;2025-05-01;3.1;215.0;10.0;14.29;34090.66
353780 PIEDADE;2025/Mai;272.0;2025-05-01;3.3;904.0;30.0;11.03;133010.35
353790 PILAR DO SUL;2025/Mai;110.0;2025-05-01;3.3;364.0;7.0;6.36;54611.2
353800 PINDAMONHANGABA;2025/Mai;609.0;2025-05-01;4.9;2984.0;25.0;4.11;716688.43
353860 PIRACAIA;2025/Mai;59.0;2025-05-01;3.6;213.0;5.0;8.47;21087.25
353870 PIRACICABA;2025/Mai;3054.0;2025-05-01;3.3;10052.0;128.0;4.19;6435500.47
353880 PIRAJU;2025/Mai;179.0;2025-05-01;3.4;600.0;7.0;3.91;89355.36
353890 PIRAJUI;2025/Mai;163.0;2025-05-01;2.3;369.0;8.0;4.91;79419.21
353900 PIRANGI;2025/Mai;120.0;2025-05-01;1.9;226.0;2.0;1.67;107118.44
353930 PIRASSUNUNGA;2025/Mai;250.0;2025-05-01;4.3;1074.0;27.0;10.8;293384.71
353940 PIRATININGA;2025/Mai;48.0;2025-05-01;3.4;162.0;4.0;8.33;9390.37
353950 PITANGUEIRAS;2025/Mai;163.0;2025-05-01;3.2;516.0;5.0;3.07;99118.96
354000 POMPEIA;2025/Mai;71.0;2025-05-01;3.2;227.0;3.0;4.23;31518.85
354020 PONTAL;2025/Mai;126.0;2025-05-01;2.0;247.0;8.0;6.35;66880.3
354040 POPULINA;2025/Mai;17.0;2025-05-01;2.4;41.0;0.0;0.0;6458.78
354060 PORTO FELIZ;2025/Mai;352.0;2025-05-01;3.1;1107.0;17.0;4.83;285330.05
354070 PORTO FERREIRA;2025/Mai;220.0;2025-05-01;3.5;762.0;13.0;5.91;225739.96
354080 POTIRENDABA;2025/Mai;109.0;2025-05-01;2.6;280.0;1.0;0.92;40265.17
354100 PRAIA GRANDE;2025/Mai;889.0;2025-05-01;5.3;4749.0;48.0;5.4;1093979.46
354120 PRESIDENTE BERNARDES;2025/Mai;133.0;2025-05-01;3.1;417.0;1.0;0.75;50809.16
354130 PRESIDENTE EPITACIO;2025/Mai;266.0;2025-05-01;3.5;936.0;8.0;3.01;174396.22
354140 PRESIDENTE PRUDENTE;2025/Mai;3825.0;2025-05-01;5.3;20405.0;194.0;5.07;7427396.97
354150 PRESIDENTE VENCESLAU;2025/Mai;247.0;2025-05-01;4.1;1011.0;18.0;7.29;256505.79
354160 PROMISSAO;2025/Mai;309.0;2025-05-01;4.5;1386.0;11.0;3.56;353359.25
354190 QUELUZ;2025/Mai;19.0;2025-05-01;3.6;69.0;0.0;0.0;9418.91
354220 RANCHARIA;2025/Mai;375.0;2025-05-01;2.5;955.0;18.0;4.8;408905.23
354240 REGENTE FEIJO;2025/Mai;126.0;2025-05-01;3.3;421.0;2.0;1.59;44356.49
354260 REGISTRO;2025/Mai;894.0;2025-05-01;3.9;3493.0;31.0;3.47;1061798.88
354290 RIBEIRAO BONITO;2025/Mai;29.0;2025-05-01;3.2;92.0;5.0;17.24;15960.51
354300 RIBEIRAO BRANCO;2025/Mai;39.0;2025-05-01;3.2;125.0;1.0;2.56;16173.21
354330 RIBEIRAO PIRES;2025/Mai;157.0;2025-05-01;6.7;1053.0;12.0;7.64;125302.44
354340 RIBEIRAO PRETO;2025/Mai;7776.0;2025-05-01;4.6;35954.0;319.0;4.1;18944166.24
354380 RINOPOLIS;2025/Mai;32.0;2025-05-01;5.0;160.0;5.0;15.63;14353.47
354390 RIO CLARO;2025/Mai;996.0;2025-05-01;6.4;6349.0;62.0;6.22;1678245.81
354400 RIO DAS PEDRAS;2025/Mai;95.0;2025-05-01;1.7;166.0;0.0;0.0;24096.62
354420 RIOLANDIA;2025/Mai;19.0;2025-05-01;4.2;79.0;0.0;0.0;6460.38
354425 ROSANA;2025/Mai;294.0;2025-05-01;3.3;976.0;12.0;4.08;135560.11
354490 SALES OLIVEIRA;2025/Mai;21.0;2025-05-01;2.3;49.0;1.0;4.76;8937.11
354500 SALESOPOLIS;2025/Mai;0.0;2025-05-01;0.0;0.0;0.0;0.0;0.0
354520 SALTO;2025/Mai;438.0;2025-05-01;3.5;1544.0;32.0;7.31;333401.1
354530 SALTO DE PIRAPORA;2025/Mai;241.0;2025-05-01;2.2;537.0;14.0;5.81;168143.32
354540 SALTO GRANDE;2025/Mai;59.0;2025-05-01;3.4;199.0;2.0;3.39;22841.7
354560 SANTA ADELIA;2025/Mai;109.0;2025-05-01;3.5;386.0;6.0;5.5;139279.47
354580 SANTA BARBARA D'OESTE;2025/Mai;785.0;2025-05-01;2.6;2025.0;43.0;5.48;934941.33
354630 SANTA CRUZ DAS PALMEIRAS;2025/Mai;129.0;2025-05-01;2.8;367.0;10.0;7.75;81557.54
354640 SANTA CRUZ DO RIO PARDO;2025/Mai;385.0;2025-05-01;3.6;1386.0;19.0;4.94;454774.7
354660 SANTA FE DO SUL;2025/Mai;328.0;2025-05-01;4.5;1477.0;14.0;4.27;363577.22
354680 SANTA ISABEL;2025/Mai;209.0;2025-05-01;6.1;1285.0;19.0;9.09;233903.53
354730 SANTANA DE PARNAIBA;2025/Mai;378.0;2025-05-01;4.2;1599.0;22.0;5.82;138819.04
354750 SANTA RITA DO PASSA QUATRO;2025/Mai;173.0;2025-05-01;17.6;3041.0;10.0;5.78;201571.14
354760 SANTA ROSA DE VITERBO;2025/Mai;67.0;2025-05-01;4.9;329.0;4.0;5.97;21936.06
354770 SANTO ANASTACIO;2025/Mai;195.0;2025-05-01;3.1;604.0;6.0;3.08;61125.48
354780 SANTO ANDRE;2025/Mai;4269.0;2025-05-01;4.3;18475.0;300.0;7.03;8451323.81
354790 SANTO ANTONIO DA ALEGRIA;2025/Mai;13.0;2025-05-01;3.5;45.0;0.0;0.0;4985.02
354850 SANTOS;2025/Mai;3030.0;2025-05-01;5.9;17741.0;163.0;5.38;6466220.59
354860 SAO BENTO DO SAPUCAI;2025/Mai;45.0;2025-05-01;5.0;224.0;1.0;2.22;21752.19
354870 SAO BERNARDO DO CAMPO;2025/Mai;4021.0;2025-05-01;5.5;22040.0;221.0;5.5;9293701.23
354880 SAO CAETANO DO SUL;2025/Mai;1230.0;2025-05-01;4.3;5331.0;111.0;9.02;1779854.0
354890 SAO CARLOS;2025/Mai;1794.0;2025-05-01;4.2;7582.0;109.0;6.08;3441065.61
354910 SAO JOAO DA BOA VISTA;2025/Mai;621.0;2025-05-01;4.0;2478.0;65.0;10.47;1068861.18
354940 SAO JOAQUIM DA BARRA;2025/Mai;316.0;2025-05-01;3.3;1056.0;23.0;7.28;460989.98
354970 SAO JOSE DO RIO PARDO;2025/Mai;395.0;2025-05-01;3.2;1267.0;26.0;6.58;455882.51
354980 SAO JOSE DO RIO PRETO;2025/Mai;7790.0;2025-05-01;4.8;37012.0;389.0;4.99;24456746.22
354990 SAO JOSE DOS CAMPOS;2025/Mai;5005.0;2025-05-01;4.5;22618.0;271.0;5.41;10545219.75
355000 SAO LUIS DO PARAITINGA;2025/Mai;16.0;2025-05-01;6.9;111.0;0.0;0.0;7321.41
355010 SAO MANUEL;2025/Mai;171.0;2025-05-01;3.4;584.0;17.0;9.94;185726.27
355020 SAO MIGUEL ARCANJO;2025/Mai;115.0;2025-05-01;7.0;800.0;8.0;6.96;62003.07
355030 SAO PAULO;2025/Mai;65337.0;2025-05-01;5.2;341505.0;3161.0;4.84;154098790.04
355040 SAO PEDRO;2025/Mai;348.0;2025-05-01;1.9;653.0;10.0;2.87;450671.88
355060 SAO ROQUE;2025/Mai;380.0;2025-05-01;4.5;1726.0;22.0;5.79;387113.92
355070 SAO SEBASTIAO;2025/Mai;496.0;2025-05-01;3.9;1934.0;14.0;2.82;480026.5
355080 SAO SEBASTIAO DA GRAMA;2025/Mai;43.0;2025-05-01;3.1;135.0;1.0;2.33;15765.01
355090 SAO SIMAO;2025/Mai;38.0;2025-05-01;3.3;125.0;4.0;10.53;13878.2
355100 SAO VICENTE;2025/Mai;878.0;2025-05-01;4.8;4171.0;36.0;4.1;1032063.5
355150 SERRANA;2025/Mai;351.0;2025-05-01;4.8;1702.0;14.0;3.99;404579.36
355160 SERRA NEGRA;2025/Mai;185.0;2025-05-01;3.0;553.0;10.0;5.41;102611.33
355170 SERTAOZINHO;2025/Mai;558.0;2025-05-01;4.1;2294.0;25.0;4.48;1060125.49
355200 SILVEIRAS;2025/Mai;4.0;2025-05-01;12.3;49.0;0.0;0.0;1725.98
355210 SOCORRO;2025/Mai;254.0;2025-05-01;2.9;742.0;17.0;6.69;228197.44
355220 SOROCABA;2025/Mai;5400.0;2025-05-01;4.9;26380.0;383.0;7.09;11217498.1
355230 SUD MENNUCCI;2025/Mai;24.0;2025-05-01;3.5;83.0;0.0;0.0;11130.45
355240 SUMARE;2025/Mai;1173.0;2025-05-01;4.3;5093.0;43.0;3.67;2128587.55
355250 SUZANO;2025/Mai;849.0;2025-05-01;6.6;5562.0;68.0;8.01;1112354.26
355260 TABAPUA;2025/Mai;67.0;2025-05-01;3.9;262.0;1.0;1.49;41918.2
355270 TABATINGA;2025/Mai;89.0;2025-05-01;3.2;288.0;3.0;3.37;55965.33
355280 TABOAO DA SERRA;2025/Mai;1704.0;2025-05-01;4.9;8434.0;83.0;4.87;2862869.26
355300 TAGUAI;2025/Mai;71.0;2025-05-01;2.5;178.0;1.0;1.41;32160.55
355330 TAMBAU;2025/Mai;120.0;2025-05-01;2.7;322.0;2.0;1.67;55390.32
355340 TANABI;2025/Mai;119.0;2025-05-01;5.9;702.0;1.0;0.84;75968.88
355360 TAPIRATIBA;2025/Mai;22.0;2025-05-01;4.0;88.0;1.0;4.55;12183.65
355370 TAQUARITINGA;2025/Mai;390.0;2025-05-01;3.4;1328.0;17.0;4.36;329404.97
355380 TAQUARITUBA;2025/Mai;187.0;2025-05-01;3.3;608.0;8.0;4.28;68371.09
355400 TATUI;2025/Mai;497.0;2025-05-01;4.0;1985.0;29.0;5.84;490828.17
355410 TAUBATE;2025/Mai;2091.0;2025-05-01;4.0;8384.0;95.0;4.54;4492994.88
355430 TEODORO SAMPAIO;2025/Mai;101.0;2025-05-01;3.1;317.0;9.0;8.91;35500.91
355440 TERRA ROXA;2025/Mai;3.0;2025-05-01;4.7;14.0;1.0;33.33;1489.74
355450 TIETE;2025/Mai;208.0;2025-05-01;3.0;614.0;9.0;4.33;99508.6
355470 TORRINHA;2025/Mai;8.0;2025-05-01;3.9;31.0;0.0;0.0;2266.47
355500 TUPA;2025/Mai;761.0;2025-05-01;3.9;2989.0;55.0;7.23;1036814.61
355510 TUPI PAULISTA;2025/Mai;125.0;2025-05-01;4.8;599.0;11.0;8.8;72024.37
355540 UBATUBA;2025/Mai;480.0;2025-05-01;3.1;1484.0;8.0;1.67;275388.14
355580 URANIA;2025/Mai;30.0;2025-05-01;4.7;140.0;1.0;3.33;10907.69
355600 URUPES;2025/Mai;96.0;2025-05-01;2.6;252.0;2.0;2.08;87214.14
355620 VALINHOS;2025/Mai;397.0;2025-05-01;4.7;1869.0;31.0;7.81;567583.09
355630 VALPARAISO;2025/Mai;87.0;2025-05-01;2.8;246.0;4.0;4.6;44408.38
355640 VARGEM GRANDE DO SUL;2025/Mai;193.0;2025-05-01;3.9;750.0;11.0;5.7;121740.24
355650 VARZEA PAULISTA;2025/Mai;75.0;2025-05-01;4.1;311.0;7.0;9.33;25603.63
355670 VINHEDO;2025/Mai;617.0;2025-05-01;2.9;1820.0;33.0;5.35;542750.15
355680 VIRADOURO;2025/Mai;37.0;2025-05-01;2.6;97.0;6.0;16.22;16202.54
355700 VOTORANTIM;2025/Mai;346.0;2025-05-01;4.4;1522.0;28.0;8.09;354799.05
355710 VOTUPORANGA;2025/Mai;1078.0;2025-05-01;3.5;3725.0;57.0;5.29;1887500.03
355720 CHAVANTES;2025/Mai;87.0;2025-05-01;2.5;218.0;0.0;0.0;56394.81
350010 ADAMANTINA;2025/Jun;450.0;2025-06-01;8.6;3874.0;32.0;7.11;669068.57
350030 AGUAI;2025/Jun;54.0;2025-06-01;6.9;374.0;5.0;9.26;29022.81
350050 AGUAS DE LINDOIA;2025/Jun;96.0;2025-06-01;4.3;415.0;10.0;10.42;42365.51
350070 AGUDOS;2025/Jun;117.0;2025-06-01;1.8;213.0;0.0;0.0;61844.1
350100 ALTINOPOLIS;2025/Jun;175.0;2025-06-01;2.4;423.0;8.0;4.57;61543.28
350110 ALTO ALEGRE;2025/Jun;9.0;2025-06-01;3.4;31.0;0.0;0.0;4531.1
350130 ALVARES MACHADO;2025/Jun;60.0;2025-06-01;4.0;242.0;6.0;10.0;24716.61
350160 AMERICANA;2025/Jun;817.0;2025-06-01;5.0;4081.0;72.0;8.81;1084836.36
350170 AMERICO BRASILIENSE;2025/Jun;525.0;2025-06-01;4.3;2232.0;20.0;3.81;620820.92
350190 AMPARO;2025/Jun;429.0;2025-06-01;13.6;5852.0;31.0;7.23;817714.65
350210 ANDRADINA;2025/Jun;266.0;2025-06-01;4.7;1245.0;23.0;8.65;322679.56
350220 ANGATUBA;2025/Jun;160.0;2025-06-01;3.0;487.0;8.0;5.0;73985.72
350250 APARECIDA;2025/Jun;355.0;2025-06-01;3.4;1214.0;19.0;5.35;523141.55
350260 APARECIDA D'OESTE;2025/Jun;7.0;2025-06-01;2.7;19.0;1.0;14.29;4320.92
350270 APIAI;2025/Jun;292.0;2025-06-01;3.0;875.0;16.0;5.48;140349.76
350280 ARACATUBA;2025/Jun;1162.0;2025-06-01;7.6;8833.0;131.0;11.27;4320652.04
350310 ARANDU;2025/Jun;7.0;2025-06-01;3.9;27.0;0.0;0.0;3097.98
350320 ARARAQUARA;2025/Jun;1636.0;2025-06-01;4.0;6541.0;109.0;6.66;3890691.11
350330 ARARAS;2025/Jun;595.0;2025-06-01;4.9;2907.0;44.0;7.39;1567042.08
350340 AREALVA;2025/Jun;31.0;2025-06-01;2.3;70.0;2.0;6.45;5500.66
350390 ARUJA;2025/Jun;0.0;2025-06-01;0.0;0.0;0.0;0.0;0.0
350400 ASSIS;2025/Jun;964.0;2025-06-01;4.2;4067.0;60.0;6.22;1717010.32
350410 ATIBAIA;2025/Jun;398.0;2025-06-01;4.8;1906.0;38.0;9.55;350809.44
350420 AURIFLAMA;2025/Jun;194.0;2025-06-01;1.8;341.0;4.0;2.06;171136.45
350450 AVARE;2025/Jun;636.0;2025-06-01;4.9;3102.0;43.0;6.76;1067334.17
350520 BARIRI;2025/Jun;163.0;2025-06-01;3.8;619.0;7.0;4.29;74025.42
350530 BARRA BONITA;2025/Jun;207.0;2025-06-01;2.5;523.0;16.0;7.73;164420.79
350550 BARRETOS;2025/Jun;2531.0;2025-06-01;5.0;12708.0;198.0;7.82;8561507.29
350570 BARUERI;2025/Jun;3169.0;2025-06-01;4.0;12524.0;131.0;4.13;2662421.41
350580 BASTOS;2025/Jun;116.0;2025-06-01;1.8;211.0;1.0;0.86;47026.66
350590 BATATAIS;2025/Jun;362.0;2025-06-01;3.4;1234.0;21.0;5.8;443907.9
350600 BAURU;2025/Jun;3244.0;2025-06-01;5.5;17908.0;167.0;5.15;5889831.63
350610 BEBEDOURO;2025/Jun;691.0;2025-06-01;2.6;1779.0;36.0;5.21;737954.02
350630 BERNARDINO DE CAMPOS;2025/Jun;65.0;2025-06-01;3.6;232.0;4.0;6.15;58149.1
350635 BERTIOGA;2025/Jun;269.0;2025-06-01;4.2;1121.0;11.0;4.09;125642.49
350640 BILAC;2025/Jun;23.0;2025-06-01;2.9;66.0;5.0;21.74;8661.94
350650 BIRIGUI;2025/Jun;386.0;2025-06-01;4.4;1684.0;37.0;9.59;433337.19
350670 BOA ESPERANCA DO SUL;2025/Jun;4.0;2025-06-01;2.5;10.0;0.0;0.0;1981.94
350680 BOCAINA;2025/Jun;13.0;2025-06-01;3.4;44.0;2.0;15.38;5863.95
350700 BOITUVA;2025/Jun;210.0;2025-06-01;2.9;606.0;14.0;6.67;133641.3
350710 BOM JESUS DOS PERDOES;2025/Jun;29.0;2025-06-01;5.0;145.0;4.0;13.79;11159.0
350740 BORBOREMA;2025/Jun;88.0;2025-06-01;3.8;338.0;8.0;9.09;45008.68
350750 BOTUCATU;2025/Jun;2331.0;2025-06-01;6.1;14148.0;125.0;5.36;6993554.49
350760 BRAGANCA PAULISTA;2025/Jun;1553.0;2025-06-01;3.8;5945.0;104.0;6.7;3283084.29
350790 BROTAS;2025/Jun;76.0;2025-06-01;5.8;442.0;9.0;11.84;43176.62
350810 BURITAMA;2025/Jun;105.0;2025-06-01;2.7;284.0;1.0;0.95;63385.64
350840 CABREUVA;2025/Jun;40.0;2025-06-01;3.9;155.0;3.0;7.5;18119.74
350850 CACAPAVA;2025/Jun;303.0;2025-06-01;3.9;1175.0;22.0;7.26;287252.72
350870 CACONDE;2025/Jun;107.0;2025-06-01;2.5;267.0;4.0;3.74;90289.08
350880 CAFELANDIA;2025/Jun;94.0;2025-06-01;2.3;215.0;5.0;5.32;38224.25
350900 CAIEIRAS;2025/Jun;425.0;2025-06-01;3.1;1305.0;1.0;0.24;234526.56
350920 CAJAMAR;2025/Jun;338.0;2025-06-01;3.6;1208.0;16.0;4.73;131102.72
350930 CAJOBI;2025/Jun;56.0;2025-06-01;2.6;148.0;0.0;0.0;24086.6
350940 CAJURU;2025/Jun;306.0;2025-06-01;3.6;1106.0;18.0;5.88;179399.83
350950 CAMPINAS;2025/Jun;7224.0;2025-06-01;5.7;41080.0;409.0;5.66;20226443.08
350960 CAMPO LIMPO PAULISTA;2025/Jun;284.0;2025-06-01;3.3;951.0;29.0;10.21;272717.96
350970 CAMPOS DO JORDAO;2025/Jun;230.0;2025-06-01;13.6;3119.0;21.0;9.13;303438.47
351000 CANDIDO MOTA;2025/Jun;217.0;2025-06-01;2.6;571.0;14.0;6.45;168988.98
351020 CAPAO BONITO;2025/Jun;252.0;2025-06-01;3.6;903.0;20.0;7.94;278557.01
351040 CAPIVARI;2025/Jun;212.0;2025-06-01;3.9;830.0;19.0;8.96;285148.66
351050 CARAGUATATUBA;2025/Jun;1962.0;2025-06-01;3.4;6728.0;74.0;3.77;2685215.35
351060 CARAPICUIBA;2025/Jun;1500.0;2025-06-01;3.6;5390.0;56.0;3.73;1917085.11
351070 CARDOSO;2025/Jun;44.0;2025-06-01;3.6;159.0;1.0;2.27;21115.16
351080 CASA BRANCA;2025/Jun;214.0;2025-06-01;8.0;1702.0;5.0;2.34;230707.86
351100 CASTILHO;2025/Jun;94.0;2025-06-01;2.5;231.0;6.0;6.38;51217.37
351110 CATANDUVA;2025/Jun;1524.0;2025-06-01;6.8;10402.0;117.0;7.68;3666793.81
351140 CERQUEIRA CESAR;2025/Jun;155.0;2025-06-01;2.6;408.0;5.0;3.23;73690.54
351150 CERQUILHO;2025/Jun;91.0;2025-06-01;5.0;453.0;10.0;10.99;44675.95
351160 CESARIO LANGE;2025/Jun;54.0;2025-06-01;2.3;122.0;0.0;0.0;32530.52
351170 CHARQUEADA;2025/Jun;30.0;2025-06-01;6.2;187.0;3.0;10.0;11252.37
351190 CLEMENTINA;2025/Jun;33.0;2025-06-01;2.8;92.0;0.0;0.0;12490.73
351200 COLINA;2025/Jun;83.0;2025-06-01;4.3;355.0;12.0;14.46;153654.27
351210 COLOMBIA;2025/Jun;0.0;2025-06-01;0.0;0.0;0.0;0.0;0.0
351220 CONCHAL;2025/Jun;187.0;2025-06-01;2.6;492.0;6.0;3.21;90673.72
351230 CONCHAS;2025/Jun;32.0;2025-06-01;6.0;192.0;3.0;9.38;14690.56
351280 COSMOPOLIS;2025/Jun;149.0;2025-06-01;4.2;624.0;21.0;14.09;140158.33
351300 COTIA;2025/Jun;1155.0;2025-06-01;3.6;4144.0;52.0;4.5;1131078.96
351310 CRAVINHOS;2025/Jun;32.0;2025-06-01;5.3;171.0;7.0;21.88;14127.34
351340 CRUZEIRO;2025/Jun;515.0;2025-06-01;5.4;2806.0;41.0;7.96;679417.15
351350 CUBATAO;2025/Jun;515.0;2025-06-01;6.1;3130.0;40.0;7.77;627147.75
351360 CUNHA;2025/Jun;131.0;2025-06-01;2.9;374.0;9.0;6.87;80494.66
351370 DESCALVADO;2025/Jun;143.0;2025-06-01;2.8;402.0;8.0;5.59;141514.56
351380 DIADEMA;2025/Jun;1914.0;2025-06-01;5.8;11145.0;77.0;4.02;3292091.85
351390 DIVINOLANDIA;2025/Jun;412.0;2025-06-01;2.4;991.0;1.0;0.24;534414.74
351410 DOIS CORREGOS;2025/Jun;111.0;2025-06-01;4.6;514.0;8.0;7.21;67863.87
351440 DRACENA;2025/Jun;306.0;2025-06-01;4.8;1474.0;34.0;11.11;578053.26
351450 DUARTINA;2025/Jun;131.0;2025-06-01;2.0;265.0;4.0;3.05;37971.93
351500 EMBU DAS ARTES;2025/Jun;267.0;2025-06-01;5.2;1383.0;29.0;10.86;114032.72
351510 EMBU-GUACU;2025/Jun;98.0;2025-06-01;1.4;134.0;9.0;9.18;38396.71
351518 ESPIRITO SANTO DO PINHAL;2025/Jun;343.0;2025-06-01;25.4;8716.0;17.0;4.96;828160.99
351520 ESTRELA D'OESTE;2025/Jun;73.0;2025-06-01;4.2;304.0;3.0;4.11;39642.82
351540 FARTURA;2025/Jun;80.0;2025-06-01;3.6;287.0;6.0;7.5;30122.83
351550 FERNANDOPOLIS;2025/Jun;538.0;2025-06-01;3.8;2036.0;41.0;7.62;694570.05
351570 FERRAZ DE VASCONCELOS;2025/Jun;786.0;2025-06-01;5.9;4614.0;46.0;5.85;787958.99
351600 FLORIDA PAULISTA;2025/Jun;79.0;2025-06-01;2.2;177.0;3.0;3.8;30978.29
351620 FRANCA;2025/Jun;2015.0;2025-06-01;5.4;10892.0;144.0;7.15;5234333.85
351630 FRANCISCO MORATO;2025/Jun;1112.0;2025-06-01;4.3;4766.0;59.0;5.31;1002491.55
351640 FRANCO DA ROCHA;2025/Jun;705.0;2025-06-01;7.6;5357.0;58.0;8.23;1026660.79
351660 GALIA;2025/Jun;16.0;2025-06-01;3.5;56.0;1.0;6.25;7644.38
351670 GARCA;2025/Jun;242.0;2025-06-01;19.7;4763.0;12.0;4.96;552530.37
351690 GENERAL SALGADO;2025/Jun;37.0;2025-06-01;4.0;149.0;0.0;0.0;18232.37
351700 GETULINA;2025/Jun;43.0;2025-06-01;3.6;153.0;2.0;4.65;19080.0
351740 GUAIRA;2025/Jun;267.0;2025-06-01;2.8;754.0;8.0;3.0;368736.91
351760 GUAPIARA;2025/Jun;41.0;2025-06-01;3.9;160.0;4.0;9.76;19994.44
351770 GUARA;2025/Jun;69.0;2025-06-01;4.6;317.0;6.0;8.7;34677.03
351780 GUARACAI;2025/Jun;43.0;2025-06-01;3.1;135.0;3.0;6.98;26246.68
351820 GUARARAPES;2025/Jun;153.0;2025-06-01;4.6;702.0;15.0;9.8;76051.25
351830 GUARAREMA;2025/Jun;102.0;2025-06-01;3.2;330.0;4.0;3.92;38298.64
351840 GUARATINGUETA;2025/Jun;588.0;2025-06-01;4.8;2808.0;45.0;7.65;1056166.92
351860 GUARIBA;2025/Jun;128.0;2025-06-01;2.5;320.0;6.0;4.69;66552.61
351870 GUARUJA;2025/Jun;1147.0;2025-06-01;5.4;6214.0;84.0;7.32;2305536.68
351880 GUARULHOS;2025/Jun;4636.0;2025-06-01;5.2;24162.0;339.0;7.31;6382189.81
351900 HERCULANDIA;2025/Jun;56.0;2025-06-01;3.6;203.0;0.0;0.0;24034.03
351907 HORTOLANDIA;2025/Jun;488.0;2025-06-01;4.1;1993.0;43.0;8.81;438208.69
351910 IACANGA;2025/Jun;76.0;2025-06-01;2.8;211.0;5.0;6.58;20240.61
351930 IBATE;2025/Jun;102.0;2025-06-01;2.6;264.0;7.0;6.86;57667.83
351940 IBIRA;2025/Jun;29.0;2025-06-01;4.0;117.0;0.0;0.0;11637.96
351960 IBITINGA;2025/Jun;414.0;2025-06-01;3.1;1264.0;32.0;7.73;527600.33
351970 IBIUNA;2025/Jun;337.0;2025-06-01;3.2;1094.0;20.0;5.93;169548.84
351990 IEPE;2025/Jun;57.0;2025-06-01;3.1;177.0;0.0;0.0;25016.5
352010 IGARAPAVA;2025/Jun;140.0;2025-06-01;4.8;668.0;6.0;4.29;109699.39
352040 ILHABELA;2025/Jun;261.0;2025-06-01;2.6;679.0;1.0;0.38;194446.82
352044 ILHA SOLTEIRA;2025/Jun;230.0;2025-06-01;3.8;879.0;12.0;5.22;296934.55
352050 INDAIATUBA;2025/Jun;1827.0;2025-06-01;3.9;7178.0;71.0;3.89;2356040.8
352070 INDIAPORA;2025/Jun;32.0;2025-06-01;3.3;106.0;0.0;0.0;15824.42
352090 IPAUSSU;2025/Jun;72.0;2025-06-01;3.5;249.0;4.0;5.56;38606.21
352130 IPUA;2025/Jun;74.0;2025-06-01;2.4;181.0;2.0;2.7;33637.59
352170 ITABERA;2025/Jun;90.0;2025-06-01;2.0;184.0;2.0;2.22;43030.61
352180 ITAI;2025/Jun;76.0;2025-06-01;2.4;183.0;5.0;6.58;34184.41
352190 ITAJOBI;2025/Jun;82.0;2025-06-01;5.4;439.0;6.0;7.32;34404.33
352210 ITANHAEM;2025/Jun;870.0;2025-06-01;4.7;4064.0;54.0;6.21;1087777.88
352220 ITAPECERICA DA SERRA;2025/Jun;1418.0;2025-06-01;4.1;5824.0;83.0;5.85;1706659.84
352230 ITAPETININGA;2025/Jun;907.0;2025-06-01;6.0;5439.0;90.0;9.92;959832.75
352240 ITAPEVA;2025/Jun;950.0;2025-06-01;4.0;3789.0;80.0;8.42;1512406.69
352250 ITAPEVI;2025/Jun;1414.0;2025-06-01;4.2;5969.0;54.0;3.82;1309870.61
352260 ITAPIRA;2025/Jun;569.0;2025-06-01;22.7;12944.0;46.0;8.08;1218477.57
352270 ITAPOLIS;2025/Jun;296.0;2025-06-01;3.3;978.0;22.0;7.43;372411.52
352280 ITAPORANGA;2025/Jun;99.0;2025-06-01;3.0;293.0;4.0;4.04;43971.9
352290 ITAPUI;2025/Jun;0.0;2025-06-01;0.0;0.0;0.0;0.0;0.0
352310 ITAQUAQUECETUBA;2025/Jun;1241.0;2025-06-01;6.7;8271.0;92.0;7.41;1599948.07
352320 ITARARE;2025/Jun;305.0;2025-06-01;2.4;718.0;12.0;3.93;231665.51
352340 ITATIBA;2025/Jun;533.0;2025-06-01;3.8;2042.0;32.0;6.0;683941.81
352350 ITATINGA;2025/Jun;20.0;2025-06-01;4.0;79.0;3.0;15.0;8023.97
352360 ITIRAPINA;2025/Jun;16.0;2025-06-01;5.4;87.0;3.0;18.75;9159.84
352390 ITU;2025/Jun;771.0;2025-06-01;5.6;4325.0;50.0;6.49;1269601.86
352400 ITUPEVA;2025/Jun;197.0;2025-06-01;4.1;799.0;4.0;2.03;82983.66
352410 ITUVERAVA;2025/Jun;352.0;2025-06-01;3.9;1377.0;31.0;8.81;527303.87
352420 JABORANDI;2025/Jun;1.0;2025-06-01;8.0;8.0;0.0;0.0;690.64
352430 JABOTICABAL;2025/Jun;165.0;2025-06-01;5.1;839.0;8.0;4.85;176998.67
352440 JACAREI;2025/Jun;1166.0;2025-06-01;4.0;4710.0;74.0;6.35;2000540.56
352450 JACI;2025/Jun;55.0;2025-06-01;5.5;302.0;1.0;1.82;32204.85
352470 JAGUARIUNA;2025/Jun;359.0;2025-06-01;3.9;1399.0;17.0;4.74;434394.38
352480 JALES;2025/Jun;739.0;2025-06-01;3.5;2609.0;81.0;10.96;1304033.22
352520 JARINU;2025/Jun;47.0;2025-06-01;4.2;199.0;0.0;0.0;13774.0
352530 JAU;2025/Jun;2314.0;2025-06-01;6.4;14905.0;133.0;5.75;6846609.43
352550 JOANOPOLIS;2025/Jun;19.0;2025-06-01;3.9;74.0;5.0;26.32;6905.94
352570 JOSE BONIFACIO;2025/Jun;181.0;2025-06-01;3.7;668.0;10.0;5.52;85295.67
352590 JUNDIAI;2025/Jun;3575.0;2025-06-01;3.9;14091.0;181.0;5.06;4799397.77
352600 JUNQUEIROPOLIS;2025/Jun;103.0;2025-06-01;5.9;611.0;4.0;3.88;47201.59
352640 LARANJAL PAULISTA;2025/Jun;130.0;2025-06-01;4.4;576.0;8.0;6.15;80904.19
352670 LEME;2025/Jun;477.0;2025-06-01;3.6;1700.0;43.0;9.01;449089.77
352680 LENCOIS PAULISTA;2025/Jun;214.0;2025-06-01;3.8;816.0;11.0;5.14;280122.64
352690 LIMEIRA;2025/Jun;1337.0;2025-06-01;4.5;6019.0;109.0;8.15;3983142.39
352710 LINS;2025/Jun;619.0;2025-06-01;6.2;3849.0;32.0;5.17;683073.29
352720 LORENA;2025/Jun;408.0;2025-06-01;4.7;1931.0;27.0;6.62;643518.3
352730 LOUVEIRA;2025/Jun;233.0;2025-06-01;2.9;665.0;7.0;3.0;152013.18
352740 LUCELIA;2025/Jun;59.0;2025-06-01;5.0;295.0;8.0;13.56;21924.4
352800 MACATUBA;2025/Jun;72.0;2025-06-01;2.3;169.0;2.0;2.78;33037.38
352810 MACAUBAL;2025/Jun;9.0;2025-06-01;3.1;28.0;1.0;11.11;4910.75
352850 MAIRIPORA;2025/Jun;261.0;2025-06-01;2.5;657.0;15.0;5.75;82601.34
352880 MARACAI;2025/Jun;82.0;2025-06-01;3.6;294.0;1.0;1.22;39504.91
352900 MARILIA;2025/Jun;2539.0;2025-06-01;5.5;14079.0;155.0;6.1;6820130.53
352920 MARTINOPOLIS;2025/Jun;228.0;2025-06-01;2.5;566.0;16.0;7.02;115150.52
352930 MATAO;2025/Jun;559.0;2025-06-01;4.5;2489.0;49.0;8.77;1746693.61
352940 MAUA;2025/Jun;1173.0;2025-06-01;5.7;6697.0;86.0;7.33;1465111.34
352970 MIGUELOPOLIS;2025/Jun;76.0;2025-06-01;3.3;250.0;5.0;6.58;46096.11
353010 MIRANDOPOLIS;2025/Jun;255.0;2025-06-01;4.6;1183.0;17.0;6.67;271969.24
353030 MIRASSOL;2025/Jun;178.0;2025-06-01;2.6;471.0;5.0;2.81;92061.65
353050 MOCOCA;2025/Jun;451.0;2025-06-01;3.9;1746.0;34.0;7.54;544078.88
353060 MOGI DAS CRUZES;2025/Jun;3103.0;2025-06-01;4.7;14732.0;171.0;5.51;5324374.78
353070 MOGI GUACU;2025/Jun;858.0;2025-06-01;4.6;3932.0;50.0;5.83;1533277.31
353080 MOGI MIRIM;2025/Jun;515.0;2025-06-01;3.3;1675.0;33.0;6.41;916033.71
353110 MONGAGUA;2025/Jun;97.0;2025-06-01;3.7;361.0;4.0;4.12;23860.24
353130 MONTE ALTO;2025/Jun;231.0;2025-06-01;4.5;1049.0;15.0;6.49;435600.56
353140 MONTE APRAZIVEL;2025/Jun;167.0;2025-06-01;2.6;436.0;3.0;1.8;86586.74
353150 MONTE AZUL PAULISTA;2025/Jun;144.0;2025-06-01;1.7;246.0;5.0;3.47;203053.75
353180 MONTE MOR;2025/Jun;99.0;2025-06-01;4.9;487.0;7.0;7.07;42777.5
353190 MORRO AGUDO;2025/Jun;164.0;2025-06-01;3.1;504.0;12.0;7.32;181170.29
353200 MORUNGABA;2025/Jun;27.0;2025-06-01;2.4;65.0;1.0;3.7;11690.91
353240 NAZARE PAULISTA;2025/Jun;42.0;2025-06-01;5.2;218.0;4.0;9.52;16404.74
353250 NEVES PAULISTA;2025/Jun;8.0;2025-06-01;2.6;21.0;2.0;25.0;2538.62
353260 NHANDEARA;2025/Jun;254.0;2025-06-01;2.2;556.0;11.0;4.33;164582.97
353290 NOVA EUROPA;2025/Jun;32.0;2025-06-01;4.5;145.0;3.0;9.38;13151.74
353300 NOVA GRANADA;2025/Jun;171.0;2025-06-01;3.1;533.0;3.0;1.75;72296.67
353340 NOVA ODESSA;2025/Jun;136.0;2025-06-01;5.4;737.0;13.0;9.56;67268.88
353350 NOVO HORIZONTE;2025/Jun;229.0;2025-06-01;3.4;787.0;15.0;6.55;384693.87
353390 OLIMPIA;2025/Jun;343.0;2025-06-01;4.5;1543.0;21.0;6.12;371309.61
353430 ORLANDIA;2025/Jun;217.0;2025-06-01;1.7;370.0;6.0;2.76;98810.18
353440 OSASCO;2025/Jun;2330.0;2025-06-01;5.8;13486.0;167.0;7.17;3256759.57
353460 OSVALDO CRUZ;2025/Jun;235.0;2025-06-01;3.4;800.0;23.0;9.79;144082.2
353470 OURINHOS;2025/Jun;907.0;2025-06-01;4.3;3897.0;67.0;7.39;1821605.35
353475 OUROESTE;2025/Jun;55.0;2025-06-01;3.2;174.0;5.0;9.09;24966.33
353520 PALMEIRA D'OESTE;2025/Jun;49.0;2025-06-01;2.7;131.0;2.0;4.08;17953.22
353530 PALMITAL;2025/Jun;165.0;2025-06-01;2.4;392.0;12.0;7.27;95121.08
353550 PARAGUACU PAULISTA;2025/Jun;431.0;2025-06-01;3.5;1523.0;32.0;7.42;618243.16
353580 PARANAPANEMA;2025/Jun;53.0;2025-06-01;3.1;166.0;2.0;3.77;23171.33
353600 PARAPUA;2025/Jun;0.0;2025-06-01;0.0;0.0;0.0;0.0;0.0
353620 PARIQUERA-ACU;2025/Jun;760.0;2025-06-01;4.1;3088.0;51.0;6.71;1175683.08
353630 PATROCINIO PAULISTA;2025/Jun;72.0;2025-06-01;4.2;303.0;1.0;1.39;44595.79
353650 PAULINIA;2025/Jun;780.0;2025-06-01;4.2;3238.0;36.0;4.62;682510.9
353660 PAULO DE FARIA;2025/Jun;14.0;2025-06-01;3.4;48.0;1.0;7.14;7382.93
353670 PEDERNEIRAS;2025/Jun;180.0;2025-06-01;5.1;910.0;19.0;10.56;242187.72
353700 PEDREGULHO;2025/Jun;115.0;2025-06-01;3.0;349.0;3.0;2.61;57103.11
353710 PEDREIRA;2025/Jun;84.0;2025-06-01;3.1;263.0;6.0;7.14;48356.6
353730 PENAPOLIS;2025/Jun;479.0;2025-06-01;6.0;2897.0;36.0;7.52;589003.37
353740 PEREIRA BARRETO;2025/Jun;68.0;2025-06-01;3.8;256.0;5.0;7.35;28198.4
353780 PIEDADE;2025/Jun;251.0;2025-06-01;3.5;882.0;15.0;5.98;118208.39
353790 PILAR DO SUL;2025/Jun;76.0;2025-06-01;3.0;230.0;4.0;5.26;40959.05
353800 PINDAMONHANGABA;2025/Jun;547.0;2025-06-01;5.1;2803.0;25.0;4.57;707517.01
353860 PIRACAIA;2025/Jun;47.0;2025-06-01;4.6;217.0;3.0;6.38;18812.43
353870 PIRACICABA;2025/Jun;3024.0;2025-06-01;3.4;10131.0;119.0;3.94;6628781.99
353880 PIRAJU;2025/Jun;167.0;2025-06-01;2.9;491.0;9.0;5.39;78191.46
353890 PIRAJUI;2025/Jun;161.0;2025-06-01;2.2;356.0;5.0;3.11;83801.83
353900 PIRANGI;2025/Jun;92.0;2025-06-01;2.6;242.0;3.0;3.26;62998.62
353930 PIRASSUNUNGA;2025/Jun;227.0;2025-06-01;4.5;1012.0;25.0;11.01;226984.47
353940 PIRATININGA;2025/Jun;25.0;2025-06-01;4.6;116.0;0.0;0.0;5584.34
353950 PITANGUEIRAS;2025/Jun;119.0;2025-06-01;2.9;349.0;8.0;6.72;84516.73
354000 POMPEIA;2025/Jun;61.0;2025-06-01;2.8;172.0;5.0;8.2;27448.67
354020 PONTAL;2025/Jun;108.0;2025-06-01;1.6;173.0;3.0;2.78;59193.92
354040 POPULINA;2025/Jun;10.0;2025-06-01;3.5;35.0;0.0;0.0;4304.21
354060 PORTO FELIZ;2025/Jun;331.0;2025-06-01;2.9;962.0;18.0;5.44;299984.75
354070 PORTO FERREIRA;2025/Jun;207.0;2025-06-01;3.6;744.0;16.0;7.73;184367.36
354080 POTIRENDABA;2025/Jun;83.0;2025-06-01;2.7;221.0;3.0;3.61;33858.49
354100 PRAIA GRANDE;2025/Jun;800.0;2025-06-01;5.0;4015.0;39.0;4.88;976987.36
354120 PRESIDENTE BERNARDES;2025/Jun;109.0;2025-06-01;3.2;351.0;1.0;0.92;46299.8
354130 PRESIDENTE EPITACIO;2025/Jun;283.0;2025-06-01;3.2;908.0;21.0;7.42;166878.9
354140 PRESIDENTE PRUDENTE;2025/Jun;3638.0;2025-06-01;5.8;21061.0;220.0;6.05;7723338.49
354150 PRESIDENTE VENCESLAU;2025/Jun;195.0;2025-06-01;4.8;936.0;20.0;10.26;253406.82
354160 PROMISSAO;2025/Jun;299.0;2025-06-01;4.2;1255.0;17.0;5.69;372046.75
354190 QUELUZ;2025/Jun;20.0;2025-06-01;3.5;70.0;1.0;5.0;10082.46
354220 RANCHARIA;2025/Jun;348.0;2025-06-01;2.8;968.0;20.0;5.75;421125.66
354240 REGENTE FEIJO;2025/Jun;102.0;2025-06-01;3.3;337.0;3.0;2.94;35162.06
354260 REGISTRO;2025/Jun;866.0;2025-06-01;4.0;3462.0;34.0;3.93;1081188.57
354290 RIBEIRAO BONITO;2025/Jun;28.0;2025-06-01;2.4;68.0;5.0;17.86;11364.94
354300 RIBEIRAO BRANCO;2025/Jun;66.0;2025-06-01;3.1;203.0;2.0;3.03;29037.68
354330 RIBEIRAO PIRES;2025/Jun;139.0;2025-06-01;5.9;815.0;24.0;17.27;98104.73
354340 RIBEIRAO PRETO;2025/Jun;7495.0;2025-06-01;4.6;34597.0;331.0;4.42;18177976.78
354380 RINOPOLIS;2025/Jun;35.0;2025-06-01;4.6;160.0;4.0;11.43;14698.56
354390 RIO CLARO;2025/Jun;920.0;2025-06-01;6.3;5839.0;57.0;6.2;1607947.84
354400 RIO DAS PEDRAS;2025/Jun;83.0;2025-06-01;2.2;186.0;19.0;22.89;25072.87
354420 RIOLANDIA;2025/Jun;20.0;2025-06-01;4.2;83.0;1.0;5.0;5697.18
354425 ROSANA;2025/Jun;273.0;2025-06-01;3.8;1027.0;5.0;1.83;134051.68
354490 SALES OLIVEIRA;2025/Jun;28.0;2025-06-01;2.0;56.0;2.0;7.14;12057.22
354500 SALESOPOLIS;2025/Jun;3.0;2025-06-01;8.7;26.0;0.0;0.0;1864.3
354520 SALTO;2025/Jun;398.0;2025-06-01;3.9;1538.0;37.0;9.3;348046.69
354530 SALTO DE PIRAPORA;2025/Jun;164.0;2025-06-01;2.6;428.0;6.0;3.66;82527.15
354540 SALTO GRANDE;2025/Jun;46.0;2025-06-01;3.4;157.0;2.0;4.35;16263.43
354560 SANTA ADELIA;2025/Jun;96.0;2025-06-01;3.7;357.0;3.0;3.13;114855.48
354580 SANTA BARBARA D'OESTE;2025/Jun;776.0;2025-06-01;2.8;2141.0;40.0;5.15;1012662.85
354630 SANTA CRUZ DAS PALMEIRAS;2025/Jun;110.0;2025-06-01;2.6;291.0;4.0;3.64;60436.99
354640 SANTA CRUZ DO RIO PARDO;2025/Jun;398.0;2025-06-01;3.7;1479.0;23.0;5.78;475488.33
354660 SANTA FE DO SUL;2025/Jun;324.0;2025-06-01;4.4;1412.0;18.0;5.56;380811.3
354680 SANTA ISABEL;2025/Jun;175.0;2025-06-01;5.2;915.0;7.0;4.0;181250.73
354730 SANTANA DE PARNAIBA;2025/Jun;330.0;2025-06-01;4.6;1514.0;14.0;4.24;122822.45
354750 SANTA RITA DO PASSA QUATRO;2025/Jun;146.0;2025-06-01;15.4;2242.0;9.0;6.16;136630.82
354760 SANTA ROSA DE VITERBO;2025/Jun;77.0;2025-06-01;4.9;379.0;4.0;5.19;29396.77
354770 SANTO ANASTACIO;2025/Jun;190.0;2025-06-01;3.0;574.0;4.0;2.11;56034.5
354780 SANTO ANDRE;2025/Jun;4109.0;2025-06-01;4.2;17371.0;282.0;6.86;7637255.36
354790 SANTO ANTONIO DA ALEGRIA;2025/Jun;14.0;2025-06-01;3.7;52.0;0.0;0.0;6899.16
354850 SANTOS;2025/Jun;2884.0;2025-06-01;5.6;16082.0;142.0;4.92;6038468.94
354860 SAO BENTO DO SAPUCAI;2025/Jun;58.0;2025-06-01;3.8;219.0;2.0;3.45;25249.67
354870 SAO BERNARDO DO CAMPO;2025/Jun;3962.0;2025-06-01;5.3;20819.0;200.0;5.05;8746073.68
354880 SAO CAETANO DO SUL;2025/Jun;1171.0;2025-06-01;4.2;4960.0;85.0;7.26;1723919.11
354890 SAO CARLOS;2025/Jun;1631.0;2025-06-01;4.0;6490.0;96.0;5.89;3041022.44
354910 SAO JOAO DA BOA VISTA;2025/Jun;544.0;2025-06-01;4.9;2657.0;57.0;10.48;1072765.26
354940 SAO JOAQUIM DA BARRA;2025/Jun;345.0;2025-06-01;3.4;1188.0;24.0;6.96;571917.81
354970 SAO JOSE DO RIO PARDO;2025/Jun;414.0;2025-06-01;3.2;1339.0;27.0;6.52;430563.34
354980 SAO JOSE DO RIO PRETO;2025/Jun;7298.0;2025-06-01;4.9;35652.0;355.0;4.86;23925512.9
354990 SAO JOSE DOS CAMPOS;2025/Jun;5033.0;2025-06-01;4.7;23423.0;250.0;4.97;11212176.34
355000 SAO LUIS DO PARAITINGA;2025/Jun;21.0;2025-06-01;5.6;117.0;2.0;9.52;8423.07
355010 SAO MANUEL;2025/Jun;160.0;2025-06-01;3.7;585.0;14.0;8.75;204948.89
355020 SAO MIGUEL ARCANJO;2025/Jun;122.0;2025-06-01;7.2;878.0;11.0;9.02;59437.4
355030 SAO PAULO;2025/Jun;62819.0;2025-06-01;5.3;331267.0;3221.0;5.13;147358240.55
355040 SAO PEDRO;2025/Jun;334.0;2025-06-01;1.6;542.0;5.0;1.5;396195.12
355060 SAO ROQUE;2025/Jun;384.0;2025-06-01;4.1;1563.0;26.0;6.77;391686.06
355070 SAO SEBASTIAO;2025/Jun;485.0;2025-06-01;3.8;1860.0;15.0;3.09;437051.67
355080 SAO SEBASTIAO DA GRAMA;2025/Jun;40.0;2025-06-01;4.2;167.0;3.0;7.5;16886.31
355090 SAO SIMAO;2025/Jun;38.0;2025-06-01;6.1;233.0;8.0;21.05;22197.13
355100 SAO VICENTE;2025/Jun;830.0;2025-06-01;4.6;3843.0;53.0;6.39;951203.06
355150 SERRANA;2025/Jun;302.0;2025-06-01;5.6;1685.0;12.0;3.97;393197.51
355160 SERRA NEGRA;2025/Jun;152.0;2025-06-01;3.2;491.0;7.0;4.61;80874.07
355170 SERTAOZINHO;2025/Jun;536.0;2025-06-01;3.8;2031.0;26.0;4.85;764111.87
355200 SILVEIRAS;2025/Jun;4.0;2025-06-01;2.0;8.0;0.0;0.0;889.54
355210 SOCORRO;2025/Jun;266.0;2025-06-01;2.7;709.0;9.0;3.38;259018.31
355220 SOROCABA;2025/Jun;5084.0;2025-06-01;5.1;25886.0;378.0;7.44;11364870.52
355230 SUD MENNUCCI;2025/Jun;25.0;2025-06-01;5.1;127.0;2.0;8.0;13232.99
355240 SUMARE;2025/Jun;1081.0;2025-06-01;4.8;5186.0;41.0;3.79;2378083.62
355250 SUZANO;2025/Jun;763.0;2025-06-01;6.8;5211.0;53.0;6.95;995781.1
355260 TABAPUA;2025/Jun;63.0;2025-06-01;3.7;235.0;0.0;0.0;52286.55
355270 TABATINGA;2025/Jun;85.0;2025-06-01;3.6;305.0;2.0;2.35;60519.62
355280 TABOAO DA SERRA;2025/Jun;1827.0;2025-06-01;4.3;7927.0;81.0;4.43;2971437.17
355300 TAGUAI;2025/Jun;69.0;2025-06-01;3.0;210.0;5.0;7.25;33872.89
355330 TAMBAU;2025/Jun;93.0;2025-06-01;3.8;354.0;5.0;5.38;45555.27
355340 TANABI;2025/Jun;86.0;2025-06-01;5.8;503.0;0.0;0.0;49478.94
355360 TAPIRATIBA;2025/Jun;30.0;2025-06-01;4.0;120.0;4.0;13.33;19116.41
355370 TAQUARITINGA;2025/Jun;399.0;2025-06-01;3.5;1380.0;18.0;4.51;328869.69
355380 TAQUARITUBA;2025/Jun;173.0;2025-06-01;2.5;432.0;6.0;3.47;61373.93
355400 TATUI;2025/Jun;418.0;2025-06-01;4.0;1668.0;23.0;5.5;419190.62
355410 TAUBATE;2025/Jun;1950.0;2025-06-01;4.5;8810.0;96.0;4.92;4116369.11
355430 TEODORO SAMPAIO;2025/Jun;126.0;2025-06-01;3.2;406.0;8.0;6.35;41792.4
355440 TERRA ROXA;2025/Jun;1.0;2025-06-01;4.0;4.0;0.0;0.0;218.68
355450 TIETE;2025/Jun;201.0;2025-06-01;3.0;609.0;4.0;1.99;92690.15
355470 TORRINHA;2025/Jun;10.0;2025-06-01;3.3;33.0;1.0;10.0;4414.49
355500 TUPA;2025/Jun;752.0;2025-06-01;6.2;4675.0;48.0;6.38;1199576.59
355510 TUPI PAULISTA;2025/Jun;108.0;2025-06-01;4.9;529.0;12.0;11.11;60820.58
355540 UBATUBA;2025/Jun;334.0;2025-06-01;2.8;944.0;17.0;5.09;203800.48
355580 URANIA;2025/Jun;22.0;2025-06-01;5.1;113.0;1.0;4.55;9243.34
355600 URUPES;2025/Jun;77.0;2025-06-01;2.7;205.0;3.0;3.9;74042.82
355620 VALINHOS;2025/Jun;374.0;2025-06-01;5.2;1932.0;43.0;11.5;597838.11
355630 VALPARAISO;2025/Jun;74.0;2025-06-01;3.1;228.0;8.0;10.81;42645.35
355640 VARGEM GRANDE DO SUL;2025/Jun;194.0;2025-06-01;3.9;756.0;21.0;10.82;90237.63
355650 VARZEA PAULISTA;2025/Jun;66.0;2025-06-01;4.3;281.0;6.0;9.09;22579.63
355670 VINHEDO;2025/Jun;452.0;2025-06-01;3.7;1681.0;27.0;5.97;475507.28
355680 VIRADOURO;2025/Jun;28.0;2025-06-01;2.0;56.0;2.0;7.14;11500.48
355700 VOTORANTIM;2025/Jun;342.0;2025-06-01;4.3;1481.0;22.0;6.43;369354.4
355710 VOTUPORANGA;2025/Jun;995.0;2025-06-01;3.4;3400.0;58.0;5.83;1753975.73
355720 CHAVANTES;2025/Jun;97.0;2025-06-01;2.6;252.0;3.0;3.09;45442.81
350010 ADAMANTINA;2025/Jul;472.0;2025-07-01;8.5;4029.0;12.0;2.54;661399.54
350030 AGUAI;2025/Jul;44.0;2025-07-01;6.1;270.0;4.0;9.09;26130.73
350050 AGUAS DE LINDOIA;2025/Jul;114.0;2025-07-01;3.4;385.0;15.0;13.16;54668.93
350070 AGUDOS;2025/Jul;101.0;2025-07-01;2.0;205.0;0.0;0.0;48515.39
350100 ALTINOPOLIS;2025/Jul;180.0;2025-07-01;1.6;293.0;6.0;3.33;58473.21
350110 ALTO ALEGRE;2025/Jul;3.0;2025-07-01;1.7;5.0;0.0;0.0;1644.03
350130 ALVARES MACHADO;2025/Jul;59.0;2025-07-01;4.6;272.0;4.0;6.78;22348.78
350160 AMERICANA;2025/Jul;905.0;2025-07-01;4.5;4091.0;72.0;7.96;1129047.16
350170 AMERICO BRASILIENSE;2025/Jul;590.0;2025-07-01;3.5;2062.0;15.0;2.54;623800.81
350190 AMPARO;2025/Jul;411.0;2025-07-01;13.1;5368.0;28.0;6.81;762729.52
350210 ANDRADINA;2025/Jul;326.0;2025-07-01;3.9;1276.0;25.0;7.67;370182.31
350220 ANGATUBA;2025/Jul;159.0;2025-07-01;3.1;488.0;8.0;5.03;71162.05
350250 APARECIDA;2025/Jul;390.0;2025-07-01;3.5;1382.0;29.0;7.44;613269.65
350260 APARECIDA D'OESTE;2025/Jul;6.0;2025-07-01;1.8;11.0;0.0;0.0;1453.13
350270 APIAI;2025/Jul;291.0;2025-07-01;2.7;781.0;13.0;4.47;151291.76
350280 ARACATUBA;2025/Jul;1189.0;2025-07-01;6.3;7436.0;121.0;10.18;4431448.66
350310 ARANDU;2025/Jul;8.0;2025-07-01;4.3;34.0;1.0;12.5;3889.79
350320 ARARAQUARA;2025/Jul;1719.0;2025-07-01;4.1;7097.0;102.0;5.93;4208937.12
350330 ARARAS;2025/Jul;607.0;2025-07-01;4.4;2651.0;33.0;5.44;1683396.21
350340 AREALVA;2025/Jul;21.0;2025-07-01;2.1;45.0;1.0;4.76;3938.62
350390 ARUJA;2025/Jul;0.0;2025-07-01;0.0;0.0;0.0;0.0;0.0
350400 ASSIS;2025/Jul;972.0;2025-07-01;4.5;4370.0;56.0;5.76;1713286.31
350410 ATIBAIA;2025/Jul;417.0;2025-07-01;4.8;1999.0;42.0;10.07;412133.39
350420 AURIFLAMA;2025/Jul;208.0;2025-07-01;1.9;386.0;3.0;1.44;177650.11
350450 AVARE;2025/Jul;684.0;2025-07-01;4.0;2708.0;43.0;6.29;1117949.13
350520 BARIRI;2025/Jul;175.0;2025-07-01;2.5;443.0;5.0;2.86;83860.39
350530 BARRA BONITA;2025/Jul;216.0;2025-07-01;3.0;639.0;10.0;4.63;172195.22
350550 BARRETOS;2025/Jul;2910.0;2025-07-01;4.6;13390.0;200.0;6.87;8772383.23
350570 BARUERI;2025/Jul;3323.0;2025-07-01;3.9;13029.0;122.0;3.67;2959762.36
350580 BASTOS;2025/Jul;115.0;2025-07-01;1.7;197.0;1.0;0.87;60049.8
350590 BATATAIS;2025/Jul;350.0;2025-07-01;3.5;1209.0;27.0;7.71;434952.43
350600 BAURU;2025/Jul;3563.0;2025-07-01;5.7;20200.0;153.0;4.29;6451150.34
350610 BEBEDOURO;2025/Jul;786.0;2025-07-01;2.5;1951.0;30.0;3.82;934794.67
350630 BERNARDINO DE CAMPOS;2025/Jul;54.0;2025-07-01;4.0;215.0;2.0;3.7;25852.27
350635 BERTIOGA;2025/Jul;275.0;2025-07-01;4.3;1173.0;17.0;6.18;133946.56
350640 BILAC;2025/Jul;26.0;2025-07-01;3.0;79.0;2.0;7.69;11862.93
350650 BIRIGUI;2025/Jul;444.0;2025-07-01;4.1;1828.0;25.0;5.63;456242.3
350670 BOA ESPERANCA DO SUL;2025/Jul;11.0;2025-07-01;2.6;29.0;2.0;18.18;4658.2
350680 BOCAINA;2025/Jul;22.0;2025-07-01;2.8;62.0;2.0;9.09;10681.73
350700 BOITUVA;2025/Jul;208.0;2025-07-01;3.4;697.0;6.0;2.88;123573.64
350710 BOM JESUS DOS PERDOES;2025/Jul;17.0;2025-07-01;3.9;67.0;0.0;0.0;6422.04
350740 BORBOREMA;2025/Jul;80.0;2025-07-01;3.3;260.0;3.0;3.75;41050.32
350750 BOTUCATU;2025/Jul;2495.0;2025-07-01;5.9;14815.0;155.0;6.21;7845328.1
350760 BRAGANCA PAULISTA;2025/Jul;1589.0;2025-07-01;3.6;5778.0;96.0;6.04;3537520.99
350790 BROTAS;2025/Jul;68.0;2025-07-01;5.2;354.0;7.0;10.29;38616.07
350810 BURITAMA;2025/Jul;116.0;2025-07-01;2.5;287.0;1.0;0.86;77715.64
350840 CABREUVA;2025/Jul;69.0;2025-07-01;3.3;231.0;3.0;4.35;32846.22
350850 CACAPAVA;2025/Jul;295.0;2025-07-01;4.7;1376.0;26.0;8.81;405483.26
350870 CACONDE;2025/Jul;190.0;2025-07-01;1.9;353.0;5.0;2.63;204778.11
350880 CAFELANDIA;2025/Jul;92.0;2025-07-01;2.7;251.0;3.0;3.26;36798.17
350900 CAIEIRAS;2025/Jul;424.0;2025-07-01;3.0;1277.0;11.0;2.59;267484.5
350920 CAJAMAR;2025/Jul;324.0;2025-07-01;3.7;1195.0;18.0;5.56;121314.81
350930 CAJOBI;2025/Jul;50.0;2025-07-01;2.7;135.0;2.0;4.0;21241.62
350940 CAJURU;2025/Jul;276.0;2025-07-01;3.3;909.0;11.0;3.99;155936.07
350950 CAMPINAS;2025/Jul;7477.0;2025-07-01;5.6;41680.0;423.0;5.66;20763250.59
350960 CAMPO LIMPO PAULISTA;2025/Jul;371.0;2025-07-01;3.3;1207.0;17.0;4.58;322246.03
350970 CAMPOS DO JORDAO;2025/Jul;239.0;2025-07-01;22.6;5413.0;7.0;2.93;509217.12
351000 CANDIDO MOTA;2025/Jul;219.0;2025-07-01;2.6;572.0;8.0;3.65;169876.44
351020 CAPAO BONITO;2025/Jul;256.0;2025-07-01;3.6;917.0;28.0;10.94;249512.69
351040 CAPIVARI;2025/Jul;258.0;2025-07-01;3.2;823.0;20.0;7.75;258326.59
351050 CARAGUATATUBA;2025/Jul;1911.0;2025-07-01;3.6;6921.0;74.0;3.87;2735583.54
351060 CARAPICUIBA;2025/Jul;1460.0;2025-07-01;3.7;5347.0;46.0;3.15;1957956.96
351070 CARDOSO;2025/Jul;33.0;2025-07-01;3.9;129.0;2.0;6.06;14898.98
351080 CASA BRANCA;2025/Jul;196.0;2025-07-01;10.7;2097.0;8.0;4.08;200936.42
351100 CASTILHO;2025/Jul;90.0;2025-07-01;2.5;225.0;3.0;3.33;55679.1
351110 CATANDUVA;2025/Jul;1690.0;2025-07-01;6.8;11476.0;115.0;6.8;3834526.27
351140 CERQUEIRA CESAR;2025/Jul;151.0;2025-07-01;2.7;402.0;9.0;5.96;74582.91
351150 CERQUILHO;2025/Jul;72.0;2025-07-01;5.1;365.0;7.0;9.72;33510.15
351160 CESARIO LANGE;2025/Jul;44.0;2025-07-01;2.7;118.0;7.0;15.91;23273.09
351170 CHARQUEADA;2025/Jul;34.0;2025-07-01;3.6;123.0;1.0;2.94;7321.99
351190 CLEMENTINA;2025/Jul;17.0;2025-07-01;2.5;42.0;1.0;5.88;7720.76
351200 COLINA;2025/Jul;93.0;2025-07-01;3.9;360.0;12.0;12.9;157138.36
351210 COLOMBIA;2025/Jul;6.0;2025-07-01;1.8;11.0;0.0;0.0;265.32
351220 CONCHAL;2025/Jul;176.0;2025-07-01;2.1;378.0;5.0;2.84;108356.62
351230 CONCHAS;2025/Jul;29.0;2025-07-01;5.6;162.0;6.0;20.69;13739.47
351280 COSMOPOLIS;2025/Jul;144.0;2025-07-01;4.7;676.0;13.0;9.03;171513.15
351300 COTIA;2025/Jul;1182.0;2025-07-01;4.2;4955.0;80.0;6.77;1285079.52
351310 CRAVINHOS;2025/Jul;31.0;2025-07-01;6.1;190.0;3.0;9.68;14800.62
351340 CRUZEIRO;2025/Jul;444.0;2025-07-01;5.5;2461.0;26.0;5.86;711485.11
351350 CUBATAO;2025/Jul;565.0;2025-07-01;6.3;3573.0;35.0;6.19;683128.92
351360 CUNHA;2025/Jul;125.0;2025-07-01;2.6;329.0;6.0;4.8;75926.78
351370 DESCALVADO;2025/Jul;140.0;2025-07-01;2.6;367.0;5.0;3.57;129098.33
351380 DIADEMA;2025/Jul;2002.0;2025-07-01;5.4;10823.0;99.0;4.95;3084252.74
351390 DIVINOLANDIA;2025/Jul;454.0;2025-07-01;1.0;464.0;4.0;0.88;562500.28
351410 DOIS CORREGOS;2025/Jul;112.0;2025-07-01;3.6;407.0;4.0;3.57;75639.56
351440 DRACENA;2025/Jul;275.0;2025-07-01;5.8;1588.0;31.0;11.27;547536.26
351450 DUARTINA;2025/Jul;139.0;2025-07-01;1.8;250.0;1.0;0.72;42176.78
351500 EMBU DAS ARTES;2025/Jul;278.0;2025-07-01;4.7;1295.0;21.0;7.55;119808.33
351510 EMBU-GUACU;2025/Jul;100.0;2025-07-01;0.9;94.0;8.0;8.0;41079.62
351518 ESPIRITO SANTO DO PINHAL;2025/Jul;355.0;2025-07-01;24.4;8647.0;12.0;3.38;826359.14
351520 ESTRELA D'OESTE;2025/Jul;65.0;2025-07-01;4.0;258.0;0.0;0.0;33207.35
351540 FARTURA;2025/Jul;76.0;2025-07-01;3.8;291.0;1.0;1.32;33340.46
351550 FERNANDOPOLIS;2025/Jul;578.0;2025-07-01;3.3;1913.0;32.0;5.54;715360.2
351570 FERRAZ DE VASCONCELOS;2025/Jul;832.0;2025-07-01;5.5;4587.0;73.0;8.77;770908.19
351600 FLORIDA PAULISTA;2025/Jul;69.0;2025-07-01;2.4;164.0;5.0;7.25;25062.24
351620 FRANCA;2025/Jul;2071.0;2025-07-01;5.2;10740.0;135.0;6.52;5289726.95
351630 FRANCISCO MORATO;2025/Jul;1069.0;2025-07-01;4.1;4373.0;56.0;5.24;1150025.05
351640 FRANCO DA ROCHA;2025/Jul;776.0;2025-07-01;7.7;5954.0;54.0;6.96;1111985.02
351660 GALIA;2025/Jul;16.0;2025-07-01;3.8;61.0;1.0;6.25;8806.76
351670 GARCA;2025/Jul;267.0;2025-07-01;22.9;6122.0;16.0;5.99;629356.47
351690 GENERAL SALGADO;2025/Jul;59.0;2025-07-01;4.3;255.0;4.0;6.78;32757.96
351700 GETULINA;2025/Jul;39.0;2025-07-01;3.9;152.0;1.0;2.56;12553.94
351740 GUAIRA;2025/Jul;291.0;2025-07-01;3.3;961.0;9.0;3.09;458256.28
351760 GUAPIARA;2025/Jul;17.0;2025-07-01;3.8;64.0;2.0;11.76;6511.67
351770 GUARA;2025/Jul;80.0;2025-07-01;2.7;218.0;1.0;1.25;46139.33
351780 GUARACAI;2025/Jul;40.0;2025-07-01;3.5;141.0;2.0;5.0;21417.83
351820 GUARARAPES;2025/Jul;144.0;2025-07-01;5.3;761.0;15.0;10.42;72445.15
351830 GUARAREMA;2025/Jul;116.0;2025-07-01;3.2;367.0;6.0;5.17;46901.83
351840 GUARATINGUETA;2025/Jul;597.0;2025-07-01;4.6;2750.0;29.0;4.86;991029.72
351860 GUARIBA;2025/Jul;114.0;2025-07-01;2.7;311.0;6.0;5.26;60924.02
351870 GUARUJA;2025/Jul;1191.0;2025-07-01;6.3;7473.0;100.0;8.4;2663550.31
351880 GUARULHOS;2025/Jul;4827.0;2025-07-01;5.0;23922.0;323.0;6.69;6910088.95
351900 HERCULANDIA;2025/Jul;70.0;2025-07-01;3.3;234.0;0.0;0.0;27622.49
351907 HORTOLANDIA;2025/Jul;512.0;2025-07-01;3.7;1871.0;31.0;6.05;459767.94
351910 IACANGA;2025/Jul;76.0;2025-07-01;2.4;181.0;1.0;1.32;17085.28
351930 IBATE;2025/Jul;83.0;2025-07-01;1.7;144.0;2.0;2.41;43697.8
351940 IBIRA;2025/Jul;34.0;2025-07-01;4.1;139.0;0.0;0.0;13557.57
351960 IBITINGA;2025/Jul;417.0;2025-07-01;3.0;1238.0;38.0;9.11;474943.24
351970 IBIUNA;2025/Jul;372.0;2025-07-01;2.8;1054.0;18.0;4.84;187125.94
351990 IEPE;2025/Jul;69.0;2025-07-01;3.4;232.0;2.0;2.9;31777.3
352010 IGARAPAVA;2025/Jul;119.0;2025-07-01;4.1;492.0;5.0;4.2;89852.47
352040 ILHABELA;2025/Jul;295.0;2025-07-01;2.6;760.0;5.0;1.69;251697.58
352044 ILHA SOLTEIRA;2025/Jul;238.0;2025-07-01;3.4;805.0;18.0;7.56;264219.97
352050 INDAIATUBA;2025/Jul;1927.0;2025-07-01;3.4;6620.0;75.0;3.89;2239718.47
352070 INDIAPORA;2025/Jul;29.0;2025-07-01;2.9;83.0;1.0;3.45;13539.63
352090 IPAUSSU;2025/Jul;64.0;2025-07-01;3.2;204.0;3.0;4.69;30314.04
352130 IPUA;2025/Jul;105.0;2025-07-01;1.9;200.0;0.0;0.0;50125.84
352170 ITABERA;2025/Jul;52.0;2025-07-01;2.5;130.0;1.0;1.92;23345.75
352180 ITAI;2025/Jul;80.0;2025-07-01;2.9;233.0;3.0;3.75;35205.96
352190 ITAJOBI;2025/Jul;76.0;2025-07-01;6.2;468.0;8.0;10.53;32296.07
352210 ITANHAEM;2025/Jul;1014.0;2025-07-01;4.3;4363.0;73.0;7.2;1337132.26
352220 ITAPECERICA DA SERRA;2025/Jul;1493.0;2025-07-01;4.2;6282.0;90.0;6.03;1724044.18
352230 ITAPETININGA;2025/Jul;927.0;2025-07-01;5.9;5507.0;81.0;8.74;1038741.84
352240 ITAPEVA;2025/Jul;908.0;2025-07-01;4.2;3857.0;67.0;7.38;1601149.77
352250 ITAPEVI;2025/Jul;1436.0;2025-07-01;4.0;5765.0;41.0;2.86;1441067.22
352260 ITAPIRA;2025/Jul;547.0;2025-07-01;22.3;12179.0;35.0;6.4;1144994.04
352270 ITAPOLIS;2025/Jul;298.0;2025-07-01;3.4;1000.0;21.0;7.05;373502.59
352280 ITAPORANGA;2025/Jul;109.0;2025-07-01;2.1;226.0;3.0;2.75;43995.9
352290 ITAPUI;2025/Jul;12.0;2025-07-01;4.8;58.0;2.0;16.67;4064.97
352310 ITAQUAQUECETUBA;2025/Jul;1159.0;2025-07-01;5.7;6603.0;88.0;7.59;1220710.54
352320 ITARARE;2025/Jul;361.0;2025-07-01;2.0;713.0;12.0;3.32;261867.15
352340 ITATIBA;2025/Jul;609.0;2025-07-01;3.2;1954.0;37.0;6.08;731422.74
352350 ITATINGA;2025/Jul;26.0;2025-07-01;3.6;93.0;3.0;11.54;9486.02
352360 ITIRAPINA;2025/Jul;13.0;2025-07-01;4.5;58.0;1.0;7.69;6902.51
352390 ITU;2025/Jul;731.0;2025-07-01;4.4;3231.0;49.0;6.7;1177688.13
352400 ITUPEVA;2025/Jul;190.0;2025-07-01;3.6;676.0;8.0;4.21;76620.03
352410 ITUVERAVA;2025/Jul;347.0;2025-07-01;4.0;1372.0;28.0;8.07;575778.71
352420 JABORANDI;2025/Jul;3.0;2025-07-01;6.7;20.0;0.0;0.0;900.54
352430 JABOTICABAL;2025/Jul;179.0;2025-07-01;4.3;774.0;5.0;2.79;180211.79
352440 JACAREI;2025/Jul;1179.0;2025-07-01;4.2;4931.0;77.0;6.53;2004275.26
352450 JACI;2025/Jul;63.0;2025-07-01;7.1;446.0;0.0;0.0;40489.64
352470 JAGUARIUNA;2025/Jul;339.0;2025-07-01;3.6;1215.0;16.0;4.72;405523.55
352480 JALES;2025/Jul;813.0;2025-07-01;3.2;2581.0;47.0;5.78;1354605.24
352520 JARINU;2025/Jul;54.0;2025-07-01;3.9;213.0;0.0;0.0;12225.89
352530 JAU;2025/Jul;2393.0;2025-07-01;5.1;12108.0;146.0;6.1;6514459.57
352550 JOANOPOLIS;2025/Jul;10.0;2025-07-01;4.3;43.0;2.0;20.0;2780.9
352570 JOSE BONIFACIO;2025/Jul;182.0;2025-07-01;4.3;775.0;6.0;3.3;95115.18
352590 JUNDIAI;2025/Jul;3657.0;2025-07-01;4.0;14589.0;158.0;4.32;5183406.38
352600 JUNQUEIROPOLIS;2025/Jul;96.0;2025-07-01;6.0;576.0;3.0;3.13;49937.41
352640 LARANJAL PAULISTA;2025/Jul;130.0;2025-07-01;4.4;578.0;11.0;8.46;67467.99
352670 LEME;2025/Jul;483.0;2025-07-01;3.5;1672.0;41.0;8.49;498596.09
352680 LENCOIS PAULISTA;2025/Jul;237.0;2025-07-01;3.3;793.0;11.0;4.64;309400.79
352690 LIMEIRA;2025/Jul;1445.0;2025-07-01;4.3;6261.0;84.0;5.81;4394464.0
352710 LINS;2025/Jul;639.0;2025-07-01;6.4;4066.0;33.0;5.16;696530.46
352720 LORENA;2025/Jul;429.0;2025-07-01;4.7;2024.0;27.0;6.29;693868.36
352730 LOUVEIRA;2025/Jul;208.0;2025-07-01;2.4;501.0;7.0;3.37;134296.17
352740 LUCELIA;2025/Jul;57.0;2025-07-01;5.5;313.0;8.0;14.04;28235.47
352800 MACATUBA;2025/Jul;78.0;2025-07-01;2.7;214.0;2.0;2.56;28684.77
352810 MACAUBAL;2025/Jul;7.0;2025-07-01;3.7;26.0;0.0;0.0;2755.33
352850 MAIRIPORA;2025/Jul;210.0;2025-07-01;3.0;621.0;8.0;3.81;69272.08
352880 MARACAI;2025/Jul;103.0;2025-07-01;3.1;322.0;0.0;0.0;48370.47
352900 MARILIA;2025/Jul;2680.0;2025-07-01;5.5;14798.0;172.0;6.42;7033457.9
352920 MARTINOPOLIS;2025/Jul;238.0;2025-07-01;2.3;548.0;8.0;3.36;126719.59
352930 MATAO;2025/Jul;572.0;2025-07-01;3.8;2196.0;39.0;6.82;1659437.14
352940 MAUA;2025/Jul;1130.0;2025-07-01;5.3;6014.0;83.0;7.35;1352318.71
352970 MIGUELOPOLIS;2025/Jul;101.0;2025-07-01;3.4;344.0;2.0;1.98;61310.35
353010 MIRANDOPOLIS;2025/Jul;286.0;2025-07-01;4.0;1146.0;23.0;8.04;262876.21
353030 MIRASSOL;2025/Jul;176.0;2025-07-01;2.1;365.0;4.0;2.27;86013.17
353050 MOCOCA;2025/Jul;451.0;2025-07-01;3.3;1508.0;37.0;8.2;499989.72
353060 MOGI DAS CRUZES;2025/Jul;3151.0;2025-07-01;4.6;14454.0;189.0;6.0;5103186.41
353070 MOGI GUACU;2025/Jul;863.0;2025-07-01;4.7;4082.0;67.0;7.76;1681262.29
353080 MOGI MIRIM;2025/Jul;471.0;2025-07-01;3.6;1699.0;26.0;5.52;927397.74
353110 MONGAGUA;2025/Jul;95.0;2025-07-01;3.3;317.0;3.0;3.16;20820.32
353130 MONTE ALTO;2025/Jul;219.0;2025-07-01;5.3;1169.0;17.0;7.76;500715.51
353140 MONTE APRAZIVEL;2025/Jul;238.0;2025-07-01;2.1;490.0;2.0;0.84;116325.56
353150 MONTE AZUL PAULISTA;2025/Jul;130.0;2025-07-01;1.9;245.0;3.0;2.31;208555.58
353180 MONTE MOR;2025/Jul;109.0;2025-07-01;3.1;337.0;10.0;9.17;50749.86
353190 MORRO AGUDO;2025/Jul;158.0;2025-07-01;3.0;478.0;4.0;2.53;192776.94
353200 MORUNGABA;2025/Jul;32.0;2025-07-01;2.3;73.0;1.0;3.13;14298.87
353240 NAZARE PAULISTA;2025/Jul;46.0;2025-07-01;4.8;220.0;4.0;8.7;17145.4
353250 NEVES PAULISTA;2025/Jul;5.0;2025-07-01;5.4;27.0;2.0;40.0;2139.58
353260 NHANDEARA;2025/Jul;200.0;2025-07-01;2.3;469.0;7.0;3.5;138765.62
353290 NOVA EUROPA;2025/Jul;17.0;2025-07-01;4.7;80.0;1.0;5.88;5763.5
353300 NOVA GRANADA;2025/Jul;161.0;2025-07-01;2.9;460.0;4.0;2.48;67093.08
353340 NOVA ODESSA;2025/Jul;144.0;2025-07-01;6.3;913.0;13.0;9.03;82248.73
353350 NOVO HORIZONTE;2025/Jul;208.0;2025-07-01;3.5;718.0;13.0;6.25;301188.02
353390 OLIMPIA;2025/Jul;338.0;2025-07-01;4.4;1477.0;11.0;3.25;361715.04
353430 ORLANDIA;2025/Jul;192.0;2025-07-01;1.6;304.0;4.0;2.08;81097.75
353440 OSASCO;2025/Jul;2335.0;2025-07-01;5.6;13089.0;181.0;7.75;3255704.32
353460 OSVALDO CRUZ;2025/Jul;220.0;2025-07-01;3.5;760.0;17.0;7.73;139327.09
353470 OURINHOS;2025/Jul;851.0;2025-07-01;4.0;3383.0;69.0;8.11;1697845.46
353475 OUROESTE;2025/Jul;50.0;2025-07-01;3.2;159.0;1.0;2.0;29479.09
353520 PALMEIRA D'OESTE;2025/Jul;49.0;2025-07-01;3.1;152.0;0.0;0.0;16674.57
353530 PALMITAL;2025/Jul;160.0;2025-07-01;2.3;361.0;5.0;3.13;127803.6
353550 PARAGUACU PAULISTA;2025/Jul;425.0;2025-07-01;3.8;1597.0;32.0;7.53;618067.78
353580 PARANAPANEMA;2025/Jul;74.0;2025-07-01;3.1;226.0;2.0;2.7;32879.45
353600 PARAPUA;2025/Jul;0.0;2025-07-01;0.0;0.0;0.0;0.0;0.0
353620 PARIQUERA-ACU;2025/Jul;815.0;2025-07-01;4.4;3623.0;60.0;7.36;1293999.71
353630 PATROCINIO PAULISTA;2025/Jul;64.0;2025-07-01;2.9;184.0;1.0;1.56;34763.31
353650 PAULINIA;2025/Jul;684.0;2025-07-01;3.7;2536.0;34.0;4.97;564941.79
353660 PAULO DE FARIA;2025/Jul;7.0;2025-07-01;3.1;22.0;1.0;14.29;2417.96
353670 PEDERNEIRAS;2025/Jul;169.0;2025-07-01;4.8;803.0;15.0;8.88;251897.02
353700 PEDREGULHO;2025/Jul;111.0;2025-07-01;2.4;271.0;0.0;0.0;58410.05
353710 PEDREIRA;2025/Jul;92.0;2025-07-01;3.2;295.0;6.0;6.52;58413.32
353730 PENAPOLIS;2025/Jul;525.0;2025-07-01;6.4;3349.0;34.0;6.48;662799.84
353740 PEREIRA BARRETO;2025/Jul;72.0;2025-07-01;2.2;159.0;0.0;0.0;28272.32
353780 PIEDADE;2025/Jul;251.0;2025-07-01;3.5;889.0;18.0;7.17;115067.83
353790 PILAR DO SUL;2025/Jul;77.0;2025-07-01;2.3;176.0;2.0;2.6;41681.28
353800 PINDAMONHANGABA;2025/Jul;573.0;2025-07-01;5.5;3123.0;26.0;4.54;831079.98
353860 PIRACAIA;2025/Jul;37.0;2025-07-01;3.2;120.0;3.0;8.11;12056.58
353870 PIRACICABA;2025/Jul;2959.0;2025-07-01;3.4;10199.0;142.0;4.8;6584228.96
353880 PIRAJU;2025/Jul;172.0;2025-07-01;3.2;551.0;9.0;5.23;89310.15
353890 PIRAJUI;2025/Jul;152.0;2025-07-01;1.7;264.0;8.0;5.26;78564.58
353900 PIRANGI;2025/Jul;98.0;2025-07-01;2.4;235.0;2.0;2.04;99023.64
353930 PIRASSUNUNGA;2025/Jul;234.0;2025-07-01;5.0;1180.0;27.0;11.54;327808.72
353940 PIRATININGA;2025/Jul;36.0;2025-07-01;4.3;154.0;1.0;2.78;9362.23
353950 PITANGUEIRAS;2025/Jul;112.0;2025-07-01;2.5;284.0;7.0;6.25;87111.31
354000 POMPEIA;2025/Jul;74.0;2025-07-01;2.6;193.0;7.0;9.46;33621.22
354020 PONTAL;2025/Jul;127.0;2025-07-01;1.9;239.0;4.0;3.15;67631.5
354040 POPULINA;2025/Jul;17.0;2025-07-01;3.4;57.0;0.0;0.0;8010.27
354060 PORTO FELIZ;2025/Jul;313.0;2025-07-01;2.5;795.0;7.0;2.24;276749.02
354070 PORTO FERREIRA;2025/Jul;187.0;2025-07-01;3.5;657.0;9.0;4.81;209476.39
354080 POTIRENDABA;2025/Jul;71.0;2025-07-01;2.3;164.0;2.0;2.82;27740.76
354100 PRAIA GRANDE;2025/Jul;774.0;2025-07-01;5.2;4022.0;41.0;5.3;906591.07
354120 PRESIDENTE BERNARDES;2025/Jul;124.0;2025-07-01;3.5;435.0;0.0;0.0;47388.36
354130 PRESIDENTE EPITACIO;2025/Jul;299.0;2025-07-01;3.1;913.0;20.0;6.69;184176.96
354140 PRESIDENTE PRUDENTE;2025/Jul;3616.0;2025-07-01;5.6;20181.0;186.0;5.14;7356938.43
354150 PRESIDENTE VENCESLAU;2025/Jul;187.0;2025-07-01;5.0;938.0;9.0;4.81;237006.37
354160 PROMISSAO;2025/Jul;342.0;2025-07-01;4.2;1453.0;21.0;6.14;407067.42
354190 QUELUZ;2025/Jul;15.0;2025-07-01;7.5;112.0;0.0;0.0;7122.99
354220 RANCHARIA;2025/Jul;412.0;2025-07-01;2.2;920.0;17.0;4.13;457200.41
354240 REGENTE FEIJO;2025/Jul;78.0;2025-07-01;3.2;252.0;1.0;1.28;27024.88
354260 REGISTRO;2025/Jul;880.0;2025-07-01;3.8;3351.0;29.0;3.3;968141.44
354290 RIBEIRAO BONITO;2025/Jul;23.0;2025-07-01;2.3;53.0;0.0;0.0;19219.54
354300 RIBEIRAO BRANCO;2025/Jul;32.0;2025-07-01;3.2;103.0;6.0;18.75;12154.14
354330 RIBEIRAO PIRES;2025/Jul;133.0;2025-07-01;6.8;903.0;22.0;16.54;99170.31
354340 RIBEIRAO PRETO;2025/Jul;8105.0;2025-07-01;4.4;36003.0;352.0;4.34;19286337.54
354380 RINOPOLIS;2025/Jul;21.0;2025-07-01;6.5;137.0;2.0;9.52;9457.41
354390 RIO CLARO;2025/Jul;932.0;2025-07-01;7.0;6490.0;44.0;4.72;1788610.92
354400 RIO DAS PEDRAS;2025/Jul;80.0;2025-07-01;1.8;143.0;7.0;8.75;20026.66
354420 RIOLANDIA;2025/Jul;19.0;2025-07-01;2.4;45.0;0.0;0.0;6701.0
354425 ROSANA;2025/Jul;298.0;2025-07-01;11.3;3359.0;12.0;4.03;213686.63
354490 SALES OLIVEIRA;2025/Jul;27.0;2025-07-01;2.0;54.0;0.0;0.0;11040.77
354500 SALESOPOLIS;2025/Jul;28.0;2025-07-01;2.4;68.0;3.0;10.71;10407.38
354520 SALTO;2025/Jul;616.0;2025-07-01;3.0;1854.0;32.0;5.19;574687.17
354530 SALTO DE PIRAPORA;2025/Jul;240.0;2025-07-01;2.0;480.0;4.0;1.67;236589.31
354540 SALTO GRANDE;2025/Jul;50.0;2025-07-01;2.9;143.0;0.0;0.0;20921.16
354560 SANTA ADELIA;2025/Jul;87.0;2025-07-01;3.1;272.0;4.0;4.6;121794.36
354580 SANTA BARBARA D'OESTE;2025/Jul;801.0;2025-07-01;2.4;1894.0;27.0;3.37;945182.93
354630 SANTA CRUZ DAS PALMEIRAS;2025/Jul;117.0;2025-07-01;3.1;360.0;6.0;5.13;63115.77
354640 SANTA CRUZ DO RIO PARDO;2025/Jul;366.0;2025-07-01;3.8;1388.0;18.0;4.92;518569.19
354660 SANTA FE DO SUL;2025/Jul;310.0;2025-07-01;5.1;1576.0;15.0;4.84;426341.8
354680 SANTA ISABEL;2025/Jul;156.0;2025-07-01;6.2;973.0;15.0;9.62;239327.31
354730 SANTANA DE PARNAIBA;2025/Jul;307.0;2025-07-01;4.4;1357.0;10.0;3.26;116622.66
354750 SANTA RITA DO PASSA QUATRO;2025/Jul;144.0;2025-07-01;18.7;2688.0;8.0;5.56;170674.36
354760 SANTA ROSA DE VITERBO;2025/Jul;83.0;2025-07-01;4.0;330.0;3.0;3.61;28758.37
354770 SANTO ANASTACIO;2025/Jul;158.0;2025-07-01;3.1;494.0;1.0;0.63;66718.93
354780 SANTO ANDRE;2025/Jul;4109.0;2025-07-01;4.5;18511.0;289.0;7.03;8207739.62
354790 SANTO ANTONIO DA ALEGRIA;2025/Jul;11.0;2025-07-01;2.5;28.0;0.0;0.0;5089.32
354850 SANTOS;2025/Jul;3103.0;2025-07-01;5.7;17690.0;149.0;4.8;6601714.68
354860 SAO BENTO DO SAPUCAI;2025/Jul;53.0;2025-07-01;4.2;222.0;8.0;15.09;22418.99
354870 SAO BERNARDO DO CAMPO;2025/Jul;3557.0;2025-07-01;6.0;21277.0;216.0;6.07;9119362.24
354880 SAO CAETANO DO SUL;2025/Jul;1223.0;2025-07-01;4.3;5220.0;78.0;6.38;1657651.14
354890 SAO CARLOS;2025/Jul;1812.0;2025-07-01;3.7;6782.0;97.0;5.35;3418506.2
354910 SAO JOAO DA BOA VISTA;2025/Jul;579.0;2025-07-01;3.9;2235.0;53.0;9.15;1030897.02
354940 SAO JOAQUIM DA BARRA;2025/Jul;357.0;2025-07-01;3.6;1285.0;27.0;7.56;609968.46
354970 SAO JOSE DO RIO PARDO;2025/Jul;365.0;2025-07-01;3.4;1257.0;24.0;6.58;391363.97
354980 SAO JOSE DO RIO PRETO;2025/Jul;8027.0;2025-07-01;4.8;38170.0;324.0;4.04;26471940.96
354990 SAO JOSE DOS CAMPOS;2025/Jul;5110.0;2025-07-01;4.5;22993.0;243.0;4.76;10899705.3
355000 SAO LUIS DO PARAITINGA;2025/Jul;15.0;2025-07-01;3.8;57.0;1.0;6.67;6368.4
355010 SAO MANUEL;2025/Jul;185.0;2025-07-01;3.6;667.0;25.0;13.51;197848.98
355020 SAO MIGUEL ARCANJO;2025/Jul;124.0;2025-07-01;10.7;1332.0;11.0;8.87;78522.5
355030 SAO PAULO;2025/Jul;63477.0;2025-07-01;5.3;336778.0;3257.0;5.13;154300460.84
355040 SAO PEDRO;2025/Jul;393.0;2025-07-01;1.7;668.0;11.0;2.8;776105.21
355060 SAO ROQUE;2025/Jul;403.0;2025-07-01;4.2;1683.0;25.0;6.2;421900.42
355070 SAO SEBASTIAO;2025/Jul;537.0;2025-07-01;3.8;2038.0;11.0;2.05;513761.23
355080 SAO SEBASTIAO DA GRAMA;2025/Jul;65.0;2025-07-01;2.2;142.0;3.0;4.62;25612.46
355090 SAO SIMAO;2025/Jul;34.0;2025-07-01;4.6;158.0;4.0;11.76;18161.15
355100 SAO VICENTE;2025/Jul;850.0;2025-07-01;4.4;3757.0;44.0;5.18;1001425.14
355150 SERRANA;2025/Jul;313.0;2025-07-01;5.0;1565.0;18.0;5.75;374051.39
355160 SERRA NEGRA;2025/Jul;193.0;2025-07-01;2.6;493.0;12.0;6.22;111648.0
355170 SERTAOZINHO;2025/Jul;582.0;2025-07-01;3.4;2003.0;36.0;6.19;786769.96
355200 SILVEIRAS;2025/Jul;3.0;2025-07-01;4.7;14.0;0.0;0.0;1383.52
355210 SOCORRO;2025/Jul;321.0;2025-07-01;2.3;733.0;16.0;4.98;294406.93
355220 SOROCABA;2025/Jul;5285.0;2025-07-01;5.2;27475.0;355.0;6.72;11251036.12
355230 SUD MENNUCCI;2025/Jul;27.0;2025-07-01;3.5;95.0;2.0;7.41;13840.06
355240 SUMARE;2025/Jul;1150.0;2025-07-01;4.8;5500.0;35.0;3.04;2487479.2
355250 SUZANO;2025/Jul;811.0;2025-07-01;6.8;5504.0;65.0;8.01;1085137.24
355260 TABAPUA;2025/Jul;70.0;2025-07-01;3.8;267.0;0.0;0.0;57469.46
355270 TABATINGA;2025/Jul;93.0;2025-07-01;3.0;276.0;7.0;7.53;69328.39
355280 TABOAO DA SERRA;2025/Jul;1842.0;2025-07-01;4.7;8677.0;87.0;4.72;3268734.5
355300 TAGUAI;2025/Jul;63.0;2025-07-01;3.3;208.0;2.0;3.17;28336.95
355330 TAMBAU;2025/Jul;116.0;2025-07-01;2.6;301.0;5.0;4.31;56363.0
355340 TANABI;2025/Jul;103.0;2025-07-01;4.6;476.0;0.0;0.0;56011.29
355360 TAPIRATIBA;2025/Jul;31.0;2025-07-01;3.5;107.0;0.0;0.0;17075.86
355370 TAQUARITINGA;2025/Jul;353.0;2025-07-01;3.4;1210.0;10.0;2.83;255720.46
355380 TAQUARITUBA;2025/Jul;189.0;2025-07-01;2.4;453.0;6.0;3.17;67712.51
355400 TATUI;2025/Jul;425.0;2025-07-01;3.5;1477.0;18.0;4.24;342265.79
355410 TAUBATE;2025/Jul;2088.0;2025-07-01;4.0;8328.0;87.0;4.17;4754135.21
355430 TEODORO SAMPAIO;2025/Jul;97.0;2025-07-01;3.8;365.0;6.0;6.19;35103.69
355440 TERRA ROXA;2025/Jul;5.0;2025-07-01;4.2;21.0;1.0;20.0;2499.42
355450 TIETE;2025/Jul;198.0;2025-07-01;2.7;543.0;14.0;7.07;87440.58
355470 TORRINHA;2025/Jul;7.0;2025-07-01;5.7;40.0;2.0;28.57;3179.96
355500 TUPA;2025/Jul;668.0;2025-07-01;4.2;2782.0;56.0;8.38;1053345.41
355510 TUPI PAULISTA;2025/Jul;106.0;2025-07-01;4.6;489.0;6.0;5.66;59096.59
355540 UBATUBA;2025/Jul;437.0;2025-07-01;3.0;1323.0;18.0;4.12;256863.87
355580 URANIA;2025/Jul;28.0;2025-07-01;3.5;98.0;0.0;0.0;10751.52
355600 URUPES;2025/Jul;83.0;2025-07-01;2.8;230.0;3.0;3.61;76596.42
355620 VALINHOS;2025/Jul;393.0;2025-07-01;5.4;2136.0;30.0;7.63;601962.86
355630 VALPARAISO;2025/Jul;77.0;2025-07-01;2.9;224.0;5.0;6.49;46755.53
355640 VARGEM GRANDE DO SUL;2025/Jul;203.0;2025-07-01;3.8;771.0;20.0;9.85;118536.89
355650 VARZEA PAULISTA;2025/Jul;67.0;2025-07-01;3.8;252.0;11.0;16.42;21803.73
355670 VINHEDO;2025/Jul;488.0;2025-07-01;3.5;1729.0;32.0;6.56;486027.98
355680 VIRADOURO;2025/Jul;25.0;2025-07-01;5.2;130.0;2.0;8.0;12465.87
355700 VOTORANTIM;2025/Jul;319.0;2025-07-01;4.5;1436.0;17.0;5.33;319799.41
355710 VOTUPORANGA;2025/Jul;995.0;2025-07-01;3.5;3529.0;62.0;6.23;1921764.87
355720 CHAVANTES;2025/Jul;101.0;2025-07-01;2.6;267.0;4.0;3.96;53432.58
350010 ADAMANTINA;2025/Ago;427.0;2025-08-01;8.9;3783.0;16.0;3.75;661531.58
350030 AGUAI;2025/Ago;35.0;2025-08-01;6.9;241.0;0.0;0.0;21996.35
350050 AGUAS DE LINDOIA;2025/Ago;94.0;2025-08-01;4.4;414.0;10.0;10.64;42656.64
350070 AGUDOS;2025/Ago;103.0;2025-08-01;1.8;181.0;0.0;0.0;51311.39
350100 ALTINOPOLIS;2025/Ago;157.0;2025-08-01;2.0;316.0;4.0;2.55;51066.01
350110 ALTO ALEGRE;2025/Ago;1.0;2025-08-01;11.0;11.0;0.0;0.0;582.42
350130 ALVARES MACHADO;2025/Ago;60.0;2025-08-01;3.8;227.0;3.0;5.0;24203.05
350160 AMERICANA;2025/Ago;850.0;2025-08-01;4.1;3483.0;54.0;6.35;1020034.7
350170 AMERICO BRASILIENSE;2025/Ago;528.0;2025-08-01;3.3;1748.0;13.0;2.46;530862.96
350190 AMPARO;2025/Ago;413.0;2025-08-01;14.3;5902.0;24.0;5.81;791081.01
350210 ANDRADINA;2025/Ago;300.0;2025-08-01;3.9;1170.0;23.0;7.67;327860.36
350220 ANGATUBA;2025/Ago;151.0;2025-08-01;3.2;482.0;17.0;11.26;65079.66
350250 APARECIDA;2025/Ago;379.0;2025-08-01;3.5;1321.0;19.0;5.01;514472.16
350260 APARECIDA D'OESTE;2025/Ago;11.0;2025-08-01;3.2;35.0;2.0;18.18;5537.37
350270 APIAI;2025/Ago;256.0;2025-08-01;2.8;721.0;16.0;6.25;149887.25
350280 ARACATUBA;2025/Ago;1172.0;2025-08-01;5.9;6915.0;119.0;10.15;4053158.63
350310 ARANDU;2025/Ago;11.0;2025-08-01;5.3;58.0;1.0;9.09;3979.93
350320 ARARAQUARA;2025/Ago;1714.0;2025-08-01;3.9;6767.0;86.0;5.02;4342139.49
350330 ARARAS;2025/Ago;607.0;2025-08-01;4.7;2835.0;42.0;6.92;1141288.73
350340 AREALVA;2025/Ago;25.0;2025-08-01;1.7;43.0;1.0;4.0;6364.28
350390 ARUJA;2025/Ago;0.0;2025-08-01;0.0;0.0;0.0;0.0;0.0
350400 ASSIS;2025/Ago;932.0;2025-08-01;4.5;4181.0;58.0;6.22;1508533.5
350410 ATIBAIA;2025/Ago;398.0;2025-08-01;4.7;1886.0;34.0;8.54;412991.56
350420 AURIFLAMA;2025/Ago;228.0;2025-08-01;2.0;446.0;5.0;2.19;220447.99
350450 AVARE;2025/Ago;653.0;2025-08-01;3.8;2485.0;46.0;7.04;1093909.01
350520 BARIRI;2025/Ago;205.0;2025-08-01;3.1;644.0;12.0;5.85;107303.36
350530 BARRA BONITA;2025/Ago;202.0;2025-08-01;2.7;553.0;17.0;8.42;136812.93
350550 BARRETOS;2025/Ago;2643.0;2025-08-01;4.9;12992.0;194.0;7.34;8354062.41
350570 BARUERI;2025/Ago;3426.0;2025-08-01;3.9;13332.0;124.0;3.62;2982855.3
350580 BASTOS;2025/Ago;100.0;2025-08-01;2.3;227.0;1.0;1.0;44070.56
350590 BATATAIS;2025/Ago;345.0;2025-08-01;4.1;1404.0;21.0;6.09;442783.1
350600 BAURU;2025/Ago;3553.0;2025-08-01;5.5;19379.0;153.0;4.31;6618315.69
350610 BEBEDOURO;2025/Ago;789.0;2025-08-01;3.0;2379.0;34.0;4.31;893104.51
350630 BERNARDINO DE CAMPOS;2025/Ago;77.0;2025-08-01;3.4;264.0;11.0;14.29;65620.2
350635 BERTIOGA;2025/Ago;264.0;2025-08-01;3.6;946.0;15.0;5.68;130232.62
350640 BILAC;2025/Ago;29.0;2025-08-01;3.3;97.0;1.0;3.45;11651.88
350650 BIRIGUI;2025/Ago;420.0;2025-08-01;4.8;2029.0;23.0;5.48;467999.92
350670 BOA ESPERANCA DO SUL;2025/Ago;11.0;2025-08-01;3.4;37.0;2.0;18.18;4714.92
350680 BOCAINA;2025/Ago;11.0;2025-08-01;4.5;49.0;1.0;9.09;6140.22
350700 BOITUVA;2025/Ago;192.0;2025-08-01;3.2;610.0;10.0;5.21;133388.34
350710 BOM JESUS DOS PERDOES;2025/Ago;24.0;2025-08-01;7.3;174.0;3.0;12.5;9541.45
350740 BORBOREMA;2025/Ago;69.0;2025-08-01;3.4;232.0;2.0;2.9;33817.63
350750 BOTUCATU;2025/Ago;2604.0;2025-08-01;6.0;15495.0;135.0;5.18;7840406.76
350760 BRAGANCA PAULISTA;2025/Ago;1629.0;2025-08-01;3.5;5739.0;82.0;5.03;3174811.6
350790 BROTAS;2025/Ago;66.0;2025-08-01;5.4;358.0;7.0;10.61;41190.86
350810 BURITAMA;2025/Ago;125.0;2025-08-01;2.7;335.0;4.0;3.2;69735.01
350840 CABREUVA;2025/Ago;30.0;2025-08-01;2.0;60.0;0.0;0.0;11930.71
350850 CACAPAVA;2025/Ago;289.0;2025-08-01;4.8;1376.0;18.0;6.23;294959.54
350870 CACONDE;2025/Ago;175.0;2025-08-01;3.8;669.0;7.0;4.0;215064.91
350880 CAFELANDIA;2025/Ago;86.0;2025-08-01;2.5;216.0;6.0;6.98;32872.41
350900 CAIEIRAS;2025/Ago;383.0;2025-08-01;2.8;1073.0;16.0;4.18;209430.27
350920 CAJAMAR;2025/Ago;331.0;2025-08-01;3.5;1166.0;14.0;4.23;119551.75
350930 CAJOBI;2025/Ago;50.0;2025-08-01;2.5;125.0;2.0;4.0;21847.3
350940 CAJURU;2025/Ago;301.0;2025-08-01;3.1;923.0;6.0;1.99;168295.91
350950 CAMPINAS;2025/Ago;7368.0;2025-08-01;5.5;40388.0;384.0;5.21;20272751.63
350960 CAMPO LIMPO PAULISTA;2025/Ago;313.0;2025-08-01;3.7;1152.0;16.0;5.11;312966.99
350970 CAMPOS DO JORDAO;2025/Ago;233.0;2025-08-01;24.8;5775.0;12.0;5.15;542967.79
351000 CANDIDO MOTA;2025/Ago;216.0;2025-08-01;2.5;530.0;8.0;3.7;146070.12
351020 CAPAO BONITO;2025/Ago;235.0;2025-08-01;3.4;790.0;21.0;8.94;248312.79
351040 CAPIVARI;2025/Ago;250.0;2025-08-01;3.4;845.0;17.0;6.8;280756.47
351050 CARAGUATATUBA;2025/Ago;2050.0;2025-08-01;3.0;6081.0;73.0;3.56;2396641.95
351060 CARAPICUIBA;2025/Ago;1318.0;2025-08-01;3.2;4241.0;34.0;2.58;1749474.09
351070 CARDOSO;2025/Ago;28.0;2025-08-01;3.2;90.0;1.0;3.57;12383.9
351080 CASA BRANCA;2025/Ago;218.0;2025-08-01;10.0;2185.0;5.0;2.29;240789.15
351100 CASTILHO;2025/Ago;111.0;2025-08-01;1.9;216.0;4.0;3.6;59222.23
351110 CATANDUVA;2025/Ago;1574.0;2025-08-01;7.2;11272.0;104.0;6.61;3769385.45
351140 CERQUEIRA CESAR;2025/Ago;125.0;2025-08-01;3.1;390.0;6.0;4.8;69125.94
351150 CERQUILHO;2025/Ago;77.0;2025-08-01;4.9;374.0;7.0;9.09;39157.93
351160 CESARIO LANGE;2025/Ago;40.0;2025-08-01;2.7;109.0;2.0;5.0;24184.91
351170 CHARQUEADA;2025/Ago;29.0;2025-08-01;4.3;125.0;2.0;6.9;9948.36
351190 CLEMENTINA;2025/Ago;19.0;2025-08-01;2.9;56.0;0.0;0.0;7784.64
351200 COLINA;2025/Ago;85.0;2025-08-01;3.8;326.0;5.0;5.88;139837.13
351210 COLOMBIA;2025/Ago;3.0;2025-08-01;3.3;10.0;1.0;33.33;349.62
351220 CONCHAL;2025/Ago;249.0;2025-08-01;1.8;460.0;7.0;2.81;182465.57
351230 CONCHAS;2025/Ago;25.0;2025-08-01;4.9;123.0;3.0;12.0;10522.16
351280 COSMOPOLIS;2025/Ago;176.0;2025-08-01;3.6;634.0;14.0;7.95;152754.07
351300 COTIA;2025/Ago;1155.0;2025-08-01;3.8;4410.0;55.0;4.76;1195919.68
351310 CRAVINHOS;2025/Ago;32.0;2025-08-01;6.7;215.0;2.0;6.25;16198.37
351340 CRUZEIRO;2025/Ago;480.0;2025-08-01;5.6;2666.0;40.0;8.33;730133.54
351350 CUBATAO;2025/Ago;546.0;2025-08-01;6.0;3259.0;20.0;3.66;674932.8
351360 CUNHA;2025/Ago;112.0;2025-08-01;3.0;339.0;8.0;7.14;69249.38
351370 DESCALVADO;2025/Ago;126.0;2025-08-01;2.5;318.0;5.0;3.97;97448.2
351380 DIADEMA;2025/Ago;2008.0;2025-08-01;5.0;10126.0;89.0;4.43;3257341.91
351390 DIVINOLANDIA;2025/Ago;422.0;2025-08-01;1.6;674.0;4.0;0.95;576070.13
351410 DOIS CORREGOS;2025/Ago;103.0;2025-08-01;4.1;427.0;10.0;9.71;47940.07
351440 DRACENA;2025/Ago;245.0;2025-08-01;5.8;1409.0;24.0;9.8;501537.5
351450 DUARTINA;2025/Ago;149.0;2025-08-01;1.7;251.0;6.0;4.03;43789.52
351500 EMBU DAS ARTES;2025/Ago;305.0;2025-08-01;4.3;1324.0;20.0;6.56;134476.22
351510 EMBU-GUACU;2025/Ago;105.0;2025-08-01;0.7;69.0;12.0;11.43;42158.97
351518 ESPIRITO SANTO DO PINHAL;2025/Ago;390.0;2025-08-01;24.5;9557.0;19.0;4.87;881502.78
351520 ESTRELA D'OESTE;2025/Ago;58.0;2025-08-01;4.1;239.0;0.0;0.0;31729.76
351540 FARTURA;2025/Ago;78.0;2025-08-01;3.2;251.0;3.0;3.85;33499.82
351550 FERNANDOPOLIS;2025/Ago;602.0;2025-08-01;3.5;2094.0;29.0;4.82;703346.36
351570 FERRAZ DE VASCONCELOS;2025/Ago;810.0;2025-08-01;5.5;4476.0;47.0;5.8;789575.59
351600 FLORIDA PAULISTA;2025/Ago;84.0;2025-08-01;2.3;192.0;2.0;2.38;28022.14
351620 FRANCA;2025/Ago;2149.0;2025-08-01;5.5;11845.0;123.0;5.72;5699468.83
351630 FRANCISCO MORATO;2025/Ago;1112.0;2025-08-01;4.0;4467.0;51.0;4.59;1107381.33
351640 FRANCO DA ROCHA;2025/Ago;711.0;2025-08-01;7.8;5520.0;42.0;5.91;922936.76
351660 GALIA;2025/Ago;10.0;2025-08-01;4.0;40.0;1.0;10.0;4588.21
351670 GARCA;2025/Ago;252.0;2025-08-01;20.7;5216.0;18.0;7.14;554935.83
351690 GENERAL SALGADO;2025/Ago;35.0;2025-08-01;3.9;138.0;2.0;5.71;18268.6
351700 GETULINA;2025/Ago;35.0;2025-08-01;3.3;114.0;1.0;2.86;12766.98
351740 GUAIRA;2025/Ago;305.0;2025-08-01;2.8;851.0;5.0;1.64;444191.31
351760 GUAPIARA;2025/Ago;34.0;2025-08-01;3.7;127.0;3.0;8.82;12241.81
351770 GUARA;2025/Ago;70.0;2025-08-01;3.3;233.0;1.0;1.43;37854.46
351780 GUARACAI;2025/Ago;45.0;2025-08-01;3.0;134.0;1.0;2.22;20440.45
351820 GUARARAPES;2025/Ago;132.0;2025-08-01;4.1;545.0;8.0;6.06;63031.85
351830 GUARAREMA;2025/Ago;130.0;2025-08-01;2.8;365.0;6.0;4.62;60584.62
351840 GUARATINGUETA;2025/Ago;576.0;2025-08-01;4.8;2765.0;48.0;8.33;993809.36
351860 GUARIBA;2025/Ago;104.0;2025-08-01;3.2;330.0;8.0;7.69;49386.65
351870 GUARUJA;2025/Ago;1079.0;2025-08-01;5.8;6281.0;68.0;6.3;2462363.9
351880 GUARULHOS;2025/Ago;4942.0;2025-08-01;5.1;25262.0;309.0;6.25;7257263.44
351900 HERCULANDIA;2025/Ago;71.0;2025-08-01;3.2;228.0;0.0;0.0;27385.19
351907 HORTOLANDIA;2025/Ago;491.0;2025-08-01;4.1;2029.0;31.0;6.31;481875.34
351910 IACANGA;2025/Ago;77.0;2025-08-01;2.3;178.0;1.0;1.3;16827.15
351930 IBATE;2025/Ago;81.0;2025-08-01;2.8;226.0;3.0;3.7;60426.81
351940 IBIRA;2025/Ago;36.0;2025-08-01;4.0;144.0;2.0;5.56;15879.03
351960 IBITINGA;2025/Ago;401.0;2025-08-01;2.8;1135.0;33.0;8.23;395727.13
351970 IBIUNA;2025/Ago;370.0;2025-08-01;3.4;1250.0;12.0;3.24;194065.62
351990 IEPE;2025/Ago;67.0;2025-08-01;3.0;204.0;2.0;2.99;26407.7
352010 IGARAPAVA;2025/Ago;108.0;2025-08-01;5.2;566.0;6.0;5.56;57446.04
352040 ILHABELA;2025/Ago;260.0;2025-08-01;2.7;711.0;4.0;1.54;219365.99
352044 ILHA SOLTEIRA;2025/Ago;226.0;2025-08-01;3.2;725.0;9.0;3.98;229234.6
352050 INDAIATUBA;2025/Ago;1936.0;2025-08-01;3.3;6452.0;54.0;2.79;2170529.54
352070 INDIAPORA;2025/Ago;31.0;2025-08-01;3.8;118.0;3.0;9.68;10861.68
352090 IPAUSSU;2025/Ago;80.0;2025-08-01;2.8;221.0;3.0;3.75;46610.02
352130 IPUA;2025/Ago;83.0;2025-08-01;2.3;187.0;2.0;2.41;40466.29
352170 ITABERA;2025/Ago;105.0;2025-08-01;2.1;224.0;2.0;1.9;52479.05
352180 ITAI;2025/Ago;93.0;2025-08-01;3.6;331.0;6.0;6.45;36328.38
352190 ITAJOBI;2025/Ago;81.0;2025-08-01;6.3;510.0;12.0;14.81;32508.1
352210 ITANHAEM;2025/Ago;957.0;2025-08-01;4.3;4084.0;49.0;5.12;1277063.69
352220 ITAPECERICA DA SERRA;2025/Ago;1461.0;2025-08-01;3.8;5562.0;71.0;4.86;1722353.73
352230 ITAPETININGA;2025/Ago;863.0;2025-08-01;5.9;5082.0;76.0;8.81;907074.26
352240 ITAPEVA;2025/Ago;912.0;2025-08-01;4.1;3755.0;57.0;6.25;1620658.56
352250 ITAPEVI;2025/Ago;1361.0;2025-08-01;4.1;5612.0;50.0;3.67;1279293.16
352260 ITAPIRA;2025/Ago;585.0;2025-08-01;23.3;13652.0;43.0;7.35;1203899.7
352270 ITAPOLIS;2025/Ago;285.0;2025-08-01;3.3;931.0;12.0;4.21;306787.88
352280 ITAPORANGA;2025/Ago;83.0;2025-08-01;2.7;223.0;2.0;2.41;33617.66
352290 ITAPUI;2025/Ago;0.0;2025-08-01;0.0;0.0;0.0;0.0;0.0
352310 ITAQUAQUECETUBA;2025/Ago;1373.0;2025-08-01;5.9;8162.0;99.0;7.21;1530762.88
352320 ITARARE;2025/Ago;330.0;2025-08-01;2.2;722.0;11.0;3.33;254061.28
352340 ITATIBA;2025/Ago;619.0;2025-08-01;2.9;1782.0;33.0;5.33;773600.08
352350 ITATINGA;2025/Ago;34.0;2025-08-01;2.5;84.0;2.0;5.88;13219.81
352360 ITIRAPINA;2025/Ago;10.0;2025-08-01;6.4;64.0;2.0;20.0;6205.35
352390 ITU;2025/Ago;782.0;2025-08-01;3.9;3065.0;34.0;4.35;1152061.28
352400 ITUPEVA;2025/Ago;181.0;2025-08-01;3.8;692.0;10.0;5.52;72715.08
352410 ITUVERAVA;2025/Ago;316.0;2025-08-01;4.5;1409.0;16.0;5.06;644216.46
352420 JABORANDI;2025/Ago;3.0;2025-08-01;3.3;10.0;0.0;0.0;682.31
352430 JABOTICABAL;2025/Ago;160.0;2025-08-01;5.4;870.0;9.0;5.63;162636.02
352440 JACAREI;2025/Ago;1351.0;2025-08-01;4.0;5345.0;67.0;4.96;2264462.78
352450 JACI;2025/Ago;59.0;2025-08-01;6.4;380.0;3.0;5.08;36068.56
352470 JAGUARIUNA;2025/Ago;335.0;2025-08-01;3.7;1256.0;25.0;7.46;413403.46
352480 JALES;2025/Ago;698.0;2025-08-01;3.1;2178.0;41.0;5.87;1184527.13
352520 JARINU;2025/Ago;55.0;2025-08-01;3.6;200.0;0.0;0.0;13905.98
352530 JAU;2025/Ago;2289.0;2025-08-01;5.6;12748.0;147.0;6.42;5927747.94
352550 JOANOPOLIS;2025/Ago;16.0;2025-08-01;3.9;62.0;3.0;18.75;4911.86
352570 JOSE BONIFACIO;2025/Ago;188.0;2025-08-01;4.0;749.0;5.0;2.66;102437.5
352590 JUNDIAI;2025/Ago;3467.0;2025-08-01;3.9;13640.0;133.0;3.84;4967763.71
352600 JUNQUEIROPOLIS;2025/Ago;109.0;2025-08-01;6.3;690.0;5.0;4.59;51499.4
352640 LARANJAL PAULISTA;2025/Ago;131.0;2025-08-01;3.7;484.0;12.0;9.16;61485.52
352670 LEME;2025/Ago;453.0;2025-08-01;3.4;1560.0;33.0;7.28;546090.34
352680 LENCOIS PAULISTA;2025/Ago;234.0;2025-08-01;3.5;819.0;12.0;5.13;319048.8
352690 LIMEIRA;2025/Ago;1355.0;2025-08-01;4.3;5773.0;78.0;5.76;4001505.02
352710 LINS;2025/Ago;666.0;2025-08-01;7.1;4746.0;30.0;4.5;736771.85
352720 LORENA;2025/Ago;433.0;2025-08-01;4.9;2141.0;31.0;7.16;764219.27
352730 LOUVEIRA;2025/Ago;241.0;2025-08-01;2.3;553.0;11.0;4.56;134850.67
352740 LUCELIA;2025/Ago;62.0;2025-08-01;4.9;301.0;6.0;9.68;17583.88
352800 MACATUBA;2025/Ago;63.0;2025-08-01;3.9;244.0;2.0;3.17;27978.16
352810 MACAUBAL;2025/Ago;7.0;2025-08-01;3.4;24.0;1.0;14.29;2500.11
352850 MAIRIPORA;2025/Ago;233.0;2025-08-01;2.9;682.0;10.0;4.29;90587.96
352880 MARACAI;2025/Ago;68.0;2025-08-01;3.8;258.0;4.0;5.88;35172.23
352900 MARILIA;2025/Ago;2587.0;2025-08-01;6.0;15507.0;137.0;5.3;7354953.67
352920 MARTINOPOLIS;2025/Ago;233.0;2025-08-01;2.0;472.0;4.0;1.72;103110.11
352930 MATAO;2025/Ago;553.0;2025-08-01;4.3;2390.0;26.0;4.7;1774804.72
352940 MAUA;2025/Ago;1254.0;2025-08-01;5.1;6340.0;80.0;6.38;1359534.26
352970 MIGUELOPOLIS;2025/Ago;134.0;2025-08-01;3.5;475.0;5.0;3.73;61901.49
353010 MIRANDOPOLIS;2025/Ago;266.0;2025-08-01;4.3;1155.0;22.0;8.27;282582.94
353030 MIRASSOL;2025/Ago;182.0;2025-08-01;2.3;415.0;2.0;1.1;95328.99
353050 MOCOCA;2025/Ago;440.0;2025-08-01;3.6;1572.0;32.0;7.27;512449.77
353060 MOGI DAS CRUZES;2025/Ago;3163.0;2025-08-01;4.6;14703.0;174.0;5.5;5269992.73
353070 MOGI GUACU;2025/Ago;947.0;2025-08-01;4.8;4571.0;51.0;5.39;1568653.34
353080 MOGI MIRIM;2025/Ago;440.0;2025-08-01;4.6;2008.0;38.0;8.64;868764.37
353110 MONGAGUA;2025/Ago;92.0;2025-08-01;3.9;360.0;5.0;5.43;20916.69
353130 MONTE ALTO;2025/Ago;240.0;2025-08-01;4.6;1114.0;12.0;5.0;394958.66
353140 MONTE APRAZIVEL;2025/Ago;302.0;2025-08-01;2.1;638.0;3.0;0.99;142065.97
353150 MONTE AZUL PAULISTA;2025/Ago;141.0;2025-08-01;2.1;290.0;3.0;2.13;182970.05
353180 MONTE MOR;2025/Ago;108.0;2025-08-01;2.8;307.0;4.0;3.7;51858.45
353190 MORRO AGUDO;2025/Ago;144.0;2025-08-01;2.7;392.0;7.0;4.86;134915.82
353200 MORUNGABA;2025/Ago;15.0;2025-08-01;2.9;43.0;0.0;0.0;6116.6
353240 NAZARE PAULISTA;2025/Ago;46.0;2025-08-01;5.9;270.0;8.0;17.39;20037.47
353250 NEVES PAULISTA;2025/Ago;4.0;2025-08-01;3.3;13.0;0.0;0.0;1615.02
353260 NHANDEARA;2025/Ago;242.0;2025-08-01;2.1;511.0;5.0;2.07;173278.27
353290 NOVA EUROPA;2025/Ago;33.0;2025-08-01;3.9;129.0;5.0;15.15;15241.56
353300 NOVA GRANADA;2025/Ago;160.0;2025-08-01;2.9;467.0;3.0;1.88;69667.02
353340 NOVA ODESSA;2025/Ago;141.0;2025-08-01;5.7;808.0;9.0;6.38;79287.91
353350 NOVO HORIZONTE;2025/Ago;217.0;2025-08-01;3.8;829.0;22.0;10.14;349400.05
353390 OLIMPIA;2025/Ago;347.0;2025-08-01;4.9;1699.0;28.0;8.07;398871.65
353430 ORLANDIA;2025/Ago;168.0;2025-08-01;1.8;310.0;6.0;3.57;71495.63
353440 OSASCO;2025/Ago;2383.0;2025-08-01;5.7;13573.0;188.0;7.89;3451725.08
353460 OSVALDO CRUZ;2025/Ago;211.0;2025-08-01;3.2;685.0;11.0;5.21;117255.3
353470 OURINHOS;2025/Ago;950.0;2025-08-01;4.1;3889.0;63.0;6.63;1787246.96
353475 OUROESTE;2025/Ago;45.0;2025-08-01;3.1;141.0;2.0;4.44;29627.87
353520 PALMEIRA D'OESTE;2025/Ago;62.0;2025-08-01;2.9;177.0;0.0;0.0;20301.17
353530 PALMITAL;2025/Ago;188.0;2025-08-01;2.0;385.0;10.0;5.32;119750.76
353550 PARAGUACU PAULISTA;2025/Ago;416.0;2025-08-01;3.5;1473.0;26.0;6.25;570623.29
353580 PARANAPANEMA;2025/Ago;72.0;2025-08-01;2.9;208.0;3.0;4.17;27360.41
353600 PARAPUA;2025/Ago;0.0;2025-08-01;0.0;0.0;0.0;0.0;0.0
353620 PARIQUERA-ACU;2025/Ago;779.0;2025-08-01;4.4;3452.0;40.0;5.13;1140846.33
353630 PATROCINIO PAULISTA;2025/Ago;82.0;2025-08-01;3.7;305.0;3.0;3.66;41888.92
353650 PAULINIA;2025/Ago;767.0;2025-08-01;3.9;2978.0;34.0;4.43;807391.76
353660 PAULO DE FARIA;2025/Ago;13.0;2025-08-01;4.2;55.0;0.0;0.0;5886.09
353670 PEDERNEIRAS;2025/Ago;183.0;2025-08-01;4.2;768.0;16.0;8.74;195569.47
353700 PEDREGULHO;2025/Ago;99.0;2025-08-01;2.2;216.0;1.0;1.01;44836.85
353710 PEDREIRA;2025/Ago;104.0;2025-08-01;5.1;533.0;8.0;7.69;70846.0
353730 PENAPOLIS;2025/Ago;482.0;2025-08-01;6.1;2943.0;41.0;8.51;591856.9
353740 PEREIRA BARRETO;2025/Ago;62.0;2025-08-01;3.5;215.0;1.0;1.61;26857.75
353780 PIEDADE;2025/Ago;273.0;2025-08-01;3.2;881.0;24.0;8.79;125251.26
353790 PILAR DO SUL;2025/Ago;100.0;2025-08-01;2.9;285.0;4.0;4.0;50350.23
353800 PINDAMONHANGABA;2025/Ago;611.0;2025-08-01;5.0;3085.0;27.0;4.42;837852.99
353860 PIRACAIA;2025/Ago;39.0;2025-08-01;3.5;137.0;6.0;15.38;13054.15
353870 PIRACICABA;2025/Ago;3047.0;2025-08-01;3.3;10098.0;116.0;3.81;6922576.46
353880 PIRAJU;2025/Ago;172.0;2025-08-01;2.8;481.0;12.0;6.98;90186.21
353890 PIRAJUI;2025/Ago;134.0;2025-08-01;2.2;298.0;7.0;5.22;71212.71
353900 PIRANGI;2025/Ago;122.0;2025-08-01;2.2;274.0;2.0;1.64;99050.62
353930 PIRASSUNUNGA;2025/Ago;217.0;2025-08-01;5.5;1192.0;17.0;7.83;296788.64
353940 PIRATININGA;2025/Ago;25.0;2025-08-01;7.2;180.0;1.0;4.0;7515.96
353950 PITANGUEIRAS;2025/Ago;127.0;2025-08-01;2.6;325.0;4.0;3.15;84522.49
354000 POMPEIA;2025/Ago;80.0;2025-08-01;3.0;239.0;2.0;2.5;35366.27
354020 PONTAL;2025/Ago;116.0;2025-08-01;1.8;203.0;5.0;4.31;57021.8
354040 POPULINA;2025/Ago;9.0;2025-08-01;4.8;43.0;0.0;0.0;4638.93
354060 PORTO FELIZ;2025/Ago;415.0;2025-08-01;2.1;856.0;13.0;3.13;308329.13
354070 PORTO FERREIRA;2025/Ago;206.0;2025-08-01;3.1;636.0;17.0;8.25;211522.62
354080 POTIRENDABA;2025/Ago;109.0;2025-08-01;2.6;278.0;3.0;2.75;40774.3
354100 PRAIA GRANDE;2025/Ago;859.0;2025-08-01;6.8;5878.0;50.0;5.82;1231409.87
354120 PRESIDENTE BERNARDES;2025/Ago;88.0;2025-08-01;3.2;278.0;0.0;0.0;32776.57
354130 PRESIDENTE EPITACIO;2025/Ago;255.0;2025-08-01;3.4;877.0;14.0;5.49;132655.0
354140 PRESIDENTE PRUDENTE;2025/Ago;3896.0;2025-08-01;5.8;22685.0;178.0;4.57;7842258.51
354150 PRESIDENTE VENCESLAU;2025/Ago;197.0;2025-08-01;3.7;729.0;9.0;4.57;239315.89
354160 PROMISSAO;2025/Ago;334.0;2025-08-01;3.4;1145.0;17.0;5.09;351171.38
354190 QUELUZ;2025/Ago;22.0;2025-08-01;4.4;96.0;2.0;9.09;8769.59
354220 RANCHARIA;2025/Ago;345.0;2025-08-01;2.6;886.0;22.0;6.38;409674.41
354240 REGENTE FEIJO;2025/Ago;81.0;2025-08-01;3.0;242.0;1.0;1.23;25070.19
354260 REGISTRO;2025/Ago;829.0;2025-08-01;3.6;2965.0;20.0;2.41;977083.64
354290 RIBEIRAO BONITO;2025/Ago;25.0;2025-08-01;2.5;62.0;5.0;20.0;17210.41
354300 RIBEIRAO BRANCO;2025/Ago;26.0;2025-08-01;3.9;101.0;3.0;11.54;9381.55
354330 RIBEIRAO PIRES;2025/Ago;146.0;2025-08-01;5.5;799.0;24.0;16.44;100381.92
354340 RIBEIRAO PRETO;2025/Ago;7953.0;2025-08-01;4.5;35615.0;334.0;4.2;18263436.11
354380 RINOPOLIS;2025/Ago;29.0;2025-08-01;5.6;161.0;2.0;6.9;12187.61
354390 RIO CLARO;2025/Ago;973.0;2025-08-01;6.2;6032.0;37.0;3.8;1709704.44
354400 RIO DAS PEDRAS;2025/Ago;86.0;2025-08-01;1.7;150.0;5.0;5.81;21782.99
354420 RIOLANDIA;2025/Ago;23.0;2025-08-01;3.7;84.0;3.0;13.04;6539.53
354425 ROSANA;2025/Ago;242.0;2025-08-01;3.5;845.0;7.0;2.89;120491.39
354490 SALES OLIVEIRA;2025/Ago;31.0;2025-08-01;2.3;71.0;1.0;3.23;12844.02
354500 SALESOPOLIS;2025/Ago;27.0;2025-08-01;2.2;59.0;5.0;18.52;8565.05
354520 SALTO;2025/Ago;557.0;2025-08-01;2.7;1527.0;25.0;4.49;450602.56
354530 SALTO DE PIRAPORA;2025/Ago;241.0;2025-08-01;1.8;442.0;4.0;1.66;234037.4
354540 SALTO GRANDE;2025/Ago;63.0;2025-08-01;2.2;136.0;6.0;9.52;23021.15
354560 SANTA ADELIA;2025/Ago;83.0;2025-08-01;3.2;263.0;2.0;2.41;132214.39
354580 SANTA BARBARA D'OESTE;2025/Ago;829.0;2025-08-01;2.5;2069.0;36.0;4.34;1001229.21
354630 SANTA CRUZ DAS PALMEIRAS;2025/Ago;95.0;2025-08-01;2.5;235.0;4.0;4.21;51839.69
354640 SANTA CRUZ DO RIO PARDO;2025/Ago;356.0;2025-08-01;3.7;1319.0;11.0;3.09;544917.08
354660 SANTA FE DO SUL;2025/Ago;325.0;2025-08-01;4.5;1456.0;11.0;3.38;381078.94
354680 SANTA ISABEL;2025/Ago;193.0;2025-08-01;5.6;1087.0;14.0;7.25;238832.61
354730 SANTANA DE PARNAIBA;2025/Ago;305.0;2025-08-01;4.6;1414.0;17.0;5.57;114258.38
354750 SANTA RITA DO PASSA QUATRO;2025/Ago;137.0;2025-08-01;10.5;1436.0;6.0;4.38;90152.67
354760 SANTA ROSA DE VITERBO;2025/Ago;87.0;2025-08-01;4.3;376.0;3.0;3.45;28275.12
354770 SANTO ANASTACIO;2025/Ago;151.0;2025-08-01;3.6;545.0;5.0;3.31;56800.91
354780 SANTO ANDRE;2025/Ago;3813.0;2025-08-01;4.5;16997.0;261.0;6.85;7855217.98
354790 SANTO ANTONIO DA ALEGRIA;2025/Ago;14.0;2025-08-01;2.9;40.0;0.0;0.0;5489.44
354850 SANTOS;2025/Ago;2955.0;2025-08-01;5.8;17164.0;140.0;4.74;6452174.02
354860 SAO BENTO DO SAPUCAI;2025/Ago;49.0;2025-08-01;4.5;219.0;4.0;8.16;20903.23
354870 SAO BERNARDO DO CAMPO;2025/Ago;3498.0;2025-08-01;5.9;20611.0;196.0;5.6;8479280.38
354880 SAO CAETANO DO SUL;2025/Ago;1271.0;2025-08-01;4.1;5194.0;97.0;7.63;1846961.94
354890 SAO CARLOS;2025/Ago;1683.0;2025-08-01;3.9;6565.0;77.0;4.58;3366217.53
354910 SAO JOAO DA BOA VISTA;2025/Ago;550.0;2025-08-01;4.9;2705.0;51.0;9.27;1042003.83
354940 SAO JOAQUIM DA BARRA;2025/Ago;354.0;2025-08-01;3.2;1145.0;26.0;7.34;658587.02
354970 SAO JOSE DO RIO PARDO;2025/Ago;350.0;2025-08-01;3.4;1207.0;22.0;6.29;494817.04
354980 SAO JOSE DO RIO PRETO;2025/Ago;8114.0;2025-08-01;4.6;36999.0;347.0;4.28;25838830.43
354990 SAO JOSE DOS CAMPOS;2025/Ago;5100.0;2025-08-01;4.7;23915.0;285.0;5.59;11688803.94
355000 SAO LUIS DO PARAITINGA;2025/Ago;18.0;2025-08-01;4.9;89.0;1.0;5.56;6358.74
355010 SAO MANUEL;2025/Ago;152.0;2025-08-01;3.2;481.0;17.0;11.18;176920.67
355020 SAO MIGUEL ARCANJO;2025/Ago;103.0;2025-08-01;6.4;659.0;7.0;6.8;57191.52
355030 SAO PAULO;2025/Ago;64714.0;2025-08-01;5.2;335676.0;3305.0;5.11;157600652.41
355040 SAO PEDRO;2025/Ago;442.0;2025-08-01;1.7;741.0;12.0;2.71;675781.6
355060 SAO ROQUE;2025/Ago;431.0;2025-08-01;4.3;1869.0;38.0;8.82;457868.64
355070 SAO SEBASTIAO;2025/Ago;518.0;2025-08-01;3.4;1741.0;18.0;3.47;430061.28
355080 SAO SEBASTIAO DA GRAMA;2025/Ago;47.0;2025-08-01;4.1;193.0;3.0;6.38;20111.44
355090 SAO SIMAO;2025/Ago;27.0;2025-08-01;7.1;193.0;1.0;3.7;17122.09
355100 SAO VICENTE;2025/Ago;804.0;2025-08-01;4.3;3447.0;63.0;7.84;1049141.72
355150 SERRANA;2025/Ago;341.0;2025-08-01;4.8;1627.0;17.0;4.99;366045.73
355160 SERRA NEGRA;2025/Ago;196.0;2025-08-01;2.6;516.0;13.0;6.63;162021.54
355170 SERTAOZINHO;2025/Ago;589.0;2025-08-01;3.5;2069.0;28.0;4.75;915983.01
355200 SILVEIRAS;2025/Ago;1.0;2025-08-01;1.0;1.0;1.0;100.0;582.42
355210 SOCORRO;2025/Ago;419.0;2025-08-01;1.8;768.0;20.0;4.77;357685.09
355220 SOROCABA;2025/Ago;5209.0;2025-08-01;5.1;26724.0;370.0;7.1;11018783.81
355230 SUD MENNUCCI;2025/Ago;20.0;2025-08-01;3.8;76.0;0.0;0.0;10814.38
355240 SUMARE;2025/Ago;1105.0;2025-08-01;4.6;5029.0;37.0;3.35;2338986.29
355250 SUZANO;2025/Ago;736.0;2025-08-01;6.7;4966.0;68.0;9.24;992570.69
355260 TABAPUA;2025/Ago;79.0;2025-08-01;2.9;233.0;0.0;0.0;72506.43
355270 TABATINGA;2025/Ago;86.0;2025-08-01;3.5;304.0;1.0;1.16;62008.49
355280 TABOAO DA SERRA;2025/Ago;1889.0;2025-08-01;4.2;7869.0;76.0;4.02;3033525.98
355300 TAGUAI;2025/Ago;56.0;2025-08-01;2.9;164.0;0.0;0.0;23471.2
355330 TAMBAU;2025/Ago;111.0;2025-08-01;2.6;294.0;1.0;0.9;51358.9
355340 TANABI;2025/Ago;103.0;2025-08-01;5.9;608.0;4.0;3.88;59665.1
355360 TAPIRATIBA;2025/Ago;32.0;2025-08-01;3.2;103.0;3.0;9.38;17855.81
355370 TAQUARITINGA;2025/Ago;374.0;2025-08-01;3.4;1266.0;8.0;2.14;337691.89
355380 TAQUARITUBA;2025/Ago;167.0;2025-08-01;2.4;395.0;4.0;2.4;58292.31
355400 TATUI;2025/Ago;405.0;2025-08-01;3.7;1485.0;24.0;5.93;390389.03
355410 TAUBATE;2025/Ago;1901.0;2025-08-01;4.2;7890.0;97.0;5.1;4744607.95
355430 TEODORO SAMPAIO;2025/Ago;104.0;2025-08-01;3.7;381.0;7.0;6.73;35916.32
355440 TERRA ROXA;2025/Ago;4.0;2025-08-01;5.8;23.0;0.0;0.0;1566.09
355450 TIETE;2025/Ago;199.0;2025-08-01;2.9;568.0;3.0;1.51;93435.2
355470 TORRINHA;2025/Ago;5.0;2025-08-01;3.2;16.0;0.0;0.0;2573.6
355500 TUPA;2025/Ago;668.0;2025-08-01;4.8;3236.0;49.0;7.34;1151484.37
355510 TUPI PAULISTA;2025/Ago;120.0;2025-08-01;4.4;526.0;6.0;5.0;68995.76
355540 UBATUBA;2025/Ago;442.0;2025-08-01;2.9;1260.0;8.0;1.81;221495.99
355580 URANIA;2025/Ago;31.0;2025-08-01;4.0;125.0;0.0;0.0;11241.63
355600 URUPES;2025/Ago;82.0;2025-08-01;2.7;222.0;0.0;0.0;52215.26
355620 VALINHOS;2025/Ago;385.0;2025-08-01;4.7;1808.0;38.0;9.87;528597.39
355630 VALPARAISO;2025/Ago;70.0;2025-08-01;3.7;258.0;1.0;1.43;41536.73
355640 VARGEM GRANDE DO SUL;2025/Ago;194.0;2025-08-01;3.8;745.0;22.0;11.34;99211.79
355650 VARZEA PAULISTA;2025/Ago;61.0;2025-08-01;3.2;193.0;8.0;13.11;21823.85
355670 VINHEDO;2025/Ago;474.0;2025-08-01;3.4;1619.0;21.0;4.43;538969.92
355680 VIRADOURO;2025/Ago;15.0;2025-08-01;2.1;32.0;0.0;0.0;4406.65
355700 VOTORANTIM;2025/Ago;319.0;2025-08-01;4.3;1374.0;16.0;5.02;333470.44
355710 VOTUPORANGA;2025/Ago;973.0;2025-08-01;3.2;3162.0;49.0;5.04;1637767.24
355720 CHAVANTES;2025/Ago;89.0;2025-08-01;2.9;261.0;2.0;2.25;40915.91
350010 ADAMANTINA;2025/Set;486.0;2025-09-01;8.2;3972.0;19.0;3.91;753666.06
350030 AGUAI;2025/Set;36.0;2025-09-01;6.1;219.0;3.0;8.33;20514.41
350050 AGUAS DE LINDOIA;2025/Set;68.0;2025-09-01;4.3;290.0;8.0;11.76;40437.16
350070 AGUDOS;2025/Set;102.0;2025-09-01;1.9;198.0;0.0;0.0;55326.37
350100 ALTINOPOLIS;2025/Set;166.0;2025-09-01;1.8;293.0;3.0;1.81;52207.78
350110 ALTO ALEGRE;2025/Set;10.0;2025-09-01;6.3;63.0;0.0;0.0;4460.4
350130 ALVARES MACHADO;2025/Set;74.0;2025-09-01;3.8;279.0;1.0;1.35;26545.97
350160 AMERICANA;2025/Set;828.0;2025-09-01;4.0;3288.0;49.0;5.92;974437.33
350170 AMERICO BRASILIENSE;2025/Set;548.0;2025-09-01;3.4;1874.0;15.0;2.74;510400.02
350190 AMPARO;2025/Set;331.0;2025-09-01;17.9;5933.0;14.0;4.23;701375.06
350210 ANDRADINA;2025/Set;271.0;2025-09-01;4.2;1138.0;33.0;12.18;301276.93
350220 ANGATUBA;2025/Set;125.0;2025-09-01;2.8;353.0;5.0;4.0;44700.71
350250 APARECIDA;2025/Set;420.0;2025-09-01;3.4;1408.0;17.0;4.05;548502.97
350260 APARECIDA D'OESTE;2025/Set;3.0;2025-09-01;2.7;8.0;0.0;0.0;774.06
350270 APIAI;2025/Set;296.0;2025-09-01;2.7;797.0;11.0;3.72;154132.23
350280 ARACATUBA;2025/Set;1190.0;2025-09-01;6.7;8004.0;116.0;9.75;4470626.03
350310 ARANDU;2025/Set;12.0;2025-09-01;4.3;52.0;0.0;0.0;5537.15
350320 ARARAQUARA;2025/Set;1823.0;2025-09-01;3.8;6854.0;71.0;3.89;4299156.56
350330 ARARAS;2025/Set;631.0;2025-09-01;4.0;2537.0;40.0;6.34;1363299.63
350340 AREALVA;2025/Set;26.0;2025-09-01;2.3;59.0;1.0;3.85;7030.35
350390 ARUJA;2025/Set;0.0;2025-09-01;0.0;0.0;0.0;0.0;0.0
350400 ASSIS;2025/Set;877.0;2025-09-01;4.7;4082.0;55.0;6.27;1543523.79
350410 ATIBAIA;2025/Set;334.0;2025-09-01;4.2;1418.0;25.0;7.49;355144.55
350420 AURIFLAMA;2025/Set;221.0;2025-09-01;1.7;385.0;3.0;1.36;191619.81
350450 AVARE;2025/Set;639.0;2025-09-01;3.8;2432.0;29.0;4.54;950925.35
350520 BARIRI;2025/Set;222.0;2025-09-01;3.1;685.0;6.0;2.7;111561.84
350530 BARRA BONITA;2025/Set;182.0;2025-09-01;3.0;541.0;7.0;3.85;188374.35
350550 BARRETOS;2025/Set;2783.0;2025-09-01;4.7;13129.0;166.0;5.96;8516343.7
350570 BARUERI;2025/Set;3364.0;2025-09-01;3.9;13234.0;107.0;3.18;3033593.54
350580 BASTOS;2025/Set;89.0;2025-09-01;2.9;262.0;0.0;0.0;29619.91
350590 BATATAIS;2025/Set;306.0;2025-09-01;3.5;1079.0;15.0;4.9;396442.32
350600 BAURU;2025/Set;3477.0;2025-09-01;5.5;19283.0;143.0;4.11;6426227.76
350610 BEBEDOURO;2025/Set;725.0;2025-09-01;2.8;2029.0;25.0;3.45;719841.0
350630 BERNARDINO DE CAMPOS;2025/Set;78.0;2025-09-01;4.4;346.0;3.0;3.85;41379.77
350635 BERTIOGA;2025/Set;293.0;2025-09-01;3.5;1033.0;16.0;5.46;136343.06
350640 BILAC;2025/Set;12.0;2025-09-01;1.8;21.0;2.0;16.67;5015.28
350650 BIRIGUI;2025/Set;408.0;2025-09-01;4.6;1888.0;15.0;3.68;422998.83
350670 BOA ESPERANCA DO SUL;2025/Set;10.0;2025-09-01;2.6;26.0;1.0;10.0;5128.53
350680 BOCAINA;2025/Set;10.0;2025-09-01;2.5;25.0;1.0;10.0;4027.07
350700 BOITUVA;2025/Set;194.0;2025-09-01;2.9;558.0;6.0;3.09;122730.75
350710 BOM JESUS DOS PERDOES;2025/Set;11.0;2025-09-01;8.4;92.0;0.0;0.0;4661.48
350740 BORBOREMA;2025/Set;65.0;2025-09-01;4.1;266.0;2.0;3.08;33653.32
350750 BOTUCATU;2025/Set;2620.0;2025-09-01;5.6;14555.0;125.0;4.77;7717143.44
350760 BRAGANCA PAULISTA;2025/Set;1646.0;2025-09-01;3.7;6023.0;91.0;5.53;3280466.02
350790 BROTAS;2025/Set;54.0;2025-09-01;5.9;319.0;0.0;0.0;31511.24
350810 BURITAMA;2025/Set;125.0;2025-09-01;2.3;293.0;5.0;4.0;74132.89
350840 CABREUVA;2025/Set;59.0;2025-09-01;2.7;160.0;1.0;1.69;21682.2
350850 CACAPAVA;2025/Set;286.0;2025-09-01;4.4;1262.0;26.0;9.09;331481.05
350870 CACONDE;2025/Set;193.0;2025-09-01;5.0;972.0;3.0;1.55;356258.36
350880 CAFELANDIA;2025/Set;75.0;2025-09-01;3.0;223.0;4.0;5.33;29505.13
350900 CAIEIRAS;2025/Set;396.0;2025-09-01;2.9;1167.0;3.0;0.76;242795.69
350920 CAJAMAR;2025/Set;308.0;2025-09-01;3.5;1087.0;15.0;4.87;105045.4
350930 CAJOBI;2025/Set;45.0;2025-09-01;2.4;106.0;2.0;4.44;18513.21
350940 CAJURU;2025/Set;285.0;2025-09-01;3.3;930.0;11.0;3.86;158904.94
350950 CAMPINAS;2025/Set;7557.0;2025-09-01;5.5;41681.0;400.0;5.29;21946876.01
350960 CAMPO LIMPO PAULISTA;2025/Set;306.0;2025-09-01;3.2;972.0;13.0;4.25;288247.6
350970 CAMPOS DO JORDAO;2025/Set;212.0;2025-09-01;16.8;3568.0;10.0;4.72;360708.55
351000 CANDIDO MOTA;2025/Set;246.0;2025-09-01;2.6;633.0;8.0;3.25;197532.61
351020 CAPAO BONITO;2025/Set;258.0;2025-09-01;3.4;869.0;25.0;9.69;292929.55
351040 CAPIVARI;2025/Set;233.0;2025-09-01;3.8;884.0;11.0;4.72;316324.64
351050 CARAGUATATUBA;2025/Set;2030.0;2025-09-01;3.3;6778.0;82.0;4.04;2644815.29
351060 CARAPICUIBA;2025/Set;1060.0;2025-09-01;3.4;3612.0;24.0;2.26;1424339.4
351070 CARDOSO;2025/Set;50.0;2025-09-01;3.2;161.0;0.0;0.0;16970.44
351080 CASA BRANCA;2025/Set;183.0;2025-09-01;8.0;1460.0;6.0;3.28;158130.4
351100 CASTILHO;2025/Set;101.0;2025-09-01;2.5;248.0;2.0;1.98;58151.85
351110 CATANDUVA;2025/Set;1602.0;2025-09-01;6.7;10777.0;89.0;5.56;3544467.9
351140 CERQUEIRA CESAR;2025/Set;135.0;2025-09-01;2.7;362.0;6.0;4.44;81278.48
351150 CERQUILHO;2025/Set;92.0;2025-09-01;4.4;409.0;9.0;9.78;40127.13
351160 CESARIO LANGE;2025/Set;47.0;2025-09-01;2.9;134.0;1.0;2.13;25634.84
351170 CHARQUEADA;2025/Set;24.0;2025-09-01;4.1;99.0;4.0;16.67;6688.55
351190 CLEMENTINA;2025/Set;25.0;2025-09-01;3.4;86.0;1.0;4.0;9044.12
351200 COLINA;2025/Set;99.0;2025-09-01;4.5;445.0;3.0;3.03;192459.01
351210 COLOMBIA;2025/Set;3.0;2025-09-01;1.3;4.0;0.0;0.0;132.66
351220 CONCHAL;2025/Set;182.0;2025-09-01;2.4;443.0;5.0;2.75;119331.96
351230 CONCHAS;2025/Set;24.0;2025-09-01;5.8;138.0;1.0;4.17;12174.01
351280 COSMOPOLIS;2025/Set;153.0;2025-09-01;3.5;529.0;13.0;8.5;141622.18
351300 COTIA;2025/Set;1136.0;2025-09-01;4.0;4583.0;50.0;4.4;1229221.53
351310 CRAVINHOS;2025/Set;34.0;2025-09-01;4.1;140.0;3.0;8.82;13239.91
351340 CRUZEIRO;2025/Set;454.0;2025-09-01;5.5;2488.0;37.0;8.15;604776.55
351350 CUBATAO;2025/Set;574.0;2025-09-01;6.0;3438.0;32.0;5.57;723274.53
351360 CUNHA;2025/Set;105.0;2025-09-01;3.2;338.0;2.0;1.9;62815.88
351370 DESCALVADO;2025/Set;183.0;2025-09-01;2.0;374.0;6.0;3.28;182882.85
351380 DIADEMA;2025/Set;1959.0;2025-09-01;5.3;10326.0;78.0;3.98;3322836.69
351390 DIVINOLANDIA;2025/Set;395.0;2025-09-01;1.3;508.0;5.0;1.27;564949.76
351410 DOIS CORREGOS;2025/Set;98.0;2025-09-01;4.1;404.0;2.0;2.04;40952.11
351440 DRACENA;2025/Set;275.0;2025-09-01;5.3;1462.0;30.0;10.91;533731.37
351450 DUARTINA;2025/Set;128.0;2025-09-01;1.6;209.0;4.0;3.13;39637.33
351500 EMBU DAS ARTES;2025/Set;297.0;2025-09-01;4.3;1281.0;19.0;6.4;131131.68
351510 EMBU-GUACU;2025/Set;108.0;2025-09-01;0.8;90.0;10.0;9.26;43733.38
351518 ESPIRITO SANTO DO PINHAL;2025/Set;346.0;2025-09-01;23.4;8088.0;17.0;4.91;867720.82
351520 ESTRELA D'OESTE;2025/Set;76.0;2025-09-01;3.7;284.0;1.0;1.32;36840.38
351540 FARTURA;2025/Set;75.0;2025-09-01;3.1;229.0;2.0;2.67;28476.06
351550 FERNANDOPOLIS;2025/Set;613.0;2025-09-01;3.6;2183.0;38.0;6.2;836905.99
351570 FERRAZ DE VASCONCELOS;2025/Set;784.0;2025-09-01;5.5;4339.0;49.0;6.25;775996.49
351600 FLORIDA PAULISTA;2025/Set;76.0;2025-09-01;2.5;193.0;1.0;1.32;26587.39
351620 FRANCA;2025/Set;2149.0;2025-09-01;5.3;11284.0;142.0;6.61;5468024.76
351630 FRANCISCO MORATO;2025/Set;1127.0;2025-09-01;4.3;4881.0;44.0;3.9;1224653.05
351640 FRANCO DA ROCHA;2025/Set;691.0;2025-09-01;9.2;6339.0;46.0;6.66;1023401.83
351660 GALIA;2025/Set;14.0;2025-09-01;5.7;80.0;0.0;0.0;5612.56
351670 GARCA;2025/Set;230.0;2025-09-01;21.5;4943.0;16.0;6.96;500293.63
351690 GENERAL SALGADO;2025/Set;30.0;2025-09-01;5.0;151.0;1.0;3.33;16209.87
351700 GETULINA;2025/Set;41.0;2025-09-01;3.7;153.0;1.0;2.44;16598.84
351740 GUAIRA;2025/Set;298.0;2025-09-01;2.8;844.0;6.0;2.01;465263.62
351760 GUAPIARA;2025/Set;18.0;2025-09-01;2.9;52.0;2.0;11.11;7165.87
351770 GUARA;2025/Set;80.0;2025-09-01;3.0;243.0;2.0;2.5;43059.66
351780 GUARACAI;2025/Set;47.0;2025-09-01;4.5;213.0;0.0;0.0;23036.02
351820 GUARARAPES;2025/Set;138.0;2025-09-01;4.8;660.0;6.0;4.35;71652.0
351830 GUARAREMA;2025/Set;135.0;2025-09-01;3.0;402.0;1.0;0.74;55684.39
351840 GUARATINGUETA;2025/Set;553.0;2025-09-01;4.8;2667.0;43.0;7.78;1028415.25
351860 GUARIBA;2025/Set;112.0;2025-09-01;2.8;315.0;3.0;2.68;51224.2
351870 GUARUJA;2025/Set;1112.0;2025-09-01;5.8;6430.0;85.0;7.64;2477527.59
351880 GUARULHOS;2025/Set;4954.0;2025-09-01;4.9;24142.0;286.0;5.77;7155508.22
351900 HERCULANDIA;2025/Set;46.0;2025-09-01;4.2;195.0;0.0;0.0;17129.18
351907 HORTOLANDIA;2025/Set;453.0;2025-09-01;3.7;1682.0;19.0;4.19;417704.95
351910 IACANGA;2025/Set;73.0;2025-09-01;2.5;185.0;5.0;6.85;22035.81
351930 IBATE;2025/Set;84.0;2025-09-01;2.9;247.0;4.0;4.76;85346.6
351940 IBIRA;2025/Set;35.0;2025-09-01;4.1;143.0;1.0;2.86;20433.97
351960 IBITINGA;2025/Set;384.0;2025-09-01;3.0;1143.0;27.0;7.03;506966.04
351970 IBIUNA;2025/Set;394.0;2025-09-01;2.8;1110.0;9.0;2.28;199196.64
351990 IEPE;2025/Set;62.0;2025-09-01;2.4;148.0;0.0;0.0;22537.83
352010 IGARAPAVA;2025/Set;86.0;2025-09-01;5.3;458.0;2.0;2.33;46645.72
352040 ILHABELA;2025/Set;292.0;2025-09-01;2.6;758.0;4.0;1.37;207964.95
352044 ILHA SOLTEIRA;2025/Set;276.0;2025-09-01;3.6;988.0;13.0;4.71;310166.49
352050 INDAIATUBA;2025/Set;1941.0;2025-09-01;3.1;6075.0;57.0;2.94;2215127.71
352070 INDIAPORA;2025/Set;25.0;2025-09-01;3.1;78.0;0.0;0.0;9334.42
352090 IPAUSSU;2025/Set;92.0;2025-09-01;2.9;266.0;3.0;3.26;47508.21
352130 IPUA;2025/Set;103.0;2025-09-01;2.6;264.0;0.0;0.0;48220.99
352170 ITABERA;2025/Set;95.0;2025-09-01;2.7;261.0;5.0;5.26;50766.96
352180 ITAI;2025/Set;89.0;2025-09-01;2.8;246.0;2.0;2.25;30173.76
352190 ITAJOBI;2025/Set;59.0;2025-09-01;6.7;396.0;2.0;3.39;23151.35
352210 ITANHAEM;2025/Set;1011.0;2025-09-01;4.2;4217.0;49.0;4.85;1316885.48
352220 ITAPECERICA DA SERRA;2025/Set;1528.0;2025-09-01;3.8;5764.0;90.0;5.89;1774575.14
352230 ITAPETININGA;2025/Set;894.0;2025-09-01;5.8;5205.0;61.0;6.82;974723.48
352240 ITAPEVA;2025/Set;920.0;2025-09-01;3.8;3520.0;53.0;5.76;1492213.87
352250 ITAPEVI;2025/Set;1403.0;2025-09-01;4.0;5544.0;38.0;2.71;1346666.26
352260 ITAPIRA;2025/Set;492.0;2025-09-01;25.0;12285.0;37.0;7.52;1064469.66
352270 ITAPOLIS;2025/Set;305.0;2025-09-01;3.4;1042.0;12.0;3.93;370035.59
352280 ITAPORANGA;2025/Set;95.0;2025-09-01;2.2;213.0;4.0;4.21;37683.26
352290 ITAPUI;2025/Set;0.0;2025-09-01;0.0;0.0;0.0;0.0;0.0
352310 ITAQUAQUECETUBA;2025/Set;1206.0;2025-09-01;5.9;7085.0;75.0;6.22;1392471.08
352320 ITARARE;2025/Set;333.0;2025-09-01;2.1;699.0;10.0;3.0;248900.24
352340 ITATIBA;2025/Set;654.0;2025-09-01;3.1;2056.0;25.0;3.82;938576.92
352350 ITATINGA;2025/Set;33.0;2025-09-01;3.5;116.0;2.0;6.06;10797.44
352360 ITIRAPINA;2025/Set;8.0;2025-09-01;5.8;46.0;0.0;0.0;4560.71
352390 ITU;2025/Set;713.0;2025-09-01;4.7;3378.0;46.0;6.45;1075656.41
352400 ITUPEVA;2025/Set;177.0;2025-09-01;3.2;568.0;6.0;3.39;77147.25
352410 ITUVERAVA;2025/Set;338.0;2025-09-01;3.9;1308.0;30.0;8.88;509852.54
352420 JABORANDI;2025/Set;8.0;2025-09-01;3.9;31.0;1.0;12.5;3979.32
352430 JABOTICABAL;2025/Set;197.0;2025-09-01;4.0;796.0;8.0;4.06;168038.63
352440 JACAREI;2025/Set;1224.0;2025-09-01;4.2;5103.0;58.0;4.74;2018070.55
352450 JACI;2025/Set;62.0;2025-09-01;18.2;1131.0;1.0;1.61;90392.59
352470 JAGUARIUNA;2025/Set;322.0;2025-09-01;3.2;1035.0;11.0;3.42;322224.6
352480 JALES;2025/Set;722.0;2025-09-01;3.1;2220.0;44.0;6.09;1286331.4
352520 JARINU;2025/Set;62.0;2025-09-01;3.1;195.0;0.0;0.0;12405.59
352530 JAU;2025/Set;2369.0;2025-09-01;4.7;11037.0;119.0;5.02;6268824.89
352550 JOANOPOLIS;2025/Set;14.0;2025-09-01;3.3;46.0;0.0;0.0;3371.81
352570 JOSE BONIFACIO;2025/Set;184.0;2025-09-01;4.9;905.0;9.0;4.89;117279.76
352590 JUNDIAI;2025/Set;3540.0;2025-09-01;4.0;14038.0;125.0;3.53;5628273.66
352600 JUNQUEIROPOLIS;2025/Set;113.0;2025-09-01;6.1;685.0;2.0;1.77;56577.77
352640 LARANJAL PAULISTA;2025/Set;107.0;2025-09-01;3.5;377.0;6.0;5.61;54961.26
352670 LEME;2025/Set;460.0;2025-09-01;3.3;1531.0;25.0;5.43;439388.17
352680 LENCOIS PAULISTA;2025/Set;241.0;2025-09-01;3.3;794.0;9.0;3.73;275231.71
352690 LIMEIRA;2025/Set;1396.0;2025-09-01;4.1;5659.0;74.0;5.3;3686047.2
352710 LINS;2025/Set;645.0;2025-09-01;6.0;3901.0;25.0;3.88;650375.04
352720 LORENA;2025/Set;400.0;2025-09-01;4.9;1976.0;18.0;4.5;704728.62
352730 LOUVEIRA;2025/Set;208.0;2025-09-01;2.5;527.0;8.0;3.85;127716.68
352740 LUCELIA;2025/Set;69.0;2025-09-01;4.2;287.0;6.0;8.7;20935.56
352800 MACATUBA;2025/Set;89.0;2025-09-01;3.0;268.0;3.0;3.37;35349.81
352810 MACAUBAL;2025/Set;3.0;2025-09-01;3.7;11.0;2.0;66.67;1071.99
352850 MAIRIPORA;2025/Set;239.0;2025-09-01;3.3;790.0;14.0;5.86;81533.38
352880 MARACAI;2025/Set;84.0;2025-09-01;3.1;260.0;1.0;1.19;51748.29
352900 MARILIA;2025/Set;2782.0;2025-09-01;5.0;13870.0;152.0;5.46;6996542.88
352920 MARTINOPOLIS;2025/Set;275.0;2025-09-01;2.0;543.0;7.0;2.55;107361.66
352930 MATAO;2025/Set;560.0;2025-09-01;4.1;2270.0;27.0;4.82;1741278.12
352940 MAUA;2025/Set;1131.0;2025-09-01;4.8;5444.0;76.0;6.72;1306431.59
352970 MIGUELOPOLIS;2025/Set;96.0;2025-09-01;2.4;228.0;3.0;3.13;39591.95
353010 MIRANDOPOLIS;2025/Set;304.0;2025-09-01;4.4;1325.0;16.0;5.26;325271.91
353030 MIRASSOL;2025/Set;177.0;2025-09-01;2.0;354.0;6.0;3.39;89855.4
353050 MOCOCA;2025/Set;450.0;2025-09-01;3.2;1459.0;25.0;5.56;462835.13
353060 MOGI DAS CRUZES;2025/Set;3128.0;2025-09-01;4.9;15201.0;146.0;4.67;5418113.18
353070 MOGI GUACU;2025/Set;883.0;2025-09-01;4.8;4243.0;51.0;5.78;1636532.1
353080 MOGI MIRIM;2025/Set;365.0;2025-09-01;4.4;1624.0;37.0;10.14;725619.09
353110 MONGAGUA;2025/Set;67.0;2025-09-01;4.5;299.0;4.0;5.97;17607.48
353130 MONTE ALTO;2025/Set;246.0;2025-09-01;4.4;1075.0;18.0;7.32;447566.57
353140 MONTE APRAZIVEL;2025/Set;351.0;2025-09-01;2.2;759.0;9.0;2.56;173176.81
353150 MONTE AZUL PAULISTA;2025/Set;151.0;2025-09-01;1.9;294.0;1.0;0.66;287203.09
353180 MONTE MOR;2025/Set;97.0;2025-09-01;2.8;272.0;8.0;8.25;43908.55
353190 MORRO AGUDO;2025/Set;148.0;2025-09-01;2.9;429.0;9.0;6.08;165555.43
353200 MORUNGABA;2025/Set;27.0;2025-09-01;3.3;90.0;3.0;11.11;9943.76
353240 NAZARE PAULISTA;2025/Set;33.0;2025-09-01;5.3;176.0;2.0;6.06;12502.48
353250 NEVES PAULISTA;2025/Set;5.0;2025-09-01;1.8;9.0;1.0;20.0;1909.53
353260 NHANDEARA;2025/Set;233.0;2025-09-01;2.4;561.0;4.0;1.72;175560.84
353290 NOVA EUROPA;2025/Set;30.0;2025-09-01;3.1;92.0;3.0;10.0;20526.72
353300 NOVA GRANADA;2025/Set;163.0;2025-09-01;2.8;458.0;3.0;1.84;62869.44
353340 NOVA ODESSA;2025/Set;133.0;2025-09-01;4.5;593.0;9.0;6.77;60381.93
353350 NOVO HORIZONTE;2025/Set;212.0;2025-09-01;2.8;585.0;4.0;1.89;325779.08
353390 OLIMPIA;2025/Set;310.0;2025-09-01;4.4;1373.0;25.0;8.06;292427.9
353430 ORLANDIA;2025/Set;279.0;2025-09-01;1.4;392.0;7.0;2.51;129021.79
353440 OSASCO;2025/Set;2333.0;2025-09-01;5.5;12930.0;159.0;6.82;3253523.13
353460 OSVALDO CRUZ;2025/Set;225.0;2025-09-01;3.4;763.0;13.0;5.78;126677.28
353470 OURINHOS;2025/Set;952.0;2025-09-01;4.0;3843.0;58.0;6.09;1783765.85
353475 OUROESTE;2025/Set;47.0;2025-09-01;2.9;135.0;2.0;4.26;28013.67
353520 PALMEIRA D'OESTE;2025/Set;77.0;2025-09-01;3.1;241.0;1.0;1.3;26545.01
353530 PALMITAL;2025/Set;190.0;2025-09-01;2.1;408.0;5.0;2.63;118151.67
353550 PARAGUACU PAULISTA;2025/Set;446.0;2025-09-01;2.7;1200.0;13.0;2.91;510169.34
353580 PARANAPANEMA;2025/Set;70.0;2025-09-01;2.5;173.0;1.0;1.43;29423.53
353600 PARAPUA;2025/Set;7.0;2025-09-01;8.1;57.0;2.0;28.57;2851.38
353620 PARIQUERA-ACU;2025/Set;779.0;2025-09-01;4.1;3212.0;64.0;8.22;1003756.81
353630 PATROCINIO PAULISTA;2025/Set;78.0;2025-09-01;4.3;334.0;3.0;3.85;55626.44
353650 PAULINIA;2025/Set;735.0;2025-09-01;3.3;2456.0;35.0;4.76;746687.11
353660 PAULO DE FARIA;2025/Set;8.0;2025-09-01;7.1;57.0;0.0;0.0;4015.77
353670 PEDERNEIRAS;2025/Set;180.0;2025-09-01;3.9;703.0;11.0;6.11;173219.78
353700 PEDREGULHO;2025/Set;105.0;2025-09-01;2.1;225.0;4.0;3.81;43020.52
353710 PEDREIRA;2025/Set;102.0;2025-09-01;4.2;425.0;7.0;6.86;72133.29
353730 PENAPOLIS;2025/Set;518.0;2025-09-01;6.7;3483.0;33.0;6.37;576846.24
353740 PEREIRA BARRETO;2025/Set;76.0;2025-09-01;2.8;212.0;5.0;6.58;29210.62
353780 PIEDADE;2025/Set;262.0;2025-09-01;3.4;903.0;16.0;6.11;123337.83
353790 PILAR DO SUL;2025/Set;85.0;2025-09-01;2.4;208.0;4.0;4.71;42174.92
353800 PINDAMONHANGABA;2025/Set;634.0;2025-09-01;4.3;2717.0;24.0;3.79;677455.62
353860 PIRACAIA;2025/Set;43.0;2025-09-01;4.0;173.0;1.0;2.33;13553.41
353870 PIRACICABA;2025/Set;3164.0;2025-09-01;3.2;10027.0;117.0;3.7;7059308.3
353880 PIRAJU;2025/Set;170.0;2025-09-01;2.9;494.0;7.0;4.12;84510.75
353890 PIRAJUI;2025/Set;101.0;2025-09-01;4.4;446.0;4.0;3.96;81222.16
353900 PIRANGI;2025/Set;121.0;2025-09-01;2.2;270.0;2.0;1.65;97653.02
353930 PIRASSUNUNGA;2025/Set;215.0;2025-09-01;4.1;884.0;18.0;8.37;277364.2
353940 PIRATININGA;2025/Set;20.0;2025-09-01;5.2;104.0;0.0;0.0;4843.55
353950 PITANGUEIRAS;2025/Set;121.0;2025-09-01;2.1;257.0;5.0;4.13;108014.1
354000 POMPEIA;2025/Set;74.0;2025-09-01;2.9;212.0;5.0;6.76;32370.67
354020 PONTAL;2025/Set;92.0;2025-09-01;1.5;138.0;5.0;5.43;40936.22
354040 POPULINA;2025/Set;11.0;2025-09-01;3.5;39.0;0.0;0.0;3824.13
354060 PORTO FELIZ;2025/Set;373.0;2025-09-01;2.3;849.0;13.0;3.49;309923.83
354070 PORTO FERREIRA;2025/Set;218.0;2025-09-01;3.3;727.0;13.0;5.96;227788.91
354080 POTIRENDABA;2025/Set;64.0;2025-09-01;2.3;147.0;0.0;0.0;28403.36
354100 PRAIA GRANDE;2025/Set;992.0;2025-09-01;5.6;5562.0;52.0;5.24;1380460.15
354120 PRESIDENTE BERNARDES;2025/Set;104.0;2025-09-01;2.9;305.0;0.0;0.0;38244.68
354130 PRESIDENTE EPITACIO;2025/Set;231.0;2025-09-01;3.5;813.0;12.0;5.19;124624.22
354140 PRESIDENTE PRUDENTE;2025/Set;3698.0;2025-09-01;5.2;19348.0;150.0;4.06;7997293.14
354150 PRESIDENTE VENCESLAU;2025/Set;174.0;2025-09-01;3.6;624.0;12.0;6.9;199275.06
354160 PROMISSAO;2025/Set;325.0;2025-09-01;3.8;1225.0;11.0;3.38;373697.76
354190 QUELUZ;2025/Set;18.0;2025-09-01;3.9;71.0;1.0;5.56;7486.63
354220 RANCHARIA;2025/Set;376.0;2025-09-01;2.4;885.0;10.0;2.66;377124.31
354240 REGENTE FEIJO;2025/Set;92.0;2025-09-01;3.1;282.0;2.0;2.17;29948.28
354260 REGISTRO;2025/Set;769.0;2025-09-01;3.8;2949.0;29.0;3.77;937964.83
354290 RIBEIRAO BONITO;2025/Set;41.0;2025-09-01;1.2;49.0;2.0;4.88;35415.75
354300 RIBEIRAO BRANCO;2025/Set;19.0;2025-09-01;3.2;60.0;1.0;5.26;6090.32
354330 RIBEIRAO PIRES;2025/Set;175.0;2025-09-01;5.5;958.0;11.0;6.29;114618.15
354340 RIBEIRAO PRETO;2025/Set;8081.0;2025-09-01;4.3;34389.0;283.0;3.5;19101690.82
354380 RINOPOLIS;2025/Set;28.0;2025-09-01;4.9;137.0;6.0;21.43;12345.14
354390 RIO CLARO;2025/Set;1011.0;2025-09-01;6.0;6069.0;47.0;4.65;1779813.24
354400 RIO DAS PEDRAS;2025/Set;83.0;2025-09-01;1.7;143.0;4.0;4.82;18249.26
354420 RIOLANDIA;2025/Set;14.0;2025-09-01;2.1;30.0;1.0;7.14;4526.1
354425 ROSANA;2025/Set;308.0;2025-09-01;3.2;978.0;13.0;4.22;146357.32
354490 SALES OLIVEIRA;2025/Set;25.0;2025-09-01;2.0;51.0;0.0;0.0;11144.94
354500 SALESOPOLIS;2025/Set;36.0;2025-09-01;2.9;106.0;2.0;5.56;13471.58
354520 SALTO;2025/Set;623.0;2025-09-01;2.7;1693.0;27.0;4.33;551839.24
354530 SALTO DE PIRAPORA;2025/Set;280.0;2025-09-01;1.6;454.0;5.0;1.79;344405.78
354540 SALTO GRANDE;2025/Set;69.0;2025-09-01;1.9;131.0;2.0;2.9;20161.09
354560 SANTA ADELIA;2025/Set;110.0;2025-09-01;3.2;351.0;3.0;2.73;137090.97
354580 SANTA BARBARA D'OESTE;2025/Set;748.0;2025-09-01;2.5;1836.0;20.0;2.67;913425.36
354630 SANTA CRUZ DAS PALMEIRAS;2025/Set;105.0;2025-09-01;2.4;256.0;4.0;3.81;50309.89
354640 SANTA CRUZ DO RIO PARDO;2025/Set;357.0;2025-09-01;3.3;1168.0;18.0;5.04;460230.13
354660 SANTA FE DO SUL;2025/Set;303.0;2025-09-01;3.9;1191.0;16.0;5.28;383651.8
354680 SANTA ISABEL;2025/Set;180.0;2025-09-01;5.4;975.0;15.0;8.33;221906.7
354730 SANTANA DE PARNAIBA;2025/Set;276.0;2025-09-01;4.4;1219.0;11.0;3.99;98694.68
354750 SANTA RITA DO PASSA QUATRO;2025/Set;129.0;2025-09-01;15.1;1950.0;6.0;4.65;116875.89
354760 SANTA ROSA DE VITERBO;2025/Set;74.0;2025-09-01;4.6;340.0;1.0;1.35;21102.39
354770 SANTO ANASTACIO;2025/Set;179.0;2025-09-01;3.1;560.0;2.0;1.12;136646.56
354780 SANTO ANDRE;2025/Set;3905.0;2025-09-01;4.5;17655.0;245.0;6.27;7140156.46
354790 SANTO ANTONIO DA ALEGRIA;2025/Set;15.0;2025-09-01;2.3;35.0;0.0;0.0;6481.32
354850 SANTOS;2025/Set;2925.0;2025-09-01;5.5;16079.0;133.0;4.55;6220505.24
354860 SAO BENTO DO SAPUCAI;2025/Set;43.0;2025-09-01;3.4;147.0;2.0;4.65;17769.96
354870 SAO BERNARDO DO CAMPO;2025/Set;3403.0;2025-09-01;5.8;19784.0;175.0;5.14;9113500.23
354880 SAO CAETANO DO SUL;2025/Set;1197.0;2025-09-01;4.3;5145.0;88.0;7.35;1754348.86
354890 SAO CARLOS;2025/Set;1813.0;2025-09-01;3.6;6596.0;72.0;3.97;3398263.06
354910 SAO JOAO DA BOA VISTA;2025/Set;553.0;2025-09-01;4.4;2407.0;50.0;9.04;1021451.88
354940 SAO JOAQUIM DA BARRA;2025/Set;344.0;2025-09-01;3.1;1064.0;17.0;4.94;479324.05
354970 SAO JOSE DO RIO PARDO;2025/Set;367.0;2025-09-01;3.2;1165.0;19.0;5.18;643711.81
354980 SAO JOSE DO RIO PRETO;2025/Set;8346.0;2025-09-01;4.2;35324.0;276.0;3.31;26552339.79
354990 SAO JOSE DOS CAMPOS;2025/Set;5065.0;2025-09-01;4.5;22575.0;240.0;4.74;11219866.4
355000 SAO LUIS DO PARAITINGA;2025/Set;18.0;2025-09-01;12.3;222.0;0.0;0.0;6020.12
355010 SAO MANUEL;2025/Set;170.0;2025-09-01;3.1;526.0;14.0;8.24;176980.87
355020 SAO MIGUEL ARCANJO;2025/Set;109.0;2025-09-01;11.0;1195.0;7.0;6.42;72881.46
355030 SAO PAULO;2025/Set;64347.0;2025-09-01;5.2;334141.0;2979.0;4.63;159829696.23
355040 SAO PEDRO;2025/Set;366.0;2025-09-01;1.6;582.0;6.0;1.64;528968.8
355060 SAO ROQUE;2025/Set;390.0;2025-09-01;3.4;1333.0;14.0;3.59;334259.11
355070 SAO SEBASTIAO;2025/Set;532.0;2025-09-01;3.6;1896.0;15.0;2.82;442656.42
355080 SAO SEBASTIAO DA GRAMA;2025/Set;44.0;2025-09-01;2.3;99.0;1.0;2.27;18065.19
355090 SAO SIMAO;2025/Set;23.0;2025-09-01;6.5;149.0;0.0;0.0;12992.6
355100 SAO VICENTE;2025/Set;829.0;2025-09-01;4.2;3448.0;52.0;6.27;1111418.43
355150 SERRANA;2025/Set;311.0;2025-09-01;4.7;1470.0;14.0;4.5;367306.06
355160 SERRA NEGRA;2025/Set;236.0;2025-09-01;2.3;538.0;8.0;3.39;204546.3
355170 SERTAOZINHO;2025/Set;577.0;2025-09-01;3.2;1856.0;27.0;4.68;1163655.68
355200 SILVEIRAS;2025/Set;0.0;2025-09-01;0.0;0.0;0.0;0.0;0.0
355210 SOCORRO;2025/Set;304.0;2025-09-01;2.5;758.0;14.0;4.61;310526.49
355220 SOROCABA;2025/Set;5262.0;2025-09-01;5.2;27104.0;311.0;5.91;12539756.97
355230 SUD MENNUCCI;2025/Set;15.0;2025-09-01;4.0;60.0;2.0;13.33;7397.4
355240 SUMARE;2025/Set;1136.0;2025-09-01;4.4;4944.0;49.0;4.31;2387370.98
355250 SUZANO;2025/Set;782.0;2025-09-01;6.5;5087.0;62.0;7.93;1003940.07
355260 TABAPUA;2025/Set;73.0;2025-09-01;3.7;273.0;0.0;0.0;62750.86
355270 TABATINGA;2025/Set;70.0;2025-09-01;4.2;297.0;3.0;4.29;37510.96
355280 TABOAO DA SERRA;2025/Set;1808.0;2025-09-01;4.3;7706.0;69.0;3.82;2918689.62
355300 TAGUAI;2025/Set;46.0;2025-09-01;2.6;121.0;1.0;2.17;21561.51
355330 TAMBAU;2025/Set;103.0;2025-09-01;2.4;248.0;2.0;1.94;44511.02
355340 TANABI;2025/Set;140.0;2025-09-01;6.9;964.0;2.0;1.43;82888.06
355360 TAPIRATIBA;2025/Set;32.0;2025-09-01;2.6;83.0;1.0;3.13;17902.37
355370 TAQUARITINGA;2025/Set;418.0;2025-09-01;2.6;1102.0;20.0;4.78;265112.28
355380 TAQUARITUBA;2025/Set;155.0;2025-09-01;3.1;487.0;7.0;4.52;52463.2
355400 TATUI;2025/Set;435.0;2025-09-01;4.2;1832.0;17.0;3.91;487897.56
355410 TAUBATE;2025/Set;1923.0;2025-09-01;4.4;8522.0;89.0;4.63;4993875.2
355430 TEODORO SAMPAIO;2025/Set;106.0;2025-09-01;3.7;396.0;5.0;4.72;34631.92
355440 TERRA ROXA;2025/Set;2.0;2025-09-01;3.5;7.0;0.0;0.0;1164.84
355450 TIETE;2025/Set;163.0;2025-09-01;2.7;439.0;5.0;3.07;71489.98
355470 TORRINHA;2025/Set;5.0;2025-09-01;2.4;12.0;0.0;0.0;1205.94
355500 TUPA;2025/Set;647.0;2025-09-01;4.4;2848.0;39.0;6.03;1061892.72
355510 TUPI PAULISTA;2025/Set;119.0;2025-09-01;4.2;495.0;6.0;5.04;66429.51
355540 UBATUBA;2025/Set;464.0;2025-09-01;2.6;1212.0;19.0;4.09;263458.92
355580 URANIA;2025/Set;28.0;2025-09-01;3.9;110.0;0.0;0.0;9344.08
355600 URUPES;2025/Set;88.0;2025-09-01;3.4;302.0;1.0;1.14;77868.91
355620 VALINHOS;2025/Set;384.0;2025-09-01;5.0;1915.0;35.0;9.11;641074.49
355630 VALPARAISO;2025/Set;73.0;2025-09-01;3.4;245.0;1.0;1.37;48435.07
355640 VARGEM GRANDE DO SUL;2025/Set;179.0;2025-09-01;4.0;720.0;16.0;8.94;96496.6
355650 VARZEA PAULISTA;2025/Set;52.0;2025-09-01;3.3;170.0;6.0;11.54;16169.39
355670 VINHEDO;2025/Set;510.0;2025-09-01;3.1;1574.0;21.0;4.12;547834.83
355680 VIRADOURO;2025/Set;29.0;2025-09-01;2.4;69.0;1.0;3.45;11482.15
355700 VOTORANTIM;2025/Set;300.0;2025-09-01;4.6;1376.0;14.0;4.67;304997.99
355710 VOTUPORANGA;2025/Set;1042.0;2025-09-01;3.1;3278.0;43.0;4.13;1841577.49
355720 CHAVANTES;2025/Set;109.0;2025-09-01;3.4;366.0;5.0;4.59;62074.46
350010 ADAMANTINA;2025/Out;484.0;2025-10-01;9.8;4743.0;26.0;5.37;784946.4
350030 AGUAI;2025/Out;25.0;2025-10-01;5.3;132.0;4.0;16.0;12068.18
350050 AGUAS DE LINDOIA;2025/Out;88.0;2025-10-01;3.7;329.0;5.0;5.68;37996.49
350070 AGUDOS;2025/Out;100.0;2025-10-01;1.8;183.0;0.0;0.0;41696.23
350100 ALTINOPOLIS;2025/Out;193.0;2025-10-01;1.6;308.0;1.0;0.52;59269.04
350110 ALTO ALEGRE;2025/Out;1.0;2025-10-01;2.0;2.0;0.0;0.0;582.42
350130 ALVARES MACHADO;2025/Out;53.0;2025-10-01;4.8;257.0;3.0;5.66;22909.29
350160 AMERICANA;2025/Out;797.0;2025-10-01;4.3;3441.0;57.0;7.15;1019162.33
350170 AMERICO BRASILIENSE;2025/Out;653.0;2025-10-01;9.2;6026.0;13.0;1.99;967430.44
350190 AMPARO;2025/Out;405.0;2025-10-01;12.2;4937.0;23.0;5.68;735387.14
350210 ANDRADINA;2025/Out;256.0;2025-10-01;4.5;1163.0;21.0;8.2;262941.92
350220 ANGATUBA;2025/Out;137.0;2025-10-01;3.5;478.0;6.0;4.38;60403.93
350250 APARECIDA;2025/Out;420.0;2025-10-01;3.3;1388.0;16.0;3.81;576413.85
350260 APARECIDA D'OESTE;2025/Out;4.0;2025-10-01;4.8;19.0;2.0;50.0;2431.21
350270 APIAI;2025/Out;300.0;2025-10-01;2.9;871.0;10.0;3.33;159692.92
350280 ARACATUBA;2025/Out;1230.0;2025-10-01;6.5;8018.0;114.0;9.27;4697072.14
350310 ARANDU;2025/Out;10.0;2025-10-01;5.1;51.0;0.0;0.0;4366.04
350320 ARARAQUARA;2025/Out;1909.0;2025-10-01;3.6;6823.0;96.0;5.03;4122534.92
350330 ARARAS;2025/Out;665.0;2025-10-01;4.0;2687.0;40.0;6.02;1381911.59
350340 AREALVA;2025/Out;18.0;2025-10-01;2.3;42.0;1.0;5.56;5220.25
350390 ARUJA;2025/Out;0.0;2025-10-01;0.0;0.0;0.0;0.0;0.0
350400 ASSIS;2025/Out;959.0;2025-10-01;4.4;4211.0;48.0;5.01;1569295.52
350410 ATIBAIA;2025/Out;351.0;2025-10-01;5.1;1804.0;31.0;8.83;403288.23
350420 AURIFLAMA;2025/Out;216.0;2025-10-01;1.7;366.0;3.0;1.39;178169.89
350450 AVARE;2025/Out;645.0;2025-10-01;4.6;2998.0;32.0;4.96;1153707.4
350520 BARIRI;2025/Out;208.0;2025-10-01;2.7;558.0;11.0;5.29;104035.04
350530 BARRA BONITA;2025/Out;181.0;2025-10-01;2.8;504.0;11.0;6.08;172398.86
350550 BARRETOS;2025/Out;2866.0;2025-10-01;4.7;13584.0;187.0;6.52;8672963.03
350570 BARUERI;2025/Out;3672.0;2025-10-01;3.9;14287.0;96.0;2.61;3098126.28
350580 BASTOS;2025/Out;83.0;2025-10-01;2.7;225.0;4.0;4.82;25963.89
350590 BATATAIS;2025/Out;307.0;2025-10-01;3.0;924.0;16.0;5.21;372931.2
350600 BAURU;2025/Out;3760.0;2025-10-01;5.4;20396.0;151.0;4.02;6745618.74
350610 BEBEDOURO;2025/Out;770.0;2025-10-01;2.8;2192.0;25.0;3.25;732630.13
350630 BERNARDINO DE CAMPOS;2025/Out;61.0;2025-10-01;2.5;152.0;6.0;9.84;23300.07
350635 BERTIOGA;2025/Out;324.0;2025-10-01;3.6;1168.0;13.0;4.01;150893.41
350640 BILAC;2025/Out;11.0;2025-10-01;3.9;43.0;0.0;0.0;4637.18
350650 BIRIGUI;2025/Out;406.0;2025-10-01;4.3;1766.0;33.0;8.13;461248.27
350670 BOA ESPERANCA DO SUL;2025/Out;6.0;2025-10-01;4.5;27.0;1.0;16.67;2487.11
350680 BOCAINA;2025/Out;18.0;2025-10-01;3.2;58.0;1.0;5.56;9311.55
350700 BOITUVA;2025/Out;192.0;2025-10-01;3.2;610.0;9.0;4.69;127804.09
350710 BOM JESUS DOS PERDOES;2025/Out;13.0;2025-10-01;7.4;96.0;1.0;7.69;5656.91
350740 BORBOREMA;2025/Out;76.0;2025-10-01;3.6;272.0;2.0;2.63;38939.65
350750 BOTUCATU;2025/Out;2672.0;2025-10-01;5.5;14680.0;100.0;3.74;7538000.25
350760 BRAGANCA PAULISTA;2025/Out;1631.0;2025-10-01;3.7;5958.0;92.0;5.64;3396088.84
350790 BROTAS;2025/Out;45.0;2025-10-01;6.5;293.0;4.0;8.89;26431.37
350810 BURITAMA;2025/Out;147.0;2025-10-01;2.6;379.0;9.0;6.12;80465.01
350840 CABREUVA;2025/Out;95.0;2025-10-01;2.9;277.0;6.0;6.32;33518.13
350850 CACAPAVA;2025/Out;277.0;2025-10-01;5.0;1391.0;26.0;9.39;245010.23
350870 CACONDE;2025/Out;161.0;2025-10-01;2.0;321.0;6.0;3.73;255932.57
350880 CAFELANDIA;2025/Out;59.0;2025-10-01;2.3;135.0;1.0;1.69;21978.81
350900 CAIEIRAS;2025/Out;392.0;2025-10-01;2.5;967.0;8.0;2.04;186275.79
350920 CAJAMAR;2025/Out;305.0;2025-10-01;3.9;1176.0;18.0;5.9;101395.27
350930 CAJOBI;2025/Out;40.0;2025-10-01;2.4;95.0;0.0;0.0;16327.16
350940 CAJURU;2025/Out;261.0;2025-10-01;3.4;896.0;7.0;2.68;150040.19
350950 CAMPINAS;2025/Out;7222.0;2025-10-01;5.6;40203.0;373.0;5.16;19992739.03
350960 CAMPO LIMPO PAULISTA;2025/Out;348.0;2025-10-01;3.3;1141.0;21.0;6.03;303343.13
350970 CAMPOS DO JORDAO;2025/Out;235.0;2025-10-01;22.6;5308.0;13.0;5.53;505484.86
351000 CANDIDO MOTA;2025/Out;198.0;2025-10-01;2.8;559.0;5.0;2.53;144030.7
351020 CAPAO BONITO;2025/Out;251.0;2025-10-01;2.9;719.0;17.0;6.77;229589.84
351040 CAPIVARI;2025/Out;254.0;2025-10-01;3.4;866.0;16.0;6.3;244866.99
351050 CARAGUATATUBA;2025/Out;2069.0;2025-10-01;3.3;6858.0;88.0;4.25;2700699.23
351060 CARAPICUIBA;2025/Out;1430.0;2025-10-01;3.6;5080.0;48.0;3.36;1710708.05
351070 CARDOSO;2025/Out;35.0;2025-10-01;3.4;119.0;1.0;2.86;13652.0
351080 CASA BRANCA;2025/Out;213.0;2025-10-01;10.4;2217.0;6.0;2.82;186430.09
351100 CASTILHO;2025/Out;113.0;2025-10-01;2.2;249.0;3.0;2.65;60931.18
351110 CATANDUVA;2025/Out;1605.0;2025-10-01;7.2;11513.0;87.0;5.42;3618758.44
351140 CERQUEIRA CESAR;2025/Out;138.0;2025-10-01;2.7;366.0;2.0;1.45;69220.25
351150 CERQUILHO;2025/Out;89.0;2025-10-01;3.7;331.0;7.0;7.87;44292.29
351160 CESARIO LANGE;2025/Out;53.0;2025-10-01;2.6;137.0;5.0;9.43;21851.79
351170 CHARQUEADA;2025/Out;17.0;2025-10-01;3.2;54.0;3.0;17.65;4666.47
351190 CLEMENTINA;2025/Out;22.0;2025-10-01;2.9;64.0;0.0;0.0;7539.41
351200 COLINA;2025/Out;103.0;2025-10-01;4.2;433.0;11.0;10.68;187897.92
351210 COLOMBIA;2025/Out;2.0;2025-10-01;3.0;6.0;0.0;0.0;301.78
351220 CONCHAL;2025/Out;326.0;2025-10-01;1.5;504.0;9.0;2.76;305366.83
351230 CONCHAS;2025/Out;17.0;2025-10-01;4.5;76.0;1.0;5.88;7646.97
351280 COSMOPOLIS;2025/Out;148.0;2025-10-01;3.8;559.0;10.0;6.76;170740.03
351300 COTIA;2025/Out;1068.0;2025-10-01;4.1;4357.0;48.0;4.49;1087173.3
351310 CRAVINHOS;2025/Out;32.0;2025-10-01;5.1;163.0;3.0;9.38;11475.35
351340 CRUZEIRO;2025/Out;470.0;2025-10-01;5.5;2588.0;30.0;6.38;626642.95
351350 CUBATAO;2025/Out;564.0;2025-10-01;6.5;3692.0;37.0;6.56;831635.14
351360 CUNHA;2025/Out;129.0;2025-10-01;2.6;332.0;6.0;4.65;76658.3
351370 DESCALVADO;2025/Out;140.0;2025-10-01;2.3;323.0;5.0;3.57;127547.03
351380 DIADEMA;2025/Out;1935.0;2025-10-01;5.2;10128.0;94.0;4.86;3060851.08
351390 DIVINOLANDIA;2025/Out;418.0;2025-10-01;0.9;392.0;2.0;0.48;582228.09
351410 DOIS CORREGOS;2025/Out;84.0;2025-10-01;4.3;360.0;1.0;1.19;35330.82
351440 DRACENA;2025/Out;249.0;2025-10-01;5.8;1444.0;24.0;9.64;565731.29
351450 DUARTINA;2025/Out;127.0;2025-10-01;1.7;217.0;2.0;1.57;34767.65
351500 EMBU DAS ARTES;2025/Out;263.0;2025-10-01;4.4;1167.0;15.0;5.7;125956.86
351510 EMBU-GUACU;2025/Out;99.0;2025-10-01;0.9;86.0;9.0;9.09;41992.85
351518 ESPIRITO SANTO DO PINHAL;2025/Out;394.0;2025-10-01;23.8;9384.0;7.0;1.78;824559.16
351520 ESTRELA D'OESTE;2025/Out;64.0;2025-10-01;3.3;213.0;3.0;4.69;32520.93
351540 FARTURA;2025/Out;136.0;2025-10-01;2.8;386.0;7.0;5.15;66119.98
351550 FERNANDOPOLIS;2025/Out;701.0;2025-10-01;3.2;2261.0;34.0;4.85;764829.43
351570 FERRAZ DE VASCONCELOS;2025/Out;777.0;2025-10-01;5.5;4254.0;44.0;5.66;729504.62
351600 FLORIDA PAULISTA;2025/Out;85.0;2025-10-01;2.3;198.0;1.0;1.18;25467.55
351620 FRANCA;2025/Out;2227.0;2025-10-01;4.9;11017.0;125.0;5.61;5671471.51
351630 FRANCISCO MORATO;2025/Out;1094.0;2025-10-01;4.3;4712.0;49.0;4.48;1101164.85
351640 FRANCO DA ROCHA;2025/Out;675.0;2025-10-01;7.4;4973.0;42.0;6.22;894881.83
351660 GALIA;2025/Out;14.0;2025-10-01;5.4;75.0;1.0;7.14;4841.74
351670 GARCA;2025/Out;233.0;2025-10-01;25.5;5945.0;9.0;3.86;514737.04
351690 GENERAL SALGADO;2025/Out;34.0;2025-10-01;3.9;134.0;1.0;2.94;19393.13
351700 GETULINA;2025/Out;28.0;2025-10-01;3.5;98.0;2.0;7.14;11268.44
351740 GUAIRA;2025/Out;310.0;2025-10-01;2.9;911.0;9.0;2.9;493289.06
351760 GUAPIARA;2025/Out;28.0;2025-10-01;4.5;127.0;5.0;17.86;12709.82
351770 GUARA;2025/Out;89.0;2025-10-01;2.4;218.0;6.0;6.74;45034.49
351780 GUARACAI;2025/Out;44.0;2025-10-01;2.7;119.0;1.0;2.27;24649.16
351820 GUARARAPES;2025/Out;145.0;2025-10-01;3.9;565.0;9.0;6.21;73461.5
351830 GUARAREMA;2025/Out;122.0;2025-10-01;3.0;362.0;3.0;2.46;42662.36
351840 GUARATINGUETA;2025/Out;513.0;2025-10-01;4.9;2530.0;26.0;5.07;975065.83
351860 GUARIBA;2025/Out;120.0;2025-10-01;2.8;335.0;6.0;5.0;66329.2
351870 GUARUJA;2025/Out;1125.0;2025-10-01;6.2;6924.0;61.0;5.42;2443597.11
351880 GUARULHOS;2025/Out;5044.0;2025-10-01;4.9;24881.0;306.0;6.07;7558699.96
351900 HERCULANDIA;2025/Out;53.0;2025-10-01;3.3;177.0;0.0;0.0;20658.17
351907 HORTOLANDIA;2025/Out;434.0;2025-10-01;4.5;1937.0;26.0;5.99;527892.33
351910 IACANGA;2025/Out;56.0;2025-10-01;2.0;113.0;2.0;3.57;14236.06
351930 IBATE;2025/Out;74.0;2025-10-01;2.5;182.0;1.0;1.35;37497.8
351940 IBIRA;2025/Out;36.0;2025-10-01;4.4;160.0;1.0;2.78;16937.95
351960 IBITINGA;2025/Out;380.0;2025-10-01;2.8;1061.0;17.0;4.47;566132.67
351970 IBIUNA;2025/Out;382.0;2025-10-01;2.5;958.0;9.0;2.36;192104.68
351990 IEPE;2025/Out;60.0;2025-10-01;3.3;198.0;0.0;0.0;19108.78
352010 IGARAPAVA;2025/Out;115.0;2025-10-01;5.5;637.0;3.0;2.61;59507.47
352040 ILHABELA;2025/Out;260.0;2025-10-01;2.7;714.0;4.0;1.54;177921.52
352044 ILHA SOLTEIRA;2025/Out;264.0;2025-10-01;3.3;873.0;17.0;6.44;322316.61
352050 INDAIATUBA;2025/Out;2015.0;2025-10-01;3.7;7548.0;54.0;2.68;2466858.77
352070 INDIAPORA;2025/Out;40.0;2025-10-01;2.7;108.0;1.0;2.5;16007.16
352090 IPAUSSU;2025/Out;63.0;2025-10-01;2.9;180.0;2.0;3.17;29191.06
352130 IPUA;2025/Out;86.0;2025-10-01;4.2;362.0;2.0;2.33;42999.92
352170 ITABERA;2025/Out;102.0;2025-10-01;2.3;230.0;6.0;5.88;53422.97
352180 ITAI;2025/Out;90.0;2025-10-01;2.8;254.0;2.0;2.22;33130.55
352190 ITAJOBI;2025/Out;46.0;2025-10-01;8.1;371.0;2.0;4.35;16028.99
352210 ITANHAEM;2025/Out;1007.0;2025-10-01;4.1;4097.0;47.0;4.67;1228093.12
352220 ITAPECERICA DA SERRA;2025/Out;1538.0;2025-10-01;3.4;5254.0;87.0;5.66;1707599.12
352230 ITAPETININGA;2025/Out;832.0;2025-10-01;6.0;5010.0;79.0;9.5;878490.31
352240 ITAPEVA;2025/Out;988.0;2025-10-01;4.2;4137.0;64.0;6.48;1734189.37
352250 ITAPEVI;2025/Out;1293.0;2025-10-01;4.2;5425.0;30.0;2.32;1391037.04
352260 ITAPIRA;2025/Out;512.0;2025-10-01;28.8;14762.0;21.0;4.1;1127166.74
352270 ITAPOLIS;2025/Out;286.0;2025-10-01;3.3;956.0;17.0;5.94;318322.88
352280 ITAPORANGA;2025/Out;92.0;2025-10-01;1.8;170.0;5.0;5.43;34628.25
352290 ITAPUI;2025/Out;0.0;2025-10-01;0.0;0.0;0.0;0.0;0.0
352310 ITAQUAQUECETUBA;2025/Out;1290.0;2025-10-01;6.6;8503.0;102.0;7.91;1647998.13
352320 ITARARE;2025/Out;343.0;2025-10-01;1.8;624.0;6.0;1.75;235522.81
352340 ITATIBA;2025/Out;572.0;2025-10-01;3.3;1902.0;20.0;3.5;847169.7
352350 ITATINGA;2025/Out;24.0;2025-10-01;4.2;101.0;2.0;8.33;11116.89
352360 ITIRAPINA;2025/Out;12.0;2025-10-01;4.3;52.0;2.0;16.67;5118.73
352390 ITU;2025/Out;683.0;2025-10-01;4.4;2986.0;32.0;4.69;1049366.41
352400 ITUPEVA;2025/Out;191.0;2025-10-01;3.4;642.0;10.0;5.24;73545.73
352410 ITUVERAVA;2025/Out;369.0;2025-10-01;3.5;1280.0;30.0;8.13;545081.34
352420 JABORANDI;2025/Out;7.0;2025-10-01;4.0;28.0;0.0;0.0;3073.3
352430 JABOTICABAL;2025/Out;182.0;2025-10-01;5.2;952.0;10.0;5.49;207817.54
352440 JACAREI;2025/Out;1294.0;2025-10-01;4.0;5217.0;68.0;5.26;2162162.18
352450 JACI;2025/Out;54.0;2025-10-01;5.5;296.0;1.0;1.85;33765.52
352470 JAGUARIUNA;2025/Out;331.0;2025-10-01;3.3;1097.0;11.0;3.32;473651.5
352480 JALES;2025/Out;726.0;2025-10-01;3.1;2248.0;49.0;6.75;1234176.64
352520 JARINU;2025/Out;45.0;2025-10-01;2.9;132.0;0.0;0.0;9844.79
352530 JAU;2025/Out;2404.0;2025-10-01;6.0;14479.0;134.0;5.57;6463514.1
352550 JOANOPOLIS;2025/Out;20.0;2025-10-01;3.8;75.0;3.0;15.0;6904.23
352570 JOSE BONIFACIO;2025/Out;231.0;2025-10-01;2.9;680.0;7.0;3.03;115503.0
352590 JUNDIAI;2025/Out;3898.0;2025-10-01;3.8;14804.0;128.0;3.28;5447829.48
352600 JUNQUEIROPOLIS;2025/Out;114.0;2025-10-01;6.4;725.0;4.0;3.51;48501.94
352640 LARANJAL PAULISTA;2025/Out;122.0;2025-10-01;3.2;386.0;5.0;4.1;62534.82
352670 LEME;2025/Out;473.0;2025-10-01;3.5;1647.0;24.0;5.07;483605.89
352680 LENCOIS PAULISTA;2025/Out;270.0;2025-10-01;3.1;827.0;7.0;2.59;299084.96
352690 LIMEIRA;2025/Out;1463.0;2025-10-01;4.0;5863.0;76.0;5.19;4278997.53
352710 LINS;2025/Out;706.0;2025-10-01;5.7;4021.0;34.0;4.82;751836.94
352720 LORENA;2025/Out;386.0;2025-10-01;5.6;2178.0;27.0;6.99;775988.48
352730 LOUVEIRA;2025/Out;208.0;2025-10-01;2.4;500.0;6.0;2.88;135475.98
352740 LUCELIA;2025/Out;28.0;2025-10-01;4.4;122.0;0.0;0.0;7877.1
352800 MACATUBA;2025/Out;65.0;2025-10-01;2.2;146.0;1.0;1.54;25709.45
352810 MACAUBAL;2025/Out;10.0;2025-10-01;2.0;20.0;2.0;20.0;4447.55
352850 MAIRIPORA;2025/Out;252.0;2025-10-01;2.5;631.0;10.0;3.97;78060.83
352880 MARACAI;2025/Out;70.0;2025-10-01;2.6;184.0;3.0;4.29;47037.66
352900 MARILIA;2025/Out;2765.0;2025-10-01;5.6;15584.0;142.0;5.14;7441672.79
352920 MARTINOPOLIS;2025/Out;242.0;2025-10-01;2.2;540.0;6.0;2.48;106522.37
352930 MATAO;2025/Out;554.0;2025-10-01;4.7;2583.0;32.0;5.78;2136695.73
352940 MAUA;2025/Out;1217.0;2025-10-01;5.3;6446.0;70.0;5.75;1355322.03
352970 MIGUELOPOLIS;2025/Out;103.0;2025-10-01;3.3;340.0;2.0;1.94;42959.2
353010 MIRANDOPOLIS;2025/Out;319.0;2025-10-01;4.5;1430.0;22.0;6.9;311640.91
353030 MIRASSOL;2025/Out;48.0;2025-10-01;2.1;101.0;0.0;0.0;26156.8
353050 MOCOCA;2025/Out;454.0;2025-10-01;2.9;1315.0;26.0;5.73;422572.44
353060 MOGI DAS CRUZES;2025/Out;3131.0;2025-10-01;5.0;15539.0;171.0;5.46;5611025.99
353070 MOGI GUACU;2025/Out;747.0;2025-10-01;4.9;3652.0;60.0;8.03;1337169.07
353080 MOGI MIRIM;2025/Out;429.0;2025-10-01;3.5;1502.0;38.0;8.86;797620.89
353110 MONGAGUA;2025/Out;85.0;2025-10-01;3.8;323.0;3.0;3.53;21323.67
353130 MONTE ALTO;2025/Out;200.0;2025-10-01;4.3;867.0;11.0;5.5;384233.62
353140 MONTE APRAZIVEL;2025/Out;314.0;2025-10-01;2.1;668.0;8.0;2.55;157277.56
353150 MONTE AZUL PAULISTA;2025/Out;146.0;2025-10-01;2.0;290.0;1.0;0.68;290468.57
353180 MONTE MOR;2025/Out;85.0;2025-10-01;4.2;355.0;7.0;8.24;40843.37
353190 MORRO AGUDO;2025/Out;148.0;2025-10-01;3.0;445.0;4.0;2.7;173279.17
353200 MORUNGABA;2025/Out;19.0;2025-10-01;3.4;64.0;1.0;5.26;7723.04
353240 NAZARE PAULISTA;2025/Out;39.0;2025-10-01;4.2;164.0;1.0;2.56;14175.58
353250 NEVES PAULISTA;2025/Out;6.0;2025-10-01;3.3;20.0;2.0;33.33;3394.97
353260 NHANDEARA;2025/Out;244.0;2025-10-01;2.2;544.0;5.0;2.05;189619.2
353290 NOVA EUROPA;2025/Out;27.0;2025-10-01;3.6;98.0;2.0;7.41;7691.94
353300 NOVA GRANADA;2025/Out;184.0;2025-10-01;3.0;553.0;2.0;1.09;69759.81
353340 NOVA ODESSA;2025/Out;121.0;2025-10-01;5.0;599.0;17.0;14.05;79618.07
353350 NOVO HORIZONTE;2025/Out;165.0;2025-10-01;2.7;440.0;12.0;7.27;234231.5
353390 OLIMPIA;2025/Out;279.0;2025-10-01;4.4;1235.0;17.0;6.09;316032.15
353430 ORLANDIA;2025/Out;241.0;2025-10-01;1.4;347.0;2.0;0.83;112027.79
353440 OSASCO;2025/Out;2283.0;2025-10-01;5.7;12959.0;171.0;7.49;3411183.56
353460 OSVALDO CRUZ;2025/Out;217.0;2025-10-01;3.0;643.0;15.0;6.91;106937.91
353470 OURINHOS;2025/Out;898.0;2025-10-01;4.1;3685.0;59.0;6.57;1806704.08
353475 OUROESTE;2025/Out;53.0;2025-10-01;3.2;172.0;0.0;0.0;24631.2
353520 PALMEIRA D'OESTE;2025/Out;74.0;2025-10-01;2.8;209.0;1.0;1.35;23112.35
353530 PALMITAL;2025/Out;154.0;2025-10-01;2.1;326.0;2.0;1.3;114399.86
353550 PARAGUACU PAULISTA;2025/Out;651.0;2025-10-01;2.0;1276.0;12.0;1.84;633658.48
353580 PARANAPANEMA;2025/Out;74.0;2025-10-01;3.7;271.0;3.0;4.05;29879.61
353600 PARAPUA;2025/Out;38.0;2025-10-01;5.3;200.0;1.0;2.63;14179.41
353620 PARIQUERA-ACU;2025/Out;770.0;2025-10-01;4.0;3066.0;39.0;5.06;989014.19
353630 PATROCINIO PAULISTA;2025/Out;96.0;2025-10-01;2.5;237.0;0.0;0.0;51041.78
353650 PAULINIA;2025/Out;814.0;2025-10-01;3.9;3169.0;36.0;4.42;787677.28
353660 PAULO DE FARIA;2025/Out;4.0;2025-10-01;3.8;15.0;0.0;0.0;1553.76
353670 PEDERNEIRAS;2025/Out;130.0;2025-10-01;5.0;648.0;8.0;6.15;110002.0
353700 PEDREGULHO;2025/Out;122.0;2025-10-01;2.4;297.0;3.0;2.46;53250.95
353710 PEDREIRA;2025/Out;91.0;2025-10-01;3.0;277.0;2.0;2.2;73742.64
353730 PENAPOLIS;2025/Out;560.0;2025-10-01;5.4;3033.0;27.0;4.82;602265.69
353740 PEREIRA BARRETO;2025/Out;75.0;2025-10-01;2.7;200.0;6.0;8.0;29438.06
353780 PIEDADE;2025/Out;236.0;2025-10-01;3.4;814.0;14.0;5.93;114644.06
353790 PILAR DO SUL;2025/Out;89.0;2025-10-01;2.3;203.0;2.0;2.25;36769.2
353800 PINDAMONHANGABA;2025/Out;643.0;2025-10-01;4.7;3036.0;24.0;3.73;818498.79
353860 PIRACAIA;2025/Out;35.0;2025-10-01;4.2;146.0;3.0;8.57;11434.01
353870 PIRACICABA;2025/Out;3192.0;2025-10-01;3.0;9609.0;113.0;3.54;6669095.54
353880 PIRAJU;2025/Out;165.0;2025-10-01;3.0;491.0;13.0;7.88;72354.79
353890 PIRAJUI;2025/Out;81.0;2025-10-01;3.7;296.0;3.0;3.7;58401.52
353900 PIRANGI;2025/Out;154.0;2025-10-01;1.2;181.0;0.0;0.0;203563.75
353930 PIRASSUNUNGA;2025/Out;243.0;2025-10-01;4.3;1049.0;16.0;6.58;273491.9
353940 PIRATININGA;2025/Out;22.0;2025-10-01;5.5;122.0;0.0;0.0;6881.41
353950 PITANGUEIRAS;2025/Out;113.0;2025-10-01;2.2;245.0;2.0;1.77;92807.0
354000 POMPEIA;2025/Out;70.0;2025-10-01;3.3;229.0;5.0;7.14;32100.94
354020 PONTAL;2025/Out;73.0;2025-10-01;1.9;140.0;0.0;0.0;35701.35
354040 POPULINA;2025/Out;10.0;2025-10-01;4.3;43.0;0.0;0.0;3249.9
354060 PORTO FELIZ;2025/Out;373.0;2025-10-01;2.4;910.0;12.0;3.22;304655.43
354070 PORTO FERREIRA;2025/Out;182.0;2025-10-01;3.5;629.0;14.0;7.69;180424.3
354080 POTIRENDABA;2025/Out;61.0;2025-10-01;2.5;151.0;1.0;1.64;20817.02
354100 PRAIA GRANDE;2025/Out;1028.0;2025-10-01;6.1;6230.0;63.0;6.13;1548962.01
354120 PRESIDENTE BERNARDES;2025/Out;95.0;2025-10-01;3.3;310.0;0.0;0.0;36915.41
354130 PRESIDENTE EPITACIO;2025/Out;219.0;2025-10-01;3.5;770.0;6.0;2.74;149465.82
354140 PRESIDENTE PRUDENTE;2025/Out;3857.0;2025-10-01;5.7;22121.0;152.0;3.94;8160138.09
354150 PRESIDENTE VENCESLAU;2025/Out;182.0;2025-10-01;4.1;738.0;10.0;5.49;225800.48
354160 PROMISSAO;2025/Out;332.0;2025-10-01;3.6;1195.0;18.0;5.42;340993.52
354190 QUELUZ;2025/Out;16.0;2025-10-01;4.6;74.0;1.0;6.25;5543.7
354220 RANCHARIA;2025/Out;368.0;2025-10-01;2.5;914.0;19.0;5.16;429635.75
354240 REGENTE FEIJO;2025/Out;94.0;2025-10-01;2.8;267.0;3.0;3.19;32418.67
354260 REGISTRO;2025/Out;798.0;2025-10-01;3.5;2814.0;29.0;3.63;908708.44
354290 RIBEIRAO BONITO;2025/Out;54.0;2025-10-01;1.9;103.0;6.0;11.11;52086.94
354300 RIBEIRAO BRANCO;2025/Out;21.0;2025-10-01;2.8;59.0;2.0;9.52;8531.99
354330 RIBEIRAO PIRES;2025/Out;152.0;2025-10-01;5.8;878.0;14.0;9.21;97600.96
354340 RIBEIRAO PRETO;2025/Out;8311.0;2025-10-01;4.2;35068.0;330.0;3.97;19699111.15
354380 RINOPOLIS;2025/Out;19.0;2025-10-01;6.1;116.0;2.0;10.53;9060.62
354390 RIO CLARO;2025/Out;1065.0;2025-10-01;6.6;7024.0;56.0;5.26;1779140.27
354400 RIO DAS PEDRAS;2025/Out;86.0;2025-10-01;1.0;90.0;2.0;2.33;19672.15
354420 RIOLANDIA;2025/Out;18.0;2025-10-01;5.9;106.0;1.0;5.56;5999.09
354425 ROSANA;2025/Out;246.0;2025-10-01;12.7;3115.0;7.0;2.85;172917.89
354490 SALES OLIVEIRA;2025/Out;16.0;2025-10-01;1.6;26.0;1.0;6.25;6407.07
354500 SALESOPOLIS;2025/Out;39.0;2025-10-01;3.7;143.0;4.0;10.26;14513.36
354520 SALTO;2025/Out;585.0;2025-10-01;2.7;1601.0;22.0;3.76;452988.66
354530 SALTO DE PIRAPORA;2025/Out;262.0;2025-10-01;1.9;501.0;7.0;2.67;308103.98
354540 SALTO GRANDE;2025/Out;63.0;2025-10-01;2.7;169.0;2.0;3.17;20425.69
354560 SANTA ADELIA;2025/Out;94.0;2025-10-01;2.6;245.0;3.0;3.19;124925.51
354580 SANTA BARBARA D'OESTE;2025/Out;839.0;2025-10-01;2.2;1834.0;28.0;3.34;961833.48
354630 SANTA CRUZ DAS PALMEIRAS;2025/Out;113.0;2025-10-01;2.2;251.0;4.0;3.54;56761.87
354640 SANTA CRUZ DO RIO PARDO;2025/Out;364.0;2025-10-01;3.6;1307.0;21.0;5.77;484492.16
354660 SANTA FE DO SUL;2025/Out;276.0;2025-10-01;4.3;1199.0;7.0;2.54;303203.7
354680 SANTA ISABEL;2025/Out;161.0;2025-10-01;5.2;837.0;11.0;6.83;188599.06
354730 SANTANA DE PARNAIBA;2025/Out;290.0;2025-10-01;3.9;1142.0;9.0;3.1;105503.7
354750 SANTA RITA DO PASSA QUATRO;2025/Out;150.0;2025-10-01;8.4;1262.0;7.0;4.67;104410.16
354760 SANTA ROSA DE VITERBO;2025/Out;84.0;2025-10-01;4.6;389.0;3.0;3.57;24207.24
354770 SANTO ANASTACIO;2025/Out;178.0;2025-10-01;2.9;524.0;4.0;2.25;60376.71
354780 SANTO ANDRE;2025/Out;3847.0;2025-10-01;4.8;18443.0;252.0;6.55;7572468.84
354790 SANTO ANTONIO DA ALEGRIA;2025/Out;18.0;2025-10-01;3.1;56.0;0.0;0.0;6166.93
354850 SANTOS;2025/Out;3050.0;2025-10-01;5.6;17031.0;157.0;5.15;6461003.91
354860 SAO BENTO DO SAPUCAI;2025/Out;42.0;2025-10-01;3.9;165.0;2.0;4.76;17170.65
354870 SAO BERNARDO DO CAMPO;2025/Out;3533.0;2025-10-01;6.2;21779.0;187.0;5.29;9302806.76
354880 SAO CAETANO DO SUL;2025/Out;1354.0;2025-10-01;3.9;5304.0;71.0;5.24;1973614.89
354890 SAO CARLOS;2025/Out;1844.0;2025-10-01;3.5;6545.0;84.0;4.56;3373223.32
354910 SAO JOAO DA BOA VISTA;2025/Out;557.0;2025-10-01;3.5;1953.0;29.0;5.21;1128192.01
354940 SAO JOAQUIM DA BARRA;2025/Out;331.0;2025-10-01;3.4;1114.0;19.0;5.74;465134.57
354970 SAO JOSE DO RIO PARDO;2025/Out;398.0;2025-10-01;3.0;1204.0;27.0;6.78;485299.37
354980 SAO JOSE DO RIO PRETO;2025/Out;8497.0;2025-10-01;4.5;38501.0;331.0;3.9;26966197.74
354990 SAO JOSE DOS CAMPOS;2025/Out;5098.0;2025-10-01;4.5;22691.0;249.0;4.88;11127999.13
355000 SAO LUIS DO PARAITINGA;2025/Out;23.0;2025-10-01;3.3;76.0;1.0;4.35;6176.97
355010 SAO MANUEL;2025/Out;130.0;2025-10-01;3.3;423.0;11.0;8.46;167545.36
355020 SAO MIGUEL ARCANJO;2025/Out;106.0;2025-10-01;9.1;960.0;9.0;8.49;76642.5
355030 SAO PAULO;2025/Out;65715.0;2025-10-01;5.3;346625.0;3020.0;4.6;158762314.66
355040 SAO PEDRO;2025/Out;399.0;2025-10-01;1.5;582.0;5.0;1.25;538029.22
355060 SAO ROQUE;2025/Out;396.0;2025-10-01;3.8;1515.0;21.0;5.3;384035.21
355070 SAO SEBASTIAO;2025/Out;567.0;2025-10-01;3.5;1958.0;20.0;3.53;522741.98
355080 SAO SEBASTIAO DA GRAMA;2025/Out;53.0;2025-10-01;2.8;150.0;1.0;1.89;25078.18
355090 SAO SIMAO;2025/Out;26.0;2025-10-01;5.8;150.0;4.0;15.38;13135.47
355100 SAO VICENTE;2025/Out;717.0;2025-10-01;4.6;3266.0;36.0;5.02;865833.46
355150 SERRANA;2025/Out;324.0;2025-10-01;4.6;1476.0;14.0;4.32;365470.97
355160 SERRA NEGRA;2025/Out;240.0;2025-10-01;2.7;658.0;12.0;5.0;209792.98
355170 SERTAOZINHO;2025/Out;560.0;2025-10-01;3.3;1854.0;29.0;5.18;1070566.88
355200 SILVEIRAS;2025/Out;2.0;2025-10-01;7.5;15.0;0.0;0.0;626.64
355210 SOCORRO;2025/Out;327.0;2025-10-01;2.8;920.0;16.0;4.89;374148.66
355220 SOROCABA;2025/Out;5379.0;2025-10-01;5.0;26707.0;331.0;6.15;11281526.78
355230 SUD MENNUCCI;2025/Out;17.0;2025-10-01;4.5;76.0;1.0;5.88;8272.58
355240 SUMARE;2025/Out;1102.0;2025-10-01;4.5;4970.0;52.0;4.72;2079785.87
355250 SUZANO;2025/Out;806.0;2025-10-01;6.2;4958.0;68.0;8.44;995095.44
355260 TABAPUA;2025/Out;77.0;2025-10-01;4.0;309.0;6.0;7.79;75482.43
355270 TABATINGA;2025/Out;72.0;2025-10-01;3.0;216.0;4.0;5.56;37106.23
355280 TABOAO DA SERRA;2025/Out;1671.0;2025-10-01;4.7;7825.0;93.0;5.57;2902494.34
355300 TAGUAI;2025/Out;51.0;2025-10-01;2.7;136.0;2.0;3.92;21238.33
355330 TAMBAU;2025/Out;103.0;2025-10-01;2.9;302.0;3.0;2.91;42018.75
355340 TANABI;2025/Out;153.0;2025-10-01;6.9;1052.0;0.0;0.0;92704.29
355360 TAPIRATIBA;2025/Out;26.0;2025-10-01;3.9;102.0;0.0;0.0;14291.4
355370 TAQUARITINGA;2025/Out;343.0;2025-10-01;3.7;1268.0;15.0;4.37;219222.41
355380 TAQUARITUBA;2025/Out;191.0;2025-10-01;2.7;514.0;5.0;2.62;61307.42
355400 TATUI;2025/Out;391.0;2025-10-01;3.8;1489.0;28.0;7.16;464975.4
355410 TAUBATE;2025/Out;2064.0;2025-10-01;4.5;9187.0;97.0;4.7;5049363.37
355430 TEODORO SAMPAIO;2025/Out;91.0;2025-10-01;4.0;363.0;2.0;2.2;29557.25
355440 TERRA ROXA;2025/Out;4.0;2025-10-01;5.0;20.0;0.0;0.0;1344.68
355450 TIETE;2025/Out;179.0;2025-10-01;2.7;487.0;6.0;3.35;74010.49
355470 TORRINHA;2025/Out;6.0;2025-10-01;2.3;14.0;1.0;16.67;1054.61
355500 TUPA;2025/Out;707.0;2025-10-01;4.0;2834.0;28.0;3.96;1141301.13
355510 TUPI PAULISTA;2025/Out;110.0;2025-10-01;4.2;464.0;6.0;5.45;66575.97
355540 UBATUBA;2025/Out;458.0;2025-10-01;2.8;1304.0;14.0;3.06;244405.15
355580 URANIA;2025/Out;25.0;2025-10-01;3.4;85.0;0.0;0.0;6540.56
355600 URUPES;2025/Out;82.0;2025-10-01;2.6;212.0;1.0;1.22;68365.0
355620 VALINHOS;2025/Out;435.0;2025-10-01;4.9;2143.0;31.0;7.13;647541.72
355630 VALPARAISO;2025/Out;68.0;2025-10-01;2.8;193.0;2.0;2.94;41994.53
355640 VARGEM GRANDE DO SUL;2025/Out;182.0;2025-10-01;4.1;745.0;16.0;8.79;106843.01
355650 VARZEA PAULISTA;2025/Out;56.0;2025-10-01;3.8;211.0;1.0;1.79;19380.0
355670 VINHEDO;2025/Out;495.0;2025-10-01;3.3;1613.0;23.0;4.65;536467.92
355680 VIRADOURO;2025/Out;30.0;2025-10-01;2.5;76.0;1.0;3.33;13288.95
355700 VOTORANTIM;2025/Out;473.0;2025-10-01;2.4;1148.0;10.0;2.11;405956.68
355710 VOTUPORANGA;2025/Out;1030.0;2025-10-01;3.4;3535.0;45.0;4.37;1889428.58
355720 CHAVANTES;2025/Out;88.0;2025-10-01;3.5;307.0;2.0;2.27;49202.54
350010 ADAMANTINA;2025/Nov;419.0;2025-11-01;9.3;3911.0;27.0;6.44;666469.43
350030 AGUAI;2025/Nov;31.0;2025-11-01;6.5;200.0;3.0;9.68;17563.42
350050 AGUAS DE LINDOIA;2025/Nov;93.0;2025-11-01;3.8;349.0;11.0;11.83;37799.93
350070 AGUDOS;2025/Nov;83.0;2025-11-01;1.9;159.0;0.0;0.0;44152.52
350100 ALTINOPOLIS;2025/Nov;146.0;2025-11-01;1.9;271.0;5.0;3.42;47399.68
350110 ALTO ALEGRE;2025/Nov;1.0;2025-11-01;1.0;1.0;0.0;0.0;175.97
350130 ALVARES MACHADO;2025/Nov;59.0;2025-11-01;3.9;232.0;2.0;3.39;20652.88
350160 AMERICANA;2025/Nov;749.0;2025-11-01;4.4;3310.0;54.0;7.21;837940.46
350170 AMERICO BRASILIENSE;2025/Nov;559.0;2025-11-01;6.4;3575.0;16.0;2.86;681159.66
350190 AMPARO;2025/Nov;391.0;2025-11-01;13.9;5425.0;16.0;4.09;679930.0
350210 ANDRADINA;2025/Nov;272.0;2025-11-01;4.0;1100.0;16.0;5.88;268921.38
350220 ANGATUBA;2025/Nov;138.0;2025-11-01;3.0;409.0;7.0;5.07;54440.18
350250 APARECIDA;2025/Nov;585.0;2025-11-01;2.2;1292.0;22.0;3.76;816803.23
350260 APARECIDA D'OESTE;2025/Nov;7.0;2025-11-01;3.7;26.0;1.0;14.29;3153.72
350270 APIAI;2025/Nov;289.0;2025-11-01;2.6;761.0;8.0;2.77;150555.94
350280 ARACATUBA;2025/Nov;1048.0;2025-11-01;6.3;6613.0;105.0;10.02;3841066.96
350310 ARANDU;2025/Nov;9.0;2025-11-01;4.4;40.0;1.0;11.11;4002.91
350320 ARARAQUARA;2025/Nov;1771.0;2025-11-01;3.8;6656.0;79.0;4.46;3844632.45
350330 ARARAS;2025/Nov;665.0;2025-11-01;3.7;2438.0;38.0;5.71;1344370.75
350340 AREALVA;2025/Nov;16.0;2025-11-01;1.8;29.0;0.0;0.0;4884.83
350390 ARUJA;2025/Nov;0.0;2025-11-01;0.0;0.0;0.0;0.0;0.0
350400 ASSIS;2025/Nov;869.0;2025-11-01;4.7;4065.0;54.0;6.21;1520212.24
350410 ATIBAIA;2025/Nov;377.0;2025-11-01;4.3;1627.0;30.0;7.96;409601.8
350420 AURIFLAMA;2025/Nov;176.0;2025-11-01;1.6;276.0;3.0;1.7;200728.2
350450 AVARE;2025/Nov;617.0;2025-11-01;4.5;2769.0;26.0;4.21;1087154.64
350520 BARIRI;2025/Nov;138.0;2025-11-01;3.1;434.0;4.0;2.9;72539.38
350530 BARRA BONITA;2025/Nov;168.0;2025-11-01;2.8;477.0;14.0;8.33;128599.74
350550 BARRETOS;2025/Nov;2526.0;2025-11-01;4.7;11821.0;173.0;6.85;7746330.13
350570 BARUERI;2025/Nov;3149.0;2025-11-01;4.0;12460.0;128.0;4.06;2847434.82
350580 BASTOS;2025/Nov;89.0;2025-11-01;2.8;246.0;0.0;0.0;26460.9
350590 BATATAIS;2025/Nov;268.0;2025-11-01;4.5;1210.0;11.0;4.1;416578.07
350600 BAURU;2025/Nov;3629.0;2025-11-01;5.0;18316.0;147.0;4.05;6311640.22
350610 BEBEDOURO;2025/Nov;686.0;2025-11-01;2.6;1814.0;20.0;2.92;624630.4
350630 BERNARDINO DE CAMPOS;2025/Nov;52.0;2025-11-01;3.7;191.0;2.0;3.85;23684.72
350635 BERTIOGA;2025/Nov;289.0;2025-11-01;3.8;1095.0;13.0;4.5;144336.78
350640 BILAC;2025/Nov;0.0;2025-11-01;0.0;0.0;0.0;0.0;0.0
350650 BIRIGUI;2025/Nov;374.0;2025-11-01;4.7;1740.0;13.0;3.48;381673.21
350670 BOA ESPERANCA DO SUL;2025/Nov;19.0;2025-11-01;3.1;58.0;2.0;10.53;7361.46
350680 BOCAINA;2025/Nov;7.0;2025-11-01;1.7;12.0;0.0;0.0;2565.25
350700 BOITUVA;2025/Nov;153.0;2025-11-01;3.1;479.0;9.0;5.88;92952.4
350710 BOM JESUS DOS PERDOES;2025/Nov;16.0;2025-11-01;4.0;64.0;3.0;18.75;7348.98
350740 BORBOREMA;2025/Nov;58.0;2025-11-01;3.8;218.0;1.0;1.72;28115.35
350750 BOTUCATU;2025/Nov;2490.0;2025-11-01;5.7;14138.0;120.0;4.82;7328971.0
350760 BRAGANCA PAULISTA;2025/Nov;1617.0;2025-11-01;3.5;5649.0;86.0;5.32;3350877.0
350790 BROTAS;2025/Nov;43.0;2025-11-01;5.6;239.0;6.0;13.95;28856.05
350810 BURITAMA;2025/Nov;104.0;2025-11-01;2.5;261.0;5.0;4.81;56872.71
350840 CABREUVA;2025/Nov;91.0;2025-11-01;3.4;313.0;1.0;1.1;34483.56
350850 CACAPAVA;2025/Nov;238.0;2025-11-01;4.1;980.0;27.0;11.34;213831.67
350870 CACONDE;2025/Nov;168.0;2025-11-01;1.6;270.0;8.0;4.76;273377.8
350880 CAFELANDIA;2025/Nov;77.0;2025-11-01;2.3;177.0;5.0;6.49;29116.62
350900 CAIEIRAS;2025/Nov;362.0;2025-11-01;2.6;948.0;0.0;0.0;220402.6
350920 CAJAMAR;2025/Nov;274.0;2025-11-01;3.2;882.0;19.0;6.93;83292.2
350930 CAJOBI;2025/Nov;29.0;2025-11-01;1.8;53.0;1.0;3.45;10893.07
350940 CAJURU;2025/Nov;255.0;2025-11-01;2.9;739.0;6.0;2.35;137717.43
350950 CAMPINAS;2025/Nov;6878.0;2025-11-01;5.7;39297.0;368.0;5.35;18863813.64
350960 CAMPO LIMPO PAULISTA;2025/Nov;305.0;2025-11-01;3.1;938.0;8.0;2.62;221706.32
350970 CAMPOS DO JORDAO;2025/Nov;236.0;2025-11-01;13.9;3283.0;10.0;4.24;337672.46
351000 CANDIDO MOTA;2025/Nov;187.0;2025-11-01;2.8;517.0;7.0;3.74;154418.78
351020 CAPAO BONITO;2025/Nov;226.0;2025-11-01;4.1;931.0;23.0;10.18;269088.01
351040 CAPIVARI;2025/Nov;214.0;2025-11-01;4.1;869.0;15.0;7.01;226506.47
351050 CARAGUATATUBA;2025/Nov;1948.0;2025-11-01;3.2;6265.0;62.0;3.18;2321701.7
351060 CARAPICUIBA;2025/Nov;1359.0;2025-11-01;3.7;5069.0;42.0;3.09;1604896.07
351070 CARDOSO;2025/Nov;41.0;2025-11-01;2.8;116.0;0.0;0.0;14806.72
351080 CASA BRANCA;2025/Nov;196.0;2025-11-01;8.8;1734.0;8.0;4.08;162966.75
351100 CASTILHO;2025/Nov;82.0;2025-11-01;2.3;189.0;2.0;2.44;48039.72
351110 CATANDUVA;2025/Nov;1451.0;2025-11-01;7.0;10143.0;80.0;5.51;3249805.87
351140 CERQUEIRA CESAR;2025/Nov;105.0;2025-11-01;3.0;315.0;4.0;3.81;65587.23
351150 CERQUILHO;2025/Nov;88.0;2025-11-01;3.1;276.0;7.0;7.95;43435.44
351160 CESARIO LANGE;2025/Nov;52.0;2025-11-01;2.7;142.0;6.0;11.54;28213.38
351170 CHARQUEADA;2025/Nov;23.0;2025-11-01;2.9;66.0;2.0;8.7;5257.44
351190 CLEMENTINA;2025/Nov;18.0;2025-11-01;2.9;53.0;0.0;0.0;6860.53
351200 COLINA;2025/Nov;72.0;2025-11-01;5.6;405.0;6.0;8.33;185254.68
351210 COLOMBIA;2025/Nov;6.0;2025-11-01;2.5;15.0;0.0;0.0;265.32
351220 CONCHAL;2025/Nov;320.0;2025-11-01;1.5;484.0;2.0;0.63;246112.9
351230 CONCHAS;2025/Nov;23.0;2025-11-01;5.4;124.0;0.0;0.0;9889.06
351280 COSMOPOLIS;2025/Nov;146.0;2025-11-01;3.5;505.0;18.0;12.33;151889.7
351300 COTIA;2025/Nov;1057.0;2025-11-01;4.3;4589.0;72.0;6.81;1140354.75
351310 CRAVINHOS;2025/Nov;15.0;2025-11-01;4.8;72.0;2.0;13.33;6285.14
351340 CRUZEIRO;2025/Nov;456.0;2025-11-01;5.4;2474.0;31.0;6.8;649480.99
351350 CUBATAO;2025/Nov;549.0;2025-11-01;6.4;3500.0;31.0;5.65;677407.88
351360 CUNHA;2025/Nov;112.0;2025-11-01;2.6;293.0;3.0;2.68;69285.97
351370 DESCALVADO;2025/Nov;156.0;2025-11-01;1.8;274.0;5.0;3.21;101135.52
351380 DIADEMA;2025/Nov;1812.0;2025-11-01;5.0;9063.0;70.0;3.86;2961996.09
351390 DIVINOLANDIA;2025/Nov;372.0;2025-11-01;1.1;393.0;3.0;0.81;518023.28
351410 DOIS CORREGOS;2025/Nov;97.0;2025-11-01;4.4;425.0;3.0;3.09;42988.53
351440 DRACENA;2025/Nov;265.0;2025-11-01;4.8;1265.0;34.0;12.83;462202.87
351450 DUARTINA;2025/Nov;109.0;2025-11-01;1.9;204.0;5.0;4.59;33826.04
351500 EMBU DAS ARTES;2025/Nov;249.0;2025-11-01;4.9;1225.0;16.0;6.43;117450.54
351510 EMBU-GUACU;2025/Nov;109.0;2025-11-01;0.5;54.0;9.0;8.26;48924.77
351518 ESPIRITO SANTO DO PINHAL;2025/Nov;391.0;2025-11-01;21.9;8550.0;19.0;4.86;870045.03
351520 ESTRELA D'OESTE;2025/Nov;55.0;2025-11-01;3.8;209.0;3.0;5.45;31713.96
351540 FARTURA;2025/Nov;113.0;2025-11-01;2.6;299.0;3.0;2.65;52451.24
351550 FERNANDOPOLIS;2025/Nov;585.0;2025-11-01;3.1;1788.0;30.0;5.13;728083.0
351570 FERRAZ DE VASCONCELOS;2025/Nov;636.0;2025-11-01;3.8;2393.0;34.0;5.35;453021.45
351600 FLORIDA PAULISTA;2025/Nov;88.0;2025-11-01;2.4;209.0;0.0;0.0;29243.69
351620 FRANCA;2025/Nov;1989.0;2025-11-01;5.6;11039.0;119.0;5.98;5076858.11
351630 FRANCISCO MORATO;2025/Nov;1172.0;2025-11-01;3.9;4546.0;49.0;4.18;1026618.93
351640 FRANCO DA ROCHA;2025/Nov;772.0;2025-11-01;7.2;5590.0;41.0;5.31;1123590.23
351660 GALIA;2025/Nov;15.0;2025-11-01;2.9;43.0;0.0;0.0;6854.83
351670 GARCA;2025/Nov;222.0;2025-11-01;20.1;4464.0;15.0;6.76;441729.61
351690 GENERAL SALGADO;2025/Nov;24.0;2025-11-01;4.4;106.0;1.0;4.17;13360.64
351700 GETULINA;2025/Nov;28.0;2025-11-01;5.4;151.0;2.0;7.14;11822.24
351740 GUAIRA;2025/Nov;265.0;2025-11-01;3.0;807.0;11.0;4.15;426163.12
351760 GUAPIARA;2025/Nov;17.0;2025-11-01;4.1;69.0;2.0;11.76;6560.5
351770 GUARA;2025/Nov;59.0;2025-11-01;3.4;202.0;2.0;3.39;29093.1
351780 GUARACAI;2025/Nov;42.0;2025-11-01;2.9;120.0;2.0;4.76;22598.52
351820 GUARARAPES;2025/Nov;124.0;2025-11-01;4.2;518.0;3.0;2.42;65152.7
351830 GUARAREMA;2025/Nov;103.0;2025-11-01;3.5;356.0;6.0;5.83;38220.72
351840 GUARATINGUETA;2025/Nov;612.0;2025-11-01;5.9;3631.0;27.0;4.41;1257152.15
351860 GUARIBA;2025/Nov;113.0;2025-11-01;2.8;314.0;4.0;3.54;65217.28
351870 GUARUJA;2025/Nov;1060.0;2025-11-01;6.3;6717.0;59.0;5.57;2153261.24
351880 GUARULHOS;2025/Nov;4657.0;2025-11-01;4.8;22506.0;306.0;6.57;6651643.68
351900 HERCULANDIA;2025/Nov;44.0;2025-11-01;3.6;157.0;2.0;4.55;14676.85
351907 HORTOLANDIA;2025/Nov;435.0;2025-11-01;4.1;1800.0;23.0;5.29;456292.81
351910 IACANGA;2025/Nov;49.0;2025-11-01;2.0;98.0;1.0;2.04;10838.72
351930 IBATE;2025/Nov;76.0;2025-11-01;3.3;253.0;3.0;3.95;52374.56
351940 IBIRA;2025/Nov;30.0;2025-11-01;5.1;154.0;0.0;0.0;15680.62
351960 IBITINGA;2025/Nov;351.0;2025-11-01;2.5;878.0;24.0;6.84;499919.81
351970 IBIUNA;2025/Nov;341.0;2025-11-01;3.4;1144.0;12.0;3.52;182753.86
351990 IEPE;2025/Nov;46.0;2025-11-01;3.8;174.0;0.0;0.0;17413.03
352010 IGARAPAVA;2025/Nov;89.0;2025-11-01;5.1;454.0;8.0;8.99;50729.57
352040 ILHABELA;2025/Nov;222.0;2025-11-01;3.1;698.0;6.0;2.7;198173.79
352044 ILHA SOLTEIRA;2025/Nov;216.0;2025-11-01;3.8;821.0;15.0;6.94;259591.9
352050 INDAIATUBA;2025/Nov;1840.0;2025-11-01;3.2;5799.0;57.0;3.1;2144689.24
352070 INDIAPORA;2025/Nov;28.0;2025-11-01;2.9;80.0;1.0;3.57;9830.65
352090 IPAUSSU;2025/Nov;54.0;2025-11-01;3.9;210.0;7.0;12.96;32645.94
352130 IPUA;2025/Nov;93.0;2025-11-01;2.3;218.0;2.0;2.15;48538.94
352170 ITABERA;2025/Nov;94.0;2025-11-01;2.3;215.0;3.0;3.19;50521.26
352180 ITAI;2025/Nov;71.0;2025-11-01;2.7;194.0;5.0;7.04;28214.36
352190 ITAJOBI;2025/Nov;47.0;2025-11-01;8.6;405.0;4.0;8.51;15102.08
352210 ITANHAEM;2025/Nov;972.0;2025-11-01;4.4;4275.0;49.0;5.04;1264189.83
352220 ITAPECERICA DA SERRA;2025/Nov;1339.0;2025-11-01;4.3;5756.0;88.0;6.57;1704715.67
352230 ITAPETININGA;2025/Nov;828.0;2025-11-01;5.8;4797.0;78.0;9.42;856577.97
352240 ITAPEVA;2025/Nov;846.0;2025-11-01;3.7;3125.0;56.0;6.62;1257525.52
352250 ITAPEVI;2025/Nov;1255.0;2025-11-01;3.8;4805.0;38.0;3.03;1167251.43
352260 ITAPIRA;2025/Nov;478.0;2025-11-01;26.7;12749.0;24.0;5.02;1146604.74
352270 ITAPOLIS;2025/Nov;283.0;2025-11-01;3.1;891.0;14.0;4.95;324351.5
352280 ITAPORANGA;2025/Nov;95.0;2025-11-01;2.2;206.0;2.0;2.11;40701.12
352290 ITAPUI;2025/Nov;0.0;2025-11-01;0.0;0.0;0.0;0.0;0.0
352310 ITAQUAQUECETUBA;2025/Nov;1119.0;2025-11-01;5.6;6244.0;77.0;6.88;1126616.92
352320 ITARARE;2025/Nov;327.0;2025-11-01;2.0;648.0;16.0;4.89;220719.7
352340 ITATIBA;2025/Nov;554.0;2025-11-01;3.6;1976.0;27.0;4.87;792358.64
352350 ITATINGA;2025/Nov;15.0;2025-11-01;4.8;72.0;0.0;0.0;7424.42
352360 ITIRAPINA;2025/Nov;7.0;2025-11-01;5.3;37.0;0.0;0.0;3845.6
352390 ITU;2025/Nov;679.0;2025-11-01;4.7;3175.0;41.0;6.04;1099817.86
352400 ITUPEVA;2025/Nov;183.0;2025-11-01;3.4;624.0;3.0;1.64;79127.23
352410 ITUVERAVA;2025/Nov;242.0;2025-11-01;3.6;877.0;17.0;7.02;397191.81
352420 JABORANDI;2025/Nov;2.0;2025-11-01;2.5;5.0;0.0;0.0;473.2
352430 JABOTICABAL;2025/Nov;170.0;2025-11-01;4.1;690.0;11.0;6.47;145474.45
352440 JACAREI;2025/Nov;1135.0;2025-11-01;4.3;4874.0;64.0;5.64;1768123.78
352450 JACI;2025/Nov;50.0;2025-11-01;19.0;949.0;1.0;2.0;81262.48
352470 JAGUARIUNA;2025/Nov;318.0;2025-11-01;3.5;1112.0;10.0;3.14;408058.88
352480 JALES;2025/Nov;672.0;2025-11-01;3.4;2274.0;43.0;6.4;1123862.8
352520 JARINU;2025/Nov;45.0;2025-11-01;3.2;144.0;0.0;0.0;10352.04
352530 JAU;2025/Nov;2173.0;2025-11-01;5.1;11164.0;127.0;5.84;5460021.38
352550 JOANOPOLIS;2025/Nov;24.0;2025-11-01;4.6;111.0;3.0;12.5;11945.33
352570 JOSE BONIFACIO;2025/Nov;175.0;2025-11-01;4.3;750.0;5.0;2.86;114711.62
352590 JUNDIAI;2025/Nov;3523.0;2025-11-01;3.9;13704.0;143.0;4.06;4968164.64
352600 JUNQUEIROPOLIS;2025/Nov;82.0;2025-11-01;6.8;557.0;7.0;8.54;41821.64
352640 LARANJAL PAULISTA;2025/Nov;137.0;2025-11-01;3.3;452.0;3.0;2.19;67650.47
352670 LEME;2025/Nov;456.0;2025-11-01;3.2;1468.0;32.0;7.02;388583.52
352680 LENCOIS PAULISTA;2025/Nov;267.0;2025-11-01;3.2;860.0;14.0;5.24;309522.61
352690 LIMEIRA;2025/Nov;1257.0;2025-11-01;4.6;5809.0;79.0;6.28;3633027.8
352710 LINS;2025/Nov;605.0;2025-11-01;6.1;3718.0;26.0;4.3;636728.46
352720 LORENA;2025/Nov;337.0;2025-11-01;5.0;1673.0;19.0;5.64;609994.31
352730 LOUVEIRA;2025/Nov;199.0;2025-11-01;2.2;440.0;8.0;4.02;100154.47
352740 LUCELIA;2025/Nov;58.0;2025-11-01;3.9;224.0;7.0;12.07;24562.41
352800 MACATUBA;2025/Nov;43.0;2025-11-01;2.0;85.0;0.0;0.0;17850.68
352810 MACAUBAL;2025/Nov;3.0;2025-11-01;2.7;8.0;0.0;0.0;1261.84
352850 MAIRIPORA;2025/Nov;239.0;2025-11-01;4.0;946.0;8.0;3.35;84024.33
352880 MARACAI;2025/Nov;70.0;2025-11-01;2.4;166.0;2.0;2.86;34038.43
352900 MARILIA;2025/Nov;2490.0;2025-11-01;5.5;13586.0;124.0;4.98;6765095.59
352920 MARTINOPOLIS;2025/Nov;289.0;2025-11-01;1.6;456.0;3.0;1.04;119913.03
352930 MATAO;2025/Nov;475.0;2025-11-01;4.5;2120.0;27.0;5.68;1414888.57
352940 MAUA;2025/Nov;1124.0;2025-11-01;5.5;6150.0;72.0;6.41;1312804.31
352970 MIGUELOPOLIS;2025/Nov;84.0;2025-11-01;2.5;206.0;2.0;2.38;39716.95
353010 MIRANDOPOLIS;2025/Nov;299.0;2025-11-01;4.9;1459.0;17.0;5.69;336068.59
353030 MIRASSOL;2025/Nov;0.0;2025-11-01;0.0;0.0;0.0;0.0;0.0
353050 MOCOCA;2025/Nov;419.0;2025-11-01;2.9;1202.0;23.0;5.49;405472.99
353060 MOGI DAS CRUZES;2025/Nov;2889.0;2025-11-01;4.8;13774.0;151.0;5.23;4855450.1
353070 MOGI GUACU;2025/Nov;739.0;2025-11-01;4.8;3573.0;60.0;8.12;1423428.6
353080 MOGI MIRIM;2025/Nov;435.0;2025-11-01;4.5;1969.0;28.0;6.44;993204.15
353110 MONGAGUA;2025/Nov;86.0;2025-11-01;3.8;323.0;4.0;4.65;21727.95
353130 MONTE ALTO;2025/Nov;186.0;2025-11-01;4.2;775.0;12.0;6.45;313494.1
353140 MONTE APRAZIVEL;2025/Nov;305.0;2025-11-01;2.1;646.0;3.0;0.98;157974.09
353150 MONTE AZUL PAULISTA;2025/Nov;118.0;2025-11-01;2.0;237.0;3.0;2.54;200746.72
353180 MONTE MOR;2025/Nov;97.0;2025-11-01;3.5;335.0;6.0;6.19;42790.37
353190 MORRO AGUDO;2025/Nov;131.0;2025-11-01;3.2;417.0;6.0;4.58;140276.66
353200 MORUNGABA;2025/Nov;25.0;2025-11-01;3.1;77.0;0.0;0.0;11468.6
353240 NAZARE PAULISTA;2025/Nov;32.0;2025-11-01;3.6;116.0;1.0;3.13;8969.87
353250 NEVES PAULISTA;2025/Nov;7.0;2025-11-01;2.4;17.0;0.0;0.0;2328.59
353260 NHANDEARA;2025/Nov;248.0;2025-11-01;2.1;517.0;1.0;0.4;209213.29
353290 NOVA EUROPA;2025/Nov;27.0;2025-11-01;4.3;117.0;2.0;7.41;12808.14
353300 NOVA GRANADA;2025/Nov;164.0;2025-11-01;2.6;430.0;1.0;0.61;62654.75
353340 NOVA ODESSA;2025/Nov;126.0;2025-11-01;4.6;574.0;10.0;7.94;68440.24
353350 NOVO HORIZONTE;2025/Nov;180.0;2025-11-01;3.2;569.0;5.0;2.78;266552.0
353390 OLIMPIA;2025/Nov;244.0;2025-11-01;4.7;1141.0;13.0;5.33;275402.97
353430 ORLANDIA;2025/Nov;215.0;2025-11-01;1.6;335.0;3.0;1.4;98614.54
353440 OSASCO;2025/Nov;2166.0;2025-11-01;5.6;12233.0;147.0;6.79;3183302.98
353460 OSVALDO CRUZ;2025/Nov;183.0;2025-11-01;3.0;554.0;15.0;8.2;104094.8
353470 OURINHOS;2025/Nov;898.0;2025-11-01;3.9;3521.0;51.0;5.68;1578148.47
353475 OUROESTE;2025/Nov;38.0;2025-11-01;3.5;133.0;3.0;7.89;25040.86
353520 PALMEIRA D'OESTE;2025/Nov;75.0;2025-11-01;2.8;208.0;0.0;0.0;23237.2
353530 PALMITAL;2025/Nov;183.0;2025-11-01;1.9;356.0;8.0;4.37;162243.23
353550 PARAGUACU PAULISTA;2025/Nov;333.0;2025-11-01;3.4;1142.0;17.0;5.11;571566.68
353580 PARANAPANEMA;2025/Nov;58.0;2025-11-01;3.4;199.0;4.0;6.9;21834.09
353600 PARAPUA;2025/Nov;22.0;2025-11-01;4.2;93.0;0.0;0.0;7990.27
353620 PARIQUERA-ACU;2025/Nov;772.0;2025-11-01;3.9;3022.0;61.0;7.9;915447.61
353630 PATROCINIO PAULISTA;2025/Nov;73.0;2025-11-01;2.3;168.0;2.0;2.74;35168.11
353650 PAULINIA;2025/Nov;768.0;2025-11-01;3.9;2990.0;31.0;4.04;704600.37
353660 PAULO DE FARIA;2025/Nov;13.0;2025-11-01;3.4;44.0;0.0;0.0;3770.36
353670 PEDERNEIRAS;2025/Nov;155.0;2025-11-01;4.7;735.0;15.0;9.68;193652.95
353700 PEDREGULHO;2025/Nov;111.0;2025-11-01;1.9;212.0;3.0;2.7;38862.38
353710 PEDREIRA;2025/Nov;97.0;2025-11-01;2.8;276.0;11.0;11.34;58921.91
353730 PENAPOLIS;2025/Nov;488.0;2025-11-01;5.2;2554.0;29.0;5.94;503730.9
353740 PEREIRA BARRETO;2025/Nov;96.0;2025-11-01;2.8;268.0;4.0;4.17;40978.82
353780 PIEDADE;2025/Nov;262.0;2025-11-01;2.8;724.0;19.0;7.25;117922.57
353790 PILAR DO SUL;2025/Nov;78.0;2025-11-01;2.3;182.0;1.0;1.28;39591.6
353800 PINDAMONHANGABA;2025/Nov;637.0;2025-11-01;4.8;3054.0;23.0;3.61;772983.77
353860 PIRACAIA;2025/Nov;36.0;2025-11-01;4.7;168.0;4.0;11.11;13283.09
353870 PIRACICABA;2025/Nov;3030.0;2025-11-01;3.1;9458.0;113.0;3.73;6317549.34
353880 PIRAJU;2025/Nov;163.0;2025-11-01;3.0;493.0;6.0;3.68;71677.1
353890 PIRAJUI;2025/Nov;95.0;2025-11-01;2.0;189.0;3.0;3.16;60303.81
353900 PIRANGI;2025/Nov;162.0;2025-11-01;1.4;224.0;5.0;3.09;194248.14
353930 PIRASSUNUNGA;2025/Nov;217.0;2025-11-01;4.2;910.0;21.0;9.68;283304.69
353940 PIRATININGA;2025/Nov;23.0;2025-11-01;8.1;187.0;0.0;0.0;10773.13
353950 PITANGUEIRAS;2025/Nov;98.0;2025-11-01;2.3;222.0;4.0;4.08;49699.56
354000 POMPEIA;2025/Nov;89.0;2025-11-01;2.0;182.0;1.0;1.12;41087.2
354020 PONTAL;2025/Nov;180.0;2025-11-01;0.7;122.0;2.0;1.11;117745.18
354040 POPULINA;2025/Nov;11.0;2025-11-01;3.9;43.0;1.0;9.09;3554.5
354060 PORTO FELIZ;2025/Nov;332.0;2025-11-01;2.7;899.0;13.0;3.92;268011.51
354070 PORTO FERREIRA;2025/Nov;177.0;2025-11-01;3.8;666.0;13.0;7.34;191672.47
354080 POTIRENDABA;2025/Nov;49.0;2025-11-01;2.6;127.0;0.0;0.0;17074.78
354100 PRAIA GRANDE;2025/Nov;909.0;2025-11-01;6.1;5584.0;58.0;6.38;1429258.33
354120 PRESIDENTE BERNARDES;2025/Nov;99.0;2025-11-01;2.3;224.0;1.0;1.01;34161.98
354130 PRESIDENTE EPITACIO;2025/Nov;232.0;2025-11-01;3.1;729.0;15.0;6.47;155499.38
354140 PRESIDENTE PRUDENTE;2025/Nov;3447.0;2025-11-01;5.8;20011.0;167.0;4.84;7253372.19
354150 PRESIDENTE VENCESLAU;2025/Nov;197.0;2025-11-01;3.6;714.0;11.0;5.58;251826.9
354160 PROMISSAO;2025/Nov;355.0;2025-11-01;3.4;1213.0;16.0;4.51;411664.95
354190 QUELUZ;2025/Nov;9.0;2025-11-01;4.8;43.0;0.0;0.0;3855.33
354220 RANCHARIA;2025/Nov;349.0;2025-11-01;2.3;804.0;14.0;4.01;361549.67
354240 REGENTE FEIJO;2025/Nov;62.0;2025-11-01;3.7;229.0;2.0;3.23;21499.23
354260 REGISTRO;2025/Nov;473.0;2025-11-01;4.4;2091.0;20.0;4.23;680403.7
354290 RIBEIRAO BONITO;2025/Nov;20.0;2025-11-01;1.4;28.0;0.0;0.0;23064.94
354300 RIBEIRAO BRANCO;2025/Nov;25.0;2025-11-01;3.3;83.0;2.0;8.0;7140.39
354330 RIBEIRAO PIRES;2025/Nov;184.0;2025-11-01;5.4;1002.0;10.0;5.43;113493.2
354340 RIBEIRAO PRETO;2025/Nov;7543.0;2025-11-01;4.1;30924.0;288.0;3.82;18091928.96
354380 RINOPOLIS;2025/Nov;21.0;2025-11-01;4.6;96.0;0.0;0.0;7305.43
354390 RIO CLARO;2025/Nov;976.0;2025-11-01;6.3;6194.0;63.0;6.45;1585631.54
354400 RIO DAS PEDRAS;2025/Nov;65.0;2025-11-01;2.0;133.0;2.0;3.08;14211.98
354420 RIOLANDIA;2025/Nov;19.0;2025-11-01;2.8;54.0;0.0;0.0;6619.72
354425 ROSANA;2025/Nov;268.0;2025-11-01;3.4;903.0;3.0;1.12;127558.28
354490 SALES OLIVEIRA;2025/Nov;11.0;2025-11-01;1.5;16.0;1.0;9.09;4038.91
354500 SALESOPOLIS;2025/Nov;39.0;2025-11-01;2.7;105.0;2.0;5.13;13011.71
354520 SALTO;2025/Nov;535.0;2025-11-01;2.8;1491.0;20.0;3.74;428397.93
354530 SALTO DE PIRAPORA;2025/Nov;244.0;2025-11-01;1.7;404.0;5.0;2.05;124033.52
354540 SALTO GRANDE;2025/Nov;61.0;2025-11-01;2.8;169.0;1.0;1.64;18563.69
354560 SANTA ADELIA;2025/Nov;81.0;2025-11-01;2.4;193.0;2.0;2.47;122469.54
354580 SANTA BARBARA D'OESTE;2025/Nov;707.0;2025-11-01;2.6;1829.0;28.0;3.96;856949.59
354630 SANTA CRUZ DAS PALMEIRAS;2025/Nov;78.0;2025-11-01;1.7;136.0;4.0;5.13;37327.68
354640 SANTA CRUZ DO RIO PARDO;2025/Nov;336.0;2025-11-01;3.6;1214.0;13.0;3.87;471668.59
354660 SANTA FE DO SUL;2025/Nov;277.0;2025-11-01;4.2;1162.0;9.0;3.25;317978.81
354680 SANTA ISABEL;2025/Nov;171.0;2025-11-01;5.4;922.0;14.0;8.19;224780.9
354730 SANTANA DE PARNAIBA;2025/Nov;233.0;2025-11-01;3.5;819.0;4.0;1.72;90051.7
354750 SANTA RITA DO PASSA QUATRO;2025/Nov;144.0;2025-11-01;14.8;2126.0;4.0;2.78;138231.57
354760 SANTA ROSA DE VITERBO;2025/Nov;88.0;2025-11-01;3.4;295.0;2.0;2.27;22554.8
354770 SANTO ANASTACIO;2025/Nov;167.0;2025-11-01;2.9;480.0;5.0;2.99;70482.79
354780 SANTO ANDRE;2025/Nov;3493.0;2025-11-01;4.9;17132.0;243.0;6.96;6640093.73
354790 SANTO ANTONIO DA ALEGRIA;2025/Nov;9.0;2025-11-01;4.7;42.0;0.0;0.0;2256.08
354850 SANTOS;2025/Nov;2815.0;2025-11-01;5.8;16333.0;149.0;5.29;5474149.2
354860 SAO BENTO DO SAPUCAI;2025/Nov;52.0;2025-11-01;3.9;205.0;2.0;3.85;21975.51
354870 SAO BERNARDO DO CAMPO;2025/Nov;3301.0;2025-11-01;6.1;20298.0;185.0;5.6;8771817.97
354880 SAO CAETANO DO SUL;2025/Nov;1140.0;2025-11-01;4.1;4691.0;80.0;7.02;1578739.16
354890 SAO CARLOS;2025/Nov;1668.0;2025-11-01;3.6;5958.0;84.0;5.04;2893685.34
354910 SAO JOAO DA BOA VISTA;2025/Nov;560.0;2025-11-01;4.2;2370.0;46.0;8.21;1209224.18
354940 SAO JOAQUIM DA BARRA;2025/Nov;302.0;2025-11-01;3.6;1073.0;24.0;7.95;467026.9
354970 SAO JOSE DO RIO PARDO;2025/Nov;333.0;2025-11-01;2.9;953.0;16.0;4.8;411819.81
354980 SAO JOSE DO RIO PRETO;2025/Nov;7817.0;2025-11-01;4.3;33786.0;306.0;3.91;24247898.54
354990 SAO JOSE DOS CAMPOS;2025/Nov;4701.0;2025-11-01;4.7;22305.0;215.0;4.57;10339618.01
355000 SAO LUIS DO PARAITINGA;2025/Nov;12.0;2025-11-01;6.7;80.0;2.0;16.67;3733.84
355010 SAO MANUEL;2025/Nov;150.0;2025-11-01;2.5;377.0;11.0;7.33;117693.25
355020 SAO MIGUEL ARCANJO;2025/Nov;104.0;2025-11-01;12.5;1296.0;12.0;11.54;170716.21
355030 SAO PAULO;2025/Nov;60329.0;2025-11-01;5.3;319177.0;2821.0;4.68;144247203.44
355040 SAO PEDRO;2025/Nov;370.0;2025-11-01;1.9;699.0;8.0;2.16;633532.68
355060 SAO ROQUE;2025/Nov;374.0;2025-11-01;3.9;1471.0;20.0;5.35;340179.49
355070 SAO SEBASTIAO;2025/Nov;493.0;2025-11-01;3.8;1875.0;17.0;3.45;475743.6
355080 SAO SEBASTIAO DA GRAMA;2025/Nov;48.0;2025-11-01;2.1;103.0;1.0;2.08;20161.44
355090 SAO SIMAO;2025/Nov;24.0;2025-11-01;7.6;182.0;5.0;20.83;15823.85
355100 SAO VICENTE;2025/Nov;728.0;2025-11-01;4.9;3593.0;44.0;6.04;987554.85
355150 SERRANA;2025/Nov;283.0;2025-11-01;4.8;1368.0;17.0;6.01;349663.02
355160 SERRA NEGRA;2025/Nov;197.0;2025-11-01;2.9;577.0;8.0;4.06;229462.53
355170 SERTAOZINHO;2025/Nov;528.0;2025-11-01;3.7;1978.0;14.0;2.65;1108461.88
355200 SILVEIRAS;2025/Nov;6.0;2025-11-01;8.5;51.0;0.0;0.0;1730.76
355210 SOCORRO;2025/Nov;273.0;2025-11-01;2.7;750.0;12.0;4.4;263051.81
355220 SOROCABA;2025/Nov;5108.0;2025-11-01;5.1;26124.0;344.0;6.73;10793327.36
355230 SUD MENNUCCI;2025/Nov;14.0;2025-11-01;4.4;61.0;0.0;0.0;5490.05
355240 SUMARE;2025/Nov;1024.0;2025-11-01;4.6;4755.0;41.0;4.0;2073582.29
355250 SUZANO;2025/Nov;745.0;2025-11-01;7.9;5903.0;58.0;7.79;933434.52
355260 TABAPUA;2025/Nov;56.0;2025-11-01;4.3;242.0;3.0;5.36;49389.6
355270 TABATINGA;2025/Nov;61.0;2025-11-01;3.4;205.0;2.0;3.28;47091.48
355280 TABOAO DA SERRA;2025/Nov;1452.0;2025-11-01;4.4;6408.0;74.0;5.1;2186085.97
355300 TAGUAI;2025/Nov;58.0;2025-11-01;2.7;157.0;0.0;0.0;25627.34
355330 TAMBAU;2025/Nov;74.0;2025-11-01;3.4;248.0;3.0;4.05;35987.62
355340 TANABI;2025/Nov;119.0;2025-11-01;6.8;805.0;2.0;1.68;69239.58
355360 TAPIRATIBA;2025/Nov;32.0;2025-11-01;2.6;82.0;4.0;12.5;15074.25
355370 TAQUARITINGA;2025/Nov;328.0;2025-11-01;3.3;1092.0;11.0;3.35;270345.21
355380 TAQUARITUBA;2025/Nov;161.0;2025-11-01;2.2;361.0;5.0;3.11;55803.35
355400 TATUI;2025/Nov;387.0;2025-11-01;3.8;1468.0;21.0;5.43;421849.57
355410 TAUBATE;2025/Nov;1831.0;2025-11-01;4.5;8199.0;100.0;5.46;4396871.77
355430 TEODORO SAMPAIO;2025/Nov;84.0;2025-11-01;3.6;299.0;11.0;13.1;27021.08
355440 TERRA ROXA;2025/Nov;4.0;2025-11-01;6.3;25.0;1.0;25.0;1708.42
355450 TIETE;2025/Nov;163.0;2025-11-01;3.0;495.0;9.0;5.52;70458.86
355470 TORRINHA;2025/Nov;10.0;2025-11-01;3.8;38.0;2.0;20.0;3908.2
355500 TUPA;2025/Nov;573.0;2025-11-01;5.5;3130.0;35.0;6.11;983471.98
355510 TUPI PAULISTA;2025/Nov;94.0;2025-11-01;3.9;367.0;6.0;6.38;59875.77
355540 UBATUBA;2025/Nov;408.0;2025-11-01;2.8;1139.0;14.0;3.43;224950.01
355580 URANIA;2025/Nov;31.0;2025-11-01;4.4;137.0;0.0;0.0;9932.37
355600 URUPES;2025/Nov;107.0;2025-11-01;2.5;263.0;1.0;0.93;90319.78
355620 VALINHOS;2025/Nov;387.0;2025-11-01;4.8;1847.0;25.0;6.46;516272.61
355630 VALPARAISO;2025/Nov;75.0;2025-11-01;2.7;200.0;5.0;6.67;42792.27
355640 VARGEM GRANDE DO SUL;2025/Nov;171.0;2025-11-01;3.4;578.0;12.0;7.02;75119.91
355650 VARZEA PAULISTA;2025/Nov;69.0;2025-11-01;3.2;218.0;4.0;5.8;21585.4
355670 VINHEDO;2025/Nov;441.0;2025-11-01;3.5;1552.0;17.0;3.85;449636.85
355680 VIRADOURO;2025/Nov;26.0;2025-11-01;3.8;98.0;3.0;11.54;9463.64
355700 VOTORANTIM;2025/Nov;356.0;2025-11-01;3.7;1321.0;17.0;4.78;312166.83
355710 VOTUPORANGA;2025/Nov;967.0;2025-11-01;3.7;3587.0;49.0;5.07;1875164.7
355720 CHAVANTES;2025/Nov;94.0;2025-11-01;2.9;277.0;1.0;1.06;52559.18
350010 ADAMANTINA;2025/Dez;424.0;2025-12-01;8.1;3450.0;29.0;6.84;611835.74
350030 AGUAI;2025/Dez;31.0;2025-12-01;5.9;182.0;3.0;9.68;18282.41
350050 AGUAS DE LINDOIA;2025/Dez;101.0;2025-12-01;3.8;382.0;10.0;9.9;39277.77
350070 AGUDOS;2025/Dez;74.0;2025-12-01;2.3;167.0;0.0;0.0;35983.43
350100 ALTINOPOLIS;2025/Dez;133.0;2025-12-01;1.9;253.0;3.0;2.26;35470.38
350110 ALTO ALEGRE;2025/Dez;0.0;2025-12-01;0.0;0.0;0.0;0.0;0.0
350130 ALVARES MACHADO;2025/Dez;63.0;2025-12-01;3.5;218.0;2.0;3.17;21761.53
350160 AMERICANA;2025/Dez;644.0;2025-12-01;5.3;3406.0;55.0;8.54;919927.91
350170 AMERICO BRASILIENSE;2025/Dez;347.0;2025-12-01;8.5;2937.0;13.0;3.75;410178.71
350190 AMPARO;2025/Dez;388.0;2025-12-01;14.0;5445.0;29.0;7.47;1073545.24
350210 ANDRADINA;2025/Dez;282.0;2025-12-01;4.1;1167.0;27.0;9.57;256998.55
350220 ANGATUBA;2025/Dez;128.0;2025-12-01;2.7;350.0;6.0;4.69;52769.91
350250 APARECIDA;2025/Dez;515.0;2025-12-01;2.2;1140.0;20.0;3.88;727362.22
350260 APARECIDA D'OESTE;2025/Dez;8.0;2025-12-01;3.8;30.0;1.0;12.5;4849.16
350270 APIAI;2025/Dez;311.0;2025-12-01;2.4;732.0;6.0;1.93;171655.22
350280 ARACATUBA;2025/Dez;1085.0;2025-12-01;6.7;7315.0;111.0;10.23;4051028.46
350310 ARANDU;2025/Dez;8.0;2025-12-01;5.9;47.0;1.0;12.5;3250.13
350320 ARARAQUARA;2025/Dez;1668.0;2025-12-01;3.8;6293.0;91.0;5.46;3737986.23
350330 ARARAS;2025/Dez;627.0;2025-12-01;4.2;2611.0;37.0;5.9;1190050.36
350340 AREALVA;2025/Dez;17.0;2025-12-01;3.2;55.0;0.0;0.0;3878.07
350390 ARUJA;2025/Dez;0.0;2025-12-01;0.0;0.0;0.0;0.0;0.0
350400 ASSIS;2025/Dez;868.0;2025-12-01;4.6;4017.0;65.0;7.49;1383557.3
350410 ATIBAIA;2025/Dez;330.0;2025-12-01;5.1;1697.0;33.0;10.0;385871.52
350420 AURIFLAMA;2025/Dez;215.0;2025-12-01;1.7;355.0;5.0;2.33;295076.5
350450 AVARE;2025/Dez;649.0;2025-12-01;3.9;2553.0;39.0;6.01;1092876.81
350520 BARIRI;2025/Dez;179.0;2025-12-01;3.3;598.0;7.0;3.91;93857.65
350530 BARRA BONITA;2025/Dez;153.0;2025-12-01;3.1;480.0;17.0;11.11;103689.51
350550 BARRETOS;2025/Dez;2527.0;2025-12-01;4.8;12116.0;172.0;6.81;7493197.89
350570 BARUERI;2025/Dez;3011.0;2025-12-01;4.2;12787.0;116.0;3.85;2647983.98
350580 BASTOS;2025/Dez;84.0;2025-12-01;3.0;248.0;2.0;2.38;30058.07
350590 BATATAIS;2025/Dez;304.0;2025-12-01;3.5;1069.0;19.0;6.25;413494.5
350600 BAURU;2025/Dez;3594.0;2025-12-01;5.3;18891.0;167.0;4.65;6124179.63
350610 BEBEDOURO;2025/Dez;637.0;2025-12-01;3.0;1935.0;36.0;5.65;611956.43
350630 BERNARDINO DE CAMPOS;2025/Dez;56.0;2025-12-01;3.3;182.0;3.0;5.36;30084.55
350635 BERTIOGA;2025/Dez;272.0;2025-12-01;4.3;1159.0;14.0;5.15;139427.48
350640 BILAC;2025/Dez;19.0;2025-12-01;1.5;29.0;2.0;10.53;7258.01
350650 BIRIGUI;2025/Dez;388.0;2025-12-01;4.4;1717.0;24.0;6.19;497676.45
350670 BOA ESPERANCA DO SUL;2025/Dez;14.0;2025-12-01;3.5;49.0;3.0;21.43;6367.16
350680 BOCAINA;2025/Dez;6.0;2025-12-01;2.7;16.0;0.0;0.0;3669.73
350700 BOITUVA;2025/Dez;165.0;2025-12-01;3.3;539.0;3.0;1.82;87752.48
350710 BOM JESUS DOS PERDOES;2025/Dez;18.0;2025-12-01;4.1;74.0;0.0;0.0;5632.2
350740 BORBOREMA;2025/Dez;62.0;2025-12-01;3.8;235.0;3.0;4.84;34694.5
350750 BOTUCATU;2025/Dez;2427.0;2025-12-01;5.8;14041.0;114.0;4.7;7240547.03
350760 BRAGANCA PAULISTA;2025/Dez;1474.0;2025-12-01;3.9;5711.0;96.0;6.51;3357445.45
350790 BROTAS;2025/Dez;67.0;2025-12-01;7.5;504.0;5.0;7.46;41570.12
350810 BURITAMA;2025/Dez;116.0;2025-12-01;2.1;248.0;2.0;1.72;71581.17
350840 CABREUVA;2025/Dez;95.0;2025-12-01;2.9;271.0;3.0;3.16;34789.2
350850 CACAPAVA;2025/Dez;263.0;2025-12-01;5.8;1531.0;21.0;7.98;267265.6
350870 CACONDE;2025/Dez;124.0;2025-12-01;2.1;263.0;3.0;2.42;199279.72
350880 CAFELANDIA;2025/Dez;66.0;2025-12-01;2.6;174.0;5.0;7.58;23886.97
350900 CAIEIRAS;2025/Dez;381.0;2025-12-01;2.9;1114.0;7.0;1.84;239864.06
350920 CAJAMAR;2025/Dez;250.0;2025-12-01;3.0;747.0;9.0;3.6;82015.1
350930 CAJOBI;2025/Dez;34.0;2025-12-01;2.4;83.0;2.0;5.88;14024.55
350940 CAJURU;2025/Dez;245.0;2025-12-01;3.2;796.0;6.0;2.45;132365.38
350950 CAMPINAS;2025/Dez;6743.0;2025-12-01;5.9;39860.0;398.0;5.9;18425620.72
350960 CAMPO LIMPO PAULISTA;2025/Dez;345.0;2025-12-01;3.8;1317.0;13.0;3.77;326175.82
350970 CAMPOS DO JORDAO;2025/Dez;212.0;2025-12-01;20.3;4308.0;7.0;3.3;411488.92
351000 CANDIDO MOTA;2025/Dez;141.0;2025-12-01;2.9;403.0;4.0;2.84;97621.36
351020 CAPAO BONITO;2025/Dez;261.0;2025-12-01;3.3;859.0;20.0;7.66;233974.49
351040 CAPIVARI;2025/Dez;152.0;2025-12-01;2.3;355.0;8.0;5.26;118635.32
351050 CARAGUATATUBA;2025/Dez;1754.0;2025-12-01;3.8;6711.0;79.0;4.5;2540948.68
351060 CARAPICUIBA;2025/Dez;1408.0;2025-12-01;3.4;4833.0;39.0;2.77;1359522.61
351070 CARDOSO;2025/Dez;31.0;2025-12-01;4.0;123.0;1.0;3.23;11273.17
351080 CASA BRANCA;2025/Dez;188.0;2025-12-01;11.8;2214.0;6.0;3.19;185170.43
351100 CASTILHO;2025/Dez;73.0;2025-12-01;2.5;179.0;2.0;2.74;42197.91
351110 CATANDUVA;2025/Dez;1574.0;2025-12-01;7.3;11439.0;91.0;5.78;3806227.25
351140 CERQUEIRA CESAR;2025/Dez;124.0;2025-12-01;2.4;293.0;4.0;3.23;58631.7
351150 CERQUILHO;2025/Dez;67.0;2025-12-01;4.2;281.0;10.0;14.93;28814.74
351160 CESARIO LANGE;2025/Dez;44.0;2025-12-01;2.4;106.0;2.0;4.55;21896.78
351170 CHARQUEADA;2025/Dez;26.0;2025-12-01;3.8;99.0;0.0;0.0;6076.76
351190 CLEMENTINA;2025/Dez;16.0;2025-12-01;5.7;91.0;1.0;6.25;5387.1
351200 COLINA;2025/Dez;76.0;2025-12-01;2.8;214.0;9.0;11.84;118282.72
351210 COLOMBIA;2025/Dez;2.0;2025-12-01;4.5;9.0;0.0;0.0;305.4
351220 CONCHAL;2025/Dez;202.0;2025-12-01;2.2;453.0;5.0;2.48;117488.7
351230 CONCHAS;2025/Dez;18.0;2025-12-01;4.3;77.0;1.0;5.56;7209.57
351280 COSMOPOLIS;2025/Dez;156.0;2025-12-01;3.7;578.0;15.0;9.62;178178.88
351300 COTIA;2025/Dez;1137.0;2025-12-01;3.7;4178.0;45.0;3.96;925460.41
351310 CRAVINHOS;2025/Dez;15.0;2025-12-01;5.3;79.0;3.0;20.0;5398.04
351340 CRUZEIRO;2025/Dez;502.0;2025-12-01;5.8;2913.0;49.0;9.76;710931.86
351350 CUBATAO;2025/Dez;537.0;2025-12-01;6.6;3537.0;32.0;5.96;680884.46
351360 CUNHA;2025/Dez;112.0;2025-12-01;3.0;333.0;8.0;7.14;62451.72
351370 DESCALVADO;2025/Dez;139.0;2025-12-01;2.3;316.0;7.0;5.04;73413.34
351380 DIADEMA;2025/Dez;1958.0;2025-12-01;5.2;10230.0;68.0;3.47;3199743.69
351390 DIVINOLANDIA;2025/Dez;250.0;2025-12-01;2.7;681.0;10.0;4.0;311118.48
351410 DOIS CORREGOS;2025/Dez;130.0;2025-12-01;3.4;441.0;2.0;1.54;60352.7
351440 DRACENA;2025/Dez;294.0;2025-12-01;4.9;1440.0;25.0;8.5;565372.97
351450 DUARTINA;2025/Dez;135.0;2025-12-01;1.2;168.0;4.0;2.96;30718.99
351500 EMBU DAS ARTES;2025/Dez;259.0;2025-12-01;4.6;1185.0;20.0;7.72;115766.27
351510 EMBU-GUACU;2025/Dez;107.0;2025-12-01;0.9;96.0;7.0;6.54;46378.49
351518 ESPIRITO SANTO DO PINHAL;2025/Dez;384.0;2025-12-01;24.2;9292.0;18.0;4.69;863603.24
351520 ESTRELA D'OESTE;2025/Dez;41.0;2025-12-01;3.1;129.0;2.0;4.88;21589.48
351540 FARTURA;2025/Dez;74.0;2025-12-01;3.4;253.0;5.0;6.76;27875.6
351550 FERNANDOPOLIS;2025/Dez;621.0;2025-12-01;3.1;1954.0;28.0;4.51;821123.87
351570 FERRAZ DE VASCONCELOS;2025/Dez;473.0;2025-12-01;3.8;1801.0;24.0;5.07;407638.8
351600 FLORIDA PAULISTA;2025/Dez;85.0;2025-12-01;2.2;189.0;2.0;2.35;31613.4
351620 FRANCA;2025/Dez;1945.0;2025-12-01;5.4;10580.0;118.0;6.07;4722051.82
351630 FRANCISCO MORATO;2025/Dez;1175.0;2025-12-01;4.0;4709.0;44.0;3.74;1158621.9
351640 FRANCO DA ROCHA;2025/Dez;671.0;2025-12-01;8.0;5349.0;34.0;5.07;964561.67
351660 GALIA;2025/Dez;17.0;2025-12-01;4.5;77.0;0.0;0.0;6057.62
351670 GARCA;2025/Dez;268.0;2025-12-01;21.3;5703.0;20.0;7.46;657366.71
351690 GENERAL SALGADO;2025/Dez;33.0;2025-12-01;4.7;154.0;0.0;0.0;22093.65
351700 GETULINA;2025/Dez;23.0;2025-12-01;4.4;101.0;1.0;4.35;7960.51
351740 GUAIRA;2025/Dez;286.0;2025-12-01;2.6;757.0;7.0;2.45;387457.73
351760 GUAPIARA;2025/Dez;15.0;2025-12-01;3.5;52.0;0.0;0.0;6027.67
351770 GUARA;2025/Dez;63.0;2025-12-01;3.1;198.0;3.0;4.76;31527.73
351780 GUARACAI;2025/Dez;39.0;2025-12-01;2.5;98.0;1.0;2.56;17561.65
351820 GUARARAPES;2025/Dez;127.0;2025-12-01;4.6;582.0;7.0;5.51;72117.33
351830 GUARAREMA;2025/Dez;132.0;2025-12-01;2.6;342.0;3.0;2.27;46115.95
351840 GUARATINGUETA;2025/Dez;997.0;2025-12-01;5.5;5527.0;59.0;5.92;1708464.19
351860 GUARIBA;2025/Dez;110.0;2025-12-01;2.6;290.0;3.0;2.73;55965.86
351870 GUARUJA;2025/Dez;1046.0;2025-12-01;6.0;6244.0;63.0;6.02;2366113.71
351880 GUARULHOS;2025/Dez;4339.0;2025-12-01;5.0;21857.0;289.0;6.66;6627737.94
351900 HERCULANDIA;2025/Dez;57.0;2025-12-01;3.6;207.0;0.0;0.0;21557.21
351907 HORTOLANDIA;2025/Dez;460.0;2025-12-01;3.9;1782.0;32.0;6.96;479213.25
351910 IACANGA;2025/Dez;39.0;2025-12-01;1.5;59.0;0.0;0.0;9339.94
351930 IBATE;2025/Dez;84.0;2025-12-01;2.8;238.0;3.0;3.57;43594.35
351940 IBIRA;2025/Dez;29.0;2025-12-01;4.2;123.0;2.0;6.9;12574.68
351960 IBITINGA;2025/Dez;387.0;2025-12-01;2.4;948.0;26.0;6.72;475073.35
351970 IBIUNA;2025/Dez;290.0;2025-12-01;3.7;1065.0;6.0;2.07;149627.43
351990 IEPE;2025/Dez;51.0;2025-12-01;3.8;195.0;1.0;1.96;20000.2
352010 IGARAPAVA;2025/Dez;91.0;2025-12-01;5.3;481.0;7.0;7.69;54065.55
352040 ILHABELA;2025/Dez;249.0;2025-12-01;2.7;674.0;5.0;2.01;186921.05
352044 ILHA SOLTEIRA;2025/Dez;208.0;2025-12-01;4.0;825.0;15.0;7.21;270863.99
352050 INDAIATUBA;2025/Dez;1725.0;2025-12-01;3.0;5158.0;59.0;3.42;2020727.8
352070 INDIAPORA;2025/Dez;26.0;2025-12-01;4.2;108.0;1.0;3.85;11190.34
352090 IPAUSSU;2025/Dez;48.0;2025-12-01;3.1;148.0;3.0;6.25;20402.34
352130 IPUA;2025/Dez;81.0;2025-12-01;3.6;291.0;1.0;1.23;41876.39
352170 ITABERA;2025/Dez;87.0;2025-12-01;2.1;180.0;1.0;1.15;44152.56
352180 ITAI;2025/Dez;91.0;2025-12-01;2.4;218.0;3.0;3.3;37515.85
352190 ITAJOBI;2025/Dez;43.0;2025-12-01;8.0;345.0;1.0;2.33;12595.04
352210 ITANHAEM;2025/Dez;1005.0;2025-12-01;4.5;4496.0;64.0;6.37;1321446.61
352220 ITAPECERICA DA SERRA;2025/Dez;1384.0;2025-12-01;4.1;5673.0;88.0;6.36;1730333.29
352230 ITAPETININGA;2025/Dez;832.0;2025-12-01;6.1;5114.0;75.0;9.01;962817.75
352240 ITAPEVA;2025/Dez;908.0;2025-12-01;3.9;3547.0;50.0;5.51;1542236.17
352250 ITAPEVI;2025/Dez;1203.0;2025-12-01;4.2;5026.0;43.0;3.57;1260908.23
352260 ITAPIRA;2025/Dez;475.0;2025-12-01;25.1;11902.0;25.0;5.26;1002421.51
352270 ITAPOLIS;2025/Dez;251.0;2025-12-01;3.6;907.0;8.0;3.19;312705.15
352280 ITAPORANGA;2025/Dez;91.0;2025-12-01;2.0;182.0;9.0;9.89;37710.83
352290 ITAPUI;2025/Dez;0.0;2025-12-01;0.0;0.0;0.0;0.0;0.0
352310 ITAQUAQUECETUBA;2025/Dez;1288.0;2025-12-01;6.4;8251.0;90.0;6.99;1510754.94
352320 ITARARE;2025/Dez;377.0;2025-12-01;2.0;753.0;21.0;5.57;276917.66
352340 ITATIBA;2025/Dez;653.0;2025-12-01;2.9;1926.0;36.0;5.51;895939.24
352350 ITATINGA;2025/Dez;23.0;2025-12-01;6.2;142.0;3.0;13.04;8983.32
352360 ITIRAPINA;2025/Dez;8.0;2025-12-01;3.3;26.0;0.0;0.0;3590.98
352390 ITU;2025/Dez;620.0;2025-12-01;5.9;3668.0;41.0;6.61;1056747.1
352400 ITUPEVA;2025/Dez;177.0;2025-12-01;2.9;516.0;8.0;4.52;75119.38
352410 ITUVERAVA;2025/Dez;272.0;2025-12-01;3.8;1039.0;23.0;8.46;603991.65
352420 JABORANDI;2025/Dez;6.0;2025-12-01;8.2;49.0;0.0;0.0;4075.94
352430 JABOTICABAL;2025/Dez;164.0;2025-12-01;4.7;765.0;4.0;2.44;158924.82
352440 JACAREI;2025/Dez;1136.0;2025-12-01;4.3;4894.0;62.0;5.46;1685988.56
352450 JACI;2025/Dez;48.0;2025-12-01;13.8;661.0;0.0;0.0;59874.12
352470 JAGUARIUNA;2025/Dez;306.0;2025-12-01;3.4;1040.0;15.0;4.9;398122.57
352480 JALES;2025/Dez;711.0;2025-12-01;3.6;2569.0;37.0;5.2;1297815.36
352520 JARINU;2025/Dez;47.0;2025-12-01;3.0;142.0;0.0;0.0;10219.18
352530 JAU;2025/Dez;2112.0;2025-12-01;5.7;12006.0;127.0;6.01;5609204.38
352550 JOANOPOLIS;2025/Dez;18.0;2025-12-01;3.7;67.0;0.0;0.0;7469.68
352570 JOSE BONIFACIO;2025/Dez;200.0;2025-12-01;4.9;975.0;7.0;3.5;120300.8
352590 JUNDIAI;2025/Dez;3280.0;2025-12-01;4.3;14166.0;155.0;4.73;5141481.28
352600 JUNQUEIROPOLIS;2025/Dez;84.0;2025-12-01;5.0;423.0;4.0;4.76;36442.87
352640 LARANJAL PAULISTA;2025/Dez;146.0;2025-12-01;3.8;561.0;10.0;6.85;75993.14
352670 LEME;2025/Dez;432.0;2025-12-01;3.2;1372.0;28.0;6.48;394441.09
352680 LENCOIS PAULISTA;2025/Dez;255.0;2025-12-01;3.1;786.0;11.0;4.31;299546.88
352690 LIMEIRA;2025/Dez;1223.0;2025-12-01;4.4;5350.0;81.0;6.62;3475381.83
352710 LINS;2025/Dez;638.0;2025-12-01;6.1;3893.0;27.0;4.23;708397.84
352720 LORENA;2025/Dez;413.0;2025-12-01;4.8;2002.0;28.0;6.78;728575.69
352730 LOUVEIRA;2025/Dez;229.0;2025-12-01;2.5;572.0;7.0;3.06;170697.61
352740 LUCELIA;2025/Dez;46.0;2025-12-01;3.9;178.0;6.0;13.04;12001.09
352800 MACATUBA;2025/Dez;58.0;2025-12-01;2.5;147.0;1.0;1.72;23956.48
352810 MACAUBAL;2025/Dez;2.0;2025-12-01;3.0;6.0;0.0;0.0;597.83
352850 MAIRIPORA;2025/Dez;212.0;2025-12-01;2.8;599.0;10.0;4.72;75739.66
352880 MARACAI;2025/Dez;59.0;2025-12-01;3.9;231.0;2.0;3.39;35355.5
352900 MARILIA;2025/Dez;2368.0;2025-12-01;5.8;13751.0;160.0;6.76;6412626.16
352920 MARTINOPOLIS;2025/Dez;245.0;2025-12-01;1.7;407.0;5.0;2.04;107315.0
352930 MATAO;2025/Dez;478.0;2025-12-01;4.4;2093.0;33.0;6.9;1387875.67
352940 MAUA;2025/Dez;1224.0;2025-12-01;4.7;5700.0;71.0;5.8;1187825.74
352970 MIGUELOPOLIS;2025/Dez;57.0;2025-12-01;2.8;162.0;3.0;5.26;25614.8
353010 MIRANDOPOLIS;2025/Dez;250.0;2025-12-01;4.1;1024.0;16.0;6.4;248389.66
353030 MIRASSOL;2025/Dez;0.0;2025-12-01;0.0;0.0;0.0;0.0;0.0
353050 MOCOCA;2025/Dez;412.0;2025-12-01;3.4;1392.0;23.0;5.58;401046.36
353060 MOGI DAS CRUZES;2025/Dez;2859.0;2025-12-01;5.0;14411.0;157.0;5.49;5309637.37
353070 MOGI GUACU;2025/Dez;674.0;2025-12-01;5.2;3535.0;62.0;9.2;1310064.51
353080 MOGI MIRIM;2025/Dez;417.0;2025-12-01;4.3;1806.0;42.0;10.07;896567.59
353110 MONGAGUA;2025/Dez;72.0;2025-12-01;3.8;276.0;1.0;1.39;14827.5
353130 MONTE ALTO;2025/Dez;230.0;2025-12-01;3.7;850.0;16.0;6.96;329471.2
353140 MONTE APRAZIVEL;2025/Dez;258.0;2025-12-01;2.1;540.0;2.0;0.78;132819.77
353150 MONTE AZUL PAULISTA;2025/Dez;126.0;2025-12-01;1.8;222.0;4.0;3.17;201714.25
353180 MONTE MOR;2025/Dez;90.0;2025-12-01;3.3;297.0;6.0;6.67;38642.18
353190 MORRO AGUDO;2025/Dez;165.0;2025-12-01;2.4;398.0;5.0;3.03;140185.9
353200 MORUNGABA;2025/Dez;18.0;2025-12-01;2.8;51.0;2.0;11.11;7176.43
353240 NAZARE PAULISTA;2025/Dez;31.0;2025-12-01;3.9;122.0;2.0;6.45;8521.96
353250 NEVES PAULISTA;2025/Dez;6.0;2025-12-01;4.0;24.0;0.0;0.0;1382.13
353260 NHANDEARA;2025/Dez;216.0;2025-12-01;2.3;502.0;8.0;3.7;207283.81
353290 NOVA EUROPA;2025/Dez;36.0;2025-12-01;3.6;131.0;1.0;2.78;18673.59
353300 NOVA GRANADA;2025/Dez;165.0;2025-12-01;2.8;457.0;2.0;1.21;62410.91
353340 NOVA ODESSA;2025/Dez;138.0;2025-12-01;4.7;652.0;12.0;8.7;66285.5
353350 NOVO HORIZONTE;2025/Dez;178.0;2025-12-01;3.4;606.0;14.0;7.87;265417.22
353390 OLIMPIA;2025/Dez;260.0;2025-12-01;4.3;1121.0;20.0;7.69;290640.17
353430 ORLANDIA;2025/Dez;230.0;2025-12-01;1.7;392.0;6.0;2.61;139656.01
353440 OSASCO;2025/Dez;2128.0;2025-12-01;5.6;11960.0;146.0;6.86;3247921.78
353460 OSVALDO CRUZ;2025/Dez;210.0;2025-12-01;3.2;682.0;12.0;5.71;111392.55
353470 OURINHOS;2025/Dez;906.0;2025-12-01;3.8;3482.0;64.0;7.06;1890409.4
353475 OUROESTE;2025/Dez;45.0;2025-12-01;3.0;135.0;0.0;0.0;19456.5
353520 PALMEIRA D'OESTE;2025/Dez;39.0;2025-12-01;2.7;104.0;0.0;0.0;12470.54
353530 PALMITAL;2025/Dez;167.0;2025-12-01;2.2;369.0;14.0;8.38;120497.98
353550 PARAGUACU PAULISTA;2025/Dez;367.0;2025-12-01;3.5;1281.0;23.0;6.27;575070.82
353580 PARANAPANEMA;2025/Dez;56.0;2025-12-01;2.9;161.0;2.0;3.57;24749.57
353600 PARAPUA;2025/Dez;44.0;2025-12-01;3.5;153.0;3.0;6.82;13997.55
353620 PARIQUERA-ACU;2025/Dez;780.0;2025-12-01;4.2;3289.0;53.0;6.79;980737.52
353630 PATROCINIO PAULISTA;2025/Dez;72.0;2025-12-01;3.3;239.0;1.0;1.39;35443.18
353650 PAULINIA;2025/Dez;647.0;2025-12-01;3.3;2139.0;28.0;4.33;529706.26
353660 PAULO DE FARIA;2025/Dez;16.0;2025-12-01;3.4;54.0;1.0;6.25;6225.92
353670 PEDERNEIRAS;2025/Dez;140.0;2025-12-01;4.5;634.0;13.0;9.29;177304.27
353700 PEDREGULHO;2025/Dez;77.0;2025-12-01;2.2;171.0;0.0;0.0;30620.04
353710 PEDREIRA;2025/Dez;95.0;2025-12-01;3.7;348.0;17.0;17.89;54539.96
353730 PENAPOLIS;2025/Dez;457.0;2025-12-01;4.6;2100.0;40.0;8.75;397663.99
353740 PEREIRA BARRETO;2025/Dez;100.0;2025-12-01;2.4;236.0;7.0;7.0;57814.66
353780 PIEDADE;2025/Dez;246.0;2025-12-01;3.0;744.0;15.0;6.1;117175.38
353790 PILAR DO SUL;2025/Dez;67.0;2025-12-01;2.3;156.0;3.0;4.48;29922.9
353800 PINDAMONHANGABA;2025/Dez;634.0;2025-12-01;5.1;3233.0;30.0;4.73;832449.14
353860 PIRACAIA;2025/Dez;42.0;2025-12-01;4.9;206.0;5.0;11.9;15730.21
353870 PIRACICABA;2025/Dez;2483.0;2025-12-01;3.2;8011.0;85.0;3.42;5629321.24
353880 PIRAJU;2025/Dez;175.0;2025-12-01;2.9;512.0;10.0;5.71;78447.44
353890 PIRAJUI;2025/Dez;87.0;2025-12-01;2.0;175.0;5.0;5.75;47893.15
353900 PIRANGI;2025/Dez;118.0;2025-12-01;1.7;196.0;1.0;0.85;125835.38
353930 PIRASSUNUNGA;2025/Dez;219.0;2025-12-01;4.3;938.0;15.0;6.85;298647.42
353940 PIRATININGA;2025/Dez;19.0;2025-12-01;5.4;103.0;1.0;5.26;5957.42
353950 PITANGUEIRAS;2025/Dez;116.0;2025-12-01;2.1;245.0;7.0;6.03;48144.83
354000 POMPEIA;2025/Dez;39.0;2025-12-01;4.5;174.0;3.0;7.69;17433.87
354020 PONTAL;2025/Dez;125.0;2025-12-01;1.4;169.0;2.0;1.6;64391.7
354040 POPULINA;2025/Dez;13.0;2025-12-01;3.2;42.0;0.0;0.0;3335.95
354060 PORTO FELIZ;2025/Dez;316.0;2025-12-01;3.0;938.0;15.0;4.75;300361.37
354070 PORTO FERREIRA;2025/Dez;188.0;2025-12-01;2.8;532.0;11.0;5.85;135489.77
354080 POTIRENDABA;2025/Dez;58.0;2025-12-01;2.4;138.0;1.0;1.72;19630.63
354100 PRAIA GRANDE;2025/Dez;943.0;2025-12-01;5.8;5468.0;61.0;6.47;1223019.01
354120 PRESIDENTE BERNARDES;2025/Dez;100.0;2025-12-01;2.8;278.0;0.0;0.0;39641.56
354130 PRESIDENTE EPITACIO;2025/Dez;269.0;2025-12-01;3.2;865.0;13.0;4.83;182431.23
354140 PRESIDENTE PRUDENTE;2025/Dez;3321.0;2025-12-01;6.5;21653.0;164.0;4.94;7210748.15
354150 PRESIDENTE VENCESLAU;2025/Dez;186.0;2025-12-01;4.2;789.0;10.0;5.38;231604.6
354160 PROMISSAO;2025/Dez;302.0;2025-12-01;3.6;1073.0;8.0;2.65;348408.08
354190 QUELUZ;2025/Dez;14.0;2025-12-01;5.6;78.0;0.0;0.0;6668.53
354220 RANCHARIA;2025/Dez;292.0;2025-12-01;2.9;842.0;14.0;4.79;386107.61
354240 REGENTE FEIJO;2025/Dez;79.0;2025-12-01;3.1;243.0;4.0;5.06;24937.62
354260 REGISTRO;2025/Dez;471.0;2025-12-01;3.9;1846.0;23.0;4.88;584999.96
354290 RIBEIRAO BONITO;2025/Dez;34.0;2025-12-01;2.1;73.0;0.0;0.0;33915.9
354300 RIBEIRAO BRANCO;2025/Dez;29.0;2025-12-01;4.1;119.0;3.0;10.34;11926.34
354330 RIBEIRAO PIRES;2025/Dez;154.0;2025-12-01;5.4;839.0;13.0;8.44;98730.2
354340 RIBEIRAO PRETO;2025/Dez;7330.0;2025-12-01;4.1;29888.0;291.0;3.97;16915512.05
354380 RINOPOLIS;2025/Dez;30.0;2025-12-01;5.5;165.0;3.0;10.0;11818.01
354390 RIO CLARO;2025/Dez;984.0;2025-12-01;6.2;6136.0;54.0;5.49;1535665.45
354400 RIO DAS PEDRAS;2025/Dez;53.0;2025-12-01;1.7;88.0;1.0;1.89;11261.87
354420 RIOLANDIA;2025/Dez;6.0;2025-12-01;4.0;24.0;0.0;0.0;2506.7
354425 ROSANA;2025/Dez;232.0;2025-12-01;3.2;732.0;4.0;1.72;111065.29
354490 SALES OLIVEIRA;2025/Dez;23.0;2025-12-01;2.1;48.0;0.0;0.0;10551.91
354500 SALESOPOLIS;2025/Dez;43.0;2025-12-01;2.0;87.0;1.0;2.33;11030.19
354520 SALTO;2025/Dez;545.0;2025-12-01;2.3;1264.0;19.0;3.49;402901.53
354530 SALTO DE PIRAPORA;2025/Dez;197.0;2025-12-01;1.9;368.0;4.0;2.03;103913.68
354540 SALTO GRANDE;2025/Dez;55.0;2025-12-01;2.5;140.0;2.0;3.64;17952.16
354560 SANTA ADELIA;2025/Dez;59.0;2025-12-01;2.3;134.0;1.0;1.69;40651.04
354580 SANTA BARBARA D'OESTE;2025/Dez;596.0;2025-12-01;2.9;1750.0;25.0;4.19;837794.41
354630 SANTA CRUZ DAS PALMEIRAS;2025/Dez;87.0;2025-12-01;2.0;173.0;3.0;3.45;45376.86
354640 SANTA CRUZ DO RIO PARDO;2025/Dez;322.0;2025-12-01;4.2;1340.0;10.0;3.11;510656.65
354660 SANTA FE DO SUL;2025/Dez;273.0;2025-12-01;4.4;1202.0;9.0;3.3;288074.78
354680 SANTA ISABEL;2025/Dez;184.0;2025-12-01;6.0;1095.0;10.0;5.43;262237.83
354730 SANTANA DE PARNAIBA;2025/Dez;164.0;2025-12-01;4.9;804.0;9.0;5.49;72384.18
354750 SANTA RITA DO PASSA QUATRO;2025/Dez;103.0;2025-12-01;12.9;1327.0;0.0;0.0;84588.22
354760 SANTA ROSA DE VITERBO;2025/Dez;83.0;2025-12-01;4.2;348.0;5.0;6.02;21285.05
354770 SANTO ANASTACIO;2025/Dez;168.0;2025-12-01;3.3;547.0;4.0;2.38;52321.46
354780 SANTO ANDRE;2025/Dez;3183.0;2025-12-01;5.4;17042.0;256.0;8.04;6074093.28
354790 SANTO ANTONIO DA ALEGRIA;2025/Dez;10.0;2025-12-01;3.1;31.0;0.0;0.0;2592.76
354850 SANTOS;2025/Dez;2703.0;2025-12-01;6.0;16269.0;156.0;5.77;5628087.98
354860 SAO BENTO DO SAPUCAI;2025/Dez;27.0;2025-12-01;3.9;106.0;2.0;7.41;11686.27
354870 SAO BERNARDO DO CAMPO;2025/Dez;3183.0;2025-12-01;6.1;19466.0;179.0;5.62;8058800.12
354880 SAO CAETANO DO SUL;2025/Dez;1215.0;2025-12-01;4.1;4928.0;86.0;7.08;1737554.56
354890 SAO CARLOS;2025/Dez;1755.0;2025-12-01;3.7;6518.0;97.0;5.53;3092441.15
354910 SAO JOAO DA BOA VISTA;2025/Dez;552.0;2025-12-01;3.7;2043.0;42.0;7.61;1041363.08
354940 SAO JOAQUIM DA BARRA;2025/Dez;285.0;2025-12-01;3.5;985.0;27.0;9.47;346389.0
354970 SAO JOSE DO RIO PARDO;2025/Dez;349.0;2025-12-01;3.0;1060.0;22.0;6.3;383239.15
354980 SAO JOSE DO RIO PRETO;2025/Dez;7262.0;2025-12-01;4.7;33910.0;276.0;3.8;23604974.06
354990 SAO JOSE DOS CAMPOS;2025/Dez;4458.0;2025-12-01;4.7;20888.0;216.0;4.85;10230818.53
355000 SAO LUIS DO PARAITINGA;2025/Dez;18.0;2025-12-01;7.3;131.0;2.0;11.11;8013.8
355010 SAO MANUEL;2025/Dez;119.0;2025-12-01;3.6;430.0;10.0;8.4;164190.53
355020 SAO MIGUEL ARCANJO;2025/Dez;91.0;2025-12-01;12.8;1167.0;7.0;7.69;116692.3
355030 SAO PAULO;2025/Dez;57737.0;2025-12-01;5.5;320242.0;3023.0;5.24;135570123.57
355040 SAO PEDRO;2025/Dez;351.0;2025-12-01;1.7;614.0;14.0;3.99;369091.97
355060 SAO ROQUE;2025/Dez;449.0;2025-12-01;3.7;1640.0;20.0;4.45;430947.73
355070 SAO SEBASTIAO;2025/Dez;495.0;2025-12-01;3.7;1831.0;17.0;3.43;446203.1
355080 SAO SEBASTIAO DA GRAMA;2025/Dez;40.0;2025-12-01;2.4;95.0;2.0;5.0;18232.88
355090 SAO SIMAO;2025/Dez;26.0;2025-12-01;5.3;139.0;1.0;3.85;12037.26
355100 SAO VICENTE;2025/Dez;617.0;2025-12-01;5.0;3077.0;37.0;6.0;809359.79
355150 SERRANA;2025/Dez;202.0;2025-12-01;5.8;1178.0;18.0;8.91;296327.7
355160 SERRA NEGRA;2025/Dez;162.0;2025-12-01;2.6;426.0;11.0;6.79;230153.54
355170 SERTAOZINHO;2025/Dez;486.0;2025-12-01;3.7;1797.0;19.0;3.91;906428.71
355200 SILVEIRAS;2025/Dez;1.0;2025-12-01;9.0;9.0;0.0;0.0;44.22
355210 SOCORRO;2025/Dez;338.0;2025-12-01;2.5;841.0;26.0;7.69;312438.82
355220 SOROCABA;2025/Dez;4960.0;2025-12-01;4.9;24395.0;346.0;6.98;10212539.2
355230 SUD MENNUCCI;2025/Dez;15.0;2025-12-01;3.7;55.0;1.0;6.67;6793.34
355240 SUMARE;2025/Dez;982.0;2025-12-01;4.3;4190.0;36.0;3.67;2069272.58
355250 SUZANO;2025/Dez;686.0;2025-12-01;5.7;3917.0;49.0;7.14;974017.81
355260 TABAPUA;2025/Dez;86.0;2025-12-01;3.4;290.0;1.0;1.16;57455.42
355270 TABATINGA;2025/Dez;66.0;2025-12-01;3.6;236.0;1.0;1.52;45225.36
355280 TABOAO DA SERRA;2025/Dez;1495.0;2025-12-01;5.0;7418.0;90.0;6.02;2665950.94
355300 TAGUAI;2025/Dez;40.0;2025-12-01;2.5;98.0;0.0;0.0;17523.43
355330 TAMBAU;2025/Dez;88.0;2025-12-01;2.9;259.0;3.0;3.41;38179.08
355340 TANABI;2025/Dez;115.0;2025-12-01;8.4;965.0;3.0;2.61;78936.28
355360 TAPIRATIBA;2025/Dez;33.0;2025-12-01;2.9;97.0;2.0;6.06;15822.04
355370 TAQUARITINGA;2025/Dez;336.0;2025-12-01;2.7;909.0;24.0;7.14;194291.04
355380 TAQUARITUBA;2025/Dez;138.0;2025-12-01;2.0;276.0;7.0;5.07;44829.49
355400 TATUI;2025/Dez;403.0;2025-12-01;4.5;1815.0;29.0;7.2;401954.23
355410 TAUBATE;2025/Dez;2072.0;2025-12-01;3.9;8075.0;103.0;4.97;4879431.63
355430 TEODORO SAMPAIO;2025/Dez;92.0;2025-12-01;3.4;311.0;4.0;4.35;32455.79
355440 TERRA ROXA;2025/Dez;3.0;2025-12-01;9.0;27.0;1.0;33.33;1019.78
355450 TIETE;2025/Dez;192.0;2025-12-01;2.8;538.0;1.0;0.52;79661.32
355470 TORRINHA;2025/Dez;9.0;2025-12-01;3.3;30.0;0.0;0.0;4432.69
355500 TUPA;2025/Dez;632.0;2025-12-01;5.8;3639.0;41.0;6.49;1158377.59
355510 TUPI PAULISTA;2025/Dez;103.0;2025-12-01;3.8;390.0;9.0;8.74;61784.22
355540 UBATUBA;2025/Dez;467.0;2025-12-01;2.8;1298.0;10.0;2.14;268986.19
355580 URANIA;2025/Dez;28.0;2025-12-01;4.6;128.0;0.0;0.0;9423.92
355600 URUPES;2025/Dez;110.0;2025-12-01;2.5;277.0;1.0;0.91;102915.23
355620 VALINHOS;2025/Dez;384.0;2025-12-01;5.0;1907.0;27.0;7.03;573829.43
355630 VALPARAISO;2025/Dez;80.0;2025-12-01;2.2;177.0;1.0;1.25;39433.11
355640 VARGEM GRANDE DO SUL;2025/Dez;163.0;2025-12-01;2.9;470.0;7.0;4.29;65388.64
355650 VARZEA PAULISTA;2025/Dez;52.0;2025-12-01;2.9;152.0;8.0;15.38;12688.26
355670 VINHEDO;2025/Dez;407.0;2025-12-01;3.5;1416.0;34.0;8.35;425242.25
355680 VIRADOURO;2025/Dez;28.0;2025-12-01;2.1;58.0;2.0;7.14;8237.86
355700 VOTORANTIM;2025/Dez;336.0;2025-12-01;3.5;1179.0;17.0;5.06;277156.08
355710 VOTUPORANGA;2025/Dez;954.0;2025-12-01;3.4;3203.0;53.0;5.56;1792463.03
355720 CHAVANTES;2025/Dez;92.0;2025-12-01;3.0;275.0;1.0;1.09;45464.36
350010 ADAMANTINA;2026/Jan;454.0;2026-01-01;8.6;3925.0;20.0;4.41;669252.51
350030 AGUAI;2026/Jan;37.0;2026-01-01;5.2;191.0;2.0;5.41;18007.11
350050 AGUAS DE LINDOIA;2026/Jan;116.0;2026-01-01;3.8;440.0;8.0;6.9;48398.99
350070 AGUDOS;2026/Jan;76.0;2026-01-01;2.1;157.0;0.0;0.0;39675.43
350100 ALTINOPOLIS;2026/Jan;155.0;2026-01-01;2.2;347.0;3.0;1.94;49905.22
350110 ALTO ALEGRE;2026/Jan;5.0;2026-01-01;3.6;18.0;0.0;0.0;1036.76
350130 ALVARES MACHADO;2026/Jan;84.0;2026-01-01;3.4;283.0;2.0;2.38;31344.15
350160 AMERICANA;2026/Jan;701.0;2026-01-01;4.6;3249.0;60.0;8.56;962853.95
350170 AMERICO BRASILIENSE;2026/Jan;573.0;2026-01-01;4.0;2280.0;11.0;1.92;541462.67
350190 AMPARO;2026/Jan;418.0;2026-01-01;14.2;5931.0;20.0;4.78;866193.83
350210 ANDRADINA;2026/Jan;286.0;2026-01-01;4.1;1168.0;23.0;8.04;357209.74
350220 ANGATUBA;2026/Jan;169.0;2026-01-01;2.9;485.0;4.0;2.37;63644.05
350250 APARECIDA;2026/Jan;404.0;2026-01-01;3.0;1224.0;23.0;5.69;503308.56
350260 APARECIDA D'OESTE;2026/Jan;4.0;2026-01-01;4.0;16.0;1.0;25.0;1581.98
350270 APIAI;2026/Jan;290.0;2026-01-01;2.6;745.0;6.0;2.07;144298.71
350280 ARACATUBA;2026/Jan;1120.0;2026-01-01;6.0;6688.0;104.0;9.29;4225217.8
350310 ARANDU;2026/Jan;10.0;2026-01-01;5.1;51.0;0.0;0.0;3620.4
350320 ARARAQUARA;2026/Jan;1742.0;2026-01-01;4.0;6949.0;83.0;4.76;4016879.93
350330 ARARAS;2026/Jan;677.0;2026-01-01;4.3;2937.0;36.0;5.32;1328941.43
350340 AREALVA;2026/Jan;16.0;2026-01-01;2.9;46.0;0.0;0.0;5193.05
350390 ARUJA;2026/Jan;0.0;2026-01-01;0.0;0.0;0.0;0.0;0.0
350400 ASSIS;2026/Jan;873.0;2026-01-01;4.7;4140.0;54.0;6.19;1376127.05
350410 ATIBAIA;2026/Jan;359.0;2026-01-01;4.4;1591.0;28.0;7.8;374712.36
350420 AURIFLAMA;2026/Jan;245.0;2026-01-01;1.6;402.0;2.0;0.82;217981.41
350450 AVARE;2026/Jan;588.0;2026-01-01;4.2;2456.0;12.0;2.04;943420.29
350520 BARIRI;2026/Jan;175.0;2026-01-01;3.1;535.0;9.0;5.14;82062.31
350530 BARRA BONITA;2026/Jan;107.0;2026-01-01;3.8;410.0;8.0;7.48;63266.65
350550 BARRETOS;2026/Jan;2711.0;2026-01-01;4.7;12608.0;186.0;6.86;8315551.38
350570 BARUERI;2026/Jan;2993.0;2026-01-01;3.9;11656.0;103.0;3.44;2623654.37
350580 BASTOS;2026/Jan;97.0;2026-01-01;2.7;258.0;0.0;0.0;31791.6
350590 BATATAIS;2026/Jan;272.0;2026-01-01;4.0;1086.0;23.0;8.46;449528.77
350600 BAURU;2026/Jan;3684.0;2026-01-01;5.4;19902.0;166.0;4.51;6275079.74
350610 BEBEDOURO;2026/Jan;656.0;2026-01-01;3.0;1955.0;20.0;3.05;625334.45
350630 BERNARDINO DE CAMPOS;2026/Jan;51.0;2026-01-01;3.8;192.0;5.0;9.8;21879.01
350635 BERTIOGA;2026/Jan;328.0;2026-01-01;4.6;1503.0;17.0;5.18;183709.3
350640 BILAC;2026/Jan;15.0;2026-01-01;1.5;23.0;1.0;6.67;3485.53
350650 BIRIGUI;2026/Jan;390.0;2026-01-01;4.1;1581.0;19.0;4.87;471160.26
350670 BOA ESPERANCA DO SUL;2026/Jan;10.0;2026-01-01;3.4;34.0;1.0;10.0;4860.48
350680 BOCAINA;2026/Jan;14.0;2026-01-01;3.0;42.0;0.0;0.0;6438.11
350700 BOITUVA;2026/Jan;154.0;2026-01-01;2.8;437.0;10.0;6.49;91837.13
350710 BOM JESUS DOS PERDOES;2026/Jan;22.0;2026-01-01;4.1;90.0;1.0;4.55;7817.22
350740 BORBOREMA;2026/Jan;71.0;2026-01-01;4.4;312.0;2.0;2.82;32516.14
350750 BOTUCATU;2026/Jan;2468.0;2026-01-01;5.9;14512.0;129.0;5.23;7411674.28
350760 BRAGANCA PAULISTA;2026/Jan;1554.0;2026-01-01;3.7;5678.0;90.0;5.79;3444663.92
350790 BROTAS;2026/Jan;49.0;2026-01-01;6.9;337.0;3.0;6.12;31810.65
350810 BURITAMA;2026/Jan;91.0;2026-01-01;2.6;236.0;6.0;6.59;51370.65
350840 CABREUVA;2026/Jan;79.0;2026-01-01;3.1;245.0;2.0;2.53;30403.84
350850 CACAPAVA;2026/Jan;284.0;2026-01-01;4.7;1331.0;20.0;7.04;234858.35
350870 CACONDE;2026/Jan;72.0;2026-01-01;3.7;266.0;5.0;6.94;26270.16
350880 CAFELANDIA;2026/Jan;63.0;2026-01-01;3.0;188.0;4.0;6.35;22481.56
350900 CAIEIRAS;2026/Jan;395.0;2026-01-01;2.9;1160.0;0.0;0.0;267277.57
350920 CAJAMAR;2026/Jan;292.0;2026-01-01;3.5;1036.0;12.0;4.11;100698.36
350930 CAJOBI;2026/Jan;44.0;2026-01-01;1.8;78.0;0.0;0.0;18159.67
350940 CAJURU;2026/Jan;259.0;2026-01-01;3.2;819.0;6.0;2.32;135985.2
350950 CAMPINAS;2026/Jan;7024.0;2026-01-01;5.7;39824.0;328.0;4.67;19927588.37
350960 CAMPO LIMPO PAULISTA;2026/Jan;361.0;2026-01-01;3.3;1181.0;15.0;4.16;317864.43
350970 CAMPOS DO JORDAO;2026/Jan;220.0;2026-01-01;12.8;2812.0;8.0;3.64;292102.98
351000 CANDIDO MOTA;2026/Jan;212.0;2026-01-01;2.8;592.0;5.0;2.36;188232.29
351020 CAPAO BONITO;2026/Jan;247.0;2026-01-01;3.9;970.0;18.0;7.29;266570.72
351040 CAPIVARI;2026/Jan;197.0;2026-01-01;3.4;667.0;14.0;7.11;213705.22
351050 CARAGUATATUBA;2026/Jan;1935.0;2026-01-01;3.6;6937.0;77.0;3.98;2629665.53
351060 CARAPICUIBA;2026/Jan;1325.0;2026-01-01;3.8;5064.0;51.0;3.85;1641637.52
351070 CARDOSO;2026/Jan;20.0;2026-01-01;3.0;61.0;2.0;10.0;7068.4
351080 CASA BRANCA;2026/Jan;143.0;2026-01-01;10.0;1425.0;9.0;6.29;111099.98
351100 CASTILHO;2026/Jan;83.0;2026-01-01;3.1;254.0;1.0;1.2;41855.55
351110 CATANDUVA;2026/Jan;1502.0;2026-01-01;7.4;11117.0;91.0;6.06;3704369.94
351140 CERQUEIRA CESAR;2026/Jan;145.0;2026-01-01;2.9;417.0;6.0;4.14;80962.89
351150 CERQUILHO;2026/Jan;74.0;2026-01-01;4.5;335.0;5.0;6.76;32210.54
351160 CESARIO LANGE;2026/Jan;44.0;2026-01-01;2.8;124.0;5.0;11.36;19559.71
351170 CHARQUEADA;2026/Jan;38.0;2026-01-01;4.4;166.0;5.0;13.16;9642.52
351190 CLEMENTINA;2026/Jan;13.0;2026-01-01;4.0;52.0;1.0;7.69;6534.66
351200 COLINA;2026/Jan;86.0;2026-01-01;4.3;372.0;6.0;6.98;184908.74
351210 COLOMBIA;2026/Jan;0.0;2026-01-01;0.0;0.0;0.0;0.0;0.0
351220 CONCHAL;2026/Jan;236.0;2026-01-01;1.8;431.0;4.0;1.69;128600.61
351230 CONCHAS;2026/Jan;12.0;2026-01-01;3.8;46.0;0.0;0.0;4300.3
351280 COSMOPOLIS;2026/Jan;159.0;2026-01-01;3.2;512.0;17.0;10.69;146923.19
351300 COTIA;2026/Jan;1123.0;2026-01-01;4.2;4731.0;51.0;4.54;1220129.61
351310 CRAVINHOS;2026/Jan;22.0;2026-01-01;6.1;135.0;2.0;9.09;9931.31
351340 CRUZEIRO;2026/Jan;498.0;2026-01-01;5.3;2636.0;41.0;8.23;697656.57
351350 CUBATAO;2026/Jan;546.0;2026-01-01;6.6;3619.0;25.0;4.58;761903.11
351360 CUNHA;2026/Jan;110.0;2026-01-01;2.8;312.0;2.0;1.82;70424.59
351370 DESCALVADO;2026/Jan;136.0;2026-01-01;2.5;339.0;4.0;2.94;105436.92
351380 DIADEMA;2026/Jan;1845.0;2026-01-01;5.2;9538.0;64.0;3.47;2673141.85
351390 DIVINOLANDIA;2026/Jan;376.0;2026-01-01;3.7;1389.0;6.0;1.6;492380.35
351410 DOIS CORREGOS;2026/Jan;101.0;2026-01-01;3.5;351.0;6.0;5.94;46022.0
351440 DRACENA;2026/Jan;281.0;2026-01-01;4.7;1309.0;29.0;10.32;553108.65
351450 DUARTINA;2026/Jan;108.0;2026-01-01;2.3;244.0;5.0;4.63;33026.37
351500 EMBU DAS ARTES;2026/Jan;233.0;2026-01-01;4.8;1120.0;14.0;6.01;93983.46
351510 EMBU-GUACU;2026/Jan;92.0;2026-01-01;0.9;85.0;4.0;4.35;35326.91
351518 ESPIRITO SANTO DO PINHAL;2026/Jan;423.0;2026-01-01;20.5;8665.0;19.0;4.49;871149.71
351520 ESTRELA D'OESTE;2026/Jan;49.0;2026-01-01;3.6;176.0;0.0;0.0;24712.34
351540 FARTURA;2026/Jan;74.0;2026-01-01;3.4;248.0;4.0;5.41;26260.02
351550 FERNANDOPOLIS;2026/Jan;605.0;2026-01-01;3.0;1815.0;21.0;3.47;696005.92
351570 FERRAZ DE VASCONCELOS;2026/Jan;632.0;2026-01-01;5.2;3306.0;25.0;3.96;601404.77
351600 FLORIDA PAULISTA;2026/Jan;100.0;2026-01-01;2.3;232.0;0.0;0.0;30789.24
351620 FRANCA;2026/Jan;2087.0;2026-01-01;5.7;11888.0;133.0;6.37;5525132.07
351630 FRANCISCO MORATO;2026/Jan;1117.0;2026-01-01;4.1;4595.0;56.0;5.01;1227137.48
351640 FRANCO DA ROCHA;2026/Jan;747.0;2026-01-01;8.0;5997.0;51.0;6.83;1045543.97
351660 GALIA;2026/Jan;16.0;2026-01-01;4.3;68.0;1.0;6.25;8078.02
351670 GARCA;2026/Jan;229.0;2026-01-01;18.3;4193.0;16.0;6.99;438679.03
351690 GENERAL SALGADO;2026/Jan;42.0;2026-01-01;3.2;135.0;0.0;0.0;21258.53
351700 GETULINA;2026/Jan;26.0;2026-01-01;3.7;95.0;1.0;3.85;8068.14
351740 GUAIRA;2026/Jan;245.0;2026-01-01;3.3;819.0;9.0;3.67;417470.73
351760 GUAPIARA;2026/Jan;27.0;2026-01-01;3.9;106.0;0.0;0.0;9690.45
351770 GUARA;2026/Jan;55.0;2026-01-01;3.5;190.0;2.0;3.64;24992.15
351780 GUARACAI;2026/Jan;33.0;2026-01-01;5.2;171.0;2.0;6.06;12420.77
351820 GUARARAPES;2026/Jan;129.0;2026-01-01;4.0;514.0;13.0;10.08;78798.24
351830 GUARAREMA;2026/Jan;128.0;2026-01-01;2.5;324.0;1.0;0.78;51806.47
351840 GUARATINGUETA;2026/Jan;994.0;2026-01-01;5.3;5315.0;60.0;6.04;1689333.69
351860 GUARIBA;2026/Jan;128.0;2026-01-01;2.6;339.0;7.0;5.47;55308.36
351870 GUARUJA;2026/Jan;1135.0;2026-01-01;5.8;6571.0;75.0;6.61;2517359.33
351880 GUARULHOS;2026/Jan;4709.0;2026-01-01;4.9;23309.0;261.0;5.54;6773166.98
351900 HERCULANDIA;2026/Jan;74.0;2026-01-01;3.4;254.0;1.0;1.35;27141.97
351907 HORTOLANDIA;2026/Jan;454.0;2026-01-01;3.9;1749.0;22.0;4.85;450068.37
351910 IACANGA;2026/Jan;69.0;2026-01-01;2.3;156.0;2.0;2.9;16131.08
351930 IBATE;2026/Jan;65.0;2026-01-01;3.6;231.0;1.0;1.54;50288.58
351940 IBIRA;2026/Jan;39.0;2026-01-01;4.7;184.0;2.0;5.13;18028.47
351960 IBITINGA;2026/Jan;428.0;2026-01-01;2.7;1141.0;20.0;4.67;482926.53
351970 IBIUNA;2026/Jan;346.0;2026-01-01;3.2;1117.0;13.0;3.76;182656.43
351990 IEPE;2026/Jan;56.0;2026-01-01;3.6;199.0;1.0;1.79;18589.55
352010 IGARAPAVA;2026/Jan;88.0;2026-01-01;5.0;441.0;3.0;3.41;49779.2
352040 ILHABELA;2026/Jan;302.0;2026-01-01;2.9;869.0;5.0;1.66;226001.31
352044 ILHA SOLTEIRA;2026/Jan;221.0;2026-01-01;4.0;890.0;17.0;7.69;317124.58
352050 INDAIATUBA;2026/Jan;1906.0;2026-01-01;4.3;8156.0;73.0;3.83;2458147.54
352070 INDIAPORA;2026/Jan;30.0;2026-01-01;3.3;98.0;1.0;3.33;8050.99
352090 IPAUSSU;2026/Jan;61.0;2026-01-01;3.0;181.0;3.0;4.92;34066.37
352130 IPUA;2026/Jan;89.0;2026-01-01;3.0;269.0;0.0;0.0;48544.78
352170 ITABERA;2026/Jan;103.0;2026-01-01;1.9;193.0;2.0;1.94;51718.49
352180 ITAI;2026/Jan;69.0;2026-01-01;2.4;164.0;5.0;7.25;29037.08
352190 ITAJOBI;2026/Jan;50.0;2026-01-01;7.3;367.0;3.0;6.0;13413.17
352210 ITANHAEM;2026/Jan;982.0;2026-01-01;4.6;4490.0;47.0;4.79;1294352.13
352220 ITAPECERICA DA SERRA;2026/Jan;1345.0;2026-01-01;3.9;5195.0;71.0;5.28;1462522.1
352230 ITAPETININGA;2026/Jan;823.0;2026-01-01;6.0;4965.0;72.0;8.75;938493.08
352240 ITAPEVA;2026/Jan;870.0;2026-01-01;4.2;3629.0;75.0;8.62;1587554.07
352250 ITAPEVI;2026/Jan;1254.0;2026-01-01;4.0;5009.0;26.0;2.07;1185054.96
352260 ITAPIRA;2026/Jan;579.0;2026-01-01;23.8;13782.0;22.0;3.8;1169340.5
352270 ITAPOLIS;2026/Jan;257.0;2026-01-01;3.8;983.0;12.0;4.67;284917.22
352280 ITAPORANGA;2026/Jan;92.0;2026-01-01;2.6;235.0;5.0;5.43;39430.15
352290 ITAPUI;2026/Jan;0.0;2026-01-01;0.0;0.0;0.0;0.0;0.0
352310 ITAQUAQUECETUBA;2026/Jan;1201.0;2026-01-01;6.1;7323.0;75.0;6.24;1377450.66
352320 ITARARE;2026/Jan;369.0;2026-01-01;1.8;678.0;8.0;2.17;242628.83
352340 ITATIBA;2026/Jan;615.0;2026-01-01;3.3;2024.0;23.0;3.74;874881.66
352350 ITATINGA;2026/Jan;29.0;2026-01-01;4.7;135.0;4.0;13.79;12054.14
352360 ITIRAPINA;2026/Jan;4.0;2026-01-01;6.3;25.0;0.0;0.0;2097.13
352390 ITU;2026/Jan;690.0;2026-01-01;5.3;3636.0;50.0;7.25;1173194.82
352400 ITUPEVA;2026/Jan;188.0;2026-01-01;3.6;672.0;13.0;6.91;81826.3
352410 ITUVERAVA;2026/Jan;281.0;2026-01-01;3.9;1082.0;17.0;6.05;398568.91
352420 JABORANDI;2026/Jan;4.0;2026-01-01;2.5;10.0;0.0;0.0;907.07
352430 JABOTICABAL;2026/Jan;195.0;2026-01-01;3.8;735.0;14.0;7.18;196890.65
352440 JACAREI;2026/Jan;1192.0;2026-01-01;4.2;5062.0;60.0;5.03;1902239.28
352450 JACI;2026/Jan;52.0;2026-01-01;7.1;371.0;0.0;0.0;27026.34
352470 JAGUARIUNA;2026/Jan;362.0;2026-01-01;3.5;1258.0;21.0;5.8;416084.89
352480 JALES;2026/Jan;709.0;2026-01-01;3.1;2205.0;44.0;6.21;1252163.13
352520 JARINU;2026/Jan;43.0;2026-01-01;3.6;155.0;0.0;0.0;5780.78
352530 JAU;2026/Jan;2240.0;2026-01-01;5.2;11663.0;138.0;6.16;6084535.33
352550 JOANOPOLIS;2026/Jan;31.0;2026-01-01;3.6;113.0;4.0;12.9;11588.63
352570 JOSE BONIFACIO;2026/Jan;216.0;2026-01-01;3.2;699.0;4.0;1.85;123685.98
352590 JUNDIAI;2026/Jan;3551.0;2026-01-01;3.5;12302.0;114.0;3.21;4500330.17
352600 JUNQUEIROPOLIS;2026/Jan;101.0;2026-01-01;7.1;719.0;5.0;4.95;48974.18
352640 LARANJAL PAULISTA;2026/Jan;132.0;2026-01-01;4.1;536.0;9.0;6.82;60549.82
352670 LEME;2026/Jan;468.0;2026-01-01;3.5;1655.0;31.0;6.62;448602.71
352680 LENCOIS PAULISTA;2026/Jan;289.0;2026-01-01;2.9;845.0;12.0;4.15;309801.09
352690 LIMEIRA;2026/Jan;1324.0;2026-01-01;4.3;5689.0;73.0;5.51;3624582.61
352710 LINS;2026/Jan;690.0;2026-01-01;5.5;3794.0;35.0;5.07;705225.77
352720 LORENA;2026/Jan;352.0;2026-01-01;5.2;1815.0;16.0;4.55;602663.18
352730 LOUVEIRA;2026/Jan;216.0;2026-01-01;2.2;485.0;10.0;4.63;130707.25
352740 LUCELIA;2026/Jan;52.0;2026-01-01;3.2;168.0;3.0;5.77;24143.15
352800 MACATUBA;2026/Jan;56.0;2026-01-01;2.1;118.0;0.0;0.0;18573.44
352810 MACAUBAL;2026/Jan;5.0;2026-01-01;1.6;8.0;0.0;0.0;1642.02
352850 MAIRIPORA;2026/Jan;234.0;2026-01-01;2.9;678.0;8.0;3.42;68008.02
352880 MARACAI;2026/Jan;73.0;2026-01-01;3.4;246.0;1.0;1.37;39191.52
352900 MARILIA;2026/Jan;2477.0;2026-01-01;5.6;13818.0;143.0;5.77;6492322.17
352920 MARTINOPOLIS;2026/Jan;229.0;2026-01-01;1.6;359.0;3.0;1.31;80300.59
352930 MATAO;2026/Jan;495.0;2026-01-01;3.9;1946.0;28.0;5.66;1516544.48
352940 MAUA;2026/Jan;1232.0;2026-01-01;5.0;6102.0;65.0;5.28;1365869.55
352970 MIGUELOPOLIS;2026/Jan;60.0;2026-01-01;4.5;270.0;0.0;0.0;35653.92
353010 MIRANDOPOLIS;2026/Jan;274.0;2026-01-01;4.8;1311.0;14.0;5.11;294617.67
353030 MIRASSOL;2026/Jan;0.0;2026-01-01;0.0;0.0;0.0;0.0;0.0
353050 MOCOCA;2026/Jan;445.0;2026-01-01;3.3;1453.0;19.0;4.27;484611.8
353060 MOGI DAS CRUZES;2026/Jan;2861.0;2026-01-01;5.0;14281.0;131.0;4.58;5111427.68
353070 MOGI GUACU;2026/Jan;834.0;2026-01-01;4.6;3868.0;55.0;6.59;1552377.29
353080 MOGI MIRIM;2026/Jan;437.0;2026-01-01;3.5;1538.0;21.0;4.81;766000.46
353110 MONGAGUA;2026/Jan;77.0;2026-01-01;4.0;306.0;1.0;1.3;17554.75
353130 MONTE ALTO;2026/Jan;185.0;2026-01-01;4.7;871.0;18.0;9.73;368680.31
353140 MONTE APRAZIVEL;2026/Jan;263.0;2026-01-01;2.2;572.0;4.0;1.52;142981.18
353150 MONTE AZUL PAULISTA;2026/Jan;151.0;2026-01-01;1.9;293.0;2.0;1.32;296972.99
353180 MONTE MOR;2026/Jan;83.0;2026-01-01;3.8;314.0;4.0;4.82;41715.78
353190 MORRO AGUDO;2026/Jan;171.0;2026-01-01;2.7;463.0;4.0;2.34;212893.92
353200 MORUNGABA;2026/Jan;16.0;2026-01-01;2.1;34.0;0.0;0.0;7218.09
353240 NAZARE PAULISTA;2026/Jan;41.0;2026-01-01;5.4;221.0;1.0;2.44;14856.96
353250 NEVES PAULISTA;2026/Jan;2.0;2026-01-01;5.5;11.0;1.0;50.0;1252.84
353260 NHANDEARA;2026/Jan;211.0;2026-01-01;2.1;440.0;5.0;2.37;168262.14
353290 NOVA EUROPA;2026/Jan;28.0;2026-01-01;3.6;101.0;3.0;10.71;13399.22
353300 NOVA GRANADA;2026/Jan;152.0;2026-01-01;2.9;443.0;5.0;3.29;54358.61
353340 NOVA ODESSA;2026/Jan;131.0;2026-01-01;5.2;675.0;13.0;9.92;65462.63
353350 NOVO HORIZONTE;2026/Jan;197.0;2026-01-01;2.9;564.0;12.0;6.09;264606.03
353390 OLIMPIA;2026/Jan;341.0;2026-01-01;4.4;1510.0;20.0;5.87;317582.93
353430 ORLANDIA;2026/Jan;217.0;2026-01-01;1.4;298.0;4.0;1.84;99761.72
353440 OSASCO;2026/Jan;2102.0;2026-01-01;5.9;12438.0;148.0;7.04;3336607.72
353460 OSVALDO CRUZ;2026/Jan;214.0;2026-01-01;3.1;674.0;11.0;5.14;122577.27
353470 OURINHOS;2026/Jan;892.0;2026-01-01;4.2;3743.0;56.0;6.28;1665743.47
353475 OUROESTE;2026/Jan;30.0;2026-01-01;3.2;95.0;1.0;3.33;12144.48
353520 PALMEIRA D'OESTE;2026/Jan;48.0;2026-01-01;2.9;140.0;0.0;0.0;13773.8
353530 PALMITAL;2026/Jan;195.0;2026-01-01;2.0;388.0;3.0;1.54;130576.38
353550 PARAGUACU PAULISTA;2026/Jan;588.0;2026-01-01;2.3;1336.0;17.0;2.89;595752.41
353580 PARANAPANEMA;2026/Jan;84.0;2026-01-01;2.7;227.0;2.0;2.38;31097.88
353600 PARAPUA;2026/Jan;40.0;2026-01-01;4.0;162.0;2.0;5.0;10602.33
353620 PARIQUERA-ACU;2026/Jan;871.0;2026-01-01;4.4;3829.0;51.0;5.86;1138099.11
353630 PATROCINIO PAULISTA;2026/Jan;61.0;2026-01-01;2.9;179.0;3.0;4.92;31352.76
353650 PAULINIA;2026/Jan;35.0;2026-01-01;5.5;192.0;6.0;17.14;26959.2
353660 PAULO DE FARIA;2026/Jan;7.0;2026-01-01;5.0;35.0;1.0;14.29;1903.04
353670 PEDERNEIRAS;2026/Jan;155.0;2026-01-01;3.4;527.0;11.0;7.1;155597.38
353700 PEDREGULHO;2026/Jan;91.0;2026-01-01;2.6;241.0;1.0;1.1;42242.86
353710 PEDREIRA;2026/Jan;102.0;2026-01-01;3.9;398.0;9.0;8.82;53693.93
353730 PENAPOLIS;2026/Jan;490.0;2026-01-01;3.5;1696.0;28.0;5.71;447347.13
353740 PEREIRA BARRETO;2026/Jan;75.0;2026-01-01;3.2;241.0;4.0;5.33;31752.99
353780 PIEDADE;2026/Jan;235.0;2026-01-01;3.1;740.0;14.0;5.96;112567.0
353790 PILAR DO SUL;2026/Jan;76.0;2026-01-01;3.0;225.0;4.0;5.26;33434.35
353800 PINDAMONHANGABA;2026/Jan;618.0;2026-01-01;5.7;3549.0;32.0;5.18;1011389.67
353860 PIRACAIA;2026/Jan;46.0;2026-01-01;5.2;240.0;7.0;15.22;16247.04
353870 PIRACICABA;2026/Jan;2950.0;2026-01-01;3.4;9899.0;121.0;4.1;6438305.49
353880 PIRAJU;2026/Jan;138.0;2026-01-01;3.0;415.0;11.0;7.97;60014.29
353890 PIRAJUI;2026/Jan;108.0;2026-01-01;4.7;507.0;6.0;5.56;83123.38
353900 PIRANGI;2026/Jan;159.0;2026-01-01;1.5;241.0;4.0;2.52;207955.8
353930 PIRASSUNUNGA;2026/Jan;226.0;2026-01-01;4.8;1093.0;14.0;6.19;286699.78
353940 PIRATININGA;2026/Jan;30.0;2026-01-01;6.3;190.0;1.0;3.33;8200.87
353950 PITANGUEIRAS;2026/Jan;105.0;2026-01-01;1.8;188.0;2.0;1.9;44322.24
354000 POMPEIA;2026/Jan;63.0;2026-01-01;3.1;195.0;2.0;3.17;26153.48
354020 PONTAL;2026/Jan;109.0;2026-01-01;1.3;141.0;4.0;3.67;64654.41
354040 POPULINA;2026/Jan;19.0;2026-01-01;3.7;71.0;0.0;0.0;5909.99
354060 PORTO FELIZ;2026/Jan;303.0;2026-01-01;3.2;973.0;12.0;3.96;268087.03
354070 PORTO FERREIRA;2026/Jan;188.0;2026-01-01;3.0;573.0;11.0;5.85;193543.13
354080 POTIRENDABA;2026/Jan;60.0;2026-01-01;2.4;145.0;2.0;3.33;23104.47
354100 PRAIA GRANDE;2026/Jan;928.0;2026-01-01;6.2;5795.0;46.0;4.96;1504209.48
354120 PRESIDENTE BERNARDES;2026/Jan;108.0;2026-01-01;2.7;292.0;0.0;0.0;39884.07
354130 PRESIDENTE EPITACIO;2026/Jan;252.0;2026-01-01;3.2;813.0;13.0;5.16;108925.12
354140 PRESIDENTE PRUDENTE;2026/Jan;3506.0;2026-01-01;5.8;20270.0;153.0;4.36;7176629.18
354150 PRESIDENTE VENCESLAU;2026/Jan;184.0;2026-01-01;4.4;816.0;11.0;5.98;255277.05
354160 PROMISSAO;2026/Jan;334.0;2026-01-01;3.4;1149.0;13.0;3.89;418888.94
354190 QUELUZ;2026/Jan;21.0;2026-01-01;7.3;153.0;0.0;0.0;10923.61
354220 RANCHARIA;2026/Jan;367.0;2026-01-01;2.4;895.0;13.0;3.54;429491.3
354240 REGENTE FEIJO;2026/Jan;88.0;2026-01-01;3.0;268.0;0.0;0.0;29876.47
354260 REGISTRO;2026/Jan;568.0;2026-01-01;4.3;2453.0;28.0;4.93;746392.86
354290 RIBEIRAO BONITO;2026/Jan;40.0;2026-01-01;1.6;62.0;1.0;2.5;53900.28
354300 RIBEIRAO BRANCO;2026/Jan;23.0;2026-01-01;3.9;90.0;2.0;8.7;7306.9
354330 RIBEIRAO PIRES;2026/Jan;167.0;2026-01-01;5.6;941.0;17.0;10.18;114654.16
354340 RIBEIRAO PRETO;2026/Jan;7809.0;2026-01-01;4.5;34930.0;293.0;3.75;17361816.2
354380 RINOPOLIS;2026/Jan;27.0;2026-01-01;5.5;148.0;1.0;3.7;10665.76
354390 RIO CLARO;2026/Jan;917.0;2026-01-01;6.6;6087.0;49.0;5.34;1405502.25
354400 RIO DAS PEDRAS;2026/Jan;71.0;2026-01-01;1.5;104.0;1.0;1.41;17077.04
354420 RIOLANDIA;2026/Jan;10.0;2026-01-01;3.7;37.0;0.0;0.0;5441.86
354425 ROSANA;2026/Jan;266.0;2026-01-01;11.5;3056.0;7.0;2.63;184176.28
354490 SALES OLIVEIRA;2026/Jan;20.0;2026-01-01;1.8;36.0;0.0;0.0;8479.94
354500 SALESOPOLIS;2026/Jan;45.0;2026-01-01;2.9;132.0;6.0;13.33;13293.91
354520 SALTO;2026/Jan;580.0;2026-01-01;2.5;1438.0;22.0;3.79;482504.49
354530 SALTO DE PIRAPORA;2026/Jan;144.0;2026-01-01;2.3;329.0;3.0;2.08;63751.62
354540 SALTO GRANDE;2026/Jan;52.0;2026-01-01;2.4;124.0;1.0;1.92;15849.14
354560 SANTA ADELIA;2026/Jan;88.0;2026-01-01;3.5;305.0;1.0;1.14;59588.55
354580 SANTA BARBARA D'OESTE;2026/Jan;687.0;2026-01-01;2.4;1658.0;26.0;3.78;840855.26
354630 SANTA CRUZ DAS PALMEIRAS;2026/Jan;124.0;2026-01-01;2.0;254.0;4.0;3.23;70806.17
354640 SANTA CRUZ DO RIO PARDO;2026/Jan;289.0;2026-01-01;4.1;1186.0;9.0;3.11;473719.64
354660 SANTA FE DO SUL;2026/Jan;307.0;2026-01-01;4.4;1358.0;17.0;5.54;361494.57
354680 SANTA ISABEL;2026/Jan;184.0;2026-01-01;5.1;943.0;8.0;4.35;226841.96
354730 SANTANA DE PARNAIBA;2026/Jan;315.0;2026-01-01;4.8;1503.0;11.0;3.49;142440.32
354750 SANTA RITA DO PASSA QUATRO;2026/Jan;148.0;2026-01-01;11.4;1687.0;4.0;2.7;118871.96
354760 SANTA ROSA DE VITERBO;2026/Jan;75.0;2026-01-01;3.5;260.0;1.0;1.33;15233.85
354770 SANTO ANASTACIO;2026/Jan;200.0;2026-01-01;2.9;587.0;4.0;2.0;52039.16
354780 SANTO ANDRE;2026/Jan;3341.0;2026-01-01;5.2;17372.0;229.0;6.85;6467330.48
354790 SANTO ANTONIO DA ALEGRIA;2026/Jan;14.0;2026-01-01;3.4;47.0;2.0;14.29;5870.37
354850 SANTOS;2026/Jan;2743.0;2026-01-01;5.6;15419.0;119.0;4.34;5629627.53
354860 SAO BENTO DO SAPUCAI;2026/Jan;37.0;2026-01-01;3.1;113.0;1.0;2.7;15432.57
354870 SAO BERNARDO DO CAMPO;2026/Jan;3370.0;2026-01-01;5.7;19343.0;178.0;5.28;8915593.63
354880 SAO CAETANO DO SUL;2026/Jan;1195.0;2026-01-01;4.2;4984.0;96.0;8.03;1834952.6
354890 SAO CARLOS;2026/Jan;1746.0;2026-01-01;3.5;6054.0;86.0;4.93;3044142.33
354910 SAO JOAO DA BOA VISTA;2026/Jan;563.0;2026-01-01;4.1;2290.0;48.0;8.53;1089477.03
354940 SAO JOAQUIM DA BARRA;2026/Jan;310.0;2026-01-01;3.6;1112.0;19.0;6.13;401074.72
354970 SAO JOSE DO RIO PARDO;2026/Jan;338.0;2026-01-01;3.4;1140.0;19.0;5.62;369559.97
354980 SAO JOSE DO RIO PRETO;2026/Jan;7956.0;2026-01-01;4.4;35006.0;295.0;3.71;24567620.84
354990 SAO JOSE DOS CAMPOS;2026/Jan;4792.0;2026-01-01;4.6;21902.0;224.0;4.67;10739734.5
355000 SAO LUIS DO PARAITINGA;2026/Jan;12.0;2026-01-01;2.7;32.0;2.0;16.67;2780.9
355010 SAO MANUEL;2026/Jan;93.0;2026-01-01;3.9;364.0;5.0;5.38;136991.14
355020 SAO MIGUEL ARCANJO;2026/Jan;131.0;2026-01-01;9.1;1192.0;6.0;4.58;183478.84
355030 SAO PAULO;2026/Jan;60466.0;2026-01-01;5.4;328217.0;2901.0;4.8;146711953.64
355040 SAO PEDRO;2026/Jan;347.0;2026-01-01;1.5;511.0;6.0;1.73;368940.51
355060 SAO ROQUE;2026/Jan;453.0;2026-01-01;3.7;1654.0;19.0;4.19;426306.57
355070 SAO SEBASTIAO;2026/Jan;539.0;2026-01-01;3.6;1936.0;22.0;4.08;461436.02
355080 SAO SEBASTIAO DA GRAMA;2026/Jan;43.0;2026-01-01;3.9;166.0;0.0;0.0;20621.57
355090 SAO SIMAO;2026/Jan;27.0;2026-01-01;8.3;224.0;0.0;0.0;12826.03
355100 SAO VICENTE;2026/Jan;688.0;2026-01-01;4.6;3144.0;37.0;5.38;1056874.93
355150 SERRANA;2026/Jan;287.0;2026-01-01;5.4;1562.0;16.0;5.57;403493.79
355160 SERRA NEGRA;2026/Jan;185.0;2026-01-01;3.6;659.0;18.0;9.73;159638.14
355170 SERTAOZINHO;2026/Jan;563.0;2026-01-01;3.4;1924.0;26.0;4.62;1180283.16
355200 SILVEIRAS;2026/Jan;0.0;2026-01-01;0.0;0.0;0.0;0.0;0.0
355210 SOCORRO;2026/Jan;321.0;2026-01-01;2.3;745.0;17.0;5.3;250777.95
355220 SOROCABA;2026/Jan;5081.0;2026-01-01;5.1;26027.0;326.0;6.42;10356587.72
355230 SUD MENNUCCI;2026/Jan;16.0;2026-01-01;3.2;51.0;0.0;0.0;6867.59
355240 SUMARE;2026/Jan;1023.0;2026-01-01;4.9;4971.0;48.0;4.69;2250963.89
355250 SUZANO;2026/Jan;758.0;2026-01-01;7.1;5346.0;54.0;7.12;1039919.53
355260 TABAPUA;2026/Jan;100.0;2026-01-01;3.3;327.0;1.0;1.0;67283.79
355270 TABATINGA;2026/Jan;61.0;2026-01-01;3.9;239.0;1.0;1.64;32148.85
355280 TABOAO DA SERRA;2026/Jan;1526.0;2026-01-01;5.0;7559.0;80.0;5.24;2488273.1
355300 TAGUAI;2026/Jan;39.0;2026-01-01;2.7;104.0;2.0;5.13;14473.24
355330 TAMBAU;2026/Jan;96.0;2026-01-01;2.8;268.0;4.0;4.17;40249.63
355340 TANABI;2026/Jan;106.0;2026-01-01;8.3;875.0;0.0;0.0;69891.59
355360 TAPIRATIBA;2026/Jan;35.0;2026-01-01;3.6;125.0;4.0;11.43;14782.25
355370 TAQUARITINGA;2026/Jan;329.0;2026-01-01;3.3;1102.0;9.0;2.74;258171.84
355380 TAQUARITUBA;2026/Jan;169.0;2026-01-01;2.0;345.0;3.0;1.78;60925.83
355400 TATUI;2026/Jan;404.0;2026-01-01;4.3;1721.0;17.0;4.21;348210.62
355410 TAUBATE;2026/Jan;2042.0;2026-01-01;4.2;8624.0;100.0;4.9;4856892.95
355430 TEODORO SAMPAIO;2026/Jan;84.0;2026-01-01;3.7;307.0;9.0;10.71;31021.05
355440 TERRA ROXA;2026/Jan;2.0;2026-01-01;4.0;8.0;1.0;50.0;331.51
355450 TIETE;2026/Jan;151.0;2026-01-01;2.8;423.0;2.0;1.32;69107.18
355470 TORRINHA;2026/Jan;9.0;2026-01-01;5.7;51.0;1.0;11.11;3786.76
355500 TUPA;2026/Jan;611.0;2026-01-01;4.3;2598.0;43.0;7.04;996719.85
355510 TUPI PAULISTA;2026/Jan;128.0;2026-01-01;3.8;489.0;3.0;2.34;85499.91
355540 UBATUBA;2026/Jan;519.0;2026-01-01;2.8;1467.0;10.0;1.93;291139.54
355580 URANIA;2026/Jan;42.0;2026-01-01;4.0;168.0;1.0;2.38;12029.02
355600 URUPES;2026/Jan;113.0;2026-01-01;2.7;302.0;2.0;1.77;80260.56
355620 VALINHOS;2026/Jan;398.0;2026-01-01;5.2;2054.0;29.0;7.29;615116.95
355630 VALPARAISO;2026/Jan;64.0;2026-01-01;3.5;225.0;3.0;4.69;35909.74
355640 VARGEM GRANDE DO SUL;2026/Jan;156.0;2026-01-01;4.0;618.0;6.0;3.85;85912.6
355650 VARZEA PAULISTA;2026/Jan;60.0;2026-01-01;3.6;216.0;5.0;8.33;18608.32
355670 VINHEDO;2026/Jan;450.0;2026-01-01;3.5;1572.0;20.0;4.44;492575.02
355680 VIRADOURO;2026/Jan;32.0;2026-01-01;2.8;91.0;0.0;0.0;9999.13
355700 VOTORANTIM;2026/Jan;286.0;2026-01-01;4.7;1357.0;20.0;6.99;276337.53
355710 VOTUPORANGA;2026/Jan;1099.0;2026-01-01;3.4;3702.0;45.0;4.09;2256572.28
355720 CHAVANTES;2026/Jan;87.0;2026-01-01;3.0;265.0;2.0;2.3;32628.39
350010 ADAMANTINA;2026/Fev;424.0;2026-02-01;8.9;3758.0;22.0;5.19;629110.17
350030 AGUAI;2026/Fev;33.0;2026-02-01;5.6;185.0;4.0;12.12;19163.19
350050 AGUAS DE LINDOIA;2026/Fev;88.0;2026-02-01;3.0;261.0;5.0;5.68;31731.72
350070 AGUDOS;2026/Fev;92.0;2026-02-01;1.8;163.0;0.0;0.0;46218.04
350100 ALTINOPOLIS;2026/Fev;154.0;2026-02-01;2.0;314.0;3.0;1.95;44790.27
350110 ALTO ALEGRE;2026/Fev;3.0;2026-02-01;2.0;6.0;1.0;33.33;1160.07
350130 ALVARES MACHADO;2026/Fev;60.0;2026-02-01;4.2;254.0;4.0;6.67;20613.3
350160 AMERICANA;2026/Fev;666.0;2026-02-01;4.4;2955.0;48.0;7.21;844972.0
350170 AMERICO BRASILIENSE;2026/Fev;505.0;2026-02-01;5.0;2536.0;8.0;1.58;596670.34
350190 AMPARO;2026/Fev;374.0;2026-02-01;15.2;5683.0;18.0;4.81;702430.22
350210 ANDRADINA;2026/Fev;254.0;2026-02-01;4.5;1150.0;21.0;8.27;285127.59
350220 ANGATUBA;2026/Fev;145.0;2026-02-01;2.7;392.0;7.0;4.83;47738.11
350250 APARECIDA;2026/Fev;378.0;2026-02-01;2.6;999.0;10.0;2.65;402877.64
350260 APARECIDA D'OESTE;2026/Fev;15.0;2026-02-01;3.5;53.0;0.0;0.0;5584.64
350270 APIAI;2026/Fev;276.0;2026-02-01;2.9;807.0;11.0;3.99;139698.36
350280 ARACATUBA;2026/Fev;1041.0;2026-02-01;6.4;6708.0;101.0;9.7;4381935.65
350310 ARANDU;2026/Fev;4.0;2026-02-01;6.8;27.0;1.0;25.0;1664.66
350320 ARARAQUARA;2026/Fev;1541.0;2026-02-01;3.9;6060.0;78.0;5.06;3294202.12
350330 ARARAS;2026/Fev;670.0;2026-02-01;4.7;3139.0;49.0;7.31;1308946.5
350340 AREALVA;2026/Fev;23.0;2026-02-01;2.1;48.0;0.0;0.0;3427.85
350390 ARUJA;2026/Fev;0.0;2026-02-01;0.0;0.0;0.0;0.0;0.0
350400 ASSIS;2026/Fev;826.0;2026-02-01;5.0;4089.0;43.0;5.21;1382445.82
350410 ATIBAIA;2026/Fev;335.0;2026-02-01;4.8;1603.0;24.0;7.16;351135.11
350420 AURIFLAMA;2026/Fev;177.0;2026-02-01;1.7;305.0;3.0;1.69;238869.43
350450 AVARE;2026/Fev;578.0;2026-02-01;3.5;2047.0;28.0;4.84;816458.07
350520 BARIRI;2026/Fev;144.0;2026-02-01;3.6;519.0;6.0;4.17;79940.57
350530 BARRA BONITA;2026/Fev;102.0;2026-02-01;3.6;372.0;8.0;7.84;60304.9
350550 BARRETOS;2026/Fev;2456.0;2026-02-01;4.9;12040.0;172.0;7.0;7502870.5
350570 BARUERI;2026/Fev;3150.0;2026-02-01;3.3;10530.0;107.0;3.4;2566770.41
350580 BASTOS;2026/Fev;74.0;2026-02-01;3.0;221.0;2.0;2.7;24953.26
350590 BATATAIS;2026/Fev;279.0;2026-02-01;4.8;1341.0;18.0;6.45;378486.49
350600 BAURU;2026/Fev;3495.0;2026-02-01;5.3;18390.0;143.0;4.09;5928911.85
350610 BEBEDOURO;2026/Fev;622.0;2026-02-01;3.0;1863.0;22.0;3.54;704201.14
350630 BERNARDINO DE CAMPOS;2026/Fev;58.0;2026-02-01;3.2;187.0;3.0;5.17;22273.81
350635 BERTIOGA;2026/Fev;307.0;2026-02-01;4.2;1286.0;20.0;6.51;161565.51
350640 BILAC;2026/Fev;17.0;2026-02-01;2.4;41.0;0.0;0.0;3950.11
350650 BIRIGUI;2026/Fev;369.0;2026-02-01;4.1;1529.0;21.0;5.69;399351.28
350670 BOA ESPERANCA DO SUL;2026/Fev;8.0;2026-02-01;3.9;31.0;0.0;0.0;4401.92
350680 BOCAINA;2026/Fev;13.0;2026-02-01;2.3;30.0;1.0;7.69;5570.21
350700 BOITUVA;2026/Fev;159.0;2026-02-01;3.0;470.0;3.0;1.89;89453.09
350710 BOM JESUS DOS PERDOES;2026/Fev;10.0;2026-02-01;11.3;113.0;1.0;10.0;4188.53
350740 BORBOREMA;2026/Fev;56.0;2026-02-01;4.8;269.0;2.0;3.57;28480.12
350750 BOTUCATU;2026/Fev;2422.0;2026-02-01;6.1;14827.0;128.0;5.28;7199896.42
350760 BRAGANCA PAULISTA;2026/Fev;1415.0;2026-02-01;3.8;5369.0;86.0;6.08;2965673.44
350790 BROTAS;2026/Fev;53.0;2026-02-01;6.9;368.0;2.0;3.77;34284.77
350810 BURITAMA;2026/Fev;94.0;2026-02-01;2.1;202.0;3.0;3.19;53209.21
350840 CABREUVA;2026/Fev;86.0;2026-02-01;2.6;227.0;1.0;1.16;30820.32
350850 CACAPAVA;2026/Fev;272.0;2026-02-01;5.0;1373.0;24.0;8.82;309488.49
350870 CACONDE;2026/Fev;156.0;2026-02-01;2.2;348.0;4.0;2.56;220746.48
350880 CAFELANDIA;2026/Fev;67.0;2026-02-01;3.6;239.0;6.0;8.96;24397.52
350900 CAIEIRAS;2026/Fev;442.0;2026-02-01;2.5;1114.0;1.0;0.23;266937.29
350920 CAJAMAR;2026/Fev;258.0;2026-02-01;3.4;885.0;11.0;4.26;92377.23
350930 CAJOBI;2026/Fev;0.0;2026-02-01;0.0;0.0;0.0;0.0;0.0
350940 CAJURU;2026/Fev;265.0;2026-02-01;3.0;782.0;9.0;3.4;131541.14
350950 CAMPINAS;2026/Fev;6455.0;2026-02-01;5.7;36743.0;312.0;4.83;18210756.08
350960 CAMPO LIMPO PAULISTA;2026/Fev;280.0;2026-02-01;3.9;1088.0;18.0;6.43;299413.98
350970 CAMPOS DO JORDAO;2026/Fev;217.0;2026-02-01;15.5;3357.0;5.0;2.3;341165.2
351000 CANDIDO MOTA;2026/Fev;199.0;2026-02-01;2.7;531.0;6.0;3.02;152040.98
351020 CAPAO BONITO;2026/Fev;202.0;2026-02-01;3.5;697.0;14.0;6.93;194822.47
351040 CAPIVARI;2026/Fev;208.0;2026-02-01;3.7;778.0;19.0;9.13;275202.53
351050 CARAGUATATUBA;2026/Fev;1728.0;2026-02-01;3.2;5561.0;60.0;3.47;2178382.74
351060 CARAPICUIBA;2026/Fev;1281.0;2026-02-01;3.5;4478.0;39.0;3.04;1473447.26
351070 CARDOSO;2026/Fev;24.0;2026-02-01;6.0;144.0;1.0;4.17;9276.94
351080 CASA BRANCA;2026/Fev;185.0;2026-02-01;9.9;1824.0;11.0;5.95;146621.31
351100 CASTILHO;2026/Fev;64.0;2026-02-01;2.9;183.0;2.0;3.13;28951.58
351110 CATANDUVA;2026/Fev;1508.0;2026-02-01;6.8;10292.0;86.0;5.7;3383792.02
351140 CERQUEIRA CESAR;2026/Fev;130.0;2026-02-01;2.2;285.0;5.0;3.85;64278.98
351150 CERQUILHO;2026/Fev;66.0;2026-02-01;3.2;214.0;5.0;7.58;25692.48
351160 CESARIO LANGE;2026/Fev;40.0;2026-02-01;2.1;83.0;1.0;2.5;23723.8
351170 CHARQUEADA;2026/Fev;22.0;2026-02-01;4.2;92.0;2.0;9.09;6128.01
351190 CLEMENTINA;2026/Fev;12.0;2026-02-01;7.8;94.0;1.0;8.33;5388.65
351200 COLINA;2026/Fev;70.0;2026-02-01;4.6;325.0;5.0;7.14;113728.32
351210 COLOMBIA;2026/Fev;0.0;2026-02-01;0.0;0.0;0.0;0.0;0.0
351220 CONCHAL;2026/Fev;145.0;2026-02-01;2.3;340.0;1.0;0.69;72391.71
351230 CONCHAS;2026/Fev;33.0;2026-02-01;4.1;134.0;3.0;9.09;9164.2
351280 COSMOPOLIS;2026/Fev;116.0;2026-02-01;3.1;358.0;7.0;6.03;119879.02
351300 COTIA;2026/Fev;996.0;2026-02-01;3.6;3567.0;38.0;3.82;822567.9
351310 CRAVINHOS;2026/Fev;15.0;2026-02-01;3.0;45.0;0.0;0.0;5931.68
351340 CRUZEIRO;2026/Fev;491.0;2026-02-01;5.1;2516.0;46.0;9.37;696990.43
351350 CUBATAO;2026/Fev;481.0;2026-02-01;6.5;3135.0;28.0;5.82;613436.48
351360 CUNHA;2026/Fev;103.0;2026-02-01;2.8;291.0;4.0;3.88;60206.45
351370 DESCALVADO;2026/Fev;132.0;2026-02-01;2.3;306.0;7.0;5.3;93488.06
351380 DIADEMA;2026/Fev;1909.0;2026-02-01;4.7;9061.0;57.0;2.99;2746361.32
351390 DIVINOLANDIA;2026/Fev;351.0;2026-02-01;1.9;669.0;6.0;1.71;493771.77
351410 DOIS CORREGOS;2026/Fev;97.0;2026-02-01;4.2;405.0;2.0;2.06;42685.23
351440 DRACENA;2026/Fev;256.0;2026-02-01;6.0;1526.0;21.0;8.2;555367.09
351450 DUARTINA;2026/Fev;75.0;2026-02-01;2.7;200.0;5.0;6.67;27030.42
351500 EMBU DAS ARTES;2026/Fev;265.0;2026-02-01;4.9;1288.0;16.0;6.04;119496.28
351510 EMBU-GUACU;2026/Fev;77.0;2026-02-01;1.5;112.0;6.0;7.79;31665.58
351518 ESPIRITO SANTO DO PINHAL;2026/Fev;379.0;2026-02-01;21.7;8231.0;13.0;3.43;788265.81
351520 ESTRELA D'OESTE;2026/Fev;41.0;2026-02-01;3.2;132.0;0.0;0.0;20048.16
351540 FARTURA;2026/Fev;48.0;2026-02-01;2.9;139.0;3.0;6.25;18210.82
351550 FERNANDOPOLIS;2026/Fev;576.0;2026-02-01;3.3;1916.0;21.0;3.65;634725.06
351570 FERRAZ DE VASCONCELOS;2026/Fev;753.0;2026-02-01;4.7;3560.0;24.0;3.19;557925.2
351600 FLORIDA PAULISTA;2026/Fev;87.0;2026-02-01;2.0;176.0;2.0;2.3;26848.27
351620 FRANCA;2026/Fev;1946.0;2026-02-01;5.2;10096.0;110.0;5.65;4771225.38
351630 FRANCISCO MORATO;2026/Fev;1011.0;2026-02-01;4.2;4199.0;58.0;5.74;864314.96
351640 FRANCO DA ROCHA;2026/Fev;727.0;2026-02-01;7.7;5622.0;40.0;5.5;962085.34
351660 GALIA;2026/Fev;12.0;2026-02-01;8.2;98.0;1.0;8.33;6393.4
351670 GARCA;2026/Fev;191.0;2026-02-01;23.3;4459.0;10.0;5.24;455266.03
351690 GENERAL SALGADO;2026/Fev;42.0;2026-02-01;3.5;145.0;1.0;2.38;20959.89
351700 GETULINA;2026/Fev;34.0;2026-02-01;4.1;140.0;6.0;17.65;10878.45
351740 GUAIRA;2026/Fev;249.0;2026-02-01;2.8;695.0;6.0;2.41;382704.51
351760 GUAPIARA;2026/Fev;24.0;2026-02-01;5.5;133.0;0.0;0.0;9425.94
351770 GUARA;2026/Fev;50.0;2026-02-01;3.7;184.0;0.0;0.0;22802.35
351780 GUARACAI;2026/Fev;41.0;2026-02-01;2.8;115.0;1.0;2.44;23324.02
351820 GUARARAPES;2026/Fev;105.0;2026-02-01;3.2;332.0;7.0;6.67;53716.02
351830 GUARAREMA;2026/Fev;118.0;2026-02-01;3.4;402.0;4.0;3.39;41292.16
351840 GUARATINGUETA;2026/Fev;1023.0;2026-02-01;5.3;5418.0;53.0;5.18;1621604.5
351860 GUARIBA;2026/Fev;96.0;2026-02-01;3.6;342.0;5.0;5.21;41962.76
351870 GUARUJA;2026/Fev;1041.0;2026-02-01;6.0;6252.0;58.0;5.57;2090956.47
351880 GUARULHOS;2026/Fev;4485.0;2026-02-01;4.7;21282.0;268.0;5.98;6568960.46
351900 HERCULANDIA;2026/Fev;74.0;2026-02-01;3.3;247.0;0.0;0.0;26710.93
351907 HORTOLANDIA;2026/Fev;398.0;2026-02-01;3.8;1526.0;27.0;6.78;357480.05
351910 IACANGA;2026/Fev;67.0;2026-02-01;3.0;203.0;2.0;2.99;20538.08
351930 IBATE;2026/Fev;70.0;2026-02-01;2.5;174.0;4.0;5.71;42164.83
351940 IBIRA;2026/Fev;31.0;2026-02-01;3.8;117.0;1.0;3.23;15308.62
351960 IBITINGA;2026/Fev;446.0;2026-02-01;2.7;1190.0;22.0;4.93;590546.0
351970 IBIUNA;2026/Fev;346.0;2026-02-01;3.2;1097.0;11.0;3.18;184482.46
351990 IEPE;2026/Fev;49.0;2026-02-01;4.3;210.0;1.0;2.04;18309.88
352010 IGARAPAVA;2026/Fev;108.0;2026-02-01;5.2;557.0;3.0;2.78;66126.59
352040 ILHABELA;2026/Fev;199.0;2026-02-01;3.3;656.0;6.0;3.02;183726.22
352044 ILHA SOLTEIRA;2026/Fev;176.0;2026-02-01;4.1;726.0;8.0;4.55;215376.28
352050 INDAIATUBA;2026/Fev;1687.0;2026-02-01;3.0;5005.0;44.0;2.61;2114791.77
352070 INDIAPORA;2026/Fev;27.0;2026-02-01;2.6;70.0;1.0;3.7;9092.92
352090 IPAUSSU;2026/Fev;80.0;2026-02-01;3.0;240.0;2.0;2.5;42872.57
352130 IPUA;2026/Fev;73.0;2026-02-01;3.5;254.0;0.0;0.0;35164.8
352170 ITABERA;2026/Fev;86.0;2026-02-01;2.0;170.0;3.0;3.49;45217.19
352180 ITAI;2026/Fev;63.0;2026-02-01;2.7;167.0;3.0;4.76;26042.07
352190 ITAJOBI;2026/Fev;52.0;2026-02-01;7.7;400.0;4.0;7.69;15682.16
352210 ITANHAEM;2026/Fev;942.0;2026-02-01;4.5;4273.0;56.0;5.94;1235156.23
352220 ITAPECERICA DA SERRA;2026/Fev;1245.0;2026-02-01;3.8;4719.0;64.0;5.14;1395636.22
352230 ITAPETININGA;2026/Fev;838.0;2026-02-01;5.6;4718.0;52.0;6.21;1022347.54
352240 ITAPEVA;2026/Fev;790.0;2026-02-01;3.7;2947.0;41.0;5.19;1232447.86
352250 ITAPEVI;2026/Fev;1222.0;2026-02-01;3.7;4568.0;31.0;2.54;1145502.13
352260 ITAPIRA;2026/Fev;478.0;2026-02-01;22.2;10618.0;37.0;7.74;901577.4
352270 ITAPOLIS;2026/Fev;243.0;2026-02-01;3.3;805.0;15.0;6.17;304124.67
352280 ITAPORANGA;2026/Fev;80.0;2026-02-01;2.1;165.0;3.0;3.75;31110.78
352290 ITAPUI;2026/Fev;0.0;2026-02-01;0.0;0.0;0.0;0.0;0.0
352310 ITAQUAQUECETUBA;2026/Fev;1235.0;2026-02-01;6.0;7463.0;91.0;7.37;1534996.45
352320 ITARARE;2026/Fev;345.0;2026-02-01;1.9;671.0;11.0;3.19;231506.54
352340 ITATIBA;2026/Fev;531.0;2026-02-01;3.7;1945.0;24.0;4.52;856433.19
352350 ITATINGA;2026/Fev;16.0;2026-02-01;4.6;74.0;1.0;6.25;5516.0
352360 ITIRAPINA;2026/Fev;5.0;2026-02-01;2.8;14.0;0.0;0.0;1359.37
352390 ITU;2026/Fev;635.0;2026-02-01;4.9;3120.0;28.0;4.41;1007467.41
352400 ITUPEVA;2026/Fev;159.0;2026-02-01;3.8;598.0;7.0;4.4;61442.32
352410 ITUVERAVA;2026/Fev;275.0;2026-02-01;3.9;1064.0;28.0;10.18;386654.77
352420 JABORANDI;2026/Fev;5.0;2026-02-01;4.0;20.0;0.0;0.0;2430.46
352430 JABOTICABAL;2026/Fev;173.0;2026-02-01;4.5;770.0;9.0;5.2;169710.98
352440 JACAREI;2026/Fev;1156.0;2026-02-01;3.9;4518.0;61.0;5.28;1786460.71
352450 JACI;2026/Fev;122.0;2026-02-01;102.7;12531.0;1.0;0.82;1006476.65
352470 JAGUARIUNA;2026/Fev;316.0;2026-02-01;3.6;1148.0;17.0;5.38;389484.66
352480 JALES;2026/Fev;711.0;2026-02-01;3.1;2235.0;59.0;8.3;1206882.5
352520 JARINU;2026/Fev;39.0;2026-02-01;3.8;150.0;0.0;0.0;4983.69
352530 JAU;2026/Fev;2036.0;2026-02-01;5.5;11187.0;121.0;5.94;5381023.43
352550 JOANOPOLIS;2026/Fev;26.0;2026-02-01;4.2;109.0;3.0;11.54;10948.74
352570 JOSE BONIFACIO;2026/Fev;202.0;2026-02-01;4.2;844.0;8.0;3.96;148105.62
352590 JUNDIAI;2026/Fev;3674.0;2026-02-01;3.7;13595.0;147.0;4.0;4767525.92
352600 JUNQUEIROPOLIS;2026/Fev;88.0;2026-02-01;6.3;550.0;1.0;1.14;41048.29
352640 LARANJAL PAULISTA;2026/Fev;121.0;2026-02-01;3.7;445.0;3.0;2.48;62713.94
352670 LEME;2026/Fev;448.0;2026-02-01;3.5;1583.0;21.0;4.69;408895.95
352680 LENCOIS PAULISTA;2026/Fev;242.0;2026-02-01;3.0;730.0;6.0;2.48;283569.29
352690 LIMEIRA;2026/Fev;1239.0;2026-02-01;4.2;5183.0;71.0;5.73;3365143.31
352710 LINS;2026/Fev;643.0;2026-02-01;6.0;3833.0;29.0;4.51;640357.06
352720 LORENA;2026/Fev;351.0;2026-02-01;4.5;1595.0;18.0;5.13;539486.37
352730 LOUVEIRA;2026/Fev;184.0;2026-02-01;2.6;481.0;5.0;2.72;107931.87
352740 LUCELIA;2026/Fev;52.0;2026-02-01;4.3;226.0;7.0;13.46;17496.22
352800 MACATUBA;2026/Fev;56.0;2026-02-01;3.0;170.0;3.0;5.36;19492.89
352810 MACAUBAL;2026/Fev;4.0;2026-02-01;3.5;14.0;0.0;0.0;1836.26
352850 MAIRIPORA;2026/Fev;209.0;2026-02-01;2.8;579.0;8.0;3.83;61945.97
352880 MARACAI;2026/Fev;68.0;2026-02-01;2.6;174.0;3.0;4.41;46459.37
352900 MARILIA;2026/Fev;2471.0;2026-02-01;5.7;13972.0;113.0;4.57;6589421.62
352920 MARTINOPOLIS;2026/Fev;228.0;2026-02-01;1.8;410.0;4.0;1.75;90365.44
352930 MATAO;2026/Fev;515.0;2026-02-01;4.6;2393.0;38.0;7.38;1834185.47
352940 MAUA;2026/Fev;1118.0;2026-02-01;4.7;5253.0;67.0;5.99;1310182.03
352970 MIGUELOPOLIS;2026/Fev;59.0;2026-02-01;3.8;222.0;6.0;10.17;35982.58
353010 MIRANDOPOLIS;2026/Fev;269.0;2026-02-01;4.1;1111.0;16.0;5.95;263079.04
353030 MIRASSOL;2026/Fev;0.0;2026-02-01;0.0;0.0;0.0;0.0;0.0
353050 MOCOCA;2026/Fev;426.0;2026-02-01;3.4;1451.0;24.0;5.63;456108.28
353060 MOGI DAS CRUZES;2026/Fev;2664.0;2026-02-01;4.8;12788.0;131.0;4.92;4177159.52
353070 MOGI GUACU;2026/Fev;778.0;2026-02-01;4.7;3680.0;50.0;6.43;1417558.68
353080 MOGI MIRIM;2026/Fev;399.0;2026-02-01;3.3;1306.0;14.0;3.51;672383.78
353110 MONGAGUA;2026/Fev;50.0;2026-02-01;4.7;234.0;4.0;8.0;10827.53
353130 MONTE ALTO;2026/Fev;192.0;2026-02-01;4.9;949.0;13.0;6.77;403287.11
353140 MONTE APRAZIVEL;2026/Fev;238.0;2026-02-01;1.7;410.0;2.0;0.84;156284.44
353150 MONTE AZUL PAULISTA;2026/Fev;106.0;2026-02-01;1.8;187.0;1.0;0.94;156061.05
353180 MONTE MOR;2026/Fev;78.0;2026-02-01;3.0;237.0;5.0;6.41;34436.33
353190 MORRO AGUDO;2026/Fev;153.0;2026-02-01;2.8;423.0;14.0;9.15;237481.53
353200 MORUNGABA;2026/Fev;8.0;2026-02-01;3.1;25.0;0.0;0.0;3785.17
353240 NAZARE PAULISTA;2026/Fev;35.0;2026-02-01;5.8;202.0;3.0;8.57;14897.69
353250 NEVES PAULISTA;2026/Fev;5.0;2026-02-01;2.8;14.0;0.0;0.0;1750.42
353260 NHANDEARA;2026/Fev;215.0;2026-02-01;2.1;456.0;7.0;3.26;170551.67
353290 NOVA EUROPA;2026/Fev;24.0;2026-02-01;5.0;120.0;1.0;4.17;13666.12
353300 NOVA GRANADA;2026/Fev;118.0;2026-02-01;2.7;313.0;0.0;0.0;35810.5
353340 NOVA ODESSA;2026/Fev;123.0;2026-02-01;4.7;577.0;12.0;9.76;54813.55
353350 NOVO HORIZONTE;2026/Fev;165.0;2026-02-01;2.9;478.0;13.0;7.88;267678.71
353390 OLIMPIA;2026/Fev;281.0;2026-02-01;4.5;1254.0;12.0;4.27;296885.42
353430 ORLANDIA;2026/Fev;226.0;2026-02-01;1.6;371.0;6.0;2.65;131142.41
353440 OSASCO;2026/Fev;2042.0;2026-02-01;5.7;11701.0;157.0;7.69;3051913.24
353460 OSVALDO CRUZ;2026/Fev;220.0;2026-02-01;3.5;778.0;11.0;5.0;121790.88
353470 OURINHOS;2026/Fev;776.0;2026-02-01;4.5;3518.0;56.0;7.22;1370864.76
353475 OUROESTE;2026/Fev;50.0;2026-02-01;4.1;206.0;4.0;8.0;28546.5
353520 PALMEIRA D'OESTE;2026/Fev;55.0;2026-02-01;3.0;163.0;1.0;1.82;19064.28
353530 PALMITAL;2026/Fev;177.0;2026-02-01;1.9;336.0;4.0;2.26;132972.77
353550 PARAGUACU PAULISTA;2026/Fev;334.0;2026-02-01;3.7;1224.0;22.0;6.59;530379.78
353580 PARANAPANEMA;2026/Fev;51.0;2026-02-01;3.2;165.0;1.0;1.96;19130.92
353600 PARAPUA;2026/Fev;33.0;2026-02-01;4.1;136.0;1.0;3.03;7134.7
353620 PARIQUERA-ACU;2026/Fev;777.0;2026-02-01;4.0;3112.0;50.0;6.44;923262.31
353630 PATROCINIO PAULISTA;2026/Fev;78.0;2026-02-01;3.1;240.0;0.0;0.0;38750.98
353650 PAULINIA;2026/Fev;20.0;2026-02-01;3.0;61.0;1.0;5.0;9560.32
353660 PAULO DE FARIA;2026/Fev;15.0;2026-02-01;2.4;36.0;0.0;0.0;5674.67
353670 PEDERNEIRAS;2026/Fev;159.0;2026-02-01;3.7;590.0;6.0;3.77;148826.8
353700 PEDREGULHO;2026/Fev;69.0;2026-02-01;2.9;200.0;3.0;4.35;32935.6
353710 PEDREIRA;2026/Fev;109.0;2026-02-01;3.8;412.0;10.0;9.17;56445.94
353730 PENAPOLIS;2026/Fev;479.0;2026-02-01;5.7;2728.0;28.0;5.85;516601.91
353740 PEREIRA BARRETO;2026/Fev;55.0;2026-02-01;2.7;147.0;6.0;10.91;28552.09
353780 PIEDADE;2026/Fev;236.0;2026-02-01;3.1;727.0;10.0;4.24;150455.59
353790 PILAR DO SUL;2026/Fev;91.0;2026-02-01;2.3;211.0;5.0;5.49;34470.92
353800 PINDAMONHANGABA;2026/Fev;551.0;2026-02-01;5.4;2967.0;23.0;4.17;819481.32
353860 PIRACAIA;2026/Fev;47.0;2026-02-01;3.8;180.0;2.0;4.26;13952.37
353870 PIRACICABA;2026/Fev;2754.0;2026-02-01;2.9;8030.0;106.0;3.85;5879334.9
353880 PIRAJU;2026/Fev;150.0;2026-02-01;3.1;458.0;13.0;8.67;63952.18
353890 PIRAJUI;2026/Fev;131.0;2026-02-01;41.9;5488.0;6.0;4.58;482201.77
353900 PIRANGI;2026/Fev;158.0;2026-02-01;1.4;216.0;3.0;1.9;279326.1
353930 PIRASSUNUNGA;2026/Fev;182.0;2026-02-01;4.6;830.0;22.0;12.09;262785.84
353940 PIRATININGA;2026/Fev;18.0;2026-02-01;7.2;130.0;0.0;0.0;5221.06
353950 PITANGUEIRAS;2026/Fev;132.0;2026-02-01;2.1;277.0;3.0;2.27;55897.81
354000 POMPEIA;2026/Fev;66.0;2026-02-01;3.4;224.0;2.0;3.03;28945.33
354020 PONTAL;2026/Fev;111.0;2026-02-01;1.3;142.0;3.0;2.7;59303.88
354040 POPULINA;2026/Fev;25.0;2026-02-01;3.7;93.0;1.0;4.0;6961.16
354060 PORTO FELIZ;2026/Fev;324.0;2026-02-01;2.3;759.0;15.0;4.63;277151.13
354070 PORTO FERREIRA;2026/Fev;181.0;2026-02-01;3.3;596.0;8.0;4.42;199507.4
354080 POTIRENDABA;2026/Fev;51.0;2026-02-01;2.6;134.0;0.0;0.0;21744.7
354100 PRAIA GRANDE;2026/Fev;817.0;2026-02-01;5.9;4795.0;63.0;7.71;1161059.29
354120 PRESIDENTE BERNARDES;2026/Fev;97.0;2026-02-01;3.0;290.0;0.0;0.0;35976.14
354130 PRESIDENTE EPITACIO;2026/Fev;202.0;2026-02-01;3.3;667.0;14.0;6.93;85848.33
354140 PRESIDENTE PRUDENTE;2026/Fev;3571.0;2026-02-01;5.8;20857.0;152.0;4.26;7168401.92
354150 PRESIDENTE VENCESLAU;2026/Fev;172.0;2026-02-01;3.9;672.0;6.0;3.49;191907.45
354160 PROMISSAO;2026/Fev;354.0;2026-02-01;3.6;1278.0;8.0;2.26;372240.73
354190 QUELUZ;2026/Fev;17.0;2026-02-01;5.6;95.0;0.0;0.0;8122.18
354220 RANCHARIA;2026/Fev;359.0;2026-02-01;2.6;950.0;9.0;2.51;393443.21
354240 REGENTE FEIJO;2026/Fev;89.0;2026-02-01;3.3;297.0;3.0;3.37;27927.18
354260 REGISTRO;2026/Fev;595.0;2026-02-01;4.0;2354.0;21.0;3.53;693975.15
354290 RIBEIRAO BONITO;2026/Fev;42.0;2026-02-01;2.1;87.0;2.0;4.76;40683.6
354300 RIBEIRAO BRANCO;2026/Fev;26.0;2026-02-01;5.0;129.0;1.0;3.85;11453.55
354330 RIBEIRAO PIRES;2026/Fev;150.0;2026-02-01;6.0;900.0;13.0;8.67;102992.58
354340 RIBEIRAO PRETO;2026/Fev;7318.0;2026-02-01;4.4;32304.0;255.0;3.48;17446966.39
354380 RINOPOLIS;2026/Fev;19.0;2026-02-01;4.6;87.0;1.0;5.26;7243.22
354390 RIO CLARO;2026/Fev;926.0;2026-02-01;6.2;5779.0;39.0;4.21;1407154.28
354400 RIO DAS PEDRAS;2026/Fev;90.0;2026-02-01;1.3;117.0;2.0;2.22;18670.81
354420 RIOLANDIA;2026/Fev;3.0;2026-02-01;6.0;18.0;0.0;0.0;1276.09
354425 ROSANA;2026/Fev;220.0;2026-02-01;3.3;727.0;2.0;0.91;95114.57
354490 SALES OLIVEIRA;2026/Fev;15.0;2026-02-01;1.4;21.0;0.0;0.0;5948.38
354500 SALESOPOLIS;2026/Fev;45.0;2026-02-01;2.5;113.0;4.0;8.89;11246.72
354520 SALTO;2026/Fev;598.0;2026-02-01;2.3;1358.0;23.0;3.85;453138.03
354530 SALTO DE PIRAPORA;2026/Fev;240.0;2026-02-01;1.8;434.0;4.0;1.67;132493.83
354540 SALTO GRANDE;2026/Fev;53.0;2026-02-01;2.5;134.0;0.0;0.0;19627.88
354560 SANTA ADELIA;2026/Fev;77.0;2026-02-01;3.1;241.0;0.0;0.0;65051.67
354580 SANTA BARBARA D'OESTE;2026/Fev;676.0;2026-02-01;2.4;1646.0;29.0;4.29;849468.16
354630 SANTA CRUZ DAS PALMEIRAS;2026/Fev;91.0;2026-02-01;2.2;200.0;2.0;2.2;43534.67
354640 SANTA CRUZ DO RIO PARDO;2026/Fev;303.0;2026-02-01;3.8;1161.0;12.0;3.96;391125.75
354660 SANTA FE DO SUL;2026/Fev;291.0;2026-02-01;4.9;1439.0;13.0;4.47;307649.97
354680 SANTA ISABEL;2026/Fev;148.0;2026-02-01;5.9;868.0;10.0;6.76;179913.84
354730 SANTANA DE PARNAIBA;2026/Fev;297.0;2026-02-01;4.5;1344.0;14.0;4.71;128576.9
354750 SANTA RITA DO PASSA QUATRO;2026/Fev;115.0;2026-02-01;10.0;1148.0;6.0;5.22;82875.13
354760 SANTA ROSA DE VITERBO;2026/Fev;98.0;2026-02-01;3.7;362.0;3.0;3.06;23226.24
354770 SANTO ANASTACIO;2026/Fev;184.0;2026-02-01;4.1;758.0;4.0;2.17;51645.23
354780 SANTO ANDRE;2026/Fev;2818.0;2026-02-01;5.3;14988.0;220.0;7.81;5363192.37
354790 SANTO ANTONIO DA ALEGRIA;2026/Fev;11.0;2026-02-01;4.5;49.0;0.0;0.0;3885.13
354850 SANTOS;2026/Fev;2705.0;2026-02-01;5.3;14464.0;134.0;4.95;5329170.16
354860 SAO BENTO DO SAPUCAI;2026/Fev;29.0;2026-02-01;3.6;105.0;0.0;0.0;13147.43
354870 SAO BERNARDO DO CAMPO;2026/Fev;3058.0;2026-02-01;5.9;18108.0;148.0;4.84;8211370.47
354880 SAO CAETANO DO SUL;2026/Fev;1107.0;2026-02-01;4.0;4388.0;63.0;5.69;1540143.76
354890 SAO CARLOS;2026/Fev;1731.0;2026-02-01;3.4;5808.0;68.0;3.93;3112408.16
354910 SAO JOAO DA BOA VISTA;2026/Fev;509.0;2026-02-01;4.2;2131.0;36.0;7.07;1030362.35
354940 SAO JOAQUIM DA BARRA;2026/Fev;262.0;2026-02-01;4.0;1044.0;24.0;9.16;349283.55
354970 SAO JOSE DO RIO PARDO;2026/Fev;326.0;2026-02-01;2.9;954.0;20.0;6.13;392242.62
354980 SAO JOSE DO RIO PRETO;2026/Fev;7236.0;2026-02-01;4.4;32197.0;263.0;3.63;23509410.01
354990 SAO JOSE DOS CAMPOS;2026/Fev;4593.0;2026-02-01;4.5;20651.0;215.0;4.68;9626336.29
355000 SAO LUIS DO PARAITINGA;2026/Fev;16.0;2026-02-01;6.9;111.0;1.0;6.25;4695.6
355010 SAO MANUEL;2026/Fev;103.0;2026-02-01;3.7;377.0;9.0;8.74;122200.34
355020 SAO MIGUEL ARCANJO;2026/Fev;100.0;2026-02-01;10.9;1091.0;9.0;9.0;159422.43
355030 SAO PAULO;2026/Fev;57254.0;2026-02-01;5.2;296976.0;2537.0;4.43;133212649.4
355040 SAO PEDRO;2026/Fev;317.0;2026-02-01;1.9;588.0;4.0;1.26;366708.11
355060 SAO ROQUE;2026/Fev;388.0;2026-02-01;3.3;1287.0;23.0;5.93;400065.41
355070 SAO SEBASTIAO;2026/Fev;530.0;2026-02-01;3.6;1893.0;11.0;2.08;425519.29
355080 SAO SEBASTIAO DA GRAMA;2026/Fev;41.0;2026-02-01;3.4;141.0;1.0;2.44;28714.41
355090 SAO SIMAO;2026/Fev;23.0;2026-02-01;6.4;147.0;0.0;0.0;11132.0
355100 SAO VICENTE;2026/Fev;713.0;2026-02-01;4.1;2955.0;34.0;4.77;971657.39
355150 SERRANA;2026/Fev;248.0;2026-02-01;4.9;1203.0;11.0;4.44;317040.41
355160 SERRA NEGRA;2026/Fev;230.0;2026-02-01;2.6;594.0;8.0;3.48;252946.46
355170 SERTAOZINHO;2026/Fev;518.0;2026-02-01;3.7;1905.0;25.0;4.83;965818.56
355200 SILVEIRAS;2026/Fev;1.0;2026-02-01;5.0;5.0;0.0;0.0;44.22
355210 SOCORRO;2026/Fev;291.0;2026-02-01;2.3;659.0;15.0;5.15;209168.07
355220 SOROCABA;2026/Fev;4728.0;2026-02-01;4.9;23391.0;258.0;5.46;9223439.45
355230 SUD MENNUCCI;2026/Fev;12.0;2026-02-01;3.2;38.0;0.0;0.0;5062.36
355240 SUMARE;2026/Fev;969.0;2026-02-01;4.5;4343.0;36.0;3.72;1877235.2
355250 SUZANO;2026/Fev;680.0;2026-02-01;6.6;4509.0;40.0;5.88;813617.28
355260 TABAPUA;2026/Fev;67.0;2026-02-01;3.4;226.0;0.0;0.0;47402.61
355270 TABATINGA;2026/Fev;79.0;2026-02-01;3.8;302.0;2.0;2.53;51845.48
355280 TABOAO DA SERRA;2026/Fev;1427.0;2026-02-01;4.7;6755.0;74.0;5.19;2299453.59
355300 TAGUAI;2026/Fev;50.0;2026-02-01;3.9;196.0;5.0;10.0;20161.95
355330 TAMBAU;2026/Fev;60.0;2026-02-01;3.1;187.0;2.0;3.33;22248.89
355340 TANABI;2026/Fev;122.0;2026-02-01;7.5;917.0;3.0;2.46;78323.03
355360 TAPIRATIBA;2026/Fev;25.0;2026-02-01;2.8;71.0;3.0;12.0;12855.68
355370 TAQUARITINGA;2026/Fev;329.0;2026-02-01;3.2;1068.0;16.0;4.86;372934.89
355380 TAQUARITUBA;2026/Fev;141.0;2026-02-01;2.0;284.0;4.0;2.84;57136.67
355400 TATUI;2026/Fev;400.0;2026-02-01;4.1;1648.0;22.0;5.5;362494.52
355410 TAUBATE;2026/Fev;1835.0;2026-02-01;4.2;7714.0;98.0;5.34;4132915.93
355430 TEODORO SAMPAIO;2026/Fev;91.0;2026-02-01;3.8;346.0;2.0;2.2;24992.41
355440 TERRA ROXA;2026/Fev;0.0;2026-02-01;0.0;0.0;0.0;0.0;0.0
355450 TIETE;2026/Fev;164.0;2026-02-01;2.8;452.0;6.0;3.66;79023.08
355470 TORRINHA;2026/Fev;3.0;2026-02-01;5.0;15.0;1.0;33.33;1363.27
355500 TUPA;2026/Fev;658.0;2026-02-01;4.4;2888.0;45.0;6.84;1033924.81
355510 TUPI PAULISTA;2026/Fev;117.0;2026-02-01;4.3;506.0;5.0;4.27;67691.73
355540 UBATUBA;2026/Fev;463.0;2026-02-01;2.9;1350.0;16.0;3.46;265199.4
355580 URANIA;2026/Fev;49.0;2026-02-01;4.2;207.0;1.0;2.04;16037.22
355600 URUPES;2026/Fev;118.0;2026-02-01;2.8;334.0;6.0;5.08;82635.29
355620 VALINHOS;2026/Fev;372.0;2026-02-01;4.6;1715.0;30.0;8.06;558572.78
355630 VALPARAISO;2026/Fev;85.0;2026-02-01;2.7;227.0;1.0;1.18;61681.96
355640 VARGEM GRANDE DO SUL;2026/Fev;163.0;2026-02-01;3.4;556.0;15.0;9.2;91661.54
355650 VARZEA PAULISTA;2026/Fev;52.0;2026-02-01;3.2;168.0;4.0;7.69;14402.02
355670 VINHEDO;2026/Fev;441.0;2026-02-01;3.5;1549.0;19.0;4.31;528430.61
355680 VIRADOURO;2026/Fev;33.0;2026-02-01;2.0;67.0;0.0;0.0;8995.16
355700 VOTORANTIM;2026/Fev;270.0;2026-02-01;4.0;1092.0;11.0;4.07;253720.45
355710 VOTUPORANGA;2026/Fev;900.0;2026-02-01;3.5;3153.0;42.0;4.67;1857586.22
355720 CHAVANTES;2026/Fev;109.0;2026-02-01;2.8;309.0;1.0;0.92;34652.75
350010 ADAMANTINA;2026/Mar;447.0;2026-03-01;9.1;4060.0;26.0;5.82;701241.7
350030 AGUAI;2026/Mar;39.0;2026-03-01;6.1;236.0;3.0;7.69;24449.08
350050 AGUAS DE LINDOIA;2026/Mar;87.0;2026-03-01;3.6;310.0;5.0;5.75;36077.5
350070 AGUDOS;2026/Mar;94.0;2026-03-01;1.8;171.0;0.0;0.0;46534.21
350100 ALTINOPOLIS;2026/Mar;144.0;2026-03-01;1.8;263.0;5.0;3.47;46584.95
350110 ALTO ALEGRE;2026/Mar;5.0;2026-03-01;6.6;33.0;1.0;20.0;1168.21
350130 ALVARES MACHADO;2026/Mar;52.0;2026-03-01;3.9;203.0;2.0;3.85;17503.7
350160 AMERICANA;2026/Mar;817.0;2026-03-01;4.1;3348.0;40.0;4.9;1046350.49
350170 AMERICO BRASILIENSE;2026/Mar;586.0;2026-03-01;4.9;2855.0;16.0;2.73;705406.86
350190 AMPARO;2026/Mar;351.0;2026-03-01;14.4;5063.0;13.0;3.7;619294.36
350210 ANDRADINA;2026/Mar;288.0;2026-03-01;4.3;1245.0;18.0;6.25;298191.13
350220 ANGATUBA;2026/Mar;152.0;2026-03-01;2.5;374.0;4.0;2.63;47364.53
350250 APARECIDA;2026/Mar;428.0;2026-03-01;2.9;1230.0;18.0;4.21;564267.41
350260 APARECIDA D'OESTE;2026/Mar;13.0;2026-03-01;3.1;40.0;0.0;0.0;5064.45
350270 APIAI;2026/Mar;360.0;2026-03-01;2.7;971.0;11.0;3.06;189812.01
350280 ARACATUBA;2026/Mar;1223.0;2026-03-01;5.9;7222.0;103.0;8.42;4503711.74
350310 ARANDU;2026/Mar;5.0;2026-03-01;3.4;17.0;1.0;20.0;1809.15
350320 ARARAQUARA;2026/Mar;1936.0;2026-03-01;3.4;6609.0;74.0;3.82;4127764.94
350330 ARARAS;2026/Mar;733.0;2026-03-01;4.3;3128.0;32.0;4.37;1475278.08
350340 AREALVA;2026/Mar;35.0;2026-03-01;2.3;79.0;2.0;5.71;8965.47
350390 ARUJA;2026/Mar;0.0;2026-03-01;0.0;0.0;0.0;0.0;0.0
350400 ASSIS;2026/Mar;1048.0;2026-03-01;4.0;4217.0;45.0;4.29;1668151.53
350410 ATIBAIA;2026/Mar;370.0;2026-03-01;4.3;1606.0;22.0;5.95;411169.93
350420 AURIFLAMA;2026/Mar;217.0;2026-03-01;1.7;379.0;3.0;1.38;232186.48
350450 AVARE;2026/Mar;700.0;2026-03-01;4.1;2896.0;35.0;5.0;1138683.65
350520 BARIRI;2026/Mar;175.0;2026-03-01;3.2;556.0;4.0;2.29;83733.78
350530 BARRA BONITA;2026/Mar;142.0;2026-03-01;3.3;463.0;10.0;7.04;95315.68
350550 BARRETOS;2026/Mar;2906.0;2026-03-01;4.4;12922.0;179.0;6.16;9414920.56
350570 BARUERI;2026/Mar;3788.0;2026-03-01;3.6;13762.0;109.0;2.88;3029312.22
350580 BASTOS;2026/Mar;89.0;2026-03-01;2.5;226.0;1.0;1.12;40871.41
350590 BATATAIS;2026/Mar;325.0;2026-03-01;3.9;1258.0;14.0;4.31;409840.62
350600 BAURU;2026/Mar;4151.0;2026-03-01;5.0;20614.0;116.0;2.79;7293102.32
350610 BEBEDOURO;2026/Mar;741.0;2026-03-01;3.0;2224.0;30.0;4.05;736456.16
350630 BERNARDINO DE CAMPOS;2026/Mar;66.0;2026-03-01;3.0;198.0;4.0;6.06;51703.46
350635 BERTIOGA;2026/Mar;387.0;2026-03-01;4.4;1702.0;18.0;4.65;236008.85
350640 BILAC;2026/Mar;19.0;2026-03-01;3.6;69.0;2.0;10.53;6574.83
350650 BIRIGUI;2026/Mar;437.0;2026-03-01;4.5;1962.0;23.0;5.26;473194.34
350670 BOA ESPERANCA DO SUL;2026/Mar;14.0;2026-03-01;5.2;73.0;1.0;7.14;7455.57
350680 BOCAINA;2026/Mar;20.0;2026-03-01;1.9;39.0;0.0;0.0;8601.24
350700 BOITUVA;2026/Mar;223.0;2026-03-01;3.0;676.0;7.0;3.14;123779.55
350710 BOM JESUS DOS PERDOES;2026/Mar;20.0;2026-03-01;3.9;78.0;1.0;5.0;7638.0
350740 BORBOREMA;2026/Mar;74.0;2026-03-01;3.3;245.0;3.0;4.05;40089.84
350750 BOTUCATU;2026/Mar;2739.0;2026-03-01;5.7;15643.0;153.0;5.59;8095293.1
350760 BRAGANCA PAULISTA;2026/Mar;1651.0;2026-03-01;3.6;5883.0;86.0;5.21;3424135.94
350790 BROTAS;2026/Mar;71.0;2026-03-01;7.5;536.0;4.0;5.63;50794.56
350810 BURITAMA;2026/Mar;152.0;2026-03-01;2.4;358.0;7.0;4.61;89871.54
350840 CABREUVA;2026/Mar;101.0;2026-03-01;2.7;276.0;1.0;0.99;30787.35
350850 CACAPAVA;2026/Mar;321.0;2026-03-01;3.6;1166.0;21.0;6.54;232721.72
350870 CACONDE;2026/Mar;180.0;2026-03-01;1.8;328.0;1.0;0.56;314453.37
350880 CAFELANDIA;2026/Mar;60.0;2026-03-01;2.8;165.0;3.0;5.0;22955.8
350900 CAIEIRAS;2026/Mar;420.0;2026-03-01;2.7;1124.0;1.0;0.24;275025.08
350920 CAJAMAR;2026/Mar;316.0;2026-03-01;3.8;1193.0;23.0;7.28;130595.66
350930 CAJOBI;2026/Mar;93.0;2026-03-01;2.4;226.0;1.0;1.08;43496.62
350940 CAJURU;2026/Mar;236.0;2026-03-01;3.0;706.0;8.0;3.39;120468.09
350950 CAMPINAS;2026/Mar;7521.0;2026-03-01;5.3;39973.0;338.0;4.49;21124526.63
350960 CAMPO LIMPO PAULISTA;2026/Mar;369.0;2026-03-01;3.6;1329.0;11.0;2.98;359244.24
350970 CAMPOS DO JORDAO;2026/Mar;263.0;2026-03-01;12.4;3267.0;12.0;4.56;347151.81
351000 CANDIDO MOTA;2026/Mar;216.0;2026-03-01;2.7;590.0;7.0;3.24;193798.97
351020 CAPAO BONITO;2026/Mar;248.0;2026-03-01;3.3;811.0;16.0;6.45;231051.9
351040 CAPIVARI;2026/Mar;200.0;2026-03-01;3.5;691.0;9.0;4.5;218201.84
351050 CARAGUATATUBA;2026/Mar;2160.0;2026-03-01;3.2;6969.0;65.0;3.01;2752665.55
351060 CARAPICUIBA;2026/Mar;1697.0;2026-03-01;3.3;5545.0;59.0;3.48;1668726.91
351070 CARDOSO;2026/Mar;50.0;2026-03-01;3.7;186.0;2.0;4.0;18015.84
351080 CASA BRANCA;2026/Mar;179.0;2026-03-01;11.8;2114.0;9.0;5.03;149639.17
351100 CASTILHO;2026/Mar;89.0;2026-03-01;3.0;270.0;3.0;3.37;46106.79
351110 CATANDUVA;2026/Mar;1661.0;2026-03-01;7.5;12531.0;89.0;5.36;4244646.51
351140 CERQUEIRA CESAR;2026/Mar;167.0;2026-03-01;2.5;424.0;9.0;5.39;90486.91
351150 CERQUILHO;2026/Mar;68.0;2026-03-01;4.0;272.0;7.0;10.29;34191.01
351160 CESARIO LANGE;2026/Mar;46.0;2026-03-01;3.1;141.0;4.0;8.7;26406.51
351170 CHARQUEADA;2026/Mar;17.0;2026-03-01;4.9;83.0;3.0;17.65;4170.11
351190 CLEMENTINA;2026/Mar;20.0;2026-03-01;4.4;88.0;0.0;0.0;7420.73
351200 COLINA;2026/Mar;107.0;2026-03-01;6.0;642.0;7.0;6.54;212012.08
351210 COLOMBIA;2026/Mar;0.0;2026-03-01;0.0;0.0;0.0;0.0;0.0
351220 CONCHAL;2026/Mar;197.0;2026-03-01;2.3;448.0;3.0;1.52;86171.23
351230 CONCHAS;2026/Mar;27.0;2026-03-01;4.5;122.0;3.0;11.11;10839.32
351280 COSMOPOLIS;2026/Mar;141.0;2026-03-01;3.6;510.0;13.0;9.22;139281.68
351300 COTIA;2026/Mar;1218.0;2026-03-01;3.8;4615.0;41.0;3.37;1110267.36
351310 CRAVINHOS;2026/Mar;0.0;2026-03-01;0.0;0.0;0.0;0.0;0.0
351340 CRUZEIRO;2026/Mar;625.0;2026-03-01;4.3;2664.0;39.0;6.24;700280.51
351350 CUBATAO;2026/Mar;549.0;2026-03-01;6.3;3435.0;33.0;6.01;702086.78
351360 CUNHA;2026/Mar;108.0;2026-03-01;2.8;302.0;4.0;3.7;67664.14
351370 DESCALVADO;2026/Mar;119.0;2026-03-01;2.8;336.0;7.0;5.88;133969.8
351380 DIADEMA;2026/Mar;2204.0;2026-03-01;4.7;10369.0;92.0;4.17;2958994.41
351390 DIVINOLANDIA;2026/Mar;397.0;2026-03-01;1.5;599.0;2.0;0.5;553124.0
351410 DOIS CORREGOS;2026/Mar;106.0;2026-03-01;3.6;381.0;5.0;4.72;62264.65
351440 DRACENA;2026/Mar;288.0;2026-03-01;5.6;1611.0;24.0;8.33;578759.71
351450 DUARTINA;2026/Mar;94.0;2026-03-01;2.6;243.0;3.0;3.19;31023.25
351500 EMBU DAS ARTES;2026/Mar;267.0;2026-03-01;4.9;1317.0;17.0;6.37;119798.19
351510 EMBU-GUACU;2026/Mar;101.0;2026-03-01;0.9;89.0;12.0;11.88;38339.29
351518 ESPIRITO SANTO DO PINHAL;2026/Mar;405.0;2026-03-01;18.9;7662.0;17.0;4.2;780429.48
351520 ESTRELA D'OESTE;2026/Mar;47.0;2026-03-01;3.6;168.0;4.0;8.51;26051.84
351540 FARTURA;2026/Mar;65.0;2026-03-01;3.1;202.0;6.0;9.23;23966.53
351550 FERNANDOPOLIS;2026/Mar;643.0;2026-03-01;3.4;2188.0;24.0;3.73;756964.89
351570 FERRAZ DE VASCONCELOS;2026/Mar;742.0;2026-03-01;4.8;3559.0;33.0;4.45;656261.65
351600 FLORIDA PAULISTA;2026/Mar;95.0;2026-03-01;2.0;191.0;4.0;4.21;25632.03
351620 FRANCA;2026/Mar;2160.0;2026-03-01;5.3;11438.0;123.0;5.69;5651510.35
351630 FRANCISCO MORATO;2026/Mar;1178.0;2026-03-01;4.1;4880.0;45.0;3.82;1056144.08
351640 FRANCO DA ROCHA;2026/Mar;815.0;2026-03-01;6.8;5562.0;52.0;6.38;1072120.21
351660 GALIA;2026/Mar;9.0;2026-03-01;3.9;35.0;0.0;0.0;3547.46
351670 GARCA;2026/Mar;275.0;2026-03-01;23.9;6582.0;9.0;3.27;610086.76
351690 GENERAL SALGADO;2026/Mar;37.0;2026-03-01;3.6;132.0;2.0;5.41;19333.81
351700 GETULINA;2026/Mar;32.0;2026-03-01;4.0;128.0;1.0;3.13;8243.26
351740 GUAIRA;2026/Mar;323.0;2026-03-01;3.2;1025.0;10.0;3.1;517502.11
351760 GUAPIARA;2026/Mar;19.0;2026-03-01;5.1;97.0;3.0;15.79;6629.68
351770 GUARA;2026/Mar;57.0;2026-03-01;3.6;207.0;6.0;10.53;20851.88
351780 GUARACAI;2026/Mar;57.0;2026-03-01;3.1;179.0;1.0;1.75;24329.17
351820 GUARARAPES;2026/Mar;121.0;2026-03-01;4.3;523.0;5.0;4.13;67804.83
351830 GUARAREMA;2026/Mar;132.0;2026-03-01;3.1;407.0;4.0;3.03;49184.41
351840 GUARATINGUETA;2026/Mar;1164.0;2026-03-01;5.2;6020.0;69.0;5.93;1987920.59
351860 GUARIBA;2026/Mar;145.0;2026-03-01;2.2;318.0;7.0;4.83;62136.41
351870 GUARUJA;2026/Mar;1191.0;2026-03-01;5.6;6648.0;60.0;5.04;2265177.15
351880 GUARULHOS;2026/Mar;4895.0;2026-03-01;4.9;23757.0;261.0;5.33;7435533.04
351900 HERCULANDIA;2026/Mar;72.0;2026-03-01;3.8;270.0;1.0;1.39;24594.87
351907 HORTOLANDIA;2026/Mar;529.0;2026-03-01;4.0;2139.0;29.0;5.48;506711.4
351910 IACANGA;2026/Mar;79.0;2026-03-01;2.1;165.0;1.0;1.27;17982.44
351930 IBATE;2026/Mar;70.0;2026-03-01;3.0;211.0;5.0;7.14;56951.16
351940 IBIRA;2026/Mar;36.0;2026-03-01;3.9;140.0;0.0;0.0;14230.24
351960 IBITINGA;2026/Mar;501.0;2026-03-01;2.7;1337.0;30.0;5.99;662377.84
351970 IBIUNA;2026/Mar;394.0;2026-03-01;3.0;1183.0;12.0;3.05;215175.42
351990 IEPE;2026/Mar;61.0;2026-03-01;3.6;218.0;3.0;4.92;19441.58
352010 IGARAPAVA;2026/Mar;139.0;2026-03-01;4.3;599.0;4.0;2.88;100270.01
352040 ILHABELA;2026/Mar;201.0;2026-03-01;3.6;728.0;5.0;2.49;143713.91
352044 ILHA SOLTEIRA;2026/Mar;204.0;2026-03-01;4.1;844.0;13.0;6.37;287580.44
352050 INDAIATUBA;2026/Mar;2020.0;2026-03-01;2.9;5826.0;62.0;3.07;2421553.12
352070 INDIAPORA;2026/Mar;43.0;2026-03-01;2.8;122.0;1.0;2.33;18377.13
352090 IPAUSSU;2026/Mar;71.0;2026-03-01;2.7;195.0;4.0;5.63;36521.54
352130 IPUA;2026/Mar;99.0;2026-03-01;2.2;214.0;1.0;1.01;51821.53
352170 ITABERA;2026/Mar;97.0;2026-03-01;2.4;231.0;7.0;7.22;51450.75
352180 ITAI;2026/Mar;96.0;2026-03-01;2.5;239.0;4.0;4.17;32369.74
352190 ITAJOBI;2026/Mar;72.0;2026-03-01;7.2;521.0;10.0;13.89;24264.53
352210 ITANHAEM;2026/Mar;1040.0;2026-03-01;4.2;4343.0;68.0;6.54;1318882.87
352220 ITAPECERICA DA SERRA;2026/Mar;1659.0;2026-03-01;3.3;5527.0;69.0;4.16;1654847.72
352230 ITAPETININGA;2026/Mar;897.0;2026-03-01;5.4;4885.0;63.0;7.02;1069842.16
352240 ITAPEVA;2026/Mar;995.0;2026-03-01;3.7;3657.0;53.0;5.33;1512623.98
352250 ITAPEVI;2026/Mar;1422.0;2026-03-01;3.9;5567.0;28.0;1.97;1287918.62
352260 ITAPIRA;2026/Mar;439.0;2026-03-01;23.2;10166.0;22.0;5.01;1039273.51
352270 ITAPOLIS;2026/Mar;338.0;2026-03-01;3.3;1131.0;15.0;4.44;397813.4
352280 ITAPORANGA;2026/Mar;84.0;2026-03-01;1.9;163.0;2.0;2.38;38387.52
352290 ITAPUI;2026/Mar;0.0;2026-03-01;0.0;0.0;0.0;0.0;0.0
352310 ITAQUAQUECETUBA;2026/Mar;1340.0;2026-03-01;5.3;7113.0;72.0;5.37;1487654.13
352320 ITARARE;2026/Mar;374.0;2026-03-01;2.0;753.0;16.0;4.28;272412.21
352340 ITATIBA;2026/Mar;627.0;2026-03-01;3.1;1922.0;27.0;4.31;761717.35
352350 ITATINGA;2026/Mar;28.0;2026-03-01;3.9;110.0;2.0;7.14;10976.77
352360 ITIRAPINA;2026/Mar;10.0;2026-03-01;8.7;87.0;0.0;0.0;4691.62
352390 ITU;2026/Mar;740.0;2026-03-01;4.6;3427.0;25.0;3.38;1233943.92
352400 ITUPEVA;2026/Mar;194.0;2026-03-01;2.9;554.0;6.0;3.09;74795.9
352410 ITUVERAVA;2026/Mar;313.0;2026-03-01;4.1;1281.0;17.0;5.43;441429.22
352420 JABORANDI;2026/Mar;6.0;2026-03-01;3.8;23.0;0.0;0.0;2385.81
352430 JABOTICABAL;2026/Mar;201.0;2026-03-01;4.0;804.0;9.0;4.48;179515.16
352440 JACAREI;2026/Mar;1434.0;2026-03-01;4.0;5716.0;74.0;5.16;2244322.51
352450 JACI;2026/Mar;49.0;2026-03-01;10.4;509.0;2.0;4.08;47722.75
352470 JAGUARIUNA;2026/Mar;331.0;2026-03-01;3.1;1025.0;18.0;5.44;327360.48
352480 JALES;2026/Mar;786.0;2026-03-01;3.1;2457.0;41.0;5.22;1419750.15
352520 JARINU;2026/Mar;32.0;2026-03-01;4.0;128.0;0.0;0.0;4595.77
352530 JAU;2026/Mar;2467.0;2026-03-01;5.2;12757.0;142.0;5.76;6169519.72
352550 JOANOPOLIS;2026/Mar;13.0;2026-03-01;5.2;68.0;1.0;7.69;7967.13
352570 JOSE BONIFACIO;2026/Mar;242.0;2026-03-01;3.4;817.0;12.0;4.96;150333.39
352590 JUNDIAI;2026/Mar;3881.0;2026-03-01;3.7;14326.0;122.0;3.14;5222946.11
352600 JUNQUEIROPOLIS;2026/Mar;92.0;2026-03-01;7.3;670.0;3.0;3.26;43635.84
352640 LARANJAL PAULISTA;2026/Mar;139.0;2026-03-01;3.1;430.0;5.0;3.6;65897.19
352670 LEME;2026/Mar;495.0;2026-03-01;3.3;1625.0;35.0;7.07;487847.39
352680 LENCOIS PAULISTA;2026/Mar;277.0;2026-03-01;2.9;804.0;14.0;5.05;291721.41
352690 LIMEIRA;2026/Mar;1446.0;2026-03-01;4.1;5972.0;79.0;5.46;3974388.33
352710 LINS;2026/Mar;667.0;2026-03-01;5.6;3704.0;21.0;3.15;674185.16
352720 LORENA;2026/Mar;396.0;2026-03-01;5.2;2076.0;15.0;3.79;647590.89
352730 LOUVEIRA;2026/Mar;225.0;2026-03-01;2.8;640.0;9.0;4.0;165841.75
352740 LUCELIA;2026/Mar;50.0;2026-03-01;4.6;231.0;4.0;8.0;15924.01
352800 MACATUBA;2026/Mar;61.0;2026-03-01;2.5;150.0;3.0;4.92;22339.79
352810 MACAUBAL;2026/Mar;4.0;2026-03-01;2.0;8.0;1.0;25.0;858.06
352850 MAIRIPORA;2026/Mar;242.0;2026-03-01;2.6;639.0;10.0;4.13;77047.46
352880 MARACAI;2026/Mar;74.0;2026-03-01;2.6;189.0;1.0;1.35;54005.28
352900 MARILIA;2026/Mar;2726.0;2026-03-01;5.5;15099.0;132.0;4.84;7089448.93
352920 MARTINOPOLIS;2026/Mar;262.0;2026-03-01;1.9;506.0;6.0;2.29;99365.69
352930 MATAO;2026/Mar;562.0;2026-03-01;3.9;2192.0;24.0;4.27;1851225.97
352940 MAUA;2026/Mar;1296.0;2026-03-01;4.8;6160.0;71.0;5.48;1484236.45
352970 MIGUELOPOLIS;2026/Mar;70.0;2026-03-01;3.0;211.0;1.0;1.43;32523.1
353010 MIRANDOPOLIS;2026/Mar;311.0;2026-03-01;4.3;1352.0;22.0;7.07;302973.56
353030 MIRASSOL;2026/Mar;0.0;2026-03-01;0.0;0.0;0.0;0.0;0.0
353050 MOCOCA;2026/Mar;437.0;2026-03-01;3.9;1726.0;25.0;5.72;486483.71
353060 MOGI DAS CRUZES;2026/Mar;3180.0;2026-03-01;4.7;14803.0;163.0;5.13;5719421.83
353070 MOGI GUACU;2026/Mar;813.0;2026-03-01;5.1;4133.0;46.0;5.66;1828650.0
353080 MOGI MIRIM;2026/Mar;454.0;2026-03-01;3.9;1782.0;27.0;5.95;1037772.28
353110 MONGAGUA;2026/Mar;65.0;2026-03-01;4.9;317.0;6.0;9.23;15554.15
353130 MONTE ALTO;2026/Mar;224.0;2026-03-01;3.9;875.0;11.0;4.91;355496.34
353140 MONTE APRAZIVEL;2026/Mar;303.0;2026-03-01;1.8;553.0;2.0;0.66;148643.86
353150 MONTE AZUL PAULISTA;2026/Mar;152.0;2026-03-01;1.8;281.0;1.0;0.66;308751.89
353180 MONTE MOR;2026/Mar;80.0;2026-03-01;3.3;262.0;9.0;11.25;40167.7
353190 MORRO AGUDO;2026/Mar;170.0;2026-03-01;2.1;363.0;11.0;6.47;200585.75
353200 MORUNGABA;2026/Mar;14.0;2026-03-01;2.9;41.0;1.0;7.14;7659.4
353240 NAZARE PAULISTA;2026/Mar;23.0;2026-03-01;3.2;73.0;2.0;8.7;7511.0
353250 NEVES PAULISTA;2026/Mar;10.0;2026-03-01;3.3;33.0;0.0;0.0;3045.37
353260 NHANDEARA;2026/Mar;239.0;2026-03-01;2.4;570.0;3.0;1.26;188848.2
353290 NOVA EUROPA;2026/Mar;27.0;2026-03-01;3.9;104.0;2.0;7.41;14566.2
353300 NOVA GRANADA;2026/Mar;156.0;2026-03-01;3.1;485.0;3.0;1.92;58411.55
353340 NOVA ODESSA;2026/Mar;132.0;2026-03-01;5.4;711.0;10.0;7.58;70666.41
353350 NOVO HORIZONTE;2026/Mar;201.0;2026-03-01;2.9;588.0;9.0;4.48;239745.23
353390 OLIMPIA;2026/Mar;342.0;2026-03-01;3.7;1278.0;21.0;6.14;308302.29
353430 ORLANDIA;2026/Mar;249.0;2026-03-01;1.8;440.0;7.0;2.81;140211.51
353440 OSASCO;2026/Mar;2298.0;2026-03-01;5.7;13154.0;161.0;7.01;3278818.14
353460 OSVALDO CRUZ;2026/Mar;245.0;2026-03-01;3.9;965.0;14.0;5.71;160806.48
353470 OURINHOS;2026/Mar;915.0;2026-03-01;4.1;3760.0;67.0;7.32;1645933.22
353475 OUROESTE;2026/Mar;46.0;2026-03-01;3.4;157.0;3.0;6.52;26801.17
353520 PALMEIRA D'OESTE;2026/Mar;71.0;2026-03-01;2.4;170.0;2.0;2.82;19601.49
353530 PALMITAL;2026/Mar;237.0;2026-03-01;2.0;465.0;3.0;1.27;187314.43
353550 PARAGUACU PAULISTA;2026/Mar;533.0;2026-03-01;2.3;1200.0;22.0;4.13;697355.53
353580 PARANAPANEMA;2026/Mar;77.0;2026-03-01;2.5;194.0;5.0;6.49;28224.92
353600 PARAPUA;2026/Mar;0.0;2026-03-01;0.0;0.0;0.0;0.0;0.0
353620 PARIQUERA-ACU;2026/Mar;783.0;2026-03-01;4.0;3165.0;36.0;4.6;962545.2
353630 PATROCINIO PAULISTA;2026/Mar;90.0;2026-03-01;3.0;268.0;2.0;2.22;46804.46
353650 PAULINIA;2026/Mar;12.0;2026-03-01;3.1;37.0;0.0;0.0;9815.85
353660 PAULO DE FARIA;2026/Mar;17.0;2026-03-01;2.7;46.0;0.0;0.0;5926.29
353670 PEDERNEIRAS;2026/Mar;213.0;2026-03-01;3.2;691.0;7.0;3.29;184243.61
353700 PEDREGULHO;2026/Mar;80.0;2026-03-01;2.8;220.0;1.0;1.25;35353.33
353710 PEDREIRA;2026/Mar;123.0;2026-03-01;4.0;491.0;8.0;6.5;73946.01
353730 PENAPOLIS;2026/Mar;543.0;2026-03-01;5.3;2875.0;28.0;5.16;552767.35
353740 PEREIRA BARRETO;2026/Mar;87.0;2026-03-01;2.9;255.0;6.0;6.9;65371.6
353780 PIEDADE;2026/Mar;280.0;2026-03-01;3.2;887.0;15.0;5.36;144405.01
353790 PILAR DO SUL;2026/Mar;112.0;2026-03-01;2.3;256.0;2.0;1.79;45336.33
353800 PINDAMONHANGABA;2026/Mar;611.0;2026-03-01;4.8;2951.0;23.0;3.76;850320.56
353860 PIRACAIA;2026/Mar;39.0;2026-03-01;4.9;192.0;2.0;5.13;13759.02
353870 PIRACICABA;2026/Mar;3375.0;2026-03-01;3.0;10070.0;104.0;3.08;7004620.72
353880 PIRAJU;2026/Mar;179.0;2026-03-01;2.8;503.0;12.0;6.7;71270.12
353890 PIRAJUI;2026/Mar;121.0;2026-03-01;3.2;386.0;3.0;2.48;83512.66
353900 PIRANGI;2026/Mar;135.0;2026-03-01;1.8;238.0;1.0;0.74;171596.1
353930 PIRASSUNUNGA;2026/Mar;241.0;2026-03-01;4.5;1081.0;20.0;8.3;385161.27
353940 PIRATININGA;2026/Mar;27.0;2026-03-01;5.7;155.0;0.0;0.0;10142.43
353950 PITANGUEIRAS;2026/Mar;144.0;2026-03-01;3.2;463.0;5.0;3.47;62339.26
354000 POMPEIA;2026/Mar;68.0;2026-03-01;3.2;219.0;5.0;7.35;31091.39
354020 PONTAL;2026/Mar;231.0;2026-03-01;0.7;154.0;0.0;0.0;149891.74
354040 POPULINA;2026/Mar;15.0;2026-03-01;4.5;68.0;0.0;0.0;4722.58
354060 PORTO FELIZ;2026/Mar;398.0;2026-03-01;2.3;905.0;11.0;2.76;316848.67
354070 PORTO FERREIRA;2026/Mar;228.0;2026-03-01;3.2;722.0;15.0;6.58;202950.82
354080 POTIRENDABA;2026/Mar;74.0;2026-03-01;2.3;169.0;2.0;2.7;26845.94
354100 PRAIA GRANDE;2026/Mar;979.0;2026-03-01;5.2;5135.0;62.0;6.33;1402827.05
354120 PRESIDENTE BERNARDES;2026/Mar;88.0;2026-03-01;3.2;280.0;0.0;0.0;30184.18
354130 PRESIDENTE EPITACIO;2026/Mar;278.0;2026-03-01;3.3;931.0;16.0;5.76;120951.96
354140 PRESIDENTE PRUDENTE;2026/Mar;3893.0;2026-03-01;5.0;19438.0;148.0;3.8;7638149.98
354150 PRESIDENTE VENCESLAU;2026/Mar;207.0;2026-03-01;3.6;737.0;14.0;6.76;199375.06
354160 PROMISSAO;2026/Mar;463.0;2026-03-01;2.7;1268.0;13.0;2.81;418140.94
354190 QUELUZ;2026/Mar;19.0;2026-03-01;8.0;152.0;2.0;10.53;10857.12
354220 RANCHARIA;2026/Mar;404.0;2026-03-01;2.4;975.0;18.0;4.46;436940.21
354240 REGENTE FEIJO;2026/Mar;92.0;2026-03-01;3.3;307.0;4.0;4.35;29875.82
354260 REGISTRO;2026/Mar;953.0;2026-03-01;3.2;3068.0;33.0;3.46;972564.4
354290 RIBEIRAO BONITO;2026/Mar;50.0;2026-03-01;2.0;99.0;3.0;6.0;49595.76
354300 RIBEIRAO BRANCO;2026/Mar;33.0;2026-03-01;3.8;124.0;4.0;12.12;13502.84
354330 RIBEIRAO PIRES;2026/Mar;147.0;2026-03-01;5.8;859.0;11.0;7.48;98766.24
354340 RIBEIRAO PRETO;2026/Mar;8837.0;2026-03-01;4.2;36676.0;332.0;3.76;19919983.98
354380 RINOPOLIS;2026/Mar;18.0;2026-03-01;5.6;101.0;2.0;11.11;7543.26
354390 RIO CLARO;2026/Mar;1053.0;2026-03-01;6.2;6552.0;46.0;4.37;1728187.0
354400 RIO DAS PEDRAS;2026/Mar;66.0;2026-03-01;1.4;91.0;2.0;3.03;15977.48
354420 RIOLANDIA;2026/Mar;15.0;2026-03-01;3.4;51.0;0.0;0.0;4450.84
354425 ROSANA;2026/Mar;271.0;2026-03-01;2.9;793.0;6.0;2.21;122148.66
354490 SALES OLIVEIRA;2026/Mar;26.0;2026-03-01;1.9;50.0;0.0;0.0;13864.7
354500 SALESOPOLIS;2026/Mar;29.0;2026-03-01;2.3;67.0;1.0;3.45;7510.68
354520 SALTO;2026/Mar;630.0;2026-03-01;2.6;1657.0;24.0;3.81;524202.98
354530 SALTO DE PIRAPORA;2026/Mar;243.0;2026-03-01;1.9;468.0;4.0;1.65;136578.14
354540 SALTO GRANDE;2026/Mar;48.0;2026-03-01;2.8;134.0;2.0;4.17;19828.42
354560 SANTA ADELIA;2026/Mar;114.0;2026-03-01;3.0;337.0;4.0;3.51;89458.9
354580 SANTA BARBARA D'OESTE;2026/Mar;802.0;2026-03-01;2.2;1746.0;35.0;4.36;1014357.33
354630 SANTA CRUZ DAS PALMEIRAS;2026/Mar;108.0;2026-03-01;2.1;229.0;5.0;4.63;57274.36
354640 SANTA CRUZ DO RIO PARDO;2026/Mar;354.0;2026-03-01;4.5;1605.0;18.0;5.08;660097.57
354660 SANTA FE DO SUL;2026/Mar;295.0;2026-03-01;3.4;1008.0;14.0;4.75;294770.15
354680 SANTA ISABEL;2026/Mar;179.0;2026-03-01;5.1;919.0;9.0;5.03;249209.95
354730 SANTANA DE PARNAIBA;2026/Mar;436.0;2026-03-01;4.8;2087.0;20.0;4.59;199696.6
354750 SANTA RITA DO PASSA QUATRO;2026/Mar;172.0;2026-03-01;9.5;1627.0;4.0;2.33;122672.77
354760 SANTA ROSA DE VITERBO;2026/Mar;115.0;2026-03-01;4.0;460.0;5.0;4.35;32953.73
354770 SANTO ANASTACIO;2026/Mar;174.0;2026-03-01;4.1;715.0;1.0;0.57;51453.9
354780 SANTO ANDRE;2026/Mar;4055.0;2026-03-01;4.4;17906.0;239.0;5.89;6802202.87
354790 SANTO ANTONIO DA ALEGRIA;2026/Mar;20.0;2026-03-01;4.1;82.0;1.0;5.0;8302.35
354850 SANTOS;2026/Mar;2965.0;2026-03-01;5.0;14683.0;124.0;4.18;5786290.95
354860 SAO BENTO DO SAPUCAI;2026/Mar;43.0;2026-03-01;3.9;166.0;4.0;9.3;17644.99
354870 SAO BERNARDO DO CAMPO;2026/Mar;3385.0;2026-03-01;5.8;19483.0;184.0;5.44;9729153.13
354880 SAO CAETANO DO SUL;2026/Mar;1297.0;2026-03-01;3.7;4809.0;71.0;5.47;1936662.38
354890 SAO CARLOS;2026/Mar;1989.0;2026-03-01;3.5;6871.0;69.0;3.47;3576111.85
354910 SAO JOAO DA BOA VISTA;2026/Mar;607.0;2026-03-01;4.4;2698.0;58.0;9.56;1256180.65
354940 SAO JOAQUIM DA BARRA;2026/Mar;352.0;2026-03-01;3.2;1125.0;21.0;5.97;459117.95
354970 SAO JOSE DO RIO PARDO;2026/Mar;362.0;2026-03-01;3.2;1142.0;16.0;4.42;460430.84
354980 SAO JOSE DO RIO PRETO;2026/Mar;8361.0;2026-03-01;4.6;38519.0;317.0;3.79;26700269.69
354990 SAO JOSE DOS CAMPOS;2026/Mar;5143.0;2026-03-01;4.3;22331.0;233.0;4.53;11826537.66
355000 SAO LUIS DO PARAITINGA;2026/Mar;4.0;2026-03-01;3.0;12.0;0.0;0.0;1193.16
355010 SAO MANUEL;2026/Mar;115.0;2026-03-01;3.9;448.0;9.0;7.83;135618.71
355020 SAO MIGUEL ARCANJO;2026/Mar;129.0;2026-03-01;8.5;1097.0;9.0;6.98;107218.28
355030 SAO PAULO;2026/Mar;66883.0;2026-03-01;4.9;330382.0;2974.0;4.45;158520407.38
355040 SAO PEDRO;2026/Mar;355.0;2026-03-01;1.9;671.0;6.0;1.69;473903.37
355060 SAO ROQUE;2026/Mar;491.0;2026-03-01;3.6;1763.0;19.0;3.87;499778.51
355070 SAO SEBASTIAO;2026/Mar;560.0;2026-03-01;3.5;1983.0;13.0;2.32;515348.44
355080 SAO SEBASTIAO DA GRAMA;2026/Mar;56.0;2026-03-01;2.6;146.0;1.0;1.79;19529.48
355090 SAO SIMAO;2026/Mar;20.0;2026-03-01;7.4;148.0;1.0;5.0;13970.45
355100 SAO VICENTE;2026/Mar;929.0;2026-03-01;3.9;3602.0;48.0;5.17;1214849.1
355150 SERRANA;2026/Mar;308.0;2026-03-01;5.6;1740.0;15.0;4.87;494512.47
355160 SERRA NEGRA;2026/Mar;249.0;2026-03-01;2.9;717.0;14.0;5.62;237557.91
355170 SERTAOZINHO;2026/Mar;658.0;2026-03-01;3.4;2262.0;28.0;4.26;1074634.34
355200 SILVEIRAS;2026/Mar;2.0;2026-03-01;11.0;22.0;0.0;0.0;343.14
355210 SOCORRO;2026/Mar;344.0;2026-03-01;2.2;743.0;10.0;2.91;272622.88
355220 SOROCABA;2026/Mar;5527.0;2026-03-01;4.7;26231.0;292.0;5.28;10613856.42
355230 SUD MENNUCCI;2026/Mar;20.0;2026-03-01;3.0;60.0;0.0;0.0;8248.72
355240 SUMARE;2026/Mar;1107.0;2026-03-01;4.8;5345.0;42.0;3.79;2443300.67
355250 SUZANO;2026/Mar;713.0;2026-03-01;5.7;4098.0;46.0;6.45;749892.72
355260 TABAPUA;2026/Mar;99.0;2026-03-01;3.4;335.0;1.0;1.01;69385.84
355270 TABATINGA;2026/Mar;92.0;2026-03-01;3.4;311.0;1.0;1.09;52630.84
355280 TABOAO DA SERRA;2026/Mar;1782.0;2026-03-01;4.5;8046.0;83.0;4.66;3224672.63
355300 TAGUAI;2026/Mar;66.0;2026-03-01;2.3;152.0;3.0;4.55;28837.93
355330 TAMBAU;2026/Mar;123.0;2026-03-01;3.2;388.0;3.0;2.44;65974.33
355340 TANABI;2026/Mar;128.0;2026-03-01;6.6;849.0;4.0;3.13;82560.45
355360 TAPIRATIBA;2026/Mar;39.0;2026-03-01;3.9;151.0;1.0;2.56;21786.21
355370 TAQUARITINGA;2026/Mar;385.0;2026-03-01;2.8;1076.0;15.0;3.9;252688.28
355380 TAQUARITUBA;2026/Mar;200.0;2026-03-01;2.7;542.0;4.0;2.0;100599.34
355400 TATUI;2026/Mar;491.0;2026-03-01;3.5;1695.0;23.0;4.68;398875.17
355410 TAUBATE;2026/Mar;2213.0;2026-03-01;4.0;8861.0;106.0;4.79;4967594.68
355430 TEODORO SAMPAIO;2026/Mar;108.0;2026-03-01;3.5;380.0;2.0;1.85;43236.47
355440 TERRA ROXA;2026/Mar;2.0;2026-03-01;4.5;9.0;0.0;0.0;1164.84
355450 TIETE;2026/Mar;189.0;2026-03-01;2.9;544.0;8.0;4.23;94901.92
355470 TORRINHA;2026/Mar;6.0;2026-03-01;4.3;26.0;3.0;50.0;2561.65
355500 TUPA;2026/Mar;706.0;2026-03-01;4.5;3161.0;40.0;5.67;1124476.79
355510 TUPI PAULISTA;2026/Mar;110.0;2026-03-01;4.8;532.0;9.0;8.18;78737.57
355540 UBATUBA;2026/Mar;495.0;2026-03-01;3.0;1490.0;19.0;3.84;300564.42
355580 URANIA;2026/Mar;59.0;2026-03-01;3.9;232.0;1.0;1.69;21046.85
355600 URUPES;2026/Mar;132.0;2026-03-01;2.6;345.0;3.0;2.27;105319.38
355620 VALINHOS;2026/Mar;463.0;2026-03-01;4.6;2133.0;25.0;5.4;685279.74
355630 VALPARAISO;2026/Mar;102.0;2026-03-01;2.4;241.0;3.0;2.94;78334.83
355640 VARGEM GRANDE DO SUL;2026/Mar;187.0;2026-03-01;3.9;736.0;7.0;3.74;111674.9
355650 VARZEA PAULISTA;2026/Mar;67.0;2026-03-01;3.1;208.0;5.0;7.46;17907.91
355670 VINHEDO;2026/Mar;476.0;2026-03-01;2.8;1336.0;20.0;4.2;527640.59
355680 VIRADOURO;2026/Mar;42.0;2026-03-01;2.9;121.0;3.0;7.14;14242.91
355700 VOTORANTIM;2026/Mar;344.0;2026-03-01;3.4;1185.0;11.0;3.2;316558.26
355710 VOTUPORANGA;2026/Mar;924.0;2026-03-01;3.6;3301.0;38.0;4.11;2105483.86
355720 CHAVANTES;2026/Mar;133.0;2026-03-01;2.5;336.0;3.0;2.26;130891.22
350010 ADAMANTINA;2026/Abr;440.0;2026-04-01;7.5;3306.0;17.0;3.86;647499.28
350030 AGUAI;2026/Abr;38.0;2026-04-01;6.8;260.0;5.0;13.16;22147.72
350050 AGUAS DE LINDOIA;2026/Abr;79.0;2026-04-01;3.7;291.0;8.0;10.13;32859.36
350070 AGUDOS;2026/Abr;80.0;2026-04-01;1.8;140.0;1.0;1.25;39990.03
350100 ALTINOPOLIS;2026/Abr;155.0;2026-04-01;2.3;355.0;3.0;1.94;50831.52
350110 ALTO ALEGRE;2026/Abr;6.0;2026-04-01;3.7;22.0;0.0;0.0;958.11
350130 ALVARES MACHADO;2026/Abr;50.0;2026-04-01;4.1;205.0;6.0;12.0;19122.22
350160 AMERICANA;2026/Abr;739.0;2026-04-01;3.7;2753.0;53.0;7.17;853278.19
350170 AMERICO BRASILIENSE;2026/Abr;648.0;2026-04-01;3.7;2405.0;13.0;2.01;698063.92
350190 AMPARO;2026/Abr;406.0;2026-04-01;12.8;5204.0;14.0;3.45;960620.01
350210 ANDRADINA;2026/Abr;257.0;2026-04-01;4.8;1232.0;26.0;10.12;278253.3
350220 ANGATUBA;2026/Abr;137.0;2026-04-01;2.5;347.0;9.0;6.57;49517.49
350250 APARECIDA;2026/Abr;425.0;2026-04-01;2.9;1222.0;19.0;4.47;586370.1
350260 APARECIDA D'OESTE;2026/Abr;10.0;2026-04-01;4.5;45.0;0.0;0.0;4354.74
350270 APIAI;2026/Abr;326.0;2026-04-01;2.3;750.0;5.0;1.53;178118.18
350280 ARACATUBA;2026/Abr;1222.0;2026-04-01;5.7;6942.0;91.0;7.45;4000021.59
350310 ARANDU;2026/Abr;10.0;2026-04-01;5.4;54.0;0.0;0.0;3446.52
350320 ARARAQUARA;2026/Abr;1814.0;2026-04-01;3.7;6726.0;76.0;4.19;4585132.06
350330 ARARAS;2026/Abr;740.0;2026-04-01;4.2;3088.0;34.0;4.59;1223022.38
350340 AREALVA;2026/Abr;18.0;2026-04-01;2.4;44.0;0.0;0.0;4326.89
350390 ARUJA;2026/Abr;0.0;2026-04-01;0.0;0.0;0.0;0.0;0.0
350400 ASSIS;2026/Abr;912.0;2026-04-01;4.7;4310.0;60.0;6.58;1565637.82
350410 ATIBAIA;2026/Abr;355.0;2026-04-01;5.2;1838.0;29.0;8.17;394360.49
350420 AURIFLAMA;2026/Abr;245.0;2026-04-01;1.6;397.0;5.0;2.04;285884.57
350450 AVARE;2026/Abr;645.0;2026-04-01;3.9;2519.0;32.0;4.96;892287.04
350520 BARIRI;2026/Abr;149.0;2026-04-01;3.0;454.0;7.0;4.7;78367.72
350530 BARRA BONITA;2026/Abr;151.0;2026-04-01;2.6;393.0;8.0;5.3;110544.47
350550 BARRETOS;2026/Abr;2589.0;2026-04-01;4.6;11962.0;197.0;7.61;8119318.7
350570 BARUERI;2026/Abr;3654.0;2026-04-01;3.6;13235.0;101.0;2.76;2816099.54
350580 BASTOS;2026/Abr;95.0;2026-04-01;2.6;245.0;1.0;1.05;41393.7
350590 BATATAIS;2026/Abr;291.0;2026-04-01;3.9;1121.0;10.0;3.44;362529.28
350600 BAURU;2026/Abr;3775.0;2026-04-01;5.1;19071.0;121.0;3.21;6333204.29
350610 BEBEDOURO;2026/Abr;706.0;2026-04-01;3.1;2183.0;21.0;2.97;690786.71
350630 BERNARDINO DE CAMPOS;2026/Abr;66.0;2026-04-01;3.5;230.0;2.0;3.03;25988.04
350635 BERTIOGA;2026/Abr;380.0;2026-04-01;4.2;1611.0;25.0;6.58;274963.12
350640 BILAC;2026/Abr;18.0;2026-04-01;2.5;45.0;0.0;0.0;4835.15
350650 BIRIGUI;2026/Abr;458.0;2026-04-01;4.1;1879.0;23.0;5.02;472235.08
350670 BOA ESPERANCA DO SUL;2026/Abr;6.0;2026-04-01;5.8;35.0;0.0;0.0;2202.04
350680 BOCAINA;2026/Abr;10.0;2026-04-01;1.5;15.0;0.0;0.0;4157.38
350700 BOITUVA;2026/Abr;181.0;2026-04-01;2.9;526.0;5.0;2.76;103262.4
350710 BOM JESUS DOS PERDOES;2026/Abr;20.0;2026-04-01;5.8;115.0;3.0;15.0;8408.85
350740 BORBOREMA;2026/Abr;56.0;2026-04-01;3.9;221.0;1.0;1.79;28536.45
350750 BOTUCATU;2026/Abr;2407.0;2026-04-01;5.8;14037.0;115.0;4.78;6459192.06
350760 BRAGANCA PAULISTA;2026/Abr;1621.0;2026-04-01;3.6;5760.0;63.0;3.89;3058228.99
350790 BROTAS;2026/Abr;71.0;2026-04-01;8.9;634.0;8.0;11.27;51020.63
350810 BURITAMA;2026/Abr;128.0;2026-04-01;2.3;288.0;5.0;3.91;71663.68
350840 CABREUVA;2026/Abr;89.0;2026-04-01;2.5;219.0;2.0;2.25;24500.65
350850 CACAPAVA;2026/Abr;288.0;2026-04-01;4.6;1324.0;29.0;10.07;265820.56
350870 CACONDE;2026/Abr;174.0;2026-04-01;2.0;349.0;2.0;1.15;269787.26
350880 CAFELANDIA;2026/Abr;49.0;2026-04-01;4.0;196.0;4.0;8.16;18458.81
350900 CAIEIRAS;2026/Abr;495.0;2026-04-01;2.5;1262.0;2.0;0.4;219824.93
350920 CAJAMAR;2026/Abr;307.0;2026-04-01;3.3;1021.0;14.0;4.56;104561.2
350930 CAJOBI;2026/Abr;49.0;2026-04-01;2.7;134.0;0.0;0.0;20719.09
350940 CAJURU;2026/Abr;257.0;2026-04-01;3.2;812.0;7.0;2.72;130826.51
350950 CAMPINAS;2026/Abr;6687.0;2026-04-01;5.0;33276.0;285.0;4.26;17270103.84
350960 CAMPO LIMPO PAULISTA;2026/Abr;346.0;2026-04-01;3.5;1197.0;15.0;4.34;313722.8
350970 CAMPOS DO JORDAO;2026/Abr;229.0;2026-04-01;8.1;1848.0;10.0;4.37;212899.73
351000 CANDIDO MOTA;2026/Abr;212.0;2026-04-01;2.8;603.0;8.0;3.77;245564.01
351020 CAPAO BONITO;2026/Abr;225.0;2026-04-01;3.3;750.0;20.0;8.89;214935.6
351040 CAPIVARI;2026/Abr;210.0;2026-04-01;3.4;719.0;17.0;8.1;224309.08
351050 CARAGUATATUBA;2026/Abr;2062.0;2026-04-01;3.1;6461.0;66.0;3.2;2434481.87
351060 CARAPICUIBA;2026/Abr;1508.0;2026-04-01;3.5;5281.0;51.0;3.38;1547774.68
351070 CARDOSO;2026/Abr;37.0;2026-04-01;4.3;160.0;4.0;10.81;17070.83
351080 CASA BRANCA;2026/Abr;160.0;2026-04-01;9.8;1575.0;7.0;4.38;124823.89
351100 CASTILHO;2026/Abr;64.0;2026-04-01;4.3;275.0;0.0;0.0;36333.01
351110 CATANDUVA;2026/Abr;1572.0;2026-04-01;7.8;12190.0;113.0;7.19;3712458.76
351140 CERQUEIRA CESAR;2026/Abr;129.0;2026-04-01;2.3;295.0;4.0;3.1;73133.1
351150 CERQUILHO;2026/Abr;81.0;2026-04-01;3.3;271.0;4.0;4.94;46771.5
351160 CESARIO LANGE;2026/Abr;45.0;2026-04-01;2.2;101.0;3.0;6.67;23816.38
351170 CHARQUEADA;2026/Abr;30.0;2026-04-01;4.0;121.0;2.0;6.67;9744.16
351190 CLEMENTINA;2026/Abr;23.0;2026-04-01;3.7;86.0;0.0;0.0;8987.97
351200 COLINA;2026/Abr;81.0;2026-04-01;3.9;317.0;2.0;2.47;115475.15
351210 COLOMBIA;2026/Abr;0.0;2026-04-01;0.0;0.0;0.0;0.0;0.0
351220 CONCHAL;2026/Abr;185.0;2026-04-01;2.2;404.0;3.0;1.62;88966.58
351230 CONCHAS;2026/Abr;25.0;2026-04-01;4.8;119.0;1.0;4.0;9064.57
351280 COSMOPOLIS;2026/Abr;143.0;2026-04-01;2.8;403.0;9.0;6.29;135597.46
351300 COTIA;2026/Abr;1136.0;2026-04-01;3.6;4069.0;40.0;3.52;1005509.57
351310 CRAVINHOS;2026/Abr;0.0;2026-04-01;0.0;0.0;0.0;0.0;0.0
351340 CRUZEIRO;2026/Abr;604.0;2026-04-01;4.3;2598.0;31.0;5.13;651901.8
351350 CUBATAO;2026/Abr;538.0;2026-04-01;6.3;3371.0;23.0;4.28;647700.48
351360 CUNHA;2026/Abr;121.0;2026-04-01;3.0;361.0;3.0;2.48;73562.18
351370 DESCALVADO;2026/Abr;140.0;2026-04-01;1.9;261.0;5.0;3.57;117722.22
351380 DIADEMA;2026/Abr;1926.0;2026-04-01;4.6;8834.0;67.0;3.48;2631970.12
351390 DIVINOLANDIA;2026/Abr;475.0;2026-04-01;16.9;8006.0;5.0;1.05;1014021.64
351410 DOIS CORREGOS;2026/Abr;114.0;2026-04-01;3.0;344.0;8.0;7.02;48557.3
351440 DRACENA;2026/Abr;298.0;2026-04-01;5.1;1517.0;21.0;7.05;543689.9
351450 DUARTINA;2026/Abr;108.0;2026-04-01;2.4;262.0;4.0;3.7;31669.69
351500 EMBU DAS ARTES;2026/Abr;217.0;2026-04-01;4.4;960.0;19.0;8.76;99988.99
351510 EMBU-GUACU;2026/Abr;85.0;2026-04-01;0.9;75.0;4.0;4.71;32719.11
351518 ESPIRITO SANTO DO PINHAL;2026/Abr;423.0;2026-04-01;20.0;8440.0;14.0;3.31;875463.52
351520 ESTRELA D'OESTE;2026/Abr;39.0;2026-04-01;3.5;135.0;1.0;2.56;21250.24
351540 FARTURA;2026/Abr;64.0;2026-04-01;3.3;209.0;2.0;3.13;27840.42
351550 FERNANDOPOLIS;2026/Abr;598.0;2026-04-01;3.2;1886.0;33.0;5.52;710604.03
351570 FERRAZ DE VASCONCELOS;2026/Abr;715.0;2026-04-01;4.1;2952.0;30.0;4.2;548571.75
351600 FLORIDA PAULISTA;2026/Abr;89.0;2026-04-01;2.4;217.0;1.0;1.12;28084.19
351620 FRANCA;2026/Abr;2096.0;2026-04-01;5.2;10902.0;114.0;5.44;5097095.54
351630 FRANCISCO MORATO;2026/Abr;1238.0;2026-04-01;3.9;4861.0;51.0;4.12;1055379.0
351640 FRANCO DA ROCHA;2026/Abr;716.0;2026-04-01;8.3;5932.0;45.0;6.28;998136.7
351660 GALIA;2026/Abr;10.0;2026-04-01;4.0;40.0;1.0;10.0;3097.63
351670 GARCA;2026/Abr;194.0;2026-04-01;19.3;3748.0;7.0;3.61;382688.33
351690 GENERAL SALGADO;2026/Abr;31.0;2026-04-01;3.4;106.0;1.0;3.23;13085.88
351700 GETULINA;2026/Abr;26.0;2026-04-01;3.9;101.0;1.0;3.85;7801.27
351740 GUAIRA;2026/Abr;275.0;2026-04-01;3.1;851.0;10.0;3.64;462101.38
351760 GUAPIARA;2026/Abr;24.0;2026-04-01;3.7;88.0;1.0;4.17;7671.54
351770 GUARA;2026/Abr;60.0;2026-04-01;2.7;162.0;1.0;1.67;28420.01
351780 GUARACAI;2026/Abr;53.0;2026-04-01;3.3;176.0;2.0;3.77;27263.8
351820 GUARARAPES;2026/Abr;113.0;2026-04-01;4.9;555.0;10.0;8.85;55521.27
351830 GUARAREMA;2026/Abr;157.0;2026-04-01;3.3;524.0;8.0;5.1;55870.73
351840 GUARATINGUETA;2026/Abr;1086.0;2026-04-01;5.5;5997.0;54.0;4.97;1770306.11
351860 GUARIBA;2026/Abr;128.0;2026-04-01;2.8;361.0;7.0;5.47;66094.01
351870 GUARUJA;2026/Abr;1109.0;2026-04-01;5.6;6177.0;62.0;5.59;2395958.52
351880 GUARULHOS;2026/Abr;4949.0;2026-04-01;4.8;23686.0;285.0;5.76;7136982.21
351900 HERCULANDIA;2026/Abr;63.0;2026-04-01;3.7;231.0;0.0;0.0;19934.33
351907 HORTOLANDIA;2026/Abr;455.0;2026-04-01;3.9;1770.0;26.0;5.71;407208.96
351910 IACANGA;2026/Abr;82.0;2026-04-01;2.1;174.0;0.0;0.0;18463.12
351930 IBATE;2026/Abr;91.0;2026-04-01;3.4;307.0;4.0;4.4;78896.25
351940 IBIRA;2026/Abr;31.0;2026-04-01;4.1;127.0;0.0;0.0;15410.97
351960 IBITINGA;2026/Abr;444.0;2026-04-01;2.9;1291.0;28.0;6.31;576095.99
351970 IBIUNA;2026/Abr;383.0;2026-04-01;3.3;1264.0;11.0;2.87;206406.58
351990 IEPE;2026/Abr;66.0;2026-04-01;3.3;218.0;1.0;1.52;21754.09
352010 IGARAPAVA;2026/Abr;114.0;2026-04-01;5.2;598.0;1.0;0.88;81918.82
352040 ILHABELA;2026/Abr;185.0;2026-04-01;3.0;548.0;1.0;0.54;119615.41
352044 ILHA SOLTEIRA;2026/Abr;249.0;2026-04-01;3.9;970.0;17.0;6.83;296456.25
352050 INDAIATUBA;2026/Abr;1940.0;2026-04-01;2.9;5620.0;55.0;2.84;2329273.6
352070 INDIAPORA;2026/Abr;29.0;2026-04-01;3.3;96.0;1.0;3.45;9751.29
352090 IPAUSSU;2026/Abr;70.0;2026-04-01;3.3;234.0;4.0;5.71;34935.3
352130 IPUA;2026/Abr;93.0;2026-04-01;2.8;260.0;2.0;2.15;44938.77
352170 ITABERA;2026/Abr;72.0;2026-04-01;2.0;142.0;2.0;2.78;37137.71
352180 ITAI;2026/Abr;102.0;2026-04-01;2.8;287.0;6.0;5.88;34456.16
352190 ITAJOBI;2026/Abr;74.0;2026-04-01;7.4;544.0;8.0;10.81;22494.38
352210 ITANHAEM;2026/Abr;1051.0;2026-04-01;4.3;4553.0;58.0;5.52;1264555.01
352220 ITAPECERICA DA SERRA;2026/Abr;1461.0;2026-04-01;4.1;5986.0;70.0;4.79;1722022.28
352230 ITAPETININGA;2026/Abr;938.0;2026-04-01;5.9;5549.0;73.0;7.78;1120732.86
352240 ITAPEVA;2026/Abr;731.0;2026-04-01;3.1;2244.0;36.0;4.92;991918.3
352250 ITAPEVI;2026/Abr;1330.0;2026-04-01;3.9;5146.0;27.0;2.03;1175273.56
352260 ITAPIRA;2026/Abr;416.0;2026-04-01;18.6;7742.0;17.0;4.09;921445.92
352270 ITAPOLIS;2026/Abr;360.0;2026-04-01;3.1;1105.0;18.0;5.0;413187.78
352280 ITAPORANGA;2026/Abr;74.0;2026-04-01;1.7;127.0;1.0;1.35;29681.19
352290 ITAPUI;2026/Abr;0.0;2026-04-01;0.0;0.0;0.0;0.0;0.0
352310 ITAQUAQUECETUBA;2026/Abr;1272.0;2026-04-01;6.2;7868.0;83.0;6.53;1709196.82
352320 ITARARE;2026/Abr;351.0;2026-04-01;2.0;708.0;11.0;3.13;236971.65
352340 ITATIBA;2026/Abr;588.0;2026-04-01;3.2;1898.0;25.0;4.25;1028737.83
352350 ITATINGA;2026/Abr;26.0;2026-04-01;4.6;119.0;2.0;7.69;8972.65
352360 ITIRAPINA;2026/Abr;21.0;2026-04-01;4.4;92.0;0.0;0.0;9029.55
352390 ITU;2026/Abr;649.0;2026-04-01;5.0;3260.0;24.0;3.7;1126441.41
352400 ITUPEVA;2026/Abr;175.0;2026-04-01;4.1;711.0;4.0;2.29;70880.2
352410 ITUVERAVA;2026/Abr;292.0;2026-04-01;3.1;909.0;11.0;3.77;624972.51
352420 JABORANDI;2026/Abr;3.0;2026-04-01;2.7;8.0;0.0;0.0;858.78
352430 JABOTICABAL;2026/Abr;205.0;2026-04-01;5.1;1036.0;12.0;5.85;228411.32
352440 JACAREI;2026/Abr;1356.0;2026-04-01;3.6;4904.0;55.0;4.06;1869593.14
352450 JACI;2026/Abr;38.0;2026-04-01;14.7;557.0;0.0;0.0;38852.47
352470 JAGUARIUNA;2026/Abr;298.0;2026-04-01;3.1;930.0;12.0;4.03;325027.5
352480 JALES;2026/Abr;695.0;2026-04-01;3.3;2303.0;52.0;7.48;1236111.6
352520 JARINU;2026/Abr;39.0;2026-04-01;2.4;93.0;0.0;0.0;6224.3
352530 JAU;2026/Abr;2180.0;2026-04-01;5.3;11577.0;113.0;5.18;5638961.96
352550 JOANOPOLIS;2026/Abr;26.0;2026-04-01;4.8;126.0;4.0;15.38;10969.73
352570 JOSE BONIFACIO;2026/Abr;220.0;2026-04-01;3.6;783.0;8.0;3.64;122855.41
352590 JUNDIAI;2026/Abr;3857.0;2026-04-01;3.8;14494.0;126.0;3.27;5392667.64
352600 JUNQUEIROPOLIS;2026/Abr;87.0;2026-04-01;6.9;598.0;2.0;2.3;36134.96
352640 LARANJAL PAULISTA;2026/Abr;173.0;2026-04-01;3.4;582.0;6.0;3.47;77994.69
352670 LEME;2026/Abr;440.0;2026-04-01;3.9;1707.0;30.0;6.82;435700.57
352680 LENCOIS PAULISTA;2026/Abr;235.0;2026-04-01;3.5;833.0;9.0;3.83;273009.34
352690 LIMEIRA;2026/Abr;1417.0;2026-04-01;4.4;6177.0;79.0;5.58;3831584.91
352710 LINS;2026/Abr;728.0;2026-04-01;5.6;4054.0;22.0;3.02;787137.29
352720 LORENA;2026/Abr;408.0;2026-04-01;4.8;1978.0;21.0;5.15;634901.81
352730 LOUVEIRA;2026/Abr;202.0;2026-04-01;2.4;478.0;4.0;1.98;142020.48
352740 LUCELIA;2026/Abr;55.0;2026-04-01;5.0;275.0;4.0;7.27;17737.67
352800 MACATUBA;2026/Abr;66.0;2026-04-01;3.0;201.0;4.0;6.06;31241.57
352810 MACAUBAL;2026/Abr;11.0;2026-04-01;2.0;22.0;0.0;0.0;4578.7
352850 MAIRIPORA;2026/Abr;284.0;2026-04-01;2.9;832.0;13.0;4.58;91922.51
352880 MARACAI;2026/Abr;62.0;2026-04-01;3.1;194.0;1.0;1.61;45032.51
352900 MARILIA;2026/Abr;2493.0;2026-04-01;6.0;14839.0;154.0;6.18;6650516.85
352920 MARTINOPOLIS;2026/Abr;258.0;2026-04-01;1.8;467.0;6.0;2.33;98776.74
352930 MATAO;2026/Abr;578.0;2026-04-01;4.1;2375.0;28.0;4.84;2019739.61
352940 MAUA;2026/Abr;1233.0;2026-04-01;4.7;5788.0;56.0;4.54;1388274.75
352970 MIGUELOPOLIS;2026/Abr;86.0;2026-04-01;2.7;235.0;1.0;1.16;56162.18
353010 MIRANDOPOLIS;2026/Abr;336.0;2026-04-01;4.4;1476.0;21.0;6.25;295347.43
353030 MIRASSOL;2026/Abr;0.0;2026-04-01;0.0;0.0;0.0;0.0;0.0
353050 MOCOCA;2026/Abr;437.0;2026-04-01;3.3;1441.0;30.0;6.86;504154.48
353060 MOGI DAS CRUZES;2026/Abr;3022.0;2026-04-01;4.9;14831.0;136.0;4.5;5390538.45
353070 MOGI GUACU;2026/Abr;808.0;2026-04-01;5.0;4041.0;47.0;5.82;1718765.68
353080 MOGI MIRIM;2026/Abr;528.0;2026-04-01;3.3;1741.0;29.0;5.49;1048398.09
353110 MONGAGUA;2026/Abr;76.0;2026-04-01;3.6;274.0;2.0;2.63;20454.56
353130 MONTE ALTO;2026/Abr;204.0;2026-04-01;4.5;922.0;17.0;8.33;399675.33
353140 MONTE APRAZIVEL;2026/Abr;275.0;2026-04-01;2.0;540.0;3.0;1.09;110617.25
353150 MONTE AZUL PAULISTA;2026/Abr;139.0;2026-04-01;1.7;235.0;1.0;0.72;310540.1
353180 MONTE MOR;2026/Abr;88.0;2026-04-01;3.0;265.0;6.0;6.82;45686.49
353190 MORRO AGUDO;2026/Abr;140.0;2026-04-01;3.1;431.0;7.0;5.0;138318.04
353200 MORUNGABA;2026/Abr;13.0;2026-04-01;2.4;31.0;2.0;15.38;5616.99
353240 NAZARE PAULISTA;2026/Abr;0.0;2026-04-01;0.0;0.0;0.0;0.0;0.0
353250 NEVES PAULISTA;2026/Abr;1.0;2026-04-01;5.0;5.0;0.0;0.0;407.44
353260 NHANDEARA;2026/Abr;234.0;2026-04-01;2.1;495.0;3.0;1.28;236500.09
353290 NOVA EUROPA;2026/Abr;31.0;2026-04-01;3.6;112.0;0.0;0.0;17198.86
353300 NOVA GRANADA;2026/Abr;189.0;2026-04-01;3.0;567.0;3.0;1.59;71727.67
353340 NOVA ODESSA;2026/Abr;134.0;2026-04-01;5.0;665.0;12.0;8.96;82901.3
353350 NOVO HORIZONTE;2026/Abr;199.0;2026-04-01;2.9;574.0;7.0;3.52;279404.82
353390 OLIMPIA;2026/Abr;341.0;2026-04-01;4.1;1388.0;14.0;4.11;323575.71
353430 ORLANDIA;2026/Abr;253.0;2026-04-01;1.4;361.0;5.0;1.98;138944.82
353440 OSASCO;2026/Abr;2207.0;2026-04-01;5.3;11651.0;134.0;6.07;3049175.89
353460 OSVALDO CRUZ;2026/Abr;234.0;2026-04-01;3.2;756.0;10.0;4.27;133433.55
353470 OURINHOS;2026/Abr;833.0;2026-04-01;4.2;3519.0;57.0;6.84;1681178.71
353475 OUROESTE;2026/Abr;56.0;2026-04-01;4.0;225.0;0.0;0.0;24584.5
353520 PALMEIRA D'OESTE;2026/Abr;72.0;2026-04-01;2.9;212.0;0.0;0.0;21897.25
353530 PALMITAL;2026/Abr;264.0;2026-04-01;1.9;500.0;5.0;1.89;241008.92
353550 PARAGUACU PAULISTA;2026/Abr;356.0;2026-04-01;3.8;1358.0;21.0;5.9;542374.06
353580 PARANAPANEMA;2026/Abr;44.0;2026-04-01;2.6;113.0;1.0;2.27;17182.92
353600 PARAPUA;2026/Abr;0.0;2026-04-01;0.0;0.0;0.0;0.0;0.0
353620 PARIQUERA-ACU;2026/Abr;752.0;2026-04-01;4.5;3354.0;45.0;5.98;933413.08
353630 PATROCINIO PAULISTA;2026/Abr;107.0;2026-04-01;3.0;321.0;1.0;0.93;54238.98
353650 PAULINIA;2026/Abr;0.0;2026-04-01;0.0;0.0;0.0;0.0;0.0
353660 PAULO DE FARIA;2026/Abr;13.0;2026-04-01;5.2;68.0;0.0;0.0;4682.77
353670 PEDERNEIRAS;2026/Abr;197.0;2026-04-01;4.0;795.0;15.0;7.61;185508.2
353700 PEDREGULHO;2026/Abr;88.0;2026-04-01;3.4;296.0;1.0;1.14;37705.9
353710 PEDREIRA;2026/Abr;103.0;2026-04-01;5.0;519.0;5.0;4.85;143651.39
353730 PENAPOLIS;2026/Abr;596.0;2026-04-01;5.4;3216.0;22.0;3.69;546219.64
353740 PEREIRA BARRETO;2026/Abr;91.0;2026-04-01;2.6;235.0;5.0;5.49;44958.91
353780 PIEDADE;2026/Abr;271.0;2026-04-01;2.7;741.0;16.0;5.9;149053.95
353790 PILAR DO SUL;2026/Abr;100.0;2026-04-01;2.4;240.0;3.0;3.0;41133.94
353800 PINDAMONHANGABA;2026/Abr;608.0;2026-04-01;5.2;3137.0;30.0;4.93;843014.32
353860 PIRACAIA;2026/Abr;42.0;2026-04-01;3.6;151.0;3.0;7.14;13540.5
353870 PIRACICABA;2026/Abr;3227.0;2026-04-01;3.1;9929.0;102.0;3.16;6317755.15
353880 PIRAJU;2026/Abr;165.0;2026-04-01;2.6;423.0;9.0;5.45;62704.42
353890 PIRAJUI;2026/Abr;113.0;2026-04-01;2.0;229.0;9.0;7.96;66570.48
353900 PIRANGI;2026/Abr;111.0;2026-04-01;1.7;187.0;3.0;2.7;191371.59
353930 PIRASSUNUNGA;2026/Abr;236.0;2026-04-01;4.0;943.0;15.0;6.36;270240.91
353940 PIRATININGA;2026/Abr;20.0;2026-04-01;8.0;160.0;0.0;0.0;7411.85
353950 PITANGUEIRAS;2026/Abr;138.0;2026-04-01;2.2;302.0;1.0;0.72;60243.89
354000 POMPEIA;2026/Abr;63.0;2026-04-01;3.3;206.0;3.0;4.76;25706.24
354020 PONTAL;2026/Abr;96.0;2026-04-01;2.4;235.0;2.0;2.08;41203.81
354040 POPULINA;2026/Abr;4.0;2026-04-01;2.0;8.0;0.0;0.0;2013.94
354060 PORTO FELIZ;2026/Abr;361.0;2026-04-01;2.4;861.0;13.0;3.6;256012.52
354070 PORTO FERREIRA;2026/Abr;199.0;2026-04-01;3.7;734.0;10.0;5.03;231021.44
354080 POTIRENDABA;2026/Abr;75.0;2026-04-01;2.6;198.0;1.0;1.33;28966.25
354100 PRAIA GRANDE;2026/Abr;965.0;2026-04-01;5.6;5373.0;59.0;6.11;1370897.08
354120 PRESIDENTE BERNARDES;2026/Abr;108.0;2026-04-01;3.0;319.0;0.0;0.0;38109.92
354130 PRESIDENTE EPITACIO;2026/Abr;264.0;2026-04-01;3.5;915.0;16.0;6.06;120635.36
354140 PRESIDENTE PRUDENTE;2026/Abr;3771.0;2026-04-01;5.6;21027.0;145.0;3.85;7337947.52
354150 PRESIDENTE VENCESLAU;2026/Abr;165.0;2026-04-01;4.4;726.0;4.0;2.42;197406.41
354160 PROMISSAO;2026/Abr;372.0;2026-04-01;3.2;1184.0;22.0;5.91;347643.16
354190 QUELUZ;2026/Abr;11.0;2026-04-01;4.4;48.0;1.0;9.09;5424.22
354220 RANCHARIA;2026/Abr;452.0;2026-04-01;2.6;1173.0;25.0;5.53;484986.73
354240 REGENTE FEIJO;2026/Abr;104.0;2026-04-01;3.3;346.0;5.0;4.81;35330.81
354260 REGISTRO;2026/Abr;900.0;2026-04-01;3.1;2791.0;29.0;3.22;944689.12
354290 RIBEIRAO BONITO;2026/Abr;42.0;2026-04-01;1.1;48.0;2.0;4.76;54275.53
354300 RIBEIRAO BRANCO;2026/Abr;27.0;2026-04-01;3.6;96.0;4.0;14.81;10996.9
354330 RIBEIRAO PIRES;2026/Abr;157.0;2026-04-01;5.5;869.0;11.0;7.01;99363.81
354340 RIBEIRAO PRETO;2026/Abr;7428.0;2026-04-01;4.3;31637.0;266.0;3.58;16619216.33
354380 RINOPOLIS;2026/Abr;24.0;2026-04-01;5.6;134.0;2.0;8.33;8269.79
354390 RIO CLARO;2026/Abr;1034.0;2026-04-01;6.6;6848.0;55.0;5.32;1700844.61
354400 RIO DAS PEDRAS;2026/Abr;85.0;2026-04-01;1.4;117.0;2.0;2.35;19266.7
354420 RIOLANDIA;2026/Abr;26.0;2026-04-01;3.0;78.0;1.0;3.85;8952.61
354425 ROSANA;2026/Abr;282.0;2026-04-01;11.3;3173.0;7.0;2.48;181052.6
354490 SALES OLIVEIRA;2026/Abr;25.0;2026-04-01;2.0;50.0;0.0;0.0;8785.9
354500 SALESOPOLIS;2026/Abr;15.0;2026-04-01;1.2;18.0;0.0;0.0;4483.01
354520 SALTO;2026/Abr;585.0;2026-04-01;2.6;1523.0;21.0;3.59;480049.8
354530 SALTO DE PIRAPORA;2026/Abr;241.0;2026-04-01;1.8;440.0;2.0;0.83;121102.74
354540 SALTO GRANDE;2026/Abr;76.0;2026-04-01;2.6;196.0;0.0;0.0;27849.52
354560 SANTA ADELIA;2026/Abr;86.0;2026-04-01;2.9;248.0;1.0;1.16;70881.0
354580 SANTA BARBARA D'OESTE;2026/Abr;706.0;2026-04-01;2.5;1777.0;25.0;3.54;894730.41
354630 SANTA CRUZ DAS PALMEIRAS;2026/Abr;103.0;2026-04-01;2.4;249.0;4.0;3.88;57034.03
354640 SANTA CRUZ DO RIO PARDO;2026/Abr;330.0;2026-04-01;3.7;1231.0;11.0;3.33;508359.24
354660 SANTA FE DO SUL;2026/Abr;308.0;2026-04-01;3.6;1116.0;16.0;5.19;346520.58
354680 SANTA ISABEL;2026/Abr;149.0;2026-04-01;5.0;752.0;9.0;6.04;183424.19
354730 SANTANA DE PARNAIBA;2026/Abr;368.0;2026-04-01;4.0;1486.0;15.0;4.08;176908.18
354750 SANTA RITA DO PASSA QUATRO;2026/Abr;137.0;2026-04-01;10.0;1371.0;4.0;2.92;99598.74
354760 SANTA ROSA DE VITERBO;2026/Abr;110.0;2026-04-01;3.9;425.0;2.0;1.82;26915.52
354770 SANTO ANASTACIO;2026/Abr;193.0;2026-04-01;3.6;691.0;2.0;1.04;55920.94
354780 SANTO ANDRE;2026/Abr;3586.0;2026-04-01;4.7;16894.0;243.0;6.78;7002989.37
354790 SANTO ANTONIO DA ALEGRIA;2026/Abr;22.0;2026-04-01;3.5;76.0;0.0;0.0;7984.21
354850 SANTOS;2026/Abr;2259.0;2026-04-01;5.8;12991.0;101.0;4.47;5192881.15
354860 SAO BENTO DO SAPUCAI;2026/Abr;38.0;2026-04-01;3.4;128.0;0.0;0.0;14125.47
354870 SAO BERNARDO DO CAMPO;2026/Abr;3497.0;2026-04-01;5.6;19734.0;197.0;5.63;9452856.78
354880 SAO CAETANO DO SUL;2026/Abr;1238.0;2026-04-01;3.6;4463.0;76.0;6.14;1873699.14
354890 SAO CARLOS;2026/Abr;1760.0;2026-04-01;3.5;6118.0;69.0;3.92;3248840.13
354910 SAO JOAO DA BOA VISTA;2026/Abr;562.0;2026-04-01;3.6;2050.0;46.0;8.19;1080187.76
354940 SAO JOAQUIM DA BARRA;2026/Abr;379.0;2026-04-01;3.3;1268.0;20.0;5.28;500445.81
354970 SAO JOSE DO RIO PARDO;2026/Abr;367.0;2026-04-01;3.2;1191.0;30.0;8.17;517220.21
354980 SAO JOSE DO RIO PRETO;2026/Abr;8047.0;2026-04-01;4.5;36071.0;292.0;3.63;26200442.59
354990 SAO JOSE DOS CAMPOS;2026/Abr;4707.0;2026-04-01;4.4;20631.0;198.0;4.21;10686356.23
355000 SAO LUIS DO PARAITINGA;2026/Abr;0.0;2026-04-01;0.0;0.0;0.0;0.0;0.0
355010 SAO MANUEL;2026/Abr;125.0;2026-04-01;3.8;473.0;13.0;10.4;156121.71
355020 SAO MIGUEL ARCANJO;2026/Abr;111.0;2026-04-01;6.6;734.0;7.0;6.31;80660.62
355030 SAO PAULO;2026/Abr;61005.0;2026-04-01;4.8;293592.0;2659.0;4.36;141418856.79
355040 SAO PEDRO;2026/Abr;333.0;2026-04-01;1.7;561.0;8.0;2.4;358722.18
355060 SAO ROQUE;2026/Abr;413.0;2026-04-01;3.1;1283.0;12.0;2.91;358575.68
355070 SAO SEBASTIAO;2026/Abr;535.0;2026-04-01;3.7;1967.0;13.0;2.43;416608.67
355080 SAO SEBASTIAO DA GRAMA;2026/Abr;62.0;2026-04-01;2.4;147.0;1.0;1.61;26246.48
355090 SAO SIMAO;2026/Abr;27.0;2026-04-01;6.6;177.0;3.0;11.11;20116.9
355100 SAO VICENTE;2026/Abr;778.0;2026-04-01;4.5;3474.0;36.0;4.63;1058865.09
355150 SERRANA;2026/Abr;277.0;2026-04-01;5.3;1477.0;13.0;4.69;426740.56
355160 SERRA NEGRA;2026/Abr;268.0;2026-04-01;2.4;634.0;8.0;2.99;280907.52
355170 SERTAOZINHO;2026/Abr;607.0;2026-04-01;3.6;2193.0;25.0;4.12;1045431.89
355200 SILVEIRAS;2026/Abr;3.0;2026-04-01;7.3;22.0;0.0;0.0;447.18
355210 SOCORRO;2026/Abr;285.0;2026-04-01;3.0;846.0;16.0;5.61;267694.66
355220 SOROCABA;2026/Abr;5265.0;2026-04-01;5.0;26132.0;309.0;5.87;10596267.12
355230 SUD MENNUCCI;2026/Abr;15.0;2026-04-01;2.6;39.0;0.0;0.0;4845.62
355240 SUMARE;2026/Abr;1084.0;2026-04-01;4.6;5011.0;35.0;3.23;2309878.03
355250 SUZANO;2026/Abr;285.0;2026-04-01;10.8;3092.0;20.0;7.02;402470.97
355260 TABAPUA;2026/Abr;101.0;2026-04-01;3.1;310.0;2.0;1.98;112972.31
355270 TABATINGA;2026/Abr;78.0;2026-04-01;2.9;230.0;9.0;11.54;49549.73
355280 TABOAO DA SERRA;2026/Abr;1719.0;2026-04-01;4.2;7169.0;73.0;4.25;2554420.32
355300 TAGUAI;2026/Abr;60.0;2026-04-01;3.1;185.0;1.0;1.67;26623.01
355330 TAMBAU;2026/Abr;145.0;2026-04-01;3.1;445.0;6.0;4.14;71070.49
355340 TANABI;2026/Abr;155.0;2026-04-01;6.2;960.0;3.0;1.94;95016.18
355360 TAPIRATIBA;2026/Abr;37.0;2026-04-01;2.8;105.0;1.0;2.7;20030.66
355370 TAQUARITINGA;2026/Abr;423.0;2026-04-01;2.7;1142.0;8.0;1.89;250781.23
355380 TAQUARITUBA;2026/Abr;193.0;2026-04-01;2.2;432.0;2.0;1.04;79531.91
355400 TATUI;2026/Abr;508.0;2026-04-01;3.8;1914.0;23.0;4.53;454516.67
355410 TAUBATE;2026/Abr;2065.0;2026-04-01;4.0;8337.0;90.0;4.36;4398122.02
355430 TEODORO SAMPAIO;2026/Abr;113.0;2026-04-01;3.4;388.0;7.0;6.19;40467.1
355440 TERRA ROXA;2026/Abr;2.0;2026-04-01;8.5;17.0;0.0;0.0;401.25
355450 TIETE;2026/Abr;175.0;2026-04-01;3.1;535.0;2.0;1.14;73057.22
355470 TORRINHA;2026/Abr;6.0;2026-04-01;3.5;21.0;0.0;0.0;1355.11
355500 TUPA;2026/Abr;689.0;2026-04-01;3.8;2639.0;39.0;5.66;971044.32
355510 TUPI PAULISTA;2026/Abr;114.0;2026-04-01;4.3;489.0;5.0;4.39;61735.73
355540 UBATUBA;2026/Abr;427.0;2026-04-01;2.9;1244.0;9.0;2.11;241891.7
355580 URANIA;2026/Abr;35.0;2026-04-01;4.3;149.0;1.0;2.86;12395.27
355600 URUPES;2026/Abr;103.0;2026-04-01;2.6;269.0;3.0;2.91;93089.44
355620 VALINHOS;2026/Abr;430.0;2026-04-01;4.2;1816.0;26.0;6.05;584621.78
355630 VALPARAISO;2026/Abr;98.0;2026-04-01;2.5;247.0;2.0;2.04;75708.27
355640 VARGEM GRANDE DO SUL;2026/Abr;171.0;2026-04-01;3.4;587.0;12.0;7.02;98235.44
355650 VARZEA PAULISTA;2026/Abr;50.0;2026-04-01;3.2;159.0;6.0;12.0;15058.2
355670 VINHEDO;2026/Abr;440.0;2026-04-01;3.2;1396.0;20.0;4.55;480686.38
355680 VIRADOURO;2026/Abr;27.0;2026-04-01;3.0;81.0;1.0;3.7;10633.75
355700 VOTORANTIM;2026/Abr;309.0;2026-04-01;3.9;1196.0;12.0;3.88;279767.02
355710 VOTUPORANGA;2026/Abr;939.0;2026-04-01;3.6;3354.0;39.0;4.15;1977368.86
355720 CHAVANTES;2026/Abr;122.0;2026-04-01;3.0;361.0;2.0;1.64;84014.77
350010 ADAMANTINA;2026/Mai;428.0;2026-05-01;7.4;3168.0;16.0;3.74;562725.58
350030 AGUAI;2026/Mai;22.0;2026-05-01;6.3;138.0;4.0;18.18;12402.54
350050 AGUAS DE LINDOIA;2026/Mai;114.0;2026-05-01;3.6;409.0;12.0;10.53;44937.19
350070 AGUDOS;2026/Mai;106.0;2026-05-01;1.8;192.0;0.0;0.0;48012.96
350100 ALTINOPOLIS;2026/Mai;147.0;2026-05-01;2.0;290.0;1.0;0.68;48027.75
350110 ALTO ALEGRE;2026/Mai;5.0;2026-05-01;7.2;36.0;0.0;0.0;1353.72
350130 ALVARES MACHADO;2026/Mai;49.0;2026-05-01;3.5;170.0;3.0;6.12;17601.54
350160 AMERICANA;2026/Mai;751.0;2026-05-01;3.4;2577.0;50.0;6.66;802641.77
350170 AMERICO BRASILIENSE;2026/Mai;592.0;2026-05-01;3.2;1885.0;15.0;2.53;617070.17
350190 AMPARO;2026/Mai;352.0;2026-05-01;7.9;2792.0;36.0;10.23;440920.41
350210 ANDRADINA;2026/Mai;282.0;2026-05-01;4.2;1185.0;25.0;8.87;332453.52
350220 ANGATUBA;2026/Mai;185.0;2026-05-01;2.8;511.0;9.0;4.86;68178.87
350250 APARECIDA;2026/Mai;385.0;2026-05-01;3.7;1407.0;14.0;3.64;530320.16
350260 APARECIDA D'OESTE;2026/Mai;8.0;2026-05-01;2.9;23.0;0.0;0.0;2331.91
350270 APIAI;2026/Mai;398.0;2026-05-01;2.2;879.0;7.0;1.76;242095.95
350280 ARACATUBA;2026/Mai;1221.0;2026-05-01;5.3;6528.0;110.0;9.01;4027930.23
350310 ARANDU;2026/Mai;6.0;2026-05-01;5.0;30.0;0.0;0.0;2777.05
350320 ARARAQUARA;2026/Mai;1622.0;2026-05-01;3.3;5311.0;73.0;4.5;4271987.17
350330 ARARAS;2026/Mai;782.0;2026-05-01;4.0;3167.0;29.0;3.71;1296324.25
350340 AREALVA;2026/Mai;28.0;2026-05-01;3.0;84.0;0.0;0.0;3754.89
350390 ARUJA;2026/Mai;0.0;2026-05-01;0.0;0.0;0.0;0.0;0.0
350400 ASSIS;2026/Mai;932.0;2026-05-01;4.4;4090.0;56.0;6.01;1550191.68
350410 ATIBAIA;2026/Mai;396.0;2026-05-01;4.6;1806.0;28.0;7.07;452719.49
350420 AURIFLAMA;2026/Mai;258.0;2026-05-01;1.7;430.0;1.0;0.39;336265.19
350450 AVARE;2026/Mai;639.0;2026-05-01;3.5;2254.0;37.0;5.79;891922.07
350520 BARIRI;2026/Mai;156.0;2026-05-01;3.3;520.0;9.0;5.77;77378.98
350530 BARRA BONITA;2026/Mai;164.0;2026-05-01;3.0;485.0;12.0;7.32;170457.02
350550 BARRETOS;2026/Mai;2600.0;2026-05-01;4.2;10960.0;200.0;7.69;7357848.15
350570 BARUERI;2026/Mai;3774.0;2026-05-01;3.3;12273.0;108.0;2.86;2708972.64
350580 BASTOS;2026/Mai;131.0;2026-05-01;2.2;283.0;3.0;2.29;60128.94
350590 BATATAIS;2026/Mai;302.0;2026-05-01;3.8;1154.0;20.0;6.62;372329.01
350600 BAURU;2026/Mai;3767.0;2026-05-01;4.7;17669.0;137.0;3.64;6411672.52
350610 BEBEDOURO;2026/Mai;648.0;2026-05-01;3.0;1943.0;33.0;5.09;679383.94
350630 BERNARDINO DE CAMPOS;2026/Mai;48.0;2026-05-01;3.8;182.0;3.0;6.25;22191.29
350635 BERTIOGA;2026/Mai;353.0;2026-05-01;4.4;1546.0;17.0;4.82;288941.62
350640 BILAC;2026/Mai;15.0;2026-05-01;2.6;39.0;0.0;0.0;5054.33
350650 BIRIGUI;2026/Mai;430.0;2026-05-01;4.2;1813.0;20.0;4.65;431891.26
350670 BOA ESPERANCA DO SUL;2026/Mai;7.0;2026-05-01;3.3;23.0;1.0;14.29;3102.63
350680 BOCAINA;2026/Mai;15.0;2026-05-01;2.5;38.0;0.0;0.0;7017.18
350700 BOITUVA;2026/Mai;260.0;2026-05-01;2.4;629.0;5.0;1.92;146454.44
350710 BOM JESUS DOS PERDOES;2026/Mai;16.0;2026-05-01;5.4;86.0;3.0;18.75;6805.42
350740 BORBOREMA;2026/Mai;93.0;2026-05-01;3.3;307.0;2.0;2.15;66495.5
350750 BOTUCATU;2026/Mai;2360.0;2026-05-01;5.7;13374.0;116.0;4.92;6323150.92
350760 BRAGANCA PAULISTA;2026/Mai;1605.0;2026-05-01;3.7;5958.0;100.0;6.23;3382105.35
350790 BROTAS;2026/Mai;64.0;2026-05-01;7.7;492.0;6.0;9.38;39875.0
350810 BURITAMA;2026/Mai;157.0;2026-05-01;2.1;327.0;6.0;3.82;98618.5
350840 CABREUVA;2026/Mai;89.0;2026-05-01;2.7;241.0;5.0;5.62;22965.24
350850 CACAPAVA;2026/Mai;302.0;2026-05-01;3.7;1132.0;26.0;8.61;211207.57
350870 CACONDE;2026/Mai;162.0;2026-05-01;1.9;312.0;1.0;0.62;239923.7
350880 CAFELANDIA;2026/Mai;75.0;2026-05-01;3.1;229.0;4.0;5.33;29597.85
350900 CAIEIRAS;2026/Mai;469.0;2026-05-01;2.5;1164.0;0.0;0.0;251157.56
350920 CAJAMAR;2026/Mai;265.0;2026-05-01;4.1;1079.0;20.0;7.55;93107.05
350930 CAJOBI;2026/Mai;36.0;2026-05-01;2.6;95.0;0.0;0.0;15723.93
350940 CAJURU;2026/Mai;253.0;2026-05-01;3.7;929.0;11.0;4.35;143366.33
350950 CAMPINAS;2026/Mai;5722.0;2026-05-01;4.3;24810.0;298.0;5.21;12512963.52
350960 CAMPO LIMPO PAULISTA;2026/Mai;361.0;2026-05-01;3.5;1272.0;16.0;4.43;362788.67
350970 CAMPOS DO JORDAO;2026/Mai;269.0;2026-05-01;7.1;1917.0;9.0;3.35;244378.68
351000 CANDIDO MOTA;2026/Mai;213.0;2026-05-01;3.1;654.0;9.0;4.23;326894.11
351020 CAPAO BONITO;2026/Mai;261.0;2026-05-01;2.7;706.0;15.0;5.75;220995.58
351040 CAPIVARI;2026/Mai;211.0;2026-05-01;3.0;641.0;25.0;11.85;208349.35
351050 CARAGUATATUBA;2026/Mai;2069.0;2026-05-01;3.2;6660.0;61.0;2.95;2404534.93
351060 CARAPICUIBA;2026/Mai;1585.0;2026-05-01;3.5;5514.0;41.0;2.59;1767003.68
351070 CARDOSO;2026/Mai;34.0;2026-05-01;3.3;111.0;2.0;5.88;12350.61
351080 CASA BRANCA;2026/Mai;194.0;2026-05-01;9.7;1873.0;9.0;4.64;154725.42
351100 CASTILHO;2026/Mai;42.0;2026-05-01;4.5;188.0;3.0;7.14;19158.67
351110 CATANDUVA;2026/Mai;1596.0;2026-05-01;6.4;10181.0;96.0;6.02;3795262.77
351140 CERQUEIRA CESAR;2026/Mai;131.0;2026-05-01;2.4;316.0;4.0;3.05;60388.18
351150 CERQUILHO;2026/Mai;85.0;2026-05-01;3.6;304.0;9.0;10.59;44192.89
351160 CESARIO LANGE;2026/Mai;47.0;2026-05-01;2.3;108.0;0.0;0.0;25978.4
351170 CHARQUEADA;2026/Mai;25.0;2026-05-01;3.7;93.0;2.0;8.0;9845.32
351190 CLEMENTINA;2026/Mai;29.0;2026-05-01;4.1;118.0;1.0;3.45;11091.55
351200 COLINA;2026/Mai;92.0;2026-05-01;4.2;385.0;3.0;3.26;155478.54
351210 COLOMBIA;2026/Mai;0.0;2026-05-01;0.0;0.0;0.0;0.0;0.0
351220 CONCHAL;2026/Mai;273.0;2026-05-01;1.7;471.0;6.0;2.2;172685.42
351230 CONCHAS;2026/Mai;25.0;2026-05-01;4.2;106.0;1.0;4.0;11496.78
351280 COSMOPOLIS;2026/Mai;145.0;2026-05-01;3.4;499.0;11.0;7.59;129832.27
351300 COTIA;2026/Mai;1198.0;2026-05-01;3.9;4703.0;54.0;4.51;1050059.71
351310 CRAVINHOS;2026/Mai;0.0;2026-05-01;0.0;0.0;0.0;0.0;0.0
351340 CRUZEIRO;2026/Mai;648.0;2026-05-01;4.0;2607.0;27.0;4.17;719671.16
351350 CUBATAO;2026/Mai;539.0;2026-05-01;6.1;3263.0;34.0;6.31;628396.52
351360 CUNHA;2026/Mai;110.0;2026-05-01;2.6;288.0;4.0;3.64;64029.8
351370 DESCALVADO;2026/Mai;149.0;2026-05-01;2.3;342.0;8.0;5.37;114161.83
351380 DIADEMA;2026/Mai;1862.0;2026-05-01;3.8;7014.0;42.0;2.26;2365413.15
351390 DIVINOLANDIA;2026/Mai;408.0;2026-05-01;1.3;544.0;3.0;0.74;468818.46
351410 DOIS CORREGOS;2026/Mai;94.0;2026-05-01;4.0;373.0;5.0;5.32;40583.89
351440 DRACENA;2026/Mai;320.0;2026-05-01;5.5;1745.0;31.0;9.69;651718.84
351450 DUARTINA;2026/Mai;102.0;2026-05-01;2.5;251.0;3.0;2.94;31602.1
351500 EMBU DAS ARTES;2026/Mai;215.0;2026-05-01;4.7;1014.0;12.0;5.58;98486.29
351510 EMBU-GUACU;2026/Mai;85.0;2026-05-01;0.8;71.0;8.0;9.41;30220.51
351518 ESPIRITO SANTO DO PINHAL;2026/Mai;400.0;2026-05-01;15.8;6303.0;18.0;4.5;712333.0
351520 ESTRELA D'OESTE;2026/Mai;41.0;2026-05-01;3.7;152.0;3.0;7.32;23593.59
351540 FARTURA;2026/Mai;63.0;2026-05-01;3.4;215.0;2.0;3.17;25417.88
351550 FERNANDOPOLIS;2026/Mai;677.0;2026-05-01;3.2;2142.0;30.0;4.43;782000.66
351570 FERRAZ DE VASCONCELOS;2026/Mai;708.0;2026-05-01;3.6;2518.0;36.0;5.08;406471.33
351600 FLORIDA PAULISTA;2026/Mai;91.0;2026-05-01;2.1;194.0;1.0;1.1;25684.94
351620 FRANCA;2026/Mai;2155.0;2026-05-01;4.7;10104.0;112.0;5.2;4761533.02
351630 FRANCISCO MORATO;2026/Mai;1232.0;2026-05-01;3.7;4566.0;50.0;4.06;1051097.03
351640 FRANCO DA ROCHA;2026/Mai;696.0;2026-05-01;7.7;5371.0;55.0;7.9;950271.07
351660 GALIA;2026/Mai;9.0;2026-05-01;1.0;9.0;1.0;11.11;2673.42
351670 GARCA;2026/Mai;156.0;2026-05-01;16.1;2516.0;13.0;8.33;303843.43
351690 GENERAL SALGADO;2026/Mai;44.0;2026-05-01;3.5;155.0;2.0;4.55;21498.76
351700 GETULINA;2026/Mai;20.0;2026-05-01;3.8;76.0;2.0;10.0;8263.53
351740 GUAIRA;2026/Mai;253.0;2026-05-01;2.8;713.0;5.0;1.98;434398.32
351760 GUAPIARA;2026/Mai;26.0;2026-05-01;3.5;92.0;3.0;11.54;9883.26
351770 GUARA;2026/Mai;65.0;2026-05-01;2.6;167.0;0.0;0.0;30554.13
351780 GUARACAI;2026/Mai;45.0;2026-05-01;3.3;147.0;1.0;2.22;21390.83
351820 GUARARAPES;2026/Mai;134.0;2026-05-01;4.4;591.0;7.0;5.22;63401.02
351830 GUARAREMA;2026/Mai;157.0;2026-05-01;2.7;427.0;4.0;2.55;57977.33
351840 GUARATINGUETA;2026/Mai;1074.0;2026-05-01;5.2;5588.0;59.0;5.49;1810650.4
351860 GUARIBA;2026/Mai;127.0;2026-05-01;2.3;287.0;4.0;3.15;64980.53
351870 GUARUJA;2026/Mai;922.0;2026-05-01;6.0;5506.0;72.0;7.81;2136166.64
351880 GUARULHOS;2026/Mai;4588.0;2026-05-01;4.6;20951.0;281.0;6.12;6736351.54
351900 HERCULANDIA;2026/Mai;88.0;2026-05-01;3.5;312.0;1.0;1.14;34261.88
351907 HORTOLANDIA;2026/Mai;480.0;2026-05-01;3.2;1522.0;16.0;3.33;379830.66
351910 IACANGA;2026/Mai;70.0;2026-05-01;2.5;173.0;2.0;2.86;13861.52
351930 IBATE;2026/Mai;85.0;2026-05-01;3.0;258.0;4.0;4.71;89501.66
351940 IBIRA;2026/Mai;37.0;2026-05-01;3.6;134.0;2.0;5.41;17836.38
351960 IBITINGA;2026/Mai;479.0;2026-05-01;2.6;1226.0;19.0;3.97;665247.66
351970 IBIUNA;2026/Mai;329.0;2026-05-01;3.5;1141.0;19.0;5.78;183203.01
351990 IEPE;2026/Mai;53.0;2026-05-01;3.3;175.0;1.0;1.89;18325.1
352010 IGARAPAVA;2026/Mai;110.0;2026-05-01;4.6;501.0;2.0;1.82;77017.83
352040 ILHABELA;2026/Mai;172.0;2026-05-01;3.5;604.0;4.0;2.33;142567.35
352044 ILHA SOLTEIRA;2026/Mai;201.0;2026-05-01;3.9;783.0;12.0;5.97;299409.59
352050 INDAIATUBA;2026/Mai;1945.0;2026-05-01;3.0;5791.0;61.0;3.14;2550691.5
352070 INDIAPORA;2026/Mai;43.0;2026-05-01;2.9;123.0;0.0;0.0;16357.35
352090 IPAUSSU;2026/Mai;72.0;2026-05-01;3.2;229.0;5.0;6.94;34847.07
352130 IPUA;2026/Mai;79.0;2026-05-01;2.9;230.0;2.0;2.53;38773.18
352170 ITABERA;2026/Mai;97.0;2026-05-01;1.9;182.0;0.0;0.0;59185.55
352180 ITAI;2026/Mai;93.0;2026-05-01;2.9;268.0;7.0;7.53;38656.81
352190 ITAJOBI;2026/Mai;78.0;2026-05-01;7.3;566.0;3.0;3.85;26902.75
352210 ITANHAEM;2026/Mai;1009.0;2026-05-01;4.4;4456.0;63.0;6.24;1284352.95
352220 ITAPECERICA DA SERRA;2026/Mai;1304.0;2026-05-01;3.7;4879.0;80.0;6.13;1354551.61
352230 ITAPETININGA;2026/Mai;859.0;2026-05-01;5.8;5009.0;62.0;7.22;1052671.59
352240 ITAPEVA;2026/Mai;169.0;2026-05-01;1.8;310.0;6.0;3.55;318109.96
352250 ITAPEVI;2026/Mai;1312.0;2026-05-01;4.0;5237.0;31.0;2.36;1169115.9
352260 ITAPIRA;2026/Mai;394.0;2026-05-01;13.0;5119.0;22.0;5.58;675670.26
352270 ITAPOLIS;2026/Mai;386.0;2026-05-01;3.0;1167.0;17.0;4.4;377863.21
352280 ITAPORANGA;2026/Mai;96.0;2026-05-01;2.2;214.0;6.0;6.25;38687.8
352290 ITAPUI;2026/Mai;0.0;2026-05-01;0.0;0.0;0.0;0.0;0.0
352310 ITAQUAQUECETUBA;2026/Mai;1312.0;2026-05-01;5.6;7401.0;103.0;7.85;1436217.01
352320 ITARARE;2026/Mai;307.0;2026-05-01;2.2;674.0;12.0;3.91;219650.59
352340 ITATIBA;2026/Mai;567.0;2026-05-01;3.2;1814.0;26.0;4.59;927924.87
352350 ITATINGA;2026/Mai;25.0;2026-05-01;5.3;133.0;5.0;20.0;12628.06
352360 ITIRAPINA;2026/Mai;13.0;2026-05-01;4.0;52.0;1.0;7.69;5575.81
352390 ITU;2026/Mai;760.0;2026-05-01;4.5;3455.0;44.0;5.79;1305448.87
352400 ITUPEVA;2026/Mai;193.0;2026-05-01;3.4;647.0;9.0;4.66;78808.76
352410 ITUVERAVA;2026/Mai;279.0;2026-05-01;2.9;820.0;12.0;4.3;414378.8
352420 JABORANDI;2026/Mai;5.0;2026-05-01;2.6;13.0;0.0;0.0;2289.11
352430 JABOTICABAL;2026/Mai;211.0;2026-05-01;3.6;763.0;10.0;4.74;154008.61
352440 JACAREI;2026/Mai;1411.0;2026-05-01;3.8;5315.0;73.0;5.17;2112441.34
352450 JACI;2026/Mai;52.0;2026-05-01;5.9;307.0;0.0;0.0;44460.85
352470 JAGUARIUNA;2026/Mai;331.0;2026-05-01;2.9;944.0;17.0;5.14;340584.17
352480 JALES;2026/Mai;668.0;2026-05-01;3.4;2285.0;52.0;7.78;1298053.22
352520 JARINU;2026/Mai;43.0;2026-05-01;3.0;127.0;0.0;0.0;6533.96
352530 JAU;2026/Mai;2113.0;2026-05-01;5.2;11068.0;110.0;5.21;5175200.97
352550 JOANOPOLIS;2026/Mai;15.0;2026-05-01;3.5;52.0;3.0;20.0;4882.65
352570 JOSE BONIFACIO;2026/Mai;212.0;2026-05-01;3.3;692.0;6.0;2.83;118480.21
352590 JUNDIAI;2026/Mai;3973.0;2026-05-01;3.4;13636.0;142.0;3.57;5187129.08
352600 JUNQUEIROPOLIS;2026/Mai;93.0;2026-05-01;5.8;541.0;4.0;4.3;45177.32
352640 LARANJAL PAULISTA;2026/Mai;144.0;2026-05-01;3.4;489.0;6.0;4.17;64118.84
352670 LEME;2026/Mai;426.0;2026-05-01;3.8;1624.0;31.0;7.28;470001.39
352680 LENCOIS PAULISTA;2026/Mai;266.0;2026-05-01;3.6;962.0;13.0;4.89;350993.01
352690 LIMEIRA;2026/Mai;1475.0;2026-05-01;3.9;5694.0;91.0;6.17;3763204.24
352710 LINS;2026/Mai;638.0;2026-05-01;5.9;3753.0;32.0;5.02;716692.88
352720 LORENA;2026/Mai;389.0;2026-05-01;4.6;1774.0;32.0;8.23;623350.81
352730 LOUVEIRA;2026/Mai;203.0;2026-05-01;2.9;593.0;10.0;4.93;144797.19
352740 LUCELIA;2026/Mai;55.0;2026-05-01;4.3;239.0;5.0;9.09;18433.66
352800 MACATUBA;2026/Mai;68.0;2026-05-01;3.4;234.0;3.0;4.41;29834.06
352810 MACAUBAL;2026/Mai;15.0;2026-05-01;1.9;29.0;1.0;6.67;4515.69
352850 MAIRIPORA;2026/Mai;250.0;2026-05-01;3.1;787.0;7.0;2.8;85961.83
352880 MARACAI;2026/Mai;85.0;2026-05-01;2.5;214.0;5.0;5.88;55985.21
352900 MARILIA;2026/Mai;2597.0;2026-05-01;5.1;13183.0;143.0;5.51;6924607.79
352920 MARTINOPOLIS;2026/Mai;262.0;2026-05-01;1.8;460.0;8.0;3.05;105540.64
352930 MATAO;2026/Mai;584.0;2026-05-01;3.9;2271.0;22.0;3.77;1837697.64
352940 MAUA;2026/Mai;1140.0;2026-05-01;4.5;5167.0;65.0;5.7;1115082.1
352970 MIGUELOPOLIS;2026/Mai;85.0;2026-05-01;2.7;227.0;1.0;1.18;54193.81
353010 MIRANDOPOLIS;2026/Mai;276.0;2026-05-01;3.7;1028.0;29.0;10.51;245730.83
353030 MIRASSOL;2026/Mai;0.0;2026-05-01;0.0;0.0;0.0;0.0;0.0
353050 MOCOCA;2026/Mai;377.0;2026-05-01;3.4;1291.0;24.0;6.37;456748.24
353060 MOGI DAS CRUZES;2026/Mai;3090.0;2026-05-01;4.2;13045.0;181.0;5.86;5067291.9
353070 MOGI GUACU;2026/Mai;809.0;2026-05-01;4.5;3668.0;55.0;6.8;1604540.39
353080 MOGI MIRIM;2026/Mai;455.0;2026-05-01;3.3;1480.0;25.0;5.49;813322.41
353110 MONGAGUA;2026/Mai;92.0;2026-05-01;3.9;363.0;5.0;5.43;27590.56
353130 MONTE ALTO;2026/Mai;205.0;2026-05-01;4.3;879.0;16.0;7.8;368789.24
353140 MONTE APRAZIVEL;2026/Mai;288.0;2026-05-01;2.0;567.0;3.0;1.04;133640.41
353150 MONTE AZUL PAULISTA;2026/Mai;159.0;2026-05-01;1.7;267.0;4.0;2.52;271883.66
353180 MONTE MOR;2026/Mai;82.0;2026-05-01;3.4;282.0;5.0;6.1;41004.33
353190 MORRO AGUDO;2026/Mai;123.0;2026-05-01;3.5;426.0;7.0;5.69;215474.49
353200 MORUNGABA;2026/Mai;16.0;2026-05-01;3.2;51.0;1.0;6.25;6222.85
353240 NAZARE PAULISTA;2026/Mai;0.0;2026-05-01;0.0;0.0;0.0;0.0;0.0
353250 NEVES PAULISTA;2026/Mai;2.0;2026-05-01;5.0;10.0;0.0;0.0;1249.82
353260 NHANDEARA;2026/Mai;252.0;2026-05-01;2.2;550.0;4.0;1.59;295506.63
353290 NOVA EUROPA;2026/Mai;28.0;2026-05-01;3.9;109.0;2.0;7.14;15923.55
353300 NOVA GRANADA;2026/Mai;171.0;2026-05-01;3.4;581.0;4.0;2.34;68133.49
353340 NOVA ODESSA;2026/Mai;143.0;2026-05-01;3.8;540.0;8.0;5.59;73348.92
353350 NOVO HORIZONTE;2026/Mai;206.0;2026-05-01;3.5;724.0;18.0;8.74;322298.02
353390 OLIMPIA;2026/Mai;322.0;2026-05-01;4.0;1277.0;18.0;5.59;358296.78
353430 ORLANDIA;2026/Mai;208.0;2026-05-01;1.4;289.0;4.0;1.92;101311.68
353440 OSASCO;2026/Mai;2308.0;2026-05-01;4.7;10937.0;170.0;7.37;2824206.12
353460 OSVALDO CRUZ;2026/Mai;208.0;2026-05-01;3.3;678.0;16.0;7.69;133256.97
353470 OURINHOS;2026/Mai;871.0;2026-05-01;3.8;3276.0;59.0;6.77;1812634.41
353475 OUROESTE;2026/Mai;63.0;2026-05-01;3.4;214.0;4.0;6.35;32343.54
353520 PALMEIRA D'OESTE;2026/Mai;44.0;2026-05-01;3.8;168.0;3.0;6.82;12939.61
353530 PALMITAL;2026/Mai;210.0;2026-05-01;1.7;358.0;6.0;2.86;116042.61
353550 PARAGUACU PAULISTA;2026/Mai;373.0;2026-05-01;3.4;1265.0;21.0;5.63;501431.59
353580 PARANAPANEMA;2026/Mai;74.0;2026-05-01;2.8;206.0;2.0;2.7;29939.64
353600 PARAPUA;2026/Mai;0.0;2026-05-01;0.0;0.0;0.0;0.0;0.0
353620 PARIQUERA-ACU;2026/Mai;839.0;2026-05-01;4.3;3616.0;48.0;5.72;1029978.7
353630 PATROCINIO PAULISTA;2026/Mai;99.0;2026-05-01;2.8;275.0;2.0;2.02;50718.73
353650 PAULINIA;2026/Mai;0.0;2026-05-01;0.0;0.0;0.0;0.0;0.0
353660 PAULO DE FARIA;2026/Mai;16.0;2026-05-01;3.4;55.0;1.0;6.25;4901.98
353670 PEDERNEIRAS;2026/Mai;180.0;2026-05-01;3.8;676.0;14.0;7.78;166854.62
353700 PEDREGULHO;2026/Mai;67.0;2026-05-01;2.5;167.0;0.0;0.0;30221.02
353710 PEDREIRA;2026/Mai;101.0;2026-05-01;4.8;481.0;11.0;10.89;155643.07
353730 PENAPOLIS;2026/Mai;518.0;2026-05-01;5.4;2788.0;29.0;5.6;525464.09
353740 PEREIRA BARRETO;2026/Mai;58.0;2026-05-01;2.8;164.0;4.0;6.9;23867.92
353780 PIEDADE;2026/Mai;260.0;2026-05-01;3.4;894.0;21.0;8.08;145227.69
353790 PILAR DO SUL;2026/Mai;111.0;2026-05-01;2.4;261.0;2.0;1.8;37142.52
353800 PINDAMONHANGABA;2026/Mai;631.0;2026-05-01;4.6;2897.0;22.0;3.49;795411.9
353860 PIRACAIA;2026/Mai;44.0;2026-05-01;4.4;194.0;5.0;11.36;19765.62
353870 PIRACICABA;2026/Mai;3098.0;2026-05-01;2.8;8732.0;122.0;3.94;5905986.32
353880 PIRAJU;2026/Mai;174.0;2026-05-01;3.1;548.0;7.0;4.02;74451.71
353890 PIRAJUI;2026/Mai;118.0;2026-05-01;2.9;345.0;9.0;7.63;75019.06
353900 PIRANGI;2026/Mai;111.0;2026-05-01;1.9;215.0;4.0;3.6;188734.93
353930 PIRASSUNUNGA;2026/Mai;204.0;2026-05-01;3.6;728.0;19.0;9.31;198245.1
353940 PIRATININGA;2026/Mai;24.0;2026-05-01;3.9;93.0;0.0;0.0;5867.1
353950 PITANGUEIRAS;2026/Mai;138.0;2026-05-01;2.4;334.0;3.0;2.17;60696.61
354000 POMPEIA;2026/Mai;79.0;2026-05-01;2.8;220.0;3.0;3.8;32697.91
354020 PONTAL;2026/Mai;79.0;2026-05-01;2.0;160.0;3.0;3.8;34366.32
354040 POPULINA;2026/Mai;12.0;2026-05-01;4.2;50.0;0.0;0.0;3392.3
354060 PORTO FELIZ;2026/Mai;318.0;2026-05-01;2.3;738.0;19.0;5.97;246719.7
354070 PORTO FERREIRA;2026/Mai;210.0;2026-05-01;3.3;691.0;9.0;4.29;177486.5
354080 POTIRENDABA;2026/Mai;100.0;2026-05-01;2.4;244.0;2.0;2.0;37280.25
354100 PRAIA GRANDE;2026/Mai;1028.0;2026-05-01;4.9;5041.0;78.0;7.59;1366782.6
354120 PRESIDENTE BERNARDES;2026/Mai;109.0;2026-05-01;2.7;293.0;0.0;0.0;40691.01
354130 PRESIDENTE EPITACIO;2026/Mai;246.0;2026-05-01;3.5;860.0;16.0;6.5;123344.65
354140 PRESIDENTE PRUDENTE;2026/Mai;3698.0;2026-05-01;5.3;19513.0;165.0;4.46;7480269.78
354150 PRESIDENTE VENCESLAU;2026/Mai;157.0;2026-05-01;4.8;755.0;9.0;5.73;249120.33
354160 PROMISSAO;2026/Mai;362.0;2026-05-01;3.4;1242.0;13.0;3.59;389398.35
354190 QUELUZ;2026/Mai;0.0;2026-05-01;0.0;0.0;0.0;0.0;0.0
354220 RANCHARIA;2026/Mai;381.0;2026-05-01;2.5;967.0;17.0;4.46;422339.5
354240 REGENTE FEIJO;2026/Mai;94.0;2026-05-01;3.0;284.0;0.0;0.0;33143.31
354260 REGISTRO;2026/Mai;899.0;2026-05-01;3.2;2842.0;23.0;2.56;973503.48
354290 RIBEIRAO BONITO;2026/Mai;38.0;2026-05-01;1.7;66.0;0.0;0.0;19581.4
354300 RIBEIRAO BRANCO;2026/Mai;36.0;2026-05-01;4.3;156.0;2.0;5.56;15430.97
354330 RIBEIRAO PIRES;2026/Mai;159.0;2026-05-01;5.2;830.0;19.0;11.95;96907.35
354340 RIBEIRAO PRETO;2026/Mai;4367.0;2026-05-01;3.6;15746.0;150.0;3.43;7958289.55
354380 RINOPOLIS;2026/Mai;24.0;2026-05-01;4.9;118.0;2.0;8.33;9468.11
354390 RIO CLARO;2026/Mai;1033.0;2026-05-01;5.7;5873.0;66.0;6.39;1676355.08
354400 RIO DAS PEDRAS;2026/Mai;78.0;2026-05-01;1.5;115.0;4.0;5.13;14694.08
354420 RIOLANDIA;2026/Mai;29.0;2026-05-01;2.7;79.0;0.0;0.0;11459.84
354425 ROSANA;2026/Mai;247.0;2026-05-01;3.1;772.0;8.0;3.24;119071.47
354490 SALES OLIVEIRA;2026/Mai;9.0;2026-05-01;1.8;16.0;0.0;0.0;4369.18
354500 SALESOPOLIS;2026/Mai;48.0;2026-05-01;3.3;160.0;2.0;4.17;20443.19
354520 SALTO;2026/Mai;625.0;2026-05-01;2.8;1728.0;30.0;4.8;508099.96
354530 SALTO DE PIRAPORA;2026/Mai;230.0;2026-05-01;1.8;412.0;5.0;2.17;123212.3
354540 SALTO GRANDE;2026/Mai;72.0;2026-05-01;2.7;195.0;1.0;1.39;25553.71
354560 SANTA ADELIA;2026/Mai;106.0;2026-05-01;3.2;339.0;2.0;1.89;79253.24
354580 SANTA BARBARA D'OESTE;2026/Mai;831.0;2026-05-01;2.3;1872.0;36.0;4.33;994133.18
354630 SANTA CRUZ DAS PALMEIRAS;2026/Mai;121.0;2026-05-01;2.3;275.0;5.0;4.13;69400.74
354640 SANTA CRUZ DO RIO PARDO;2026/Mai;350.0;2026-05-01;3.4;1196.0;15.0;4.29;497686.03
354660 SANTA FE DO SUL;2026/Mai;290.0;2026-05-01;4.2;1215.0;13.0;4.48;321362.94
354680 SANTA ISABEL;2026/Mai;170.0;2026-05-01;6.0;1015.0;7.0;4.12;281955.66
354730 SANTANA DE PARNAIBA;2026/Mai;145.0;2026-05-01;3.8;553.0;3.0;2.07;74279.73
354750 SANTA RITA DO PASSA QUATRO;2026/Mai;141.0;2026-05-01;9.2;1293.0;3.0;2.13;87194.0
354760 SANTA ROSA DE VITERBO;2026/Mai;110.0;2026-05-01;4.5;492.0;3.0;2.73;33559.48
354770 SANTO ANASTACIO;2026/Mai;176.0;2026-05-01;3.7;650.0;3.0;1.7;50359.47
354780 SANTO ANDRE;2026/Mai;3060.0;2026-05-01;4.0;12160.0;184.0;6.01;4697824.57
354790 SANTO ANTONIO DA ALEGRIA;2026/Mai;8.0;2026-05-01;1.4;11.0;0.0;0.0;1744.37
354850 SANTOS;2026/Mai;2483.0;2026-05-01;5.4;13309.0;136.0;5.48;5649068.32
354860 SAO BENTO DO SAPUCAI;2026/Mai;36.0;2026-05-01;3.8;136.0;3.0;8.33;13893.09
354870 SAO BERNARDO DO CAMPO;2026/Mai;3532.0;2026-05-01;5.5;19255.0;186.0;5.27;9019208.65
354880 SAO CAETANO DO SUL;2026/Mai;895.0;2026-05-01;2.6;2309.0;41.0;4.58;1257737.3
354890 SAO CARLOS;2026/Mai;1641.0;2026-05-01;3.1;5134.0;76.0;4.63;3282981.74
354910 SAO JOAO DA BOA VISTA;2026/Mai;567.0;2026-05-01;3.8;2170.0;46.0;8.11;1077208.68
354940 SAO JOAQUIM DA BARRA;2026/Mai;365.0;2026-05-01;3.4;1223.0;21.0;5.75;521065.71
354970 SAO JOSE DO RIO PARDO;2026/Mai;389.0;2026-05-01;3.4;1309.0;21.0;5.4;564436.26
354980 SAO JOSE DO RIO PRETO;2026/Mai;8198.0;2026-05-01;4.1;33379.0;312.0;3.81;26495919.99
354990 SAO JOSE DOS CAMPOS;2026/Mai;4967.0;2026-05-01;3.9;19485.0;204.0;4.11;10636269.74
355000 SAO LUIS DO PARAITINGA;2026/Mai;0.0;2026-05-01;0.0;0.0;0.0;0.0;0.0
355010 SAO MANUEL;2026/Mai;154.0;2026-05-01;3.2;488.0;10.0;6.49;182251.16
355020 SAO MIGUEL ARCANJO;2026/Mai;121.0;2026-05-01;5.4;654.0;9.0;7.44;166594.35
355030 SAO PAULO;2026/Mai;59119.0;2026-05-01;4.4;258822.0;2437.0;4.12;134182937.65
355040 SAO PEDRO;2026/Mai;426.0;2026-05-01;1.5;655.0;11.0;2.58;467623.94
355060 SAO ROQUE;2026/Mai;422.0;2026-05-01;3.1;1326.0;21.0;4.98;416100.23
355070 SAO SEBASTIAO;2026/Mai;534.0;2026-05-01;3.4;1792.0;15.0;2.81;428613.9
355080 SAO SEBASTIAO DA GRAMA;2026/Mai;34.0;2026-05-01;4.6;157.0;1.0;2.94;23140.68
355090 SAO SIMAO;2026/Mai;25.0;2026-05-01;7.2;179.0;2.0;8.0;13621.76
355100 SAO VICENTE;2026/Mai;780.0;2026-05-01;4.2;3246.0;25.0;3.21;1093046.42
355150 SERRANA;2026/Mai;293.0;2026-05-01;5.5;1624.0;25.0;8.53;385243.32
355160 SERRA NEGRA;2026/Mai;240.0;2026-05-01;2.3;547.0;11.0;4.58;288839.02
355170 SERTAOZINHO;2026/Mai;630.0;2026-05-01;3.4;2161.0;32.0;5.08;1139709.52
355200 SILVEIRAS;2026/Mai;4.0;2026-05-01;3.0;12.0;0.0;0.0;1965.94
355210 SOCORRO;2026/Mai;258.0;2026-05-01;2.6;676.0;19.0;7.36;221614.95
355220 SOROCABA;2026/Mai;5056.0;2026-05-01;4.8;24247.0;320.0;6.33;9635234.32
355230 SUD MENNUCCI;2026/Mai;10.0;2026-05-01;4.6;46.0;0.0;0.0;5111.13
355240 SUMARE;2026/Mai;1086.0;2026-05-01;4.0;4349.0;44.0;4.05;2017997.2
355250 SUZANO;2026/Mai;742.0;2026-05-01;7.0;5215.0;47.0;6.33;1119664.67
355260 TABAPUA;2026/Mai;104.0;2026-05-01;3.1;327.0;2.0;1.92;103122.18
355270 TABATINGA;2026/Mai;73.0;2026-05-01;3.4;246.0;0.0;0.0;53339.39
355280 TABOAO DA SERRA;2026/Mai;1722.0;2026-05-01;3.8;6564.0;59.0;3.43;2818121.36
355300 TAGUAI;2026/Mai;76.0;2026-05-01;2.1;157.0;2.0;2.63;39335.09
355330 TAMBAU;2026/Mai;122.0;2026-05-01;2.8;347.0;3.0;2.46;57291.42
355340 TANABI;2026/Mai;143.0;2026-05-01;6.5;930.0;3.0;2.1;88029.69
355360 TAPIRATIBA;2026/Mai;35.0;2026-05-01;3.3;117.0;2.0;5.71;17403.69
355370 TAQUARITINGA;2026/Mai;404.0;2026-05-01;2.5;1008.0;11.0;2.72;263017.8
355380 TAQUARITUBA;2026/Mai;225.0;2026-05-01;2.3;519.0;2.0;0.89;88253.07
355400 TATUI;2026/Mai;298.0;2026-05-01;3.4;1018.0;19.0;6.38;279318.36
355410 TAUBATE;2026/Mai;2243.0;2026-05-01;3.5;7898.0;93.0;4.15;4308734.94
355430 TEODORO SAMPAIO;2026/Mai;80.0;2026-05-01;3.1;245.0;2.0;2.5;29865.34
355440 TERRA ROXA;2026/Mai;4.0;2026-05-01;1.5;6.0;0.0;0.0;1913.9
355450 TIETE;2026/Mai;147.0;2026-05-01;2.7;403.0;5.0;3.4;65877.42
355470 TORRINHA;2026/Mai;9.0;2026-05-01;4.7;42.0;0.0;0.0;3162.93
355500 TUPA;2026/Mai;670.0;2026-05-01;3.8;2563.0;42.0;6.27;968343.5
355510 TUPI PAULISTA;2026/Mai;117.0;2026-05-01;5.3;616.0;7.0;5.98;71547.38
355540 UBATUBA;2026/Mai;201.0;2026-05-01;2.9;577.0;14.0;6.97;120206.51
355580 URANIA;2026/Mai;40.0;2026-05-01;3.9;154.0;0.0;0.0;14252.15
355600 URUPES;2026/Mai;121.0;2026-05-01;2.5;303.0;3.0;2.48;95535.02
355620 VALINHOS;2026/Mai;420.0;2026-05-01;5.3;2206.0;27.0;6.43;694456.25
355630 VALPARAISO;2026/Mai;147.0;2026-05-01;1.9;278.0;2.0;1.36;107177.64
355640 VARGEM GRANDE DO SUL;2026/Mai;183.0;2026-05-01;3.4;619.0;15.0;8.2;95257.7
355650 VARZEA PAULISTA;2026/Mai;55.0;2026-05-01;2.8;153.0;4.0;7.27;14671.41
355670 VINHEDO;2026/Mai;498.0;2026-05-01;3.2;1614.0;19.0;3.82;505462.98
355680 VIRADOURO;2026/Mai;41.0;2026-05-01;3.1;126.0;6.0;14.63;12417.37
355700 VOTORANTIM;2026/Mai;257.0;2026-05-01;3.7;951.0;13.0;5.06;275193.5
355710 VOTUPORANGA;2026/Mai;931.0;2026-05-01;3.9;3585.0;52.0;5.59;1988282.87
355720 CHAVANTES;2026/Mai;108.0;2026-05-01;3.1;332.0;2.0;1.85;63462.6
350010 ADAMANTINA;2026/Jun;404.0;2026-06-01;5.1;2071.0;14.0;3.47;431393.11
350030 AGUAI;2026/Jun;33.0;2026-06-01;5.3;176.0;6.0;18.18;23861.68
350050 AGUAS DE LINDOIA;2026/Jun;57.0;2026-06-01;3.0;169.0;4.0;7.02;23089.93
350070 AGUDOS;2026/Jun;89.0;2026-06-01;1.9;166.0;0.0;0.0;43805.96
350100 ALTINOPOLIS;2026/Jun;140.0;2026-06-01;1.6;229.0;4.0;2.86;45807.58
350110 ALTO ALEGRE;2026/Jun;5.0;2026-06-01;4.4;22.0;1.0;20.0;2469.1
350130 ALVARES MACHADO;2026/Jun;46.0;2026-06-01;3.1;141.0;8.0;17.39;14203.72
350160 AMERICANA;2026/Jun;668.0;2026-06-01;2.7;1827.0;56.0;8.38;598752.46
350170 AMERICO BRASILIENSE;2026/Jun;514.0;2026-06-01;2.2;1140.0;9.0;1.75;439202.22
350190 AMPARO;2026/Jun;313.0;2026-06-01;4.9;1542.0;21.0;6.71;265056.5
350210 ANDRADINA;2026/Jun;222.0;2026-06-01;3.5;772.0;16.0;7.21;212518.51
350220 ANGATUBA;2026/Jun;105.0;2026-06-01;3.0;316.0;3.0;2.86;40092.52
350250 APARECIDA;2026/Jun;361.0;2026-06-01;2.7;969.0;16.0;4.43;367964.4
350260 APARECIDA D'OESTE;2026/Jun;0.0;2026-06-01;0.0;0.0;0.0;0.0;0.0
350270 APIAI;2026/Jun;311.0;2026-06-01;2.4;747.0;6.0;1.93;174857.33
350280 ARACATUBA;2026/Jun;830.0;2026-06-01;3.9;3271.0;63.0;7.59;2181534.99
350310 ARANDU;2026/Jun;0.0;2026-06-01;0.0;0.0;0.0;0.0;0.0
350320 ARARAQUARA;2026/Jun;984.0;2026-06-01;2.4;2391.0;54.0;5.49;2702394.93
350330 ARARAS;2026/Jun;548.0;2026-06-01;3.5;1914.0;22.0;4.01;977646.89
350340 AREALVA;2026/Jun;14.0;2026-06-01;2.4;34.0;0.0;0.0;1731.81
350390 ARUJA;2026/Jun;0.0;2026-06-01;0.0;0.0;0.0;0.0;0.0
350400 ASSIS;2026/Jun;785.0;2026-06-01;3.2;2495.0;37.0;4.71;1147717.22
350410 ATIBAIA;2026/Jun;288.0;2026-06-01;3.6;1044.0;29.0;10.07;226117.65
350420 AURIFLAMA;2026/Jun;239.0;2026-06-01;1.9;447.0;6.0;2.51;347019.23
350450 AVARE;2026/Jun;439.0;2026-06-01;2.8;1231.0;17.0;3.87;425834.74
350520 BARIRI;2026/Jun;132.0;2026-06-01;2.9;389.0;7.0;5.3;74663.11
350530 BARRA BONITA;2026/Jun;151.0;2026-06-01;2.7;415.0;13.0;8.61;128022.07
350550 BARRETOS;2026/Jun;1517.0;2026-06-01;3.3;5035.0;121.0;7.98;2894228.87
350570 BARUERI;2026/Jun;3117.0;2026-06-01;2.4;7613.0;83.0;2.66;1924275.74
350580 BASTOS;2026/Jun;89.0;2026-06-01;1.6;142.0;1.0;1.12;41159.35
350590 BATATAIS;2026/Jun;282.0;2026-06-01;2.5;716.0;17.0;6.03;284978.63
350600 BAURU;2026/Jun;3208.0;2026-06-01;3.1;9982.0;89.0;2.77;4583881.55
350610 BEBEDOURO;2026/Jun;597.0;2026-06-01;2.2;1320.0;23.0;3.85;597858.48
350630 BERNARDINO DE CAMPOS;2026/Jun;64.0;2026-06-01;2.9;185.0;6.0;9.38;26647.57
350635 BERTIOGA;2026/Jun;257.0;2026-06-01;3.5;900.0;25.0;9.73;216368.0
350640 BILAC;2026/Jun;14.0;2026-06-01;3.1;43.0;1.0;7.14;6637.05
350650 BIRIGUI;2026/Jun;260.0;2026-06-01;3.8;991.0;11.0;4.23;222478.07
350670 BOA ESPERANCA DO SUL;2026/Jun;15.0;2026-06-01;3.2;48.0;0.0;0.0;8181.41
350680 BOCAINA;2026/Jun;11.0;2026-06-01;3.6;40.0;2.0;18.18;6797.77
350700 BOITUVA;2026/Jun;137.0;2026-06-01;2.7;373.0;3.0;2.19;70920.55
350710 BOM JESUS DOS PERDOES;2026/Jun;0.0;2026-06-01;0.0;0.0;0.0;0.0;0.0
350740 BORBOREMA;2026/Jun;25.0;2026-06-01;2.2;56.0;0.0;0.0;18165.44
350750 BOTUCATU;2026/Jun;1787.0;2026-06-01;3.8;6751.0;82.0;4.59;2970223.54
350760 BRAGANCA PAULISTA;2026/Jun;707.0;2026-06-01;3.5;2443.0;57.0;8.06;1610837.15
350790 BROTAS;2026/Jun;37.0;2026-06-01;4.8;179.0;2.0;5.41;27874.52
350810 BURITAMA;2026/Jun;126.0;2026-06-01;2.2;276.0;3.0;2.38;78241.06
350840 CABREUVA;2026/Jun;14.0;2026-06-01;2.4;33.0;1.0;7.14;3930.33
350850 CACAPAVA;2026/Jun;80.0;2026-06-01;2.5;197.0;6.0;7.5;43750.86
350870 CACONDE;2026/Jun;166.0;2026-06-01;1.8;295.0;3.0;1.81;247586.52
350880 CAFELANDIA;2026/Jun;66.0;2026-06-01;2.4;160.0;8.0;12.12;26013.97
350900 CAIEIRAS;2026/Jun;310.0;2026-06-01;2.3;706.0;0.0;0.0;172298.3
350920 CAJAMAR;2026/Jun;227.0;2026-06-01;3.3;748.0;17.0;7.49;78297.72
350930 CAJOBI;2026/Jun;22.0;2026-06-01;2.6;57.0;1.0;4.55;12343.68
350940 CAJURU;2026/Jun;334.0;2026-06-01;2.4;797.0;7.0;2.1;378547.16
350950 CAMPINAS;2026/Jun;2451.0;2026-06-01;2.9;7037.0;89.0;3.63;3311648.7
350960 CAMPO LIMPO PAULISTA;2026/Jun;272.0;2026-06-01;3.1;850.0;13.0;4.78;223008.63
350970 CAMPOS DO JORDAO;2026/Jun;192.0;2026-06-01;4.6;888.0;6.0;3.13;144964.54
351000 CANDIDO MOTA;2026/Jun;172.0;2026-06-01;2.6;451.0;3.0;1.74;300501.22
351020 CAPAO BONITO;2026/Jun;219.0;2026-06-01;2.5;550.0;21.0;9.59;181452.62
351040 CAPIVARI;2026/Jun;104.0;2026-06-01;2.4;247.0;6.0;5.77;92421.09
351050 CARAGUATATUBA;2026/Jun;1616.0;2026-06-01;2.0;3300.0;50.0;3.09;1496728.71
351060 CARAPICUIBA;2026/Jun;1385.0;2026-06-01;2.3;3207.0;33.0;2.38;1056151.44
351070 CARDOSO;2026/Jun;26.0;2026-06-01;4.1;107.0;0.0;0.0;11191.28
351080 CASA BRANCA;2026/Jun;146.0;2026-06-01;6.0;875.0;7.0;4.79;86911.06
351100 CASTILHO;2026/Jun;27.0;2026-06-01;4.1;110.0;1.0;3.7;9875.63
351110 CATANDUVA;2026/Jun;1240.0;2026-06-01;4.0;4898.0;74.0;5.97;2493557.39
351140 CERQUEIRA CESAR;2026/Jun;97.0;2026-06-01;2.0;193.0;3.0;3.09;61535.06
351150 CERQUILHO;2026/Jun;81.0;2026-06-01;3.0;243.0;7.0;8.64;53458.48
351160 CESARIO LANGE;2026/Jun;45.0;2026-06-01;2.3;102.0;2.0;4.44;23842.25
351170 CHARQUEADA;2026/Jun;20.0;2026-06-01;3.8;75.0;1.0;5.0;4362.94
351190 CLEMENTINA;2026/Jun;12.0;2026-06-01;5.4;65.0;0.0;0.0;5102.6
351200 COLINA;2026/Jun;107.0;2026-06-01;3.4;365.0;5.0;4.67;196846.4
351210 COLOMBIA;2026/Jun;0.0;2026-06-01;0.0;0.0;0.0;0.0;0.0
351220 CONCHAL;2026/Jun;99.0;2026-06-01;1.8;182.0;0.0;0.0;56081.5
351230 CONCHAS;2026/Jun;30.0;2026-06-01;4.2;125.0;1.0;3.33;13022.87
351280 COSMOPOLIS;2026/Jun;121.0;2026-06-01;2.8;337.0;12.0;9.92;109901.31
351300 COTIA;2026/Jun;966.0;2026-06-01;3.0;2926.0;48.0;4.97;722072.07
351310 CRAVINHOS;2026/Jun;0.0;2026-06-01;0.0;0.0;0.0;0.0;0.0
351340 CRUZEIRO;2026/Jun;553.0;2026-06-01;2.9;1598.0;28.0;5.06;444093.68
351350 CUBATAO;2026/Jun;380.0;2026-06-01;3.9;1473.0;13.0;3.42;299774.76
351360 CUNHA;2026/Jun;98.0;2026-06-01;2.5;247.0;4.0;4.08;57106.55
351370 DESCALVADO;2026/Jun;150.0;2026-06-01;2.3;338.0;15.0;10.0;132004.71
351380 DIADEMA;2026/Jun;941.0;2026-06-01;2.8;2642.0;24.0;2.55;1336861.5
351390 DIVINOLANDIA;2026/Jun;353.0;2026-06-01;0.5;172.0;1.0;0.28;374186.0
351410 DOIS CORREGOS;2026/Jun;20.0;2026-06-01;4.2;83.0;2.0;10.0;11704.13
351440 DRACENA;2026/Jun;253.0;2026-06-01;3.9;977.0;26.0;10.28;332963.75
351450 DUARTINA;2026/Jun;90.0;2026-06-01;2.2;200.0;2.0;2.22;30170.44
351500 EMBU DAS ARTES;2026/Jun;70.0;2026-06-01;4.2;292.0;0.0;0.0;35381.68
351510 EMBU-GUACU;2026/Jun;89.0;2026-06-01;1.2;104.0;11.0;12.36;40591.51
351518 ESPIRITO SANTO DO PINHAL;2026/Jun;295.0;2026-06-01;8.1;2377.0;20.0;6.78;334567.33
351520 ESTRELA D'OESTE;2026/Jun;34.0;2026-06-01;3.1;105.0;4.0;11.76;19344.95
351540 FARTURA;2026/Jun;56.0;2026-06-01;3.4;190.0;5.0;8.93;25201.6
351550 FERNANDOPOLIS;2026/Jun;523.0;2026-06-01;2.6;1380.0;32.0;6.12;618426.29
351570 FERRAZ DE VASCONCELOS;2026/Jun;315.0;2026-06-01;2.7;847.0;11.0;3.49;151724.26
351600 FLORIDA PAULISTA;2026/Jun;83.0;2026-06-01;2.6;216.0;2.0;2.41;27966.07
351620 FRANCA;2026/Jun;1749.0;2026-06-01;3.8;6626.0;88.0;5.03;3268059.22
351630 FRANCISCO MORATO;2026/Jun;1015.0;2026-06-01;2.7;2719.0;31.0;3.05;633038.73
351640 FRANCO DA ROCHA;2026/Jun;634.0;2026-06-01;3.7;2375.0;39.0;6.15;684222.17
351660 GALIA;2026/Jun;3.0;2026-06-01;6.0;18.0;1.0;33.33;1217.67
351670 GARCA;2026/Jun;97.0;2026-06-01;10.5;1018.0;1.0;1.03;74109.61
351690 GENERAL SALGADO;2026/Jun;37.0;2026-06-01;4.1;153.0;0.0;0.0;19510.78
351700 GETULINA;2026/Jun;23.0;2026-06-01;3.7;84.0;0.0;0.0;4900.37
351740 GUAIRA;2026/Jun;241.0;2026-06-01;2.2;521.0;10.0;4.15;411686.0
351760 GUAPIARA;2026/Jun;6.0;2026-06-01;2.8;17.0;1.0;16.67;2403.26
351770 GUARA;2026/Jun;55.0;2026-06-01;2.9;161.0;2.0;3.64;27038.32
351780 GUARACAI;2026/Jun;42.0;2026-06-01;3.3;138.0;0.0;0.0;21499.81
351820 GUARARAPES;2026/Jun;132.0;2026-06-01;3.7;484.0;13.0;9.85;66051.43
351830 GUARAREMA;2026/Jun;114.0;2026-06-01;2.6;296.0;6.0;5.26;41166.43
351840 GUARATINGUETA;2026/Jun;765.0;2026-06-01;3.4;2621.0;32.0;4.18;986059.78
351860 GUARIBA;2026/Jun;114.0;2026-06-01;2.6;294.0;5.0;4.39;62284.58
351870 GUARUJA;2026/Jun;845.0;2026-06-01;3.7;3161.0;40.0;4.73;1323029.13
351880 GUARULHOS;2026/Jun;3065.0;2026-06-01;3.4;10379.0;146.0;4.76;3780247.73
351900 HERCULANDIA;2026/Jun;46.0;2026-06-01;3.2;146.0;0.0;0.0;16087.92
351907 HORTOLANDIA;2026/Jun;271.0;2026-06-01;2.7;731.0;6.0;2.21;173487.95
351910 IACANGA;2026/Jun;43.0;2026-06-01;2.4;104.0;0.0;0.0;12166.59
351930 IBATE;2026/Jun;82.0;2026-06-01;2.8;228.0;1.0;1.22;75438.37
351940 IBIRA;2026/Jun;36.0;2026-06-01;4.6;167.0;0.0;0.0;16825.3
351960 IBITINGA;2026/Jun;241.0;2026-06-01;2.3;558.0;23.0;9.54;399264.15
351970 IBIUNA;2026/Jun;331.0;2026-06-01;2.8;924.0;14.0;4.23;181475.98
351990 IEPE;2026/Jun;59.0;2026-06-01;2.7;159.0;2.0;3.39;20597.81
352010 IGARAPAVA;2026/Jun;56.0;2026-06-01;3.0;168.0;2.0;3.57;55729.88
352040 ILHABELA;2026/Jun;147.0;2026-06-01;3.2;477.0;2.0;1.36;102355.66
352044 ILHA SOLTEIRA;2026/Jun;193.0;2026-06-01;2.8;534.0;15.0;7.77;185521.29
352050 INDAIATUBA;2026/Jun;1633.0;2026-06-01;2.1;3487.0;48.0;2.94;1425250.05
352070 INDIAPORA;2026/Jun;29.0;2026-06-01;3.0;86.0;2.0;6.9;11401.51
352090 IPAUSSU;2026/Jun;79.0;2026-06-01;2.4;186.0;4.0;5.06;35276.44
352130 IPUA;2026/Jun;67.0;2026-06-01;1.3;87.0;0.0;0.0;33189.57
352170 ITABERA;2026/Jun;0.0;2026-06-01;0.0;0.0;0.0;0.0;0.0
352180 ITAI;2026/Jun;75.0;2026-06-01;2.6;194.0;2.0;2.67;30431.57
352190 ITAJOBI;2026/Jun;61.0;2026-06-01;7.6;461.0;2.0;3.28;19360.41
352210 ITANHAEM;2026/Jun;849.0;2026-06-01;3.3;2768.0;40.0;4.71;863996.13
352220 ITAPECERICA DA SERRA;2026/Jun;1218.0;2026-06-01;2.6;3163.0;58.0;4.76;1039719.69
352230 ITAPETININGA;2026/Jun;724.0;2026-06-01;4.1;2934.0;48.0;6.63;745815.3
352240 ITAPEVA;2026/Jun;115.0;2026-06-01;1.7;195.0;4.0;3.48;193469.97
352250 ITAPEVI;2026/Jun;1098.0;2026-06-01;2.8;3038.0;24.0;2.19;808771.01
352260 ITAPIRA;2026/Jun;401.0;2026-06-01;6.0;2424.0;36.0;8.98;488412.54
352270 ITAPOLIS;2026/Jun;375.0;2026-06-01;2.7;1027.0;15.0;4.0;352833.47
352280 ITAPORANGA;2026/Jun;83.0;2026-06-01;2.3;188.0;3.0;3.61;36003.41
352290 ITAPUI;2026/Jun;0.0;2026-06-01;0.0;0.0;0.0;0.0;0.0
352310 ITAQUAQUECETUBA;2026/Jun;1074.0;2026-06-01;3.9;4215.0;84.0;7.82;952454.63
352320 ITARARE;2026/Jun;328.0;2026-06-01;2.1;683.0;12.0;3.66;217717.11
352340 ITATIBA;2026/Jun;155.0;2026-06-01;1.8;275.0;3.0;1.94;160989.65
352350 ITATINGA;2026/Jun;18.0;2026-06-01;4.4;80.0;1.0;5.56;7056.89
352360 ITIRAPINA;2026/Jun;11.0;2026-06-01;2.8;31.0;5.0;45.45;5434.26
352390 ITU;2026/Jun;649.0;2026-06-01;2.9;1896.0;39.0;6.01;739961.66
352400 ITUPEVA;2026/Jun;164.0;2026-06-01;2.7;438.0;6.0;3.66;65071.54
352410 ITUVERAVA;2026/Jun;222.0;2026-06-01;2.1;476.0;9.0;4.05;275517.42
352420 JABORANDI;2026/Jun;4.0;2026-06-01;3.3;13.0;1.0;25.0;1483.85
352430 JABOTICABAL;2026/Jun;178.0;2026-06-01;2.8;507.0;1.0;0.56;123538.68
352440 JACAREI;2026/Jun;1078.0;2026-06-01;2.9;3163.0;48.0;4.45;1325079.6
352450 JACI;2026/Jun;41.0;2026-06-01;2.7;112.0;0.0;0.0;35953.29
352470 JAGUARIUNA;2026/Jun;216.0;2026-06-01;2.3;490.0;7.0;3.24;162796.09
352480 JALES;2026/Jun;577.0;2026-06-01;2.7;1561.0;46.0;7.97;744758.28
352520 JARINU;2026/Jun;55.0;2026-06-01;2.8;153.0;4.0;7.27;17021.15
352530 JAU;2026/Jun;1668.0;2026-06-01;3.4;5673.0;85.0;5.1;2809698.07
352550 JOANOPOLIS;2026/Jun;0.0;2026-06-01;0.0;0.0;0.0;0.0;0.0
352570 JOSE BONIFACIO;2026/Jun;190.0;2026-06-01;2.8;531.0;3.0;1.58;116851.36
352590 JUNDIAI;2026/Jun;3288.0;2026-06-01;3.3;11007.0;108.0;3.28;3606588.89
352600 JUNQUEIROPOLIS;2026/Jun;64.0;2026-06-01;4.5;291.0;0.0;0.0;27579.07
352640 LARANJAL PAULISTA;2026/Jun;127.0;2026-06-01;2.9;369.0;7.0;5.51;61171.06
352670 LEME;2026/Jun;348.0;2026-06-01;2.8;987.0;16.0;4.6;313771.58
352680 LENCOIS PAULISTA;2026/Jun;274.0;2026-06-01;2.4;668.0;8.0;2.92;282672.15
352690 LIMEIRA;2026/Jun;1058.0;2026-06-01;3.0;3139.0;58.0;5.48;2132115.23
352710 LINS;2026/Jun;570.0;2026-06-01;5.4;3091.0;27.0;4.74;442419.25
352720 LORENA;2026/Jun;321.0;2026-06-01;3.4;1086.0;12.0;3.74;332016.21
352730 LOUVEIRA;2026/Jun;194.0;2026-06-01;2.0;394.0;8.0;4.12;107494.32
352740 LUCELIA;2026/Jun;41.0;2026-06-01;4.0;164.0;3.0;7.32;15064.33
352800 MACATUBA;2026/Jun;49.0;2026-06-01;2.5;123.0;2.0;4.08;23554.87
352810 MACAUBAL;2026/Jun;0.0;2026-06-01;0.0;0.0;0.0;0.0;0.0
352850 MAIRIPORA;2026/Jun;230.0;2026-06-01;2.8;636.0;14.0;6.09;75784.93
352880 MARACAI;2026/Jun;74.0;2026-06-01;2.8;210.0;1.0;1.35;46407.63
352900 MARILIA;2026/Jun;2169.0;2026-06-01;3.8;8201.0;110.0;5.07;4828043.96
352920 MARTINOPOLIS;2026/Jun;251.0;2026-06-01;1.9;479.0;6.0;2.39;115278.15
352930 MATAO;2026/Jun;470.0;2026-06-01;3.2;1486.0;26.0;5.53;1328765.88
352940 MAUA;2026/Jun;239.0;2026-06-01;3.4;814.0;7.0;2.93;183612.72
352970 MIGUELOPOLIS;2026/Jun;64.0;2026-06-01;2.8;178.0;3.0;4.69;40938.97
353010 MIRANDOPOLIS;2026/Jun;195.0;2026-06-01;2.9;571.0;5.0;2.56;118600.46
353030 MIRASSOL;2026/Jun;0.0;2026-06-01;0.0;0.0;0.0;0.0;0.0
353050 MOCOCA;2026/Jun;221.0;2026-06-01;2.8;621.0;20.0;9.05;242182.15
353060 MOGI DAS CRUZES;2026/Jun;2051.0;2026-06-01;3.0;6219.0;89.0;4.34;2839010.03
353070 MOGI GUACU;2026/Jun;604.0;2026-06-01;3.3;1985.0;32.0;5.3;1062667.76
353080 MOGI MIRIM;2026/Jun;360.0;2026-06-01;3.1;1115.0;21.0;5.83;716933.78
353110 MONGAGUA;2026/Jun;61.0;2026-06-01;2.5;154.0;4.0;6.56;17550.48
353130 MONTE ALTO;2026/Jun;155.0;2026-06-01;3.5;542.0;7.0;4.52;189599.54
353140 MONTE APRAZIVEL;2026/Jun;211.0;2026-06-01;2.0;415.0;1.0;0.47;84668.21
353150 MONTE AZUL PAULISTA;2026/Jun;115.0;2026-06-01;1.6;182.0;2.0;1.74;248290.91
353180 MONTE MOR;2026/Jun;76.0;2026-06-01;3.1;234.0;3.0;3.95;38184.37
353190 MORRO AGUDO;2026/Jun;122.0;2026-06-01;2.4;296.0;10.0;8.2;179089.5
353200 MORUNGABA;2026/Jun;27.0;2026-06-01;2.7;74.0;2.0;7.41;13369.95
353240 NAZARE PAULISTA;2026/Jun;0.0;2026-06-01;0.0;0.0;0.0;0.0;0.0
353250 NEVES PAULISTA;2026/Jun;0.0;2026-06-01;0.0;0.0;0.0;0.0;0.0
353260 NHANDEARA;2026/Jun;234.0;2026-06-01;2.3;538.0;7.0;2.99;193920.59
353290 NOVA EUROPA;2026/Jun;27.0;2026-06-01;3.6;96.0;0.0;0.0;12265.53
353300 NOVA GRANADA;2026/Jun;159.0;2026-06-01;3.0;478.0;0.0;0.0;63805.43
353340 NOVA ODESSA;2026/Jun;122.0;2026-06-01;3.4;414.0;13.0;10.66;56924.11
353350 NOVO HORIZONTE;2026/Jun;201.0;2026-06-01;2.6;514.0;7.0;3.48;193276.53
353390 OLIMPIA;2026/Jun;247.0;2026-06-01;3.3;822.0;16.0;6.48;230184.25
353430 ORLANDIA;2026/Jun;125.0;2026-06-01;1.3;160.0;4.0;3.2;61781.46
353440 OSASCO;2026/Jun;1144.0;2026-06-01;3.8;4315.0;132.0;11.54;1048441.29
353460 OSVALDO CRUZ;2026/Jun;202.0;2026-06-01;3.0;616.0;15.0;7.43;130084.15
353470 OURINHOS;2026/Jun;684.0;2026-06-01;3.0;2070.0;30.0;4.39;1356023.31
353475 OUROESTE;2026/Jun;40.0;2026-06-01;3.5;142.0;0.0;0.0;19449.37
353520 PALMEIRA D'OESTE;2026/Jun;43.0;2026-06-01;2.6;113.0;0.0;0.0;15766.21
353530 PALMITAL;2026/Jun;213.0;2026-06-01;1.9;395.0;14.0;6.57;117539.82
353550 PARAGUACU PAULISTA;2026/Jun;414.0;2026-06-01;1.8;738.0;15.0;3.62;409812.94
353580 PARANAPANEMA;2026/Jun;56.0;2026-06-01;2.7;150.0;3.0;5.36;24880.92
353600 PARAPUA;2026/Jun;0.0;2026-06-01;0.0;0.0;0.0;0.0;0.0
353620 PARIQUERA-ACU;2026/Jun;684.0;2026-06-01;3.3;2285.0;43.0;6.29;594484.81
353630 PATROCINIO PAULISTA;2026/Jun;73.0;2026-06-01;2.2;157.0;1.0;1.37;44632.99
353650 PAULINIA;2026/Jun;0.0;2026-06-01;0.0;0.0;0.0;0.0;0.0
353660 PAULO DE FARIA;2026/Jun;9.0;2026-06-01;4.0;36.0;0.0;0.0;3708.3
353670 PEDERNEIRAS;2026/Jun;137.0;2026-06-01;3.0;417.0;5.0;3.65;106807.51
353700 PEDREGULHO;2026/Jun;15.0;2026-06-01;0.7;10.0;0.0;0.0;7519.66
353710 PEDREIRA;2026/Jun;77.0;2026-06-01;4.2;324.0;10.0;12.99;120731.26
353730 PENAPOLIS;2026/Jun;289.0;2026-06-01;4.9;1420.0;17.0;5.88;234168.42
353740 PEREIRA BARRETO;2026/Jun;0.0;2026-06-01;0.0;0.0;0.0;0.0;0.0
353780 PIEDADE;2026/Jun;212.0;2026-06-01;3.0;640.0;11.0;5.19;107524.99
353790 PILAR DO SUL;2026/Jun;93.0;2026-06-01;2.7;253.0;11.0;11.83;38516.18
353800 PINDAMONHANGABA;2026/Jun;455.0;2026-06-01;3.2;1455.0;8.0;1.76;434555.91
353860 PIRACAIA;2026/Jun;37.0;2026-06-01;3.2;117.0;2.0;5.41;15073.74
353870 PIRACICABA;2026/Jun;2422.0;2026-06-01;2.1;5199.0;71.0;2.93;3801999.96
353880 PIRAJU;2026/Jun;120.0;2026-06-01;2.7;327.0;7.0;5.83;55302.12
353890 PIRAJUI;2026/Jun;90.0;2026-06-01;2.1;185.0;11.0;12.22;55006.98
353900 PIRANGI;2026/Jun;122.0;2026-06-01;1.1;130.0;0.0;0.0;222011.21
353930 PIRASSUNUNGA;2026/Jun;202.0;2026-06-01;3.5;699.0;24.0;11.88;245022.45
353940 PIRATININGA;2026/Jun;19.0;2026-06-01;6.4;121.0;1.0;5.26;9179.52
353950 PITANGUEIRAS;2026/Jun;98.0;2026-06-01;1.7;171.0;2.0;2.04;40945.0
354000 POMPEIA;2026/Jun;65.0;2026-06-01;2.3;147.0;7.0;10.77;28327.49
354020 PONTAL;2026/Jun;64.0;2026-06-01;1.9;123.0;0.0;0.0;29173.37
354040 POPULINA;2026/Jun;10.0;2026-06-01;2.9;29.0;1.0;10.0;3690.1
354060 PORTO FELIZ;2026/Jun;317.0;2026-06-01;1.9;588.0;14.0;4.42;207936.29
354070 PORTO FERREIRA;2026/Jun;197.0;2026-06-01;3.1;614.0;8.0;4.06;143869.85
354080 POTIRENDABA;2026/Jun;97.0;2026-06-01;2.5;239.0;1.0;1.03;34735.85
354100 PRAIA GRANDE;2026/Jun;819.0;2026-06-01;3.2;2611.0;40.0;4.88;719192.33
354120 PRESIDENTE BERNARDES;2026/Jun;114.0;2026-06-01;2.4;277.0;2.0;1.75;45607.38
354130 PRESIDENTE EPITACIO;2026/Jun;187.0;2026-06-01;3.2;597.0;6.0;3.21;86208.79
354140 PRESIDENTE PRUDENTE;2026/Jun;3242.0;2026-06-01;3.7;11979.0;145.0;4.47;5362836.76
354150 PRESIDENTE VENCESLAU;2026/Jun;130.0;2026-06-01;3.1;405.0;7.0;5.38;94939.32
354160 PROMISSAO;2026/Jun;315.0;2026-06-01;2.5;788.0;21.0;6.67;267649.46
354190 QUELUZ;2026/Jun;0.0;2026-06-01;0.0;0.0;0.0;0.0;0.0
354220 RANCHARIA;2026/Jun;319.0;2026-06-01;2.1;664.0;11.0;3.45;323965.27
354240 REGENTE FEIJO;2026/Jun;39.0;2026-06-01;3.2;123.0;0.0;0.0;13497.32
354260 REGISTRO;2026/Jun;773.0;2026-06-01;2.9;2223.0;17.0;2.2;732601.97
354290 RIBEIRAO BONITO;2026/Jun;27.0;2026-06-01;2.1;57.0;3.0;11.11;20268.0
354300 RIBEIRAO BRANCO;2026/Jun;26.0;2026-06-01;3.5;91.0;4.0;15.38;10811.17
354330 RIBEIRAO PIRES;2026/Jun;127.0;2026-06-01;3.0;387.0;7.0;5.51;69548.73
354340 RIBEIRAO PRETO;2026/Jun;2149.0;2026-06-01;2.6;5553.0;88.0;4.09;3096094.42
354380 RINOPOLIS;2026/Jun;16.0;2026-06-01;3.9;63.0;0.0;0.0;6444.34
354390 RIO CLARO;2026/Jun;851.0;2026-06-01;4.0;3368.0;39.0;4.58;1199291.57
354400 RIO DAS PEDRAS;2026/Jun;54.0;2026-06-01;1.7;91.0;3.0;5.56;11617.65
354420 RIOLANDIA;2026/Jun;7.0;2026-06-01;3.1;22.0;1.0;14.29;3236.05
354425 ROSANA;2026/Jun;225.0;2026-06-01;2.8;619.0;4.0;1.78;97642.69
354490 SALES OLIVEIRA;2026/Jun;0.0;2026-06-01;0.0;0.0;0.0;0.0;0.0
354500 SALESOPOLIS;2026/Jun;41.0;2026-06-01;2.6;105.0;4.0;9.76;11935.1
354520 SALTO;2026/Jun;530.0;2026-06-01;2.1;1103.0;24.0;4.53;379072.55
354530 SALTO DE PIRAPORA;2026/Jun;183.0;2026-06-01;1.8;327.0;2.0;1.09;95870.75
354540 SALTO GRANDE;2026/Jun;92.0;2026-06-01;1.7;156.0;5.0;5.43;39173.16
354560 SANTA ADELIA;2026/Jun;100.0;2026-06-01;2.6;258.0;5.0;5.0;101231.96
354580 SANTA BARBARA D'OESTE;2026/Jun;715.0;2026-06-01;1.3;899.0;19.0;2.66;625793.25
354630 SANTA CRUZ DAS PALMEIRAS;2026/Jun;86.0;2026-06-01;2.2;187.0;4.0;4.65;42016.84
354640 SANTA CRUZ DO RIO PARDO;2026/Jun;315.0;2026-06-01;2.9;925.0;15.0;4.76;312590.67
354660 SANTA FE DO SUL;2026/Jun;268.0;2026-06-01;3.4;919.0;11.0;4.1;199723.29
354680 SANTA ISABEL;2026/Jun;131.0;2026-06-01;3.6;471.0;7.0;5.34;135167.61
354730 SANTANA DE PARNAIBA;2026/Jun;4.0;2026-06-01;3.0;12.0;0.0;0.0;1267.53
354750 SANTA RITA DO PASSA QUATRO;2026/Jun;192.0;2026-06-01;5.0;963.0;7.0;3.65;101991.6
354760 SANTA ROSA DE VITERBO;2026/Jun;94.0;2026-06-01;3.6;337.0;2.0;2.13;27665.21
354770 SANTO ANASTACIO;2026/Jun;177.0;2026-06-01;2.7;486.0;1.0;0.56;43175.83
354780 SANTO ANDRE;2026/Jun;1969.0;2026-06-01;2.6;5043.0;131.0;6.65;2892234.26
354790 SANTO ANTONIO DA ALEGRIA;2026/Jun;9.0;2026-06-01;2.9;26.0;0.0;0.0;1797.99
354850 SANTOS;2026/Jun;1769.0;2026-06-01;4.0;6990.0;89.0;5.03;3180561.5
354860 SAO BENTO DO SAPUCAI;2026/Jun;22.0;2026-06-01;3.4;75.0;2.0;9.09;8452.94
354870 SAO BERNARDO DO CAMPO;2026/Jun;2723.0;2026-06-01;3.4;9227.0;118.0;4.33;4856799.13
354880 SAO CAETANO DO SUL;2026/Jun;0.0;2026-06-01;0.0;0.0;0.0;0.0;0.0
354890 SAO CARLOS;2026/Jun;1131.0;2026-06-01;2.6;2918.0;55.0;4.86;2238352.77
354910 SAO JOAO DA BOA VISTA;2026/Jun;443.0;2026-06-01;3.0;1346.0;37.0;8.35;774760.77
354940 SAO JOAQUIM DA BARRA;2026/Jun;325.0;2026-06-01;2.8;908.0;18.0;5.54;435791.91
354970 SAO JOSE DO RIO PARDO;2026/Jun;338.0;2026-06-01;3.0;1030.0;25.0;7.4;461868.94
354980 SAO JOSE DO RIO PRETO;2026/Jun;6813.0;2026-06-01;2.9;20005.0;226.0;3.32;18042973.56
354990 SAO JOSE DOS CAMPOS;2026/Jun;4449.0;2026-06-01;3.0;13132.0;192.0;4.32;7661746.74
355000 SAO LUIS DO PARAITINGA;2026/Jun;0.0;2026-06-01;0.0;0.0;0.0;0.0;0.0
355010 SAO MANUEL;2026/Jun;134.0;2026-06-01;2.5;330.0;4.0;2.99;76380.59
355020 SAO MIGUEL ARCANJO;2026/Jun;125.0;2026-06-01;4.4;555.0;9.0;7.2;129883.56
355030 SAO PAULO;2026/Jun;39588.0;2026-06-01;2.9;114056.0;1552.0;3.92;69447956.13
355040 SAO PEDRO;2026/Jun;331.0;2026-06-01;1.4;472.0;9.0;2.72;387004.77
355060 SAO ROQUE;2026/Jun;387.0;2026-06-01;2.9;1108.0;19.0;4.91;478096.48
355070 SAO SEBASTIAO;2026/Jun;422.0;2026-06-01;2.8;1199.0;13.0;3.08;319195.62
355080 SAO SEBASTIAO DA GRAMA;2026/Jun;41.0;2026-06-01;3.5;143.0;1.0;2.44;33694.61
355090 SAO SIMAO;2026/Jun;24.0;2026-06-01;3.9;93.0;1.0;4.17;10103.92
355100 SAO VICENTE;2026/Jun;575.0;2026-06-01;3.3;1908.0;28.0;4.87;714028.05
355150 SERRANA;2026/Jun;231.0;2026-06-01;3.5;820.0;14.0;6.06;255874.08
355160 SERRA NEGRA;2026/Jun;200.0;2026-06-01;2.4;472.0;8.0;4.0;222233.87
355170 SERTAOZINHO;2026/Jun;521.0;2026-06-01;2.5;1309.0;15.0;2.88;668183.16
355200 SILVEIRAS;2026/Jun;3.0;2026-06-01;3.0;9.0;0.0;0.0;1209.06
355210 SOCORRO;2026/Jun;81.0;2026-06-01;1.8;146.0;4.0;4.94;62734.74
355220 SOROCABA;2026/Jun;3988.0;2026-06-01;3.5;13880.0;239.0;5.99;5825499.46
355230 SUD MENNUCCI;2026/Jun;6.0;2026-06-01;5.7;34.0;0.0;0.0;2767.04
355240 SUMARE;2026/Jun;851.0;2026-06-01;3.0;2552.0;24.0;2.82;1099296.12
355250 SUZANO;2026/Jun;518.0;2026-06-01;4.0;2079.0;35.0;6.76;612628.12
355260 TABAPUA;2026/Jun;94.0;2026-06-01;3.4;322.0;2.0;2.13;112535.07
355270 TABATINGA;2026/Jun;49.0;2026-06-01;3.0;147.0;1.0;2.04;33032.72
355280 TABOAO DA SERRA;2026/Jun;1546.0;2026-06-01;2.4;3738.0;57.0;3.69;1820591.44
355300 TAGUAI;2026/Jun;61.0;2026-06-01;2.4;146.0;0.0;0.0;35823.4
355330 TAMBAU;2026/Jun;47.0;2026-06-01;2.4;111.0;2.0;4.26;23118.41
355340 TANABI;2026/Jun;85.0;2026-06-01;3.2;276.0;3.0;3.53;42353.96
355360 TAPIRATIBA;2026/Jun;34.0;2026-06-01;2.6;89.0;1.0;2.94;18653.82
355370 TAQUARITINGA;2026/Jun;304.0;2026-06-01;2.4;719.0;12.0;3.95;164456.74
355380 TAQUARITUBA;2026/Jun;230.0;2026-06-01;1.8;407.0;5.0;2.17;86918.28
355400 TATUI;2026/Jun;269.0;2026-06-01;2.9;776.0;6.0;2.23;204177.35
355410 TAUBATE;2026/Jun;1886.0;2026-06-01;2.6;4811.0;73.0;3.87;3291199.29
355430 TEODORO SAMPAIO;2026/Jun;65.0;2026-06-01;2.9;187.0;2.0;3.08;36500.61
355440 TERRA ROXA;2026/Jun;3.0;2026-06-01;3.3;10.0;1.0;33.33;1398.69
355450 TIETE;2026/Jun;50.0;2026-06-01;3.3;167.0;3.0;6.0;22936.08
355470 TORRINHA;2026/Jun;10.0;2026-06-01;4.2;42.0;1.0;10.0;3997.96
355500 TUPA;2026/Jun;536.0;2026-06-01;3.4;1814.0;27.0;5.04;723563.21
355510 TUPI PAULISTA;2026/Jun;99.0;2026-06-01;4.5;447.0;7.0;7.07;58939.93
355540 UBATUBA;2026/Jun;6.0;2026-06-01;1.2;7.0;2.0;33.33;2808.64
355580 URANIA;2026/Jun;37.0;2026-06-01;3.6;134.0;1.0;2.7;14483.54
355600 URUPES;2026/Jun;108.0;2026-06-01;2.5;270.0;1.0;0.93;74457.58
355620 VALINHOS;2026/Jun;342.0;2026-06-01;3.4;1166.0;20.0;5.85;410517.3
355630 VALPARAISO;2026/Jun;144.0;2026-06-01;0.9;123.0;1.0;0.69;111851.06
355640 VARGEM GRANDE DO SUL;2026/Jun;146.0;2026-06-01;2.7;398.0;11.0;7.53;87837.33
355650 VARZEA PAULISTA;2026/Jun;61.0;2026-06-01;2.7;167.0;3.0;4.92;18331.1
355670 VINHEDO;2026/Jun;421.0;2026-06-01;2.4;1029.0;21.0;4.99;439079.94
355680 VIRADOURO;2026/Jun;38.0;2026-06-01;2.7;102.0;5.0;13.16;13864.65
355700 VOTORANTIM;2026/Jun;267.0;2026-06-01;2.7;716.0;12.0;4.49;215925.45
355710 VOTUPORANGA;2026/Jun;774.0;2026-06-01;3.2;2489.0;38.0;4.91;1700617.63
355720 CHAVANTES;2026/Jun;90.0;2026-06-01;2.9;257.0;2.0;2.22;65109.17
