COD_MUNICIPIO;TOTAL_ESTABELECIMENTOS;ESTABELECIMENTOS_HOSPITALARES;ESTABELECIMENTOS_SUS;LATITUDE_MEDIA;LONGITUDE_MEDIA
110001;68;2;12;-11.96548581465303;-62.04300337166515
110002;325;15;45;-9.915218361902971;-63.039323716380196
110003;27;1;6;-13.487815803045;-60.538365619245
110004;685;14;53;-11.434724525472072;-61.44641755431517
110005;60;1;17;-13.203217461538888;-60.81734894213333
110006;44;1;12;-13.112012118880951;-60.53287175215952
110007;24;0;11;-12.971636846816667;-60.91072783585833
110008;26;1;10;-12.419604757547368;-64.21893303984737
110009;59;3;10;-11.502873131885716;-61.002245518200006
110010;86;4;19;-10.782313597163014;-65.2902493148178
110011;281;7;37;-10.451600568725416;-62.481331937582915
110012;818;21;87;-10.88407804191412;-61.93736491580462
110013;46;1;18;-9.422678535231112;-62.00602031755112
110014;52;1;11;-11.72784551176383;-62.31346110714894
110015;217;5;30;-10.71416640914372;-62.25358993960465
110018;230;2;21;-11.671480719848182;-61.185397285445
110020;2242;41;167;-8.771826034710045;-63.89324927294643
110025;68;1;20;-11.171223156336843;-61.90290911892106
110026;20;1;4;-9.704814308092308;-62.90061633974616
110028;300;3;28;-11.72431571663;-61.77475569896586
110029;22;1;8;-11.90736209538421;-61.779845605236844
110030;743;7;54;-12.735741602694498;-60.138964839739074
110032;96;1;13;-11.69717515391383;-62.70184871384043
110033;30;1;11;-10.381638850493102;-65.23363285934482
110034;49;1;14;-11.352443437710205;-62.31058305963877
110037;48;1;13;-12.147441151922918;-61.848706216962505
110040;30;1;10;-9.716490427406898;-63.33213525615172
110045;78;4;24;-10.20699357886;-63.830273402515715
110050;11;1;7;-11.71210350468;-61.99966853856999
110060;15;0;7;-10.330925081636364;-62.907218415372725
110070;18;0;8;-10.533255833722222;-63.66659700870556
110080;42;0;16;-8.833591408558824;-63.649689952517654
110090;11;1;7;-11.450521783754546;-61.94731794701818
110092;35;1;13;-12.528588076534286;-60.89391064332571
110094;27;1;10;-9.375204414889474;-62.60711638747368
110100;15;1;7;-10.635600953571428;-62.76542122357143
110110;19;1;12;-9.1877006751875;-63.1863813383125
110120;19;1;8;-11.189184366210526;-61.51189564538948
110130;27;2;7;-11.031578964740909;-62.68285178185909
110140;44;1;15;-10.249610826814287;-63.30076642152143
110143;18;1;10;-10.910790537826667;-62.559257736259994
110145;13;0;7;-12.185167874236363;-61.59394370866364
110146;8;1;6;-13.48185567907143;-61.04632768374285
110147;9;0;6;-11.845632833333333;-61.324589054444445
110148;11;1;5;-11.89850618;-61.50853367
110149;53;2;17;-12.070852958298001;-63.54568767451
110150;43;2;6;-11.758486176152381;-63.0205746409
110155;11;1;9;-10.93325288704;-62.25766534222
110160;18;1;13;-10.210891890613334;-62.355971281526664
110170;31;2;9;-11.126953599310001;-62.37042282294333
110175;18;1;6;-9.865475629966665;-62.183095032433336
110180;16;1;7;-10.411946247369231;-62.121618185523076
120001;23;1;9;-10.002094686557143;-67.01392207308095
120005;15;1;7;-10.913420015885714;-69.62230937587857
120010;34;1;17;-10.99810101236774;-68.77173975135162
120013;11;0;6;-9.785058099645454;-68.01236084353637
120017;16;0;8;-10.567722807160001;-67.68557283588667
120020;187;6;59;-7.637078378619429;-72.65975477643943
120025;18;0;11;-11.030476579444445;-68.68177912566667
120030;33;1;13;-8.167983729691999;-70.351800498964
120032;15;1;7;-9.252071610126666;-71.88475753641335
120033;38;1;16;-7.589474091596774;-72.94605594056775
120034;19;1;9;-8.83674638940625;-69.26888259125
120035;17;1;13;-8.9813725387;-72.72614613149412
120038;24;2;13;-10.29813451703913;-67.21128848882609
120039;17;1;11;-8.26746806437059;-72.74815037694118
120040;1411;12;177;-9.968800252687647;-67.82125307151149
120042;26;1;13;-7.757050112941666;-72.66812456772084
120043;11;1;4;-9.43802074700909;-70.49077308984546
120045;30;1;13;-10.107134658968;-67.660184286804
120050;50;2;23;-9.097948961018368;-68.6796925948796
120060;61;1;22;-8.204244681881633;-70.5982753867245
120070;22;1;13;-10.637835009519048;-68.50068838119999
120080;15;0;8;-9.65693953413077;-67.59860392107693
130002;18;1;14;-3.265274077211111;-64.83480446559444
130006;19;1;10;-3.368144374810526;-68.22200489257368
130008;20;1;9;-3.56893088378;-61.426114907605
130010;14;1;11;-3.7590643718214283;-61.6505292887
130014;24;1;15;-7.2330451673375;-59.7857910931875
130020;50;1;8;-4.459537158062;-70.31230477342801
130030;32;1;25;-3.578051550065625;-59.16324812060313
130040;44;1;11;-0.7439465532545455;-62.99531754916818
130050;50;1;14;-2.834080301687879;-57.07557402465758
130060;36;1;17;-4.3756095641588235;-69.97557401147058
130063;10;1;6;-3.9015596100799996;-61.371907832190004
130068;15;1;11;-2.9920799600600003;-57.60036946862
130070;27;1;17;-8.759720196395454;-67.37633506517727
130080;23;1;13;-4.375017475257143;-59.60237971077144
130083;15;1;9;-3.249812630013333;-61.255802665746664
130090;7;1;6;-6.535026955985714;-64.3871714482
130100;23;1;14;-4.859242843447825;-66.87713834873912
130110;26;1;19;-3.6906110253653845;-60.21146120972308
130115;25;1;12;-3.224048145991304;-59.744157168708696
130120;52;1;29;-4.090601757343137;-63.139394959982354
130130;20;1;18;-3.8321265775500004;-62.09411243533
130140;19;1;13;-6.660651555752631;-69.86606522609999
130150;10;1;7;-7.4357654501;-70.02278238712
130160;19;1;8;-2.5125784962555553;-66.09207128497778
130165;18;1;10;-7.5083967710333335;-72.57349461084667
130170;87;1;28;-7.475686231807042;-62.99146461529719
130180;20;1;6;-7.086273330555;-71.657488339925
130185;45;1;28;-3.2475816108139535;-60.18810682895814
130190;78;1;38;-3.139324033248052;-58.49889750521169
130195;14;1;8;-6.4040863191928565;-68.21520222138572
130200;19;1;10;-2.745876464138889;-58.026459191044445
130210;14;1;10;-1.8665442571615385;-66.86347301188461
130220;9;1;6;-3.4941770777777776;-66.06834887777778
130230;14;1;7;-2.760358984607143;-66.79200529358572
130240;68;2;19;-7.338761007335294;-64.89275993121029
130250;67;1;35;-3.3111339189483333;-60.65183998504833
130255;14;1;9;-3.426495108057143;-60.441533832028576
130260;2650;93;470;-3.093455608265994;-60.00826058893388
130270;44;2;28;-5.8790443312275;-61.351317705065
130280;16;1;9;-1.9911616014266669;-65.44549437267334
130290;67;1;28;-3.4627387363793654;-57.75574999430158
130300;24;1;12;-2.113652644795238;-56.880746984733335
130310;31;1;25;-3.867988833783871;-59.00560904510323
130320;20;1;10;-2.6267314598;-60.94765347973334
130330;20;1;13;-5.181666820969999;-60.40939501519
130340;113;2;46;-2.6385568586215684;-56.740514351515685
130350;14;1;7;-7.734147443707693;-66.97803267072308
130353;50;1;23;-1.9524298689387756;-59.992683061910206
130356;39;1;16;-2.712241280074359;-59.660918613469235
130360;39;1;6;-0.3491649223692308;-65.10664592875128
130370;26;2;14;-3.083360119573077;-68.08036742815
130380;61;5;35;0.06458427979999999;-67.1417498221069
130390;26;1;14;-3.47652052378;-68.990439251928
130395;9;1;6;-2.569077368033333;-57.908018633977775
130400;20;1;10;-2.840815010478947;-58.28870063718421
130406;58;4;26;-4.244180207992453;-69.90207353856981
130410;21;1;13;-5.659531536336842;-63.39700464844211
130420;64;3;31;-3.3591294368571427;-64.70688030074108
130423;17;1;10;-2.836899886229412;-67.73819783154117
130426;15;1;11;-2.9785398461266666;-65.14070259457334
130430;20;1;11;-2.516776464161111;-57.72802521448333
130440;18;2;11;-3.0956103448764707;-58.12334388917059
140002;55;0;10;3.6540539757941177;-61.368193820674506
140005;64;2;21;2.9506484710870966;-61.51369469521452
140010;1111;9;134;2.831137320264799;-60.68744810079384
140015;45;1;16;3.014533744046511;-59.9494568259279
140017;45;0;19;2.523535995971795;-60.62417716369744
140020;38;1;14;1.778679934177778;-61.06390719464815
140023;19;1;7;0.8059529560666667;-59.55327826545556
140028;22;0;5;2.164376142590476;-61.08940574609524
140030;35;1;17;2.476686639426471;-61.03731324519411
140040;115;1;17;3.9105411488457142;-59.854777919811426
140045;97;2;35;4.3621029176216215;-60.990337490818916
140047;45;2;25;0.7836299433688888;-60.51641453096
140050;17;1;6;0.9548221566999999;-59.88097081974375
140060;22;1;9;1.0165291517904762;-60.06005589979524
140070;99;0;19;4.588113804557303;-60.18512565118764
150010;169;9;52;-1.723300805232258;-48.88014038107032
150013;8;1;6;-4.9576351470875;-48.4090334176375
150020;40;1;25;-1.9775309085948716;-48.24090344743846
150030;44;1;9;-0.30771607556279074;-50.65300156031163
150034;39;1;21;-6.80442562704359;-50.40787457006923
150040;31;2;13;-1.9263018784111112;-54.720313102137034
150050;48;4;23;-1.342395509097778;-52.60309258883555
150060;272;11;57;-3.2323445817138654;-52.23324259738908
150070;35;1;7;-0.9088409611942857;-49.95649205734857
150080;457;24;133;-1.3646524344244655;-48.391086789406174
150085;45;1;20;-3.4867039796744184;-51.252026957246514
150090;46;1;31;-1.0666788019413043;-46.58768129877608
150095;29;1;21;-2.1391796452583334;-47.591654287591666
150100;17;1;12;-3.655309402325;-55.40681943739375
150110;19;1;10;-2.0116614692526316;-50.206388705578945
150120;42;1;21;-2.867931092951282;-49.68095236231539
150125;17;1;10;-7.375206578358823;-50.532010670700004
150130;168;5;53;-1.5203507465196202;-48.66389686206772
150140;3294;78;253;-1.4355379013048273;-48.48323851640159
150145;25;1;14;-2.6812316192;-54.920976788
150150;50;3;30;-1.3486381084217391;-48.262593387493474
150157;27;1;16;-5.06130375766087;-48.6264535576913
150160;22;0;17;-1.3697118635;-47.31341550055909
150170;134;3;53;-1.0719651048613636;-46.77054237892955
150172;40;3;19;-3.287794847471429;-52.532982586334285
150175;16;1;8;-5.69238836715;-48.4618521787625
150178;57;3;32;-3.7787783623709092;-49.528693785318175
150180;124;4;39;-1.58945156132;-50.50581911213583
150190;32;2;25;-1.5588225091;-48.05637539776071
150195;31;0;19;-1.8222680164451615;-46.51677338655484
150200;22;1;13;-1.0285389035318182;-48.820215271336366
150210;214;3;54;-2.255353792255924;-49.48592013964124
150215;321;4;65;-6.531814032942089;-49.85605677062374
150220;136;11;47;-1.1911083695634146;-47.174970391708946
150230;55;3;26;-1.7725435457490566;-47.09474235319245
150240;290;9;85;-1.2889585225652482;-47.93000433413723
150250;29;0;13;-0.2373626782275862;-49.779287898148276
150260;22;0;6;-0.9369930577047618;-48.26114799331905
150270;121;3;46;-8.258650749088792;-49.274595519195685
150275;27;2;12;-1.95953935124;-47.948271493176
150276;24;1;13;-7.771315932070833;-50.90030470475
150277;30;2;10;-6.0828404380266665;-49.599740859376666
150280;28;1;18;-1.732344112;-49.867030692
150285;18;0;10;-1.8936033910555554;-55.10394603014444
150290;35;1;25;-0.7079015597058823;-47.850096699844116
150293;55;3;28;-4.29191391915283;-47.5607695460849
150295;37;2;19;-6.104059783244118;-49.355108426276466
150300;14;1;7;-2.1199918645083335;-56.74552800485
150304;31;1;20;-7.582890299617241;-49.678005057075865
150307;30;1;18;-2.0083956941208334;-47.0573388456375
150309;47;1;20;-3.8147195164046512;-49.09403373111395
150310;41;1;11;-1.287873793803125;-51.603625290809376
150320;52;1;27;-1.1325988443863635;-47.62747964148667
150330;45;3;26;-1.9598031825704545;-48.98015499198182
150340;24;1;9;-1.4357743071263158;-47.9243820303
150345;63;2;28;-2.5870666079322038;-47.581335622005085
150350;29;1;19;-1.7710225923964287;-47.42892096551429
150360;128;9;41;-4.266982519135434;-55.97950625465512
150370;44;2;25;-5.117449020880556;-49.53393181784444
150375;47;1;8;-6.3820901549133335;-57.77224612993555
150380;86;6;28;-4.464288495244;-49.120699367924004
150390;59;4;28;-2.1882721852941174;-56.09639570217255
150400;29;1;24;-1.8743826952344829;-49.39986551493448
150405;45;3;24;-2.0626225947189187;-47.53968851148919
150410;18;0;11;-0.7976481730666667;-47.604733218144446
150420;498;12;73;-5.368314265408173;-49.11362223586925
150430;31;1;16;-0.7801845259586208;-47.48958410294828
150440;37;1;19;-0.7594473680666667;-47.702807626394446
150442;79;2;34;-1.3651617853636364;-48.336874378328574
150445;30;1;14;-3.449592369467857;-52.88978916537143
150450;17;1;10;-1.8003131594058823;-50.71491575451765
150460;24;1;19;-2.590702317113043;-49.53579972773478
150470;43;1;26;-1.9898381246710528;-48.78416052958684
150475;26;0;19;-2.7605469544666668;-54.66265303945
150480;74;4;19;-1.983804474598148;-54.120704910970375
150490;26;1;11;-1.5031600498434783;-49.19119135192174
150495;24;1;18;-2.2864447048291665;-46.9730777163125
150497;19;1;12;-4.926078;-49.08001841875
150500;22;0;13;-1.183815937859091;-47.38491289152727
150503;71;4;30;-7.069109120419672;-55.40656484562951
150506;77;3;30;-4.324486668634783;-50.07570735124348
150510;69;2;26;-1.8651741842666667;-55.494234977475756
150520;34;1;15;-2.107101082352941;-49.87066017058823
150530;73;5;27;-1.7437423478885714;-55.935352055478575
150540;23;1;18;-1.5423370202086957;-47.11960193142174
150543;82;5;32;-6.76754398275974;-51.08224938313377
150548;46;2;21;-3.814630805835556;-50.62174180226889
150549;15;1;7;-5.76463360575;-48.301866370171425
150550;157;9;46;-2.9763266720619352;-47.34930682331548
150553;631;17;67;-6.068445121335552;-49.90936245251461
150555;21;1;13;-7.823990566480952;-50.0388496204619
150560;13;0;8;-1.1739507376083334;-47.31640752133333
150563;27;1;13;-6.525762843696153;-48.915222659257694
150565;21;1;13;-3.8665532480400002;-54.219887182855
150570;16;1;13;-1.3027164926875;-48.70932222015625
150580;53;1;26;-2.0096120997411764;-50.83004581272353
150590;37;1;17;-1.7731871580085714;-52.232809616705715
150600;31;1;15;-1.6779312962962962;-53.40655267962963
150610;25;1;18;-0.9487041063043478;-47.11208517403479
150611;16;1;13;-0.89377603245625;-47.01218256808125
150613;190;11;40;-8.014608889568454;-50.032181409838095
150616;39;4;20;-7.302335773075001;-50.05686799352222
150618;57;4;18;-4.766863070545455;-48.08707841476546
150619;35;3;20;-4.105042298211765;-54.98516769082647
150620;50;3;30;-0.6362965853020408;-47.3451191126
150630;22;1;17;-0.7932818841636364;-48.549834537349994
150635;25;0;15;-1.2079394341041667;-48.28170096680417
150640;18;1;7;-0.6625117593277778;-49.166904950816665
150650;87;2;44;-1.2983996218407408;-48.157717825658025
150655;33;1;24;-1.5253414278939392;-46.91057592592424
150658;29;2;15;-8.748749140817857;-50.087552531060716
150660;33;1;23;-1.3494734018966668;-47.56192022984333
150670;56;2;27;-9.387088537380356;-50.45240880656071
150680;583;19;145;-2.429747388477281;-54.731602138541504
150690;15;0;6;-0.9246095271666667;-47.380103588106664
150700;29;2;19;-1.1188058337035713;-48.15196823715
150710;21;1;14;-0.768619775;-48.02954418
150715;23;2;14;-5.546945228913043;-48.714308246573914
150720;35;1;29;-1.7527782809088235;-47.772197892738234
150730;93;6;38;-6.533583914877908;-51.999686653022096
150740;22;0;12;-1.191005223825;-47.758863997285
150745;39;2;18;-6.3385953285696965;-48.61297499904849
150746;11;0;7;-0.8523825798363636;-47.92873454132727
150747;27;2;20;-0.7843465365846154;-47.189674354507694
150750;22;1;11;-5.419075660695;-48.771805858895
150760;77;2;40;-1.620353082986111;-47.4772940603875
150770;26;1;11;-1.6463298721615385;-49.552104109957696
150775;15;1;8;-6.9378551279538465;-49.67613138857693
150780;27;1;13;-2.779668113803846;-51.87322813451154
150790;17;1;11;-0.7061695192058823;-48.51197120408236
150795;55;1;21;-2.8993813670333335;-48.94113485883889
150796;11;0;8;-1.02112888233;-47.88052204844
150797;31;1;12;-2.0953120708964286;-56.475895147125
150800;57;5;34;-2.4171304151660378;-48.222846212958494
150803;39;1;25;-1.0746320356921053;-46.90842110212105
150805;19;1;12;-4.815049742978948;-56.02606463236316
150808;84;2;32;-6.757391109707793;-51.1874257253961
150810;134;8;63;-3.7827040815612403;-49.66119403901318
150812;47;2;23;-3.767835642986957;-47.49935607211521
150815;47;3;27;-3.726407303778378;-53.7358119166973
150820;38;1;17;-0.8799013709852941;-48.133039861055885
150830;43;1;37;-1.3429390624119049;-46.27386481188095
150835;39;1;22;-2.908197705489474;-51.94676047278684
150840;104;4;36;-7.0974481554072915;-49.92889331760625
160005;13;1;7;0.9138701149461539;-52.000999586300004
160010;19;1;3;2.013499472973684;-50.77958263411579
160015;35;1;11;0.885562377915625;-52.15239312818125
160020;18;2;7;2.5618574038466666;-51.01577332577333
160021;12;0;3;0.9704200398818181;-50.80154260306363
160023;17;1;9;0.8447584795399999;-51.19640528569333
160025;21;0;7;0.3078451496833334;-50.6947379833
160027;34;1;20;-0.7558076350294118;-52.5394979275647
160030;842;17;113;0.0645147110988792;-51.060041629596164
160040;53;1;13;-0.14001012619189188;-51.41765785545135
160050;47;1;10;3.7941882179363633;-51.78268153159092
160053;29;1;12;0.6346883867;-51.482714312103454
160055;9;0;5;1.7438150032222222;-50.787663768322226
160060;139;2;31;-0.0347335277775;-51.182327273075835
160070;34;1;9;1.3720496131575757;-50.889508330963636
160080;18;1;10;-0.889338076;-52.327795642888894
170025;4;0;2;-9.623141375;-49.159626024999994
170030;8;0;2;-6.562112253183333;-47.47074893288333
170035;8;0;5;-11.306685010575;-48.93963540315
170040;6;0;4;-11.569567568750001;-47.16934346473334
170070;27;1;13;-12.481621790051852;-49.1236518835
170100;10;1;10;-6.36799375549;-48.06630882607
170105;9;0;6;-6.387978405266667;-47.86515337656667
170110;5;0;4;-9.95199664422;-47.97203700600001
170130;7;0;4;-7.112978289242856;-48.55689494122857
170190;9;1;6;-8.813968509233334;-49.55742472926667
170200;16;1;10;-12.9355360634375;-49.8099830068125
170210;437;7;92;-7.16671654092757;-48.18241160847313
170215;9;0;6;-6.659714544355555;-48.61154258252222
170220;35;1;19;-5.647819727562857;-48.141275752408575
170230;11;1;9;-7.65444379834;-49.06773647296
170240;16;1;10;-12.92633222101875;-46.93381356379375
170255;33;1;17;-5.46833388669394;-47.888627016154544
170270;5;1;3;-12.708489;-46.407082
170290;15;0;9;-5.615404175853333;-47.770203095039996
170300;12;0;7;-7.209443896324999;-47.78635194473333
170305;5;1;1;-7.75781621686;-48.579689342200005
170307;5;0;3;-7.73647841078;-47.65110423492
170310;8;0;7;-9.839575278157144;-48.72525858192857
170320;4;0;2;-7.872041711766666;-48.895967724600006
170330;4;0;3;-8.964176225;-48.163695875
170360;4;0;3;-8.38959075975;-48.485426045875
170370;7;1;5;-11.0171432276;-48.56610351093334
170380;11;0;9;-5.326343779363636;-48.20426948424545
170382;4;0;2;-6.115464084425;-47.91720067195
170384;6;0;2;-7.97376500548;-46.817873125860004
170386;11;0;7;-11.886415793763637;-49.15509233222727
170388;3;0;2;-7.0367019531;-48.394396812466674
170389;7;0;3;-5.341506585857142;-48.03501934994286
170390;5;1;4;-9.273202659999999;-49.95350004
170410;2;0;1;-8.95960389935;-47.33542084695
170460;4;0;1;-10.14534292445;-49.140091528650004
170510;5;0;1;-11.61699824738;-47.751003458679996
170550;76;1;36;-8.056313360228767;-48.47842827550137
170555;5;0;3;-12.81655754;-46.55075024
170560;8;0;5;-12.21959194925;-47.29443020625
170600;7;0;5;-8.360466075671429;-49.17792426051428
170610;12;1;6;-10.59788385585;-49.191541582780005
170625;5;0;1;-11.1035985;-48.918383
170650;5;0;1;-6.7095650871000005;-47.75133359844
170700;33;1;18;-11.619420286390909;-46.846058489796974
170710;11;1;8;-9.80081084706;-49.214017915750006
170720;9;0;5;-9.25557855491111;-49.065706330422216
170730;8;1;6;-11.342646575;-49.2687866
170740;8;0;5;-5.3573691336375;-48.528433208125
170755;7;0;4;-10.757748471428572;-48.90241974285714
170765;5;1;3;-12.320575;-49.24355
170770;13;1;6;-7.362154416669231;-47.56522339823077
170820;31;1;16;-11.832028753460001;-49.639299332726665
170825;5;0;3;-9.056537819999999;-48.52342596
170830;8;0;3;-8.775467075;-48.9326406
170900;19;1;7;-7.737379330731579;-47.308817314757896
170930;60;1;22;-8.836858293237931;-48.49558175616897
170950;290;6;61;-11.741924824296001;-49.049858667375275
170980;5;0;2;-11.249855418280001;-48.459518158819996
171050;15;1;7;-8.346952015486668;-47.66556307837333
171070;7;0;4;-5.771471081971429;-47.512061876014286
171090;5;0;2;-8.38451656748;-48.106817147520005
171110;5;0;3;-8.4530755395;-48.545487089699996
171150;9;0;5;-12.686081296922222;-48.581496235988894
171180;4;0;3;-8.1193720529;-49.096385435900004
171190;19;1;11;-10.786956196142105;-49.6528458101
171195;7;0;2;-10.297474788871428;-47.566874141528565
171200;7;0;4;-9.761923729285714;-48.35338703044285
171215;7;0;2;-12.7845016;-46.49207532857143
171240;5;1;4;-9.51692121672;-46.74996059592
171245;4;0;2;-6.164313;-47.769473500000004
171250;10;2;7;-9.79633366969;-49.553928340700004
171270;5;0;2;-10.5444325;-46.41845
171280;7;0;2;-5.9617452019;-47.50623700194286
171320;36;1;17;-9.577025955748486;-48.40377925793939
171330;33;2;9;-9.468833101069697;-48.52327884040909
171360;8;1;4;-10.726602190575;-48.1752533465625
171370;4;0;2;-10.00347275125;-49.01997754765
171380;6;0;4;-6.611082390216667;-47.54734312861667
171395;4;0;2;-7.1500530971;-48.6083436012
171420;23;1;13;-11.707523202169567;-47.7061444613
171430;10;1;7;-6.36477642978;-47.691350884180004
171488;13;1;7;-7.6364446607000005;-48.4236927688
171500;6;0;4;-10.56718991968;-48.91218446002
171510;10;1;4;-9.96410017546;-47.67644783057
171515;8;0;3;-12.916542494542856;-46.57606577595714
171525;3;0;2;-11.821395488599999;-46.625892534933335
171550;3;0;3;-10.709540333333335;-48.90645333333333
171570;4;0;1;-7.858954712925001;-47.9257052245
171575;21;1;9;-13.041519324285714;-48.40753238314762
171610;118;5;24;-10.17348750097069;-48.882923295698276
171620;13;1;6;-12.661066804515384;-47.814735362069236
171630;4;0;3;-7.5438601267;-49.3674201085
171650;45;1;11;-8.96306221326;-48.14383212256222
171660;12;1;11;-12.033163182075;-48.601679434733335
171665;8;0;3;-8.5229487783875;-48.93295422995
171670;16;1;8;-8.724826819857142;-48.766926233964284
171700;7;1;4;-11.139132385714285;-47.578916514285716
171720;6;0;5;-6.7702936432;-48.28547000883333
171750;17;1;10;-10.422557849482352;-49.27949017451765
171780;5;0;2;-12.08923321276;-46.47920767602
171790;8;1;6;-10.7491907263875;-47.5372121483
171800;8;0;3;-11.6088128527875;-47.051177530175
171820;184;3;57;-10.678237690237989;-48.41564936691285
171830;10;0;3;-5.41913444481;-47.78181691459
171840;6;1;3;-8.532782882140001;-48.50401318072
171845;5;0;3;-10.42450329196;-48.89499576522
171850;5;0;2;-8.73503175766;-47.238580306
171855;5;0;5;-6.453464317219999;-48.120130049480004
171865;4;0;2;-11.40007342195;-46.8827182105
171870;5;0;2;-9.25036224;-48.395239600000004
171875;9;0;4;-9.444188433933334;-47.800652980799995
171880;5;0;2;-5.35257154834;-47.8791908412
171884;8;0;3;-12.5411239008125;-49.92820210285
171886;13;1;7;-7.12207212772;-48.78724586527
171888;3;0;2;-8.775220001566668;-47.74688981813333
171889;5;0;2;-10.86374001076;-48.90828127806
171890;9;1;2;-11.431940307177777;-48.09581192137777
171900;4;0;2;-10.281117644075;-47.8105715328
172000;6;0;3;-6.437899432016667;-47.679293900733335
172010;9;0;5;-5.967590080988889;-48.025145685644446
172015;4;0;3;-10.158578349999999;-46.71247275
172020;8;0;6;-5.5519463094875;-47.5659994992375
172025;6;0;4;-12.747460382566667;-48.23640322399999
172030;6;0;4;-5.25816269145;-48.20236211108334
172049;8;1;5;-11.971760312499999;-48.2347390375
172065;13;1;5;-11.2403756;-48.20153268181818
172080;12;1;8;-5.591743364091666;-47.65130872258333
172085;5;0;3;-11.99293305844;-48.97101710968
172090;11;1;5;-12.402246071518181;-46.436253625945454
172093;4;0;2;-12.188023000000001;-46.98950125
172097;5;0;3;-12.67425922;-49.2683806
172100;1151;28;132;-10.202580554648973;-48.341144951986415
172110;13;0;4;-9.647666666666668;-48.477833333333336
172120;37;1;14;-6.322143131535135;-47.434291814645945
172125;3;0;2;-8.977231166666668;-48.195199333333335
172130;4;0;3;-8.3998695;-48.129004
172208;8;0;6;-6.893891829125;-48.0003548786
172210;19;1;11;-6.41106080241579;-48.53413478811053
210005;196;6;71;-4.942569016451934;-47.488298057263535
210010;10;1;6;-4.13290894;-43.32262573
210015;11;1;9;-2.85247417;-42.14491212
210020;30;1;17;-2.398931973076923;-44.49658235106154
210030;24;2;18;-4.538299022205;-43.414195124635
210040;15;1;12;-4.1665066841538465;-45.468666054192305
210043;23;1;17;-4.212036672177273;-44.44495996650909
210047;30;1;19;-3.740364325585185;-45.94534430081852
210050;28;3;10;-9.144968192218519;-45.96886018524815
210055;7;1;4;-1.6794547966857143;-46.012433936899996
210060;57;3;25;-5.477331442018182;-46.63268715590545
210070;34;1;19;-3.262306040952941;-44.603708144432346
210080;17;1;12;-3.63924866916875;-43.093172957374996
210083;12;1;10;-1.5343827025;-45.08898011666667
210087;16;1;9;-3.0141049585533333;-45.72411310978667
210090;30;2;25;-2.936137207796667;-41.99656479954667
210095;30;1;17;-4.928176629534615;-46.03230023172693
210100;29;2;15;-3.4714025513439997;-44.764497168924
210110;18;1;11;-2.8404162222222222;-44.0689345
210120;130;8;58;-4.192043992508264;-44.82180694374133
210125;30;1;16;-3.001534727472414;-44.321489623265514
210130;15;1;11;-1.7004871531642858;-45.12227544456429
210135;9;0;4;-2.6051491625;-44.744622825
210140;222;5;76;-7.543506800410798;-46.04253251645775
210150;26;1;19;-6.737126111076;-43.043309321616
210160;109;4;37;-5.482961905179612;-45.24029057279611
210170;68;2;31;-2.76868720502;-42.83639449634334
210173;11;1;5;-3.197949997854545;-43.556155475827275
210177;15;1;11;-3.7420751224999997;-45.263349515293335
210180;8;1;6;-7.219817;-44.5576935
210190;21;1;12;-2.46428222;-44.76043513333333
210193;14;1;7;-4.608327288078572;-44.764974678092855
210197;6;1;5;-1.7888767086000001;-46.3040034949
210200;45;1;31;-3.6161388728255814;-45.84404728867674
210203;31;1;17;-4.477643128790323;-46.77427140124194
210207;12;0;8;-4.335034139808333;-45.02641304748334
210210;26;1;20;-3.684043169218182;-42.78411916795
210215;9;0;7;-4.332504288144444;-45.637147111388884
210220;37;3;18;-3.9389812708611114;-42.919624078897215
210230;21;1;15;-5.831769634914285;-43.83023003270476
210232;68;2;37;-4.316941028142647;-46.436796886017646
210235;15;1;11;-5.59063482506923;-47.02635699675385
210237;8;0;7;-2.9510434956;-44.037869587075
210240;9;1;8;-2.873330111111111;-44.68913644444444
210250;14;1;9;-3.339233219528572;-45.04043496265714
210255;19;1;14;-6.177933750722222;-47.36253868494444
210260;19;1;11;-1.4530971492;-45.703440710623525
210270;21;1;13;-3.6240687318555556;-44.36941963759445
210275;15;2;11;-4.755716957142857;-44.33133249285714
210280;23;2;15;-7.363264145645454;-47.3854127119909
210290;30;1;18;-1.2327790254892856;-46.02952885532143
210300;184;6;93;-4.8804961643943185;-43.35024783724716
210310;11;1;8;-1.9903020837727274;-44.556573675718184
210312;18;1;6;-2.2035323139666665;-44.83270591784167
210315;14;1;10;-2.4552274613357143;-46.08667317361428
210317;19;0;12;-2.1955133456842106;-46.187790278989475
210320;119;3;41;-3.7521974407694443;-43.36087886698611
210325;26;1;13;-5.1877132906000005;-47.78177718597692
210330;109;2;51;-4.4629234725824745;-43.886322191219584
210340;44;3;25;-4.262349228000001;-43.022625197190244
210350;65;4;30;-6.045257558053968;-44.251284221865085
210355;10;1;7;-3.8384192852799996;-44.89320988413
210360;64;3;36;-4.1262757473644065;-44.12378420281017
210370;39;1;20;-1.6905549237789472;-44.79954810611316
210375;15;1;12;-5.536113347666667;-47.40387763646
210380;25;1;14;-5.0362668744125;-44.437133000258335
210390;19;1;11;-4.139379704472223;-42.949165379
210400;25;1;11;-4.886889033313043;-44.87374230554782
210405;37;2;15;-6.571734986469444;-47.42786106096111
210407;10;1;6;-7.0013457593799995;-46.69243235385
210408;12;1;7;-6.115710578327273;-45.031102993618184
210409;25;1;16;-6.437894856143999;-46.189971824556
210410;21;1;9;-6.962423912978947;-46.1771479447579
210420;17;1;9;-5.7055539345625;-44.08787442259375
210430;11;0;7;-1.4127762617818183;-45.77488640283636
210440;16;1;11;-5.17006906446875;-44.26640671484375
210450;17;1;8;-5.011530713452941;-44.258093585635294
210455;23;1;13;-5.73071512995;-47.36696795696364
210460;18;1;11;-5.33451066975;-44.17355165813125
210462;9;1;6;-5.482383078971429;-44.08891450502857
210465;11;1;9;-3.3947199955272724;-45.692846674236364
210467;26;1;23;-2.1252061778519997;-45.88113535254001
210470;10;1;5;-5.4052631639;-44.33717370805
210480;90;7;51;-5.64510274969054;-46.29457242307027
210490;24;1;8;-2.1490343961041667;-44.58179495970833
210500;28;1;19;-2.6047953678571427;-43.47322442857143
210510;23;1;17;-2.7527190518130435;-44.006196726821734
210515;20;1;10;-3.6560340684750003;-45.20919095512
210520;15;1;9;-4.658827691273333;-44.881517217513334
210530;813;16;137;-5.520922376637113;-47.47932071376533
210535;20;2;12;-5.163798896495;-45.76033367427
210540;74;2;33;-3.3816214777777778;-44.348744410301585
210542;29;1;15;-4.448723060172;-47.516997659452
210545;15;1;8;-5.831714382033334;-44.23971185476
210547;31;1;10;-5.372525870355172;-45.60046558333448
210550;30;1;17;-5.4186939288866665;-47.36821635296667
210560;21;1;8;-4.991841775;-44.723780375000004
210565;11;1;4;-1.8572666272727274;-46.08527404545455
210570;58;5;31;-4.589439531976364;-45.14437104299455
210580;11;1;7;-4.580254156990909;-45.02613508350909
210590;16;1;10;-4.0200505015;-44.9104142189125
210592;16;2;10;-6.03038916568;-43.5305440527
210594;11;1;7;-4.604069006845455;-44.96548118779091
210596;16;1;10;-4.89177111321875;-45.35530359775
210598;10;0;9;-6.190179779119999;-47.03447123556
210600;28;1;12;-4.529997140144444;-44.46463032397037
210610;16;1;8;-7.067023585725;-45.1372569727
210620;8;0;7;-1.3237373516;-45.896442532525
210630;12;1;12;-3.3949429391500003;-42.20492520434167
210632;22;1;11;-2.047081111152381;-45.971416939
210635;9;0;6;-4.610601466666667;-45.45269211111111
210637;14;1;9;-2.3387250106076922;-45.89935783889231
210640;34;1;13;-3.6289675673633335;-43.19060998081
210650;21;2;15;-3.06414676;-45.021458295
210660;31;1;19;-5.50068966339;-43.21641936427
210663;18;0;13;-3.7051687425599997;-44.530981993173334
210667;8;1;7;-3.5461976875;-42.6376152
210670;21;2;14;-6.353377297314285;-44.41912508082857
210675;19;1;13;-3.548195207257895;-44.56938655006316
210680;23;1;12;-2.0691617680952383;-44.78856759111905
210690;27;4;21;-3.4968902211555557;-45.2604234035037
210700;12;1;10;-5.83286170219091;-47.06280191320909
210710;23;2;14;-2.802192190909091;-44.02855558181818
210720;17;1;12;-3.4490148255588235;-43.86930345017647
210725;9;1;5;-7.1162494626555555;-46.257209777844444
210730;6;1;2;-6.6650640937666665;-44.161062608
210735;13;1;9;-2.7725806349;-45.784478218825
210740;20;1;14;-4.1249479844;-45.11666669132941
210745;19;1;11;-2.9865248789473684;-44.99643978421052
210750;84;4;39;-2.5329622889158534;-44.151844423425615
210760;32;1;15;-2.655887148872414;-44.93818793814138
210770;26;1;19;-6.440178940720833;-43.961999632645835
210780;31;1;22;-5.665808643406667;-43.12940427068667
210790;26;2;19;-6.157110970148;-43.783192056488
210800;33;2;19;-6.589526374278125;-44.09896883835
210805;15;1;13;-2.7833959708666667;-42.5853735628
210810;18;1;15;-4.455596545870589;-45.23059286858823
210820;79;5;41;-4.574246120133334;-44.59315816970533
210825;18;1;11;-2.9719539387499996;-45.34718453900555
210830;34;2;20;-3.304933333333333;-45.14164878787879
210840;14;1;8;-2.5735909543166664;-44.86856804911667
210845;16;1;12;-4.38366882123125;-44.34433206705
210850;32;2;21;-3.6131905597133334;-45.35096445296001
210860;102;3;48;-2.5280290747583334;-45.10036313234687
210870;27;1;17;-3.8702548645333334;-45.15354427735
210880;20;1;12;-3.75003557497;-44.22581332587
210890;23;1;15;-4.757409638365;-44.93113270832
210900;36;1;15;-6.3486877972;-47.380485652833336
210905;6;0;5;-1.8847090352666667;-44.63354540021666
210910;86;3;37;-5.29162118177595;-44.48585515240379
210920;13;1;10;-2.9843669215538458;-44.06204706746923
210923;14;1;7;-2.3655265928499998;-45.78969941550833
210927;26;1;13;-2.58213307422;-45.37001233986
210930;10;1;9;-3.4099815802375;-44.0254610522125
210940;14;1;10;-2.5100000000000002;-43.438
210945;16;2;12;-2.43478570611875;-44.11308958089375
210950;24;1;19;-7.354880082041666;-46.648091071524995
210955;14;1;8;-5.9476682257642866;-47.384633634757144
210960;41;2;25;-2.88782913587;-44.238017307054996
210970;8;1;5;-7.20476930325;-45.413286415274996
210975;10;1;3;-5.49581875434;-44.559381381049995
210980;43;1;18;-2.226135269267857;-45.02884293015715
210990;132;4;43;-3.683195607422764;-45.377404981400815
211000;52;3;39;-4.06814627375;-45.75655083434375
211003;23;4;15;-2.557858912177273;-45.78952889707273
211010;23;1;17;-3.460509612531818;-42.63477844395
211020;58;2;21;-3.1462045178907405;-44.32372678729444
211023;11;1;9;-3.11632906623;-42.413701977159995
211027;15;1;12;-2.49280388222;-43.25650738808667
211030;23;1;12;-4.870632624226316;-44.360284517310525
211040;27;1;16;-3.3316043995884614;-43.54889512605
211050;37;1;24;-2.7087557280027026;-44.788185965081084
211060;27;1;18;-3.350825759977778;-42.42567916528519
211065;12;1;7;-6.812831532290909;-44.655560470672725
211070;42;1;26;-5.575288326612499;-44.370262306815
211080;7;1;6;-7.073710750542857;-44.6149105618
211085;10;1;5;-5.123734176299999;-47.402635597019994
211090;28;1;15;-6.25124396735926;-42.861226302551856
211100;19;1;15;-2.7794220549777777;-44.58466689453889
211102;11;1;8;-3.523405205772727;-46.273778044000004
211105;12;1;10;-6.469277090225;-47.08199990706667
211107;27;1;19;-5.213366774074074;-43.796953485185185
211110;46;1;21;-6.500734672391667;-43.70374590087778
211120;121;2;59;-2.5389972455102563;-44.14230345918547
211125;15;1;10;-5.042110960353333;-44.58093406134667
211130;2177;66;210;-2.5417374760482807;-44.3253275989511
211140;20;1;14;-4.379014783235;-44.679879179325
211150;40;2;22;-4.033956512930303;-44.461871641175755
211153;15;1;9;-5.087967526273333;-48.43447919965333
211157;14;1;6;-6.8271637428571434;-46.53170336428571
211160;24;1;13;-7.025267813326088;-45.50840018246087
211163;12;1;7;-5.10914069393;-45.074464559540004
211167;9;0;6;-5.017384930511111;-45.0053604497
211170;21;1;15;-2.8899301609714287;-44.81704668411429
211172;17;1;11;-4.0055837570625;-45.237965235143754
211174;13;2;11;-5.261746062553846;-44.00205761527692
211176;17;1;15;-5.440689465270588;-47.27889255439412
211178;16;1;9;-1.8556654133357142;-45.119860110335715
211180;21;1;13;-6.105878850154999;-46.623403260334996
211190;12;1;9;-6.486125520766667;-44.20571399750833
211195;9;1;8;-6.4147568449111105;-43.53255185782222
211200;28;1;9;-8.417272391732142;-45.76229738555714
211210;23;1;15;-4.2506151788;-43.92293278413913
211220;164;5;82;-5.1028602130807945;-42.84076523322781
211223;24;1;15;-4.558829139254167;-44.61680129194167
211227;16;1;6;-3.7231746792666667;-45.56090474263333
211230;43;1;30;-5.342905542847619;-44.66387032156191
211240;21;1;12;-1.6241474904761906;-45.43362187142857
211245;23;1;14;-2.191887677373913;-45.352171624778265
211250;49;2;35;-2.7945501362875;-42.30781114779375
211260;30;1;15;-3.177209944631818;-43.444447382627274
211270;31;1;21;-3.515500152496774;-43.88639191790968
211280;52;3;35;-3.1921221694;-45.03057582981837
211285;13;1;10;-5.186936404053847;-48.120429363915385
211290;32;1;19;-3.49675785601875;-44.881075414059374
211300;46;1;22;-4.2450133645733334;-45.243940447923336
211400;45;3;33;-3.268297175861111;-45.70801575997027
220005;8;0;6;-8.2604339650375;-41.0681370133625
220010;19;1;11;-5.798839915611765;-42.667138187088234
220020;29;1;18;-5.894482061765517;-42.63784439568621
220025;11;1;7;-6.9821614894272725;-40.94042153363636
220027;8;0;6;-7.2366656740375;-40.84249354235
220030;11;0;9;-5.260747381663636;-42.173231495500005
220040;44;1;25;-5.035316906127907;-42.46478715283488
220045;11;0;6;-8.447638040377777;-43.89282366858889
220050;50;1;19;-6.298935725348;-42.828736039988
220060;18;1;9;-6.08976994212353;-42.726652661676475
220070;8;1;4;-9.178779070500001;-43.04166674025714
220080;5;0;4;-7.2289504834;-44.190761717925
220090;12;1;7;-6.111629194441666;-41.79520715296667
220095;8;0;7;-7.2600114135;-41.560231292750004
220100;16;1;10;-6.6528235768375;-42.53451756751875
220105;10;0;6;-5.72813338177;-41.0460290058
220110;18;1;11;-10.13372455925;-43.95641117574444
220115;18;1;10;-7.9052133133444435;-45.12411826503333
220117;4;0;3;-6.519405553425;-42.10511296545
220120;64;3;46;-4.235434574046774;-42.29964941205967
220130;4;0;3;-9.91505609865;-45.509346265175
220140;10;0;6;-5.782914259;-42.49258941266
220150;35;1;21;-4.023095783771429;-42.07713224466
220155;7;0;7;-7.972424383166666;-41.8712925911
220157;5;0;4;-7.366460854880001;-40.972148845519996
220160;25;1;14;-5.455764990832;-42.361834236991996
220170;15;1;7;-7.635952374226666;-43.875172594573336
220173;9;0;5;-8.121218316411111;-40.76447502831111
220177;9;0;7;-4.4141119324;-42.12958791704445
220180;16;1;5;-6.91704813586875;-41.31222026165
220190;49;1;26;-9.074204662641305;-44.36152871567174
220191;10;1;6;-3.19577162428;-41.63744931997
220192;6;0;4;-9.16838416275;-42.88256212976666
220194;9;0;6;-4.486811340566667;-42.0870736046
220196;10;1;6;-4.13421469905;-41.75897607206
220198;8;0;6;-8.19716359795;-42.83440740158333
220200;30;1;24;-3.179857393037037;-41.868473484051854
220202;10;1;6;-5.28677837606;-41.10957897489
220205;14;0;8;-4.440810289830769;-42.24011023037693
220207;15;0;9;-6.790331519446667;-42.41125327348
220208;11;0;6;-2.9430355555000003;-41.35072998857272
220209;8;0;7;-7.3424710795428565;-40.61830678524286
220210;10;0;6;-7.659559053770001;-41.88203401715
220211;11;0;6;-8.376407022066665;-41.836206673788894
220213;10;0;8;-7.134736929810001;-41.03484013107
220217;13;0;5;-3.830143361476923;-42.595964615176925
220220;102;8;45;-4.8260342079922225;-42.16259542801111
220225;5;1;4;-7.66801911734;-43.709648604280005
220230;27;1;13;-8.11232970374;-42.971493467255996
220240;15;1;9;-4.4574745379846155;-41.94741466423078
220245;7;0;4;-8.522953106642857;-41.86213323201429
220250;19;1;8;-9.282331064626316;-43.32359661233158
220253;13;0;6;-3.483687979638461;-41.83148900636923
220255;9;0;5;-7.730689610166667;-40.98220559857778
220260;36;1;18;-5.317134391648572;-41.56035231355429
220265;13;0;6;-3.4143666433666664;-41.88493877785
220270;30;1;20;-3.469330615127586;-41.5479812021
220271;8;0;4;-4.3093179;-41.7532199
220272;7;0;5;-3.5975174209;-41.4316343613
220273;5;0;5;-5.09048347008;-42.205327303900006
220275;11;0;6;-8.176083273072727;-43.77647189716364
220277;8;1;4;-7.238730781214286;-42.1794631529
220280;10;1;5;-7.91190684685;-41.58180442302999
220285;6;0;3;-8.82766202482;-42.45804542184
220290;48;1;27;-10.43287423151875;-45.14938862746458
220300;15;2;8;-10.657784724764285;-45.17610229009286
220310;24;0;14;-8.817751370825;-44.22118637275
220320;21;1;12;-10.039130209752631;-44.29889109863158
220323;12;0;5;-8.980958763683335;-44.451283215591666
220325;11;0;8;-5.612404977718182;-42.82078327369091
220327;11;0;7;-7.8562961193181815;-40.85098033448182
220330;25;1;15;-5.35895587084;-42.675535436176
220335;11;1;6;-9.32511002831818;-42.447675560309094
220340;12;0;5;-6.933060062;-41.641749031708336
220342;4;0;4;-4.25407850875;-41.271007575249996
220345;19;0;11;-8.968029084126316;-41.9629772437
220350;19;1;11;-6.167703973878947;-42.14738175418421
220360;12;1;3;-8.09740924015;-43.664623258940004
220370;66;3;37;-3.878452131955932;-42.229413099888134
220375;7;1;4;-9.485725070983333;-42.778484041199995
220380;11;1;7;-7.791825557954545;-42.92397119294546
220385;12;0;5;-7.472510204308333;-41.80292468350833
220390;219;5;80;-6.7944770153386145;-43.034995683462874
220400;17;1;8;-6.409054833688236;-42.25667421855882
220410;12;1;5;-6.623716564545455;-42.69362689530909
220415;7;0;7;-7.3240752295142855;-40.792871290885714
220420;13;1;8;-7.001258860915385;-41.135986039076926
220430;22;1;11;-7.087573111090476;-40.59896494929524
220435;12;0;7;-7.161699136458334;-41.36056836373333
220440;17;1;5;-9.83482568695625;-45.3440817443375
220450;19;1;12;-6.7950168039894745;-43.56983146623684
220455;7;0;5;-9.3959403232;-43.68598820605714
220460;9;0;4;-5.989422530022222;-42.555039276466665
220465;16;0;9;-2.8513498702625;-41.81060744595
220470;31;1;13;-6.668958948413334;-41.709553318110004
220480;24;0;10;-6.808899678213043;-41.69707940443478
220490;14;1;7;-7.613206287423077;-41.5686235787
220500;18;1;11;-7.427268150494445;-41.47474648516666
220510;25;1;11;-7.604395518447058;-43.026086295282354
220515;12;0;6;-7.929230115341666;-41.22515890451667
220520;41;4;19;-7.367334034708334;-41.15106757655278
220525;18;0;10;-6.097207373505555;-42.58710965779445
220527;10;0;6;-4.77765337867;-41.846326250909996
220530;9;1;8;-7.060452181077778;-43.53330429222222
220535;8;0;5;-8.515622174125;-42.417125870712496
220540;13;1;11;-3.5112496610000004;-42.15614001282308
220545;16;0;11;-3.4835595912875;-42.41046274343125
220550;47;1;28;-4.760961476721277;-42.57412152812766
220551;7;0;5;-5.068433933257142;-41.655219023485714
220552;12;0;6;-10.331872492116668;-44.22442484559167
220553;10;0;6;-9.2123904397;-43.12540856864
220554;11;0;6;-5.648935528563637;-42.48991806235454
220555;9;1;7;-4.5151675869;-42.60485486694444
220556;13;0;7;-8.522361436153846;-41.54088364855385
220557;10;0;7;-4.36407089894;-41.57841438242
220558;6;0;5;-5.415229949216666;-42.64363265323333
220559;19;0;13;-6.524048778684211;-41.52116120438948
220560;11;1;10;-7.2488230459;-43.90834449768182
220570;29;0;23;-2.9630849922931035;-41.586125715251725
220580;36;2;21;-3.4642641426451615;-42.36713390155806
220585;12;1;9;-3.48513660875;-42.50291408050833
220590;12;1;5;-8.022085237208334;-43.88250373221667
220595;12;1;7;-7.437685223466667;-40.67283790710834
220600;6;1;4;-7.084102941966667;-43.90521014186667
220605;14;0;7;-7.465252702564285;-41.12532154001428
220610;10;1;8;-3.71644699;-42.555684139200004
220620;37;1;20;-4.175829084805715;-42.89792227368286
220630;12;0;7;-5.6822432541;-42.73594149130833
220635;12;0;9;-4.6897157757;-41.4454453024909
220640;21;1;8;-5.56700171365625;-42.615429105093746
220650;14;1;8;-6.991864939692857;-41.032144385421425
220660;15;1;10;-9.709074526746667;-45.22532725474666
220665;9;0;6;-9.694352038355554;-43.92569580953333
220667;12;0;8;-3.6723907267;-42.420602671266664
220669;12;0;9;-3.324278020463636;-42.09123443944546
220670;16;1;10;-6.97358204944375;-42.6734205521625
220672;9;0;8;-5.387191711933333;-42.84953084676667
220675;6;0;4;-4.630328989066666;-42.1735474855
220680;12;1;9;-4.005877884916667;-42.61210994275
220690;17;0;5;-6.4535266481;-41.93868012395882
220695;14;0;5;-5.217004524575;-41.92750756575833
220700;98;5;43;-7.007843100314445;-42.14858059872889
220710;8;0;3;-5.8512235;-42.559502875
220720;13;2;10;-7.364720512858334;-40.903524401725
220730;12;1;8;-7.777609208025001;-42.255889150258334
220735;10;0;4;-7.882434602009999;-42.84826651368
220740;14;1;9;-8.69847043915;-44.24637174785
220750;23;1;15;-5.977347297373913;-43.061980148134786
220755;9;0;5;-7.088533046933333;-41.68853675072222
220760;20;2;11;-10.26475561506842;-44.64129709125263
220770;292;9;95;-2.9294889949925533;-41.78632023172021
220775;6;0;5;-5.857044271083333;-42.4410365452
220777;9;0;4;-7.703184774033334;-41.35908002405555
220779;13;0;6;-5.245008102253847;-42.42280072070769
220780;56;2;24;-8.136465890076364;-41.140398308076364
220785;4;0;3;-7.9560794;-43.222407700000005
220790;54;2;27;-4.4281802702725495;-41.44348375837255
220793;7;0;4;-8.093539459066667;-42.27325985225
220795;8;0;6;-8.096757640157142;-42.048035075899996
220800;557;11;180;-7.078491589585078;-41.4670643047436
220810;25;1;15;-6.270194930720834;-41.352151509195835
220820;18;1;10;-6.82793912767647;-40.63010971622941
220830;38;2;22;-3.9342824039138886;-41.710136442202774
220840;120;4;63;-4.27918194240614;-41.773835956028066
220850;17;1;15;-3.8990037071705888;-42.7142851012647
220855;5;0;3;-6.9719627405999995;-44.130199511525
220860;8;1;6;-5.666736023025;-42.2039257622875
220865;16;0;8;-8.56578896355625;-41.3970829925
220870;13;0;8;-9.45358119096154;-44.598008385830774
220880;20;1;15;-6.240723210055;-42.680285326865
220885;9;0;6;-10.1238394902;-44.95168462906666
220887;8;0;7;-7.690249650825;-42.71273291445
220890;12;1;7;-7.559770235818181;-45.23014001312727
220900;18;2;8;-7.7742863647625;-43.1395075174375
220910;17;3;7;-7.190361210014286;-41.76735732861429
220915;10;0;7;-5.80482418;-41.956489
220920;14;1;7;-9.126750939328572;-45.8819346083
220930;14;0;6;-8.941303699721429;-44.159626868271424
220935;8;0;7;-6.951035673614285;-41.514589701357146
220937;10;1;8;-6.80408519362;-42.261460031140004
220940;16;0;8;-6.98935564121875;-41.2298027907
220945;12;0;6;-6.0469657188333334;-42.710577074575006
220950;10;1;8;-7.42257292701;-41.91771574926
220955;6;0;4;-9.01302969015;-43.00158994508333
220960;13;1;9;-5.941193550527273;-42.11154750995454
220965;8;0;7;-8.222033092425;-41.6337241558875
220970;13;1;6;-7.223027485861538;-42.54374023732308
220975;3;0;2;-9.999446333333333;-45.252772
220980;9;1;6;-5.986347161925;-42.68625393285
220985;8;0;7;-6.818404041925;-41.34533068935
220987;7;1;5;-3.9385223052166665;-41.2561155647
220990;8;1;6;-5.5128666828375;-41.8974821269625
220995;17;0;4;-6.827288154835294;-41.76459642143529
220997;15;0;11;-3.8105104702733334;-42.44779672128
221000;40;2;14;-8.35340963399737;-42.24772424475526
221005;12;0;7;-3.8007360583333334;-41.83596585833333
221010;10;1;8;-7.495047218744444;-42.565474510166666
221020;15;1;6;-6.789744863966666;-41.55759717491333
221030;6;2;5;-7.088550901233333;-40.83660798028333
221035;12;0;3;-9.145998201458333;-42.51649020835
221037;9;0;5;-6.772799877588889;-41.295855561811116
221038;9;0;7;-5.864357914999999;-42.18717197
221039;6;0;6;-7.604995353233334;-42.36989737528334
221040;38;2;14;-5.5036171258789475;-41.322438593252635
221050;40;1;13;-5.878183787179487;-42.745124497435896
221060;83;3;31;-9.021894695262338;-42.696263163354544
221062;11;0;8;-10.807134203190909;-44.83474819470909
221063;13;0;4;-7.480216939766667;-44.017831074116664
221065;10;1;7;-4.9261610232625;-41.77052363595
221070;24;3;14;-7.6072522722304345;-40.80564255805217
221080;39;1;17;-7.855411207758333;-41.91811453105833
221090;10;1;8;-7.86489559466;-42.4946432415
221093;11;0;5;-6.991516746636364;-41.383592407045455
221095;5;0;5;-8.40087631892;-42.910271785960006
221097;11;0;7;-6.597762834754545;-42.282874633909096
221100;1539;56;278;-5.077186645112554;-42.79101261975617
221110;46;1;27;-4.57488181068;-42.84339341806222
221120;42;2;21;-7.295203020567568;-44.54420683562432
221130;56;1;35;-6.401597601205661;-41.76054805513019
221135;6;0;6;-9.239530740583334;-42.89860467961666
221140;9;1;6;-6.562263128644444;-42.231390568933335
221150;7;0;5;-7.594498621042858;-41.489102135371425
221160;10;0;8;-7.14125224;-40.935007
221170;11;1;5;-7.2359551271818185;-41.895323039618184
230010;13;0;9;-7.340498671976923;-39.04405773549231
230015;25;0;12;-4.215578304;-38.67410132
230020;79;2;43;-2.9004755488584415;-40.11557000084546
230030;75;2;38;-6.117809904477612;-39.43840583283582
230040;21;1;14;-6.5785551681722225;-40.15891454102778
230050;17;0;13;-3.588458151675;-40.5389862299875
230060;15;1;9;-6.998595053806667;-39.73396691252666
230070;46;1;15;-5.498741903002273;-38.26794866162954
230075;34;1;22;-3.27143457858;-39.78481229396
230080;13;1;9;-6.768244571833333;-39.9881664566
230090;14;1;10;-3.939212525169231;-39.40242342593846
230100;105;1;51;-3.913619479284466;-38.3964750030466
230110;135;3;41;-4.573218343539098;-37.764014190939854
230120;53;1;25;-4.389206644264151;-38.78988001270943
230125;14;1;10;-4.7494942030714284;-40.81789631174286
230130;32;1;20;-7.211706397751851;-40.0767500626037
230140;19;1;15;-4.421021912;-39.04210121653889
230150;13;1;9;-6.274267629990908;-40.149944678136364
230160;43;1;20;-6.874071367946153;-39.8740221933
230170;38;1;24;-6.9497975255459465;-38.96503745846487
230180;10;1;6;-6.72731908751;-38.72415462627
230185;31;1;19;-5.292866629532;-38.910221973504
230190;131;3;70;-7.308316464458731;-39.30677041560714
230195;33;1;18;-4.2901190003064515;-38.63286552510323
230200;30;1;20;-7.162181056643333;-38.780629092333335
230205;22;1;18;-3.0010954200590905;-41.15236782806364
230210;77;2;30;-4.3348343432432435;-38.8782399445973
230220;45;2;32;-4.249418763090698;-38.141506327276744
230230;47;1;17;-3.0405268022369567;-40.20055627531304
230240;58;1;31;-5.090426678416667;-39.74418667866852
230250;130;4;49;-7.489875913520161;-38.98595514679354
230260;81;2;42;-2.9045618048875;-40.839077076159725
230270;56;2;22;-7.070638148290741;-40.372713369824076
230280;116;2;40;-4.3639011672466665;-39.323036498090474
230290;24;1;13;-4.463378338939131;-38.91220628475652
230300;19;1;13;-4.232305187410526;-39.19222910182632
230310;27;1;18;-3.949455759033333;-40.486677103654166
230320;33;1;22;-7.039179939009091;-39.27769132956364
230330;33;1;15;-6.5559596174535715;-39.503752603414284
230340;54;1;19;-4.16269213262826;-40.95177748650217
230350;117;1;33;-4.130333959906838;-38.2433666241547
230360;24;1;13;-6.133208388195652;-39.87835319686521
230365;17;1;12;-4.64609904375;-40.19512703125
230370;303;5;92;-3.731805833017065;-38.658911073458704
230380;52;2;30;-6.605716285948781;-39.059418829114634
230390;21;1;15;-3.035481966236842;-41.24332856982632
230393;27;1;11;-4.817564896;-39.1604808
230395;37;1;16;-4.299854979874286;-38.496083636405714
230400;30;1;15;-3.563276621037037;-40.67600359472593
230410;143;3;64;-5.183713370407463;-40.67806825448955
230420;323;6;80;-7.229980272999343;-39.41235778762
230423;37;1;19;-4.410676312882857;-40.900536051428574
230425;71;1;22;-2.8999157256211268;-40.24350329314366
230426;19;1;11;-5.811345583622223;-39.291153426983335
230427;9;1;6;-6.0217501340999995;-38.34032483275
230428;157;1;33;-3.815786140161429;-38.54838066357571
230430;44;1;26;-6.9192528999350005;-39.56418330687
230435;29;2;18;-3.8064259215379312;-40.26197492750345
230440;8461;122;353;-3.748908470320497;-38.51748840058499
230445;22;1;13;-4.450421615318182;-37.79920413700909
230450;20;1;16;-3.747778211235;-40.80913369266
230460;15;1;9;-4.0467105555571425;-39.451136945092856
230465;17;0;12;-4.045126190841176;-40.759287425100005
230470;44;1;31;-3.1317412985181816;-40.84201122757955
230480;10;1;9;-6.8888357741111115;-39.22035996085555
230490;25;1;11;-3.914294976125;-40.3839945362375
230495;29;0;20;-4.066110373064;-38.655823562612
230500;82;1;34;-4.163933225980769;-40.7634865169359
230510;8;1;6;-4.251387254975;-38.941739716575
230520;26;1;16;-4.412359150288461;-40.414537073773076
230523;71;1;33;-4.138829078177612;-38.475810910985075
230526;23;2;14;-4.798427322013043;-38.73672458733478
230530;47;1;21;-3.9306851462860464;-40.8991702807721
230533;31;1;12;-4.973013636;-38.625365804
230535;21;1;15;-4.710156629994737;-37.366851789294735
230540;91;3;42;-6.4106781576151155;-38.8333865559
230550;312;4;67;-6.360376331211921;-39.29409547770464
230560;52;1;24;-5.4141028661346935;-40.342060252922444
230565;19;1;15;-4.903119651494737;-40.76831105649474
230570;18;1;9;-6.794259270047059;-38.722830899982355
230580;56;7;26;-4.322137750928846;-40.70834950448654
230590;51;3;24;-4.5488991118;-40.74615635843864
230600;25;1;12;-5.818490221047619;-38.3103520529619
230610;31;1;21;-3.734427357037931;-39.79189205492413
230620;10;1;8;-4.686228128190001;-37.81861516022
230625;42;1;35;-3.9553658086547623;-38.523441686733335
230630;71;4;32;-3.6898557497656714;-39.58170603813731
230640;215;5;67;-3.480866013964824;-39.58227388775377
230650;32;1;10;-4.56767039836;-38.91555379305667
230655;47;1;29;-2.94389899216;-39.908464286273336
230660;28;0;15;-4.619705395048148;-39.61062911996666
230670;29;1;17;-5.568731417241379;-38.7658544862069
230680;19;1;13;-5.506129786747368;-38.483959528573685
230690;61;1;22;-5.88245764784;-38.63640572569285
230700;89;1;27;-4.837978932754545;-37.78565899457613
230710;37;1;21;-7.588418713803571;-39.272268995953574
230720;19;1;9;-7.693884190557895;-39.01660025508947
230725;30;2;17;-2.883253544057143;-40.47394963800357
230730;842;13;163;-7.217461540486931;-39.318736932964754
230740;27;2;18;-6.502664900130769;-39.538750104799995
230750;40;2;27;-6.755745466902631;-38.97466813800526
230760;190;6;39;-5.145899550989011;-38.09904672158791
230763;23;1;14;-4.836646910517391;-39.5348704461087
230765;449;9;73;-3.874750269277202;-38.62284256853964
230770;146;2;49;-3.910178626091791;-38.70003031481194
230780;32;1;17;-3.1321654078758625;-40.16509945782069
230790;31;2;14;-3.225045315621739;-40.69555608965218
230800;32;1;21;-3.517929569986667;-40.35083592938
230810;74;1;37;-7.375289153385714;-38.75188480749
230820;25;1;13;-3.512021950056;-40.466495581008
230830;52;2;25;-7.307518916360416;-38.93521370421875
230835;35;1;14;-5.667050183548387;-39.19882483225806
230837;16;1;11;-3.5594461538461535;-39.95392076923077
230840;51;1;35;-7.283496328312195;-39.15194589007805
230850;49;1;24;-5.753689067802173;-39.64876984906739
230860;29;1;21;-4.785407616596296;-40.04948241031481
230870;87;2;39;-5.087726964860527;-38.38192648995526
230880;18;1;12;-3.469450192927778;-40.67453345341111
230890;24;1;16;-3.2828803850550003;-40.14317977422
230900;22;1;10;-3.903071688127778;-40.74717597461667
230910;13;1;8;-4.311773069230769;-39.0006838
230920;22;1;13;-7.096819688504762;-39.666923302628575
230930;52;2;28;-4.702612894080953;-40.5570545724381
230940;37;1;24;-5.5486180361810815;-40.76413711323243
230945;45;1;23;-4.50676676958;-38.56879908859778
230950;38;1;18;-6.256252829454545;-38.93224633245151
230960;87;4;30;-4.175918075904706;-38.47355554228823
230970;42;1;26;-3.9476344732125;-38.6117811049275
230980;28;1;14;-4.211239879892857;-38.907309418457146
230990;15;0;7;-3.9802738471071426;-40.69910708857143
231000;24;1;9;-4.744106127506667;-37.96369682260667
231010;33;1;12;-4.139360124769697;-38.84728792965152
231020;61;2;26;-3.4257249884385965;-39.03151551509474
231025;44;1;19;-3.4280039694704545;-39.16233645282954
231030;42;1;26;-6.225990952222222;-40.69049027222222
231040;14;1;10;-4.10750156485;-39.2678682449
231050;76;1;24;-5.458246137061194;-39.70815300644776
231060;30;1;14;-7.825191503193103;-39.10804203091725
231070;45;1;24;-3.8009814197921052;-39.25823425906842
231080;28;1;12;-6.055819398110714;-38.46652690431072
231085;28;1;17;-4.031140660022222;-38.298855516470375
231090;26;3;18;-5.821430283832;-39.423863300248
231095;13;0;9;-4.2500888816923075;-40.62684479027693
231100;17;1;13;-4.73207477974375;-40.9581722899875
231110;26;1;14;-7.534706562699999;-39.12177240578947
231120;23;1;15;-7.085991290700001;-40.03038058398261
231123;16;1;11;-5.73142314022;-38.16426802139333
231126;59;1;24;-5.857637378294736;-40.72947344709649
231130;198;2;50;-4.969823277184445;-39.014057302771114
231135;29;2;13;-6.237608898553845;-39.191060144665386
231140;107;4;45;-5.206546691796117;-39.30336694487961
231150;39;1;16;-5.075701028125714;-37.96517353376858
231160;51;1;25;-4.243338661891666;-38.7431026990625
231170;25;1;17;-4.138352162717391;-40.58948251724782
231180;136;4;59;-4.938918854603968;-37.97225570970238
231190;19;1;13;-6.536161744578947;-39.8764845137
231195;30;1;18;-7.251019924213334;-40.41493144408333
231200;30;1;18;-3.443706445836667;-40.19973845728667
231210;21;1;14;-7.176225505555556;-39.65664912222222
231220;42;1;21;-4.3124823408;-40.14455997489474
231230;115;3;33;-4.046532828609009;-40.8747843306973
231240;79;1;33;-3.5869457628415584;-38.94060831225065
231250;9;0;8;-5.288144777777777;-38.266638
231260;21;1;15;-3.6682856870055556;-39.24450027727222
231270;53;1;29;-5.588479633333333;-39.39091582708333
231280;13;1;12;-3.3435538272153846;-40.46973076943077
231290;536;6;91;-3.6918330755939044;-40.346119297809715
231300;33;1;20;-5.75392094;-39.0291179091697
231310;53;1;23;-5.245924713091837;-38.129327360846936
231320;35;1;20;-4.847513563981819;-40.33409069184243
231325;12;1;7;-6.689605243009091;-39.75506426317273
231330;105;1;52;-5.985009867238;-40.2954402154
231335;29;1;12;-3.9307105235964284;-39.56852879795714
231340;141;2;55;-3.7293469643035713;-40.98714225186071
231350;62;1;32;-3.278219165083051;-39.2967345643339
231355;18;1;13;-3.5690718719764707;-39.43414000007647
231360;50;2;32;-3.8522773297354167;-40.92756044143542
231370;17;1;9;-6.642951448064705;-38.71609116602353
231375;19;1;11;-3.68346630491875;-39.36182612773125
231380;28;1;17;-3.622778773076923;-39.51115933076923
231390;19;1;12;-3.316925975868421;-40.61303933622106
231395;30;1;18;-4.193968234481481;-40.48229576457778
231400;60;2;28;-6.7890248455;-39.29599513862105
231410;57;1;29;-3.567306436764;-41.1304407335
240010;22;2;13;-6.427597851127778;-36.64329109201667
240020;107;5;43;-5.573750515264356;-36.917870881503966
240030;19;2;13;-5.493669370035714;-36.531074046235716
240040;7;0;3;-6.209261000000001;-38.297261
240050;34;4;16;-6.2621676860656255;-37.9907381638125
240060;15;1;6;-6.152929033991668;-37.764986101
240070;24;1;12;-5.3031018325208334;-36.76408509747917
240080;23;1;13;-5.666166029117392;-36.60293637643913
240090;14;1;7;-6.21515709656923;-37.91121820722307
240100;55;4;33;-5.663729322573585;-37.80226143869811
240110;37;1;13;-4.9432113036;-37.151612621886485
240120;14;1;10;-6.192479146153847;-35.16167461538461
240130;11;0;6;-5.842110671372728;-37.33366329431818
240140;12;1;7;-6.389772624083334;-35.00246955204167
240145;29;1;23;-5.086870853320689;-37.61548890715173
240150;10;0;9;-5.95278059482;-35.92481916782
240160;7;1;3;-5.6837348094;-35.81805664102
240165;5;0;3;-5.9979703157;-36.435673309879995
240170;16;0;9;-5.985846653913333;-35.58365962892667
240180;24;1;10;-6.194909583666667;-35.35960234275833
240185;8;1;7;-5.077125362125;-36.0590958799
240190;10;1;5;-5.756943866666666;-36.00305492222222
240200;249;4;67;-6.462367729076793;-37.08951722526329
240210;22;1;12;-6.2348447703;-36.179819705385
240220;43;1;26;-6.37547100875238;-35.133595612509524
240230;41;2;22;-5.789093633951282;-37.568504663971794
240240;18;2;11;-6.5503902605;-36.5884238155647
240250;13;1;9;-5.339031161338462;-36.83474514810769
240260;78;1;39;-5.632871224296154;-35.39851440694872
240270;12;1;11;-6.047412605883333;-36.36037077329167
240280;9;0;6;-6.381455333333333;-36.21147186666667
240290;10;0;7;-6.30004573211;-38.440210973800006
240300;18;2;8;-6.413407949145454;-36.78730641007273
240310;139;4;68;-6.259130832030468;-36.51796117955547
240320;15;1;10;-6.099450238014286;-38.37630916612857
240325;273;10;75;-5.90881304235687;-35.24178999513817
240330;16;1;8;-6.1186484362923075;-38.30555321855385
240340;15;1;6;-6.945293436661538;-36.717119681407695
240350;19;0;10;-6.334278522222222;-35.309677444444446
240360;35;1;22;-5.693258723457576;-35.282095725721206
240370;9;1;6;-5.570195065;-37.66786838503333
240375;5;0;3;-5.6968903722199995;-36.53082619942
240380;24;2;8;-6.135700301061538;-36.79984111003077
240390;9;0;4;-6.16720067225;-38.2554776337375
240400;16;1;11;-6.15881982395;-37.84039161780625
240410;5;0;5;-5.1070674799999995;-36.36901994
240420;53;2;29;-6.266219650884314;-35.209165946780395
240430;14;1;7;-5.441287211941667;-37.52158786204166
240440;16;1;9;-4.8466211016875;-37.24842236031875
240450;32;1;19;-5.148518321168966;-36.3400387321
240460;18;1;10;-5.803698057011111;-35.54130578769444
240470;21;1;14;-5.514400184795238;-36.84854126653333
240480;6;0;4;-6.81507912815;-37.19888104705
240485;11;1;8;-5.640244875327273;-36.870771785100004
240490;12;1;9;-5.785171322466667;-37.926247535291665
240500;7;1;6;-6.427186114285715;-36.2041091
240510;9;0;6;-5.340759491855556;-36.14028232495556
240520;10;1;8;-6.000100693877778;-37.42626622745556
240530;18;1;12;-6.152050902277778;-35.596162256149995
240540;6;1;5;-6.463257009016666;-35.92059293815
240550;7;0;4;-5.652727175828572;-35.971431117128574
240560;19;1;11;-6.37363274678421;-37.33557955551053
240570;29;1;15;-6.586238790582608;-36.772738143269564
240580;63;2;37;-5.5207517441612906;-35.81482908318065
240590;7;0;6;-6.260019142857144;-37.782019142857145
240600;14;1;10;-6.318503130328572;-38.28261855402143
240610;32;1;16;-6.041205589226666;-37.02517396166
240615;13;0;5;-6.278024028007692;-35.33832476953077
240620;9;1;5;-6.388142909411111;-35.6006926267
240630;11;0;6;-6.159125499636364;-35.44192938788182
240640;8;0;4;-6.011934452675;-35.8664644137
240650;12;1;11;-6.164102099216667;-36.4849402687
240660;13;0;7;-6.125786669230769;-35.47933623076923
240670;23;1;14;-5.6771418848238095;-36.244014305961905
240680;9;0;6;-6.1517707007625;-36.1163527266
240690;19;1;9;-6.1167098033631575;-37.81026771633158
240700;15;1;6;-6.4025225307692315;-38.38627483076923
240710;98;2;54;-5.8542375202666666;-35.361670481796665
240720;53;2;24;-5.11410028159375;-36.625897952543745
240725;7;0;6;-6.268946428571428;-38.21129914285715
240730;9;2;7;-6.3101976072625;-38.1820580197625
240740;15;2;9;-6.08023590175;-37.88935618984285
240750;12;2;11;-5.4898519089299995;-35.30139405855
240760;11;1;5;-6.076833011844445;-37.51368495207778
240770;15;1;10;-6.48646598902;-35.285819937553335
240780;30;1;15;-6.084622535666667;-35.35182520818667
240790;9;1;5;-6.4394420231666665;-35.793390945733336
240800;714;16;112;-5.191268607809013;-37.350824837669386
240810;3142;64;221;-5.812975625929867;-35.22503614416474
240820;36;0;19;-6.070782983865715;-35.18874015653429
240830;51;1;31;-6.474679544282979;-35.43704812782128
240840;8;1;5;-5.9586572843875;-37.70385589285
240850;8;0;3;-6.703825427683333;-36.94500420665
240860;7;1;5;-6.509063224985715;-38.26967221205714
240870;4;0;4;-5.776478434175;-37.101552991175
240880;13;0;10;-5.228273867423076;-35.84446563231539
240890;53;1;22;-6.691652214607546;-36.658507251384904
240895;24;2;11;-5.255613742963636;-35.404065357436366
240910;25;1;18;-6.4419597184;-35.62024623009584
240920;13;0;5;-6.277258509438462;-35.37666371314616
240930;22;2;11;-6.098752257985715;-37.63706178397143
240933;11;0;4;-5.834909261836364;-35.6969292108
240940;143;3;55;-6.119012176849646;-38.20035877423901
240950;12;2;8;-5.1399549603;-35.87481249101818
240960;6;1;5;-5.577033321616667;-36.09813701271667
240970;14;2;11;-5.4958121499;-36.3871727160091
240980;18;1;13;-6.443317213299999;-35.225304338147055
240990;22;1;8;-5.25768195021;-36.699936837595
241000;8;1;4;-6.2695541185625;-38.04266463965
241010;11;1;9;-5.620402947654545;-35.6581633225
241020;26;1;14;-6.028178673284615;-37.979881822776925
241025;6;0;3;-5.102510277683334;-36.80663108825
241030;18;1;8;-6.108778099999999;-35.71392834444444
241040;20;0;11;-5.442118092994737;-35.56662992309474
241050;14;1;6;-6.190338092353846;-38.22143933716923
241060;10;1;6;-6.07673725586;-37.716679394639996
241070;7;1;4;-5.6150616428571425;-37.618928
241080;9;1;5;-6.269219902344444;-38.31145920485555
241090;9;1;9;-5.8082397187222226;-35.83579115031111
241100;9;0;9;-5.795169544322222;-38.06680866245556
241105;17;1;12;-4.8460594612562495;-37.260180612625
241110;13;1;6;-5.87425837262;-35.94170275882
241120;59;3;28;-6.243890756417241;-36.02105852429138
241140;20;2;9;-5.935016608505555;-36.636068007700004
241142;7;1;3;-6.752600115414286;-36.73319491455714
241150;42;4;26;-6.341609422802381;-35.48669817813095
241160;11;1;5;-5.065856255583333;-36.02796297803334
241170;5;1;4;-6.34264407198;-36.08577078906
241180;8;0;5;-6.3633455448875;-37.179613286700004
241190;5;0;2;-5.99901505;-38.166402149999996
241200;115;5;56;-5.7794805776854545;-35.31075047315091
241210;17;2;6;-6.714685781746667;-37.20443419932
241220;61;2;36;-6.061405231539623;-35.255965432250946
241230;15;2;10;-6.312858599814286;-35.70271444057143
241240;9;1;6;-6.454609058075;-36.8733693659375
241250;46;2;21;-6.223163607346342;-38.4796442172
241255;9;0;8;-5.136350522088889;-35.65960142374445
241260;44;1;25;-5.900566150197728;-35.75962813735455
241270;9;0;5;-5.888394327633333;-35.623188018777775
241280;10;1;6;-5.802880658855556;-36.8971587935
241290;16;1;9;-5.974389549926667;-36.0741461559
241300;14;1;4;-6.2138081320181815;-36.68145761038182
241310;12;0;5;-6.047944003333334;-35.668440990533334
241320;9;0;6;-6.2561558246499995;-35.2065968917
241330;7;1;5;-6.392142857142857;-35.66334285714286
241335;19;1;11;-5.16114814188421;-37.025783897994735
241340;22;1;8;-6.613787375759091;-37.384886655077274
241350;10;0;4;-6.25699291;-35.5347003
241355;11;1;6;-6.11924505073;-37.9649811177
241360;13;1;7;-5.766440533469231;-37.95941921380769
241370;8;1;6;-6.103010647875;-35.916677795375
241380;13;1;4;-5.928303287345455;-38.04438779424545
241390;11;1;8;-5.620017511745455;-35.59864507028181
241400;15;0;11;-6.202241992238461;-35.80360746501538
241410;16;1;11;-6.31072148125;-38.1158248125
241415;15;0;7;-6.147220725709091;-36.71616786506364
241420;17;1;15;-6.212005473333334;-35.094365260000004
241430;6;0;4;-6.46468030472;-37.272581636540004
241440;40;1;29;-5.21290704211282;-35.49188077884615
241445;9;1;6;-5.8651667173222215;-37.187249463755556
241450;22;1;11;-5.990714196727273;-37.813979088831815
241460;21;1;14;-5.6277043145666665;-37.271959359238096
241470;5;0;5;-6.346262740599999;-35.374087633580004
241475;9;1;6;-6.271444444444445;-38.462
241480;20;1;12;-6.046117929999999;-35.426993475
241490;9;1;4;-5.9925444065111115;-37.94497383943334
241500;7;0;4;-6.312974071428571;-35.07324251428572
250010;19;2;14;-7.512319062722223;-37.638588712361106
250020;15;0;11;-7.0931578704466665;-38.17686979746
250030;53;1;22;-7.04797287;-35.632146416
250040;29;1;19;-7.065413306465517;-35.75842849139655
250050;31;0;13;-6.952529930531035;-35.54058115382759
250053;15;0;11;-7.74239799368;-36.06211183861333
250057;11;0;9;-6.847827598399999;-35.954021065754546
250060;36;0;21;-7.420302228678787;-34.92012735730909
250070;40;2;22;-6.712962965397437;-38.437334405517944
250073;12;0;7;-7.5631351067249994;-37.055416726025
250077;16;0;9;-6.7818307641625;-38.0822409247375
250080;29;1;16;-6.795338640072;-35.353322763876
250090;19;1;11;-6.831642013617647;-35.761980855323536
250100;33;2;14;-6.568260848583334;-35.709591594113334
250110;45;1;18;-6.964260063902439;-35.704054509614636
250115;9;0;4;-7.1231348507125;-36.9413921721375
250120;15;0;12;-7.049970591038461;-35.92597390615385
250130;25;1;15;-7.5413567642;-35.70133894415833
250135;13;0;6;-7.06798289719091;-36.72206033495455
250140;27;0;10;-6.679834589644445;-34.954112437762966
250150;39;1;26;-6.755736483328572;-35.634116338488575
250153;13;0;8;-6.635322106561538;-36.252160955269225
250157;25;0;15;-7.5211102888875;-35.9983784475625
250160;34;0;15;-6.693373382753333;-36.08229732438333
250170;13;0;6;-7.736047685884615;-36.33554981698462
250180;100;2;47;-7.127521920498948;-34.92555741320526
250190;41;1;22;-6.644697715810526;-35.48480001136053
250200;24;1;11;-6.187639362691305;-37.53441670568261
250205;11;0;5;-6.452306974872727;-38.552142837
250210;20;0;11;-7.4200606316052635;-38.211835278010525
250215;18;0;12;-7.264268019877777;-36.23576570828889
250220;12;0;6;-6.819209296908333;-38.65462358645
250230;14;1;10;-6.450206174685714;-37.931735521607145
250240;30;1;13;-7.3069874359760005;-38.503194686932005
250250;30;1;18;-7.487457889311111;-36.13473753133704
250260;24;1;13;-7.179364281585714;-38.14548134802381
250270;12;0;5;-6.801881801383334;-35.62139721098333
250280;28;1;14;-6.347110699803704;-37.48839602066296
250290;24;2;13;-6.375981893708333;-37.82666200069583
250300;32;1;15;-7.5082646638999995;-34.91839886267667
250310;19;0;10;-7.469919694805263;-36.29487197830526
250320;95;1;36;-7.004955358495181;-34.837816674193974
250330;25;0;9;-6.938691396164001;-38.675077156024
250340;17;1;10;-7.12883073028125;-37.1566302898125
250350;24;1;11;-6.6420530658375005;-35.79401812870417
250355;12;0;8;-7.211833250000001;-37.06722955
250360;17;0;10;-6.597981276729412;-35.44839754341765
250370;214;3;74;-6.887994849868844;-38.555766332097484
250375;14;0;6;-6.953811339938462;-37.80975418692307
250380;13;0;10;-7.135997340333333;-35.338357164375005
250390;12;0;10;-7.8922829020545455;-36.80622694777273
250400;1091;33;198;-7.2248799445421055;-35.894938452223634
250403;13;0;8;-6.915218993225;-35.172223245525
250407;9;0;6;-7.7451159029625;-36.49500888245
250410;10;0;6;-7.039252724155556;-38.344105271388884
250415;8;0;7;-6.7485060373875;-35.775919226275
250420;17;1;9;-7.125937552073334;-37.60729019942001
250430;76;2;24;-6.345360717388;-37.74682826438267
250435;10;0;9;-7.422148395766666;-36.02077496204444
250440;43;1;29;-7.583186857782052;-38.50327957874359
250450;19;0;11;-6.904192498461111;-37.604156344555555
250460;35;2;23;-7.262053465490625;-34.88746897852187
250470;20;0;12;-7.796684363905555;-36.6588495689
250480;67;1;16;-7.016680578146875;-37.94475413903906
250485;6;0;5;-7.63008376715;-36.60399779678334
250490;17;0;14;-7.14404919930625;-35.09457533479375
250500;18;1;11;-6.864780177123529;-36.35136729055294
250510;58;1;25;-6.491457478178845;-36.14874885234615
250520;16;0;10;-6.89444212415;-35.5232183109
250523;11;0;9;-6.913534887436364;-35.25328345589091
250527;18;0;7;-6.719444572409091;-35.26720288391818
250530;6;0;3;-7.538060265833334;-38.19688783936667
250535;16;0;11;-6.632172439400001;-35.913315930742854
250540;26;2;16;-7.288916276266667;-37.086589585238094
250550;18;0;10;-6.750327191846666;-37.569131043266665
250560;15;0;9;-7.42489070638;-38.2656759054
250570;19;1;13;-6.6039976019777775;-35.62473158143334
250580;7;0;5;-6.687405256571429;-35.41739490412857
250590;12;0;8;-7.106458899645454;-37.72126269267273
250600;87;2;32;-7.021810656940507;-35.82736423907722
250610;22;0;12;-7.330150461719048;-35.709932121161906
250620;16;1;7;-6.40313964824375;-36.45489014379375
250625;12;0;11;-7.582878268236363;-35.7914907282
250630;183;7;56;-6.844936605345455;-35.488573326849696
250640;24;2;14;-7.125995511118182;-35.42313432950909
250650;17;1;11;-7.2469986541499996;-36.48872560394375
250660;25;1;13;-7.498702483823809;-38.40475165097143
250670;19;0;13;-7.382606802489474;-37.51604222356842
250680;28;1;18;-7.27902352814;-35.616076751452
250690;62;2;25;-7.329374503083871;-35.33943259650162
250700;66;1;26;-7.30807907649;-38.154508282996666
250710;29;1;17;-6.828301938060714;-35.245070155975
250720;22;0;13;-7.380237538816666;-35.63640020717778
250730;24;1;13;-6.656830499595651;-35.28742845023913
250740;21;1;12;-6.54962477511;-37.803978980405
250750;3146;76;260;-7.114062585826776;-34.889890460155094
250760;16;0;10;-7.168674625;-35.584698375
250770;35;1;16;-7.051615767791429;-36.60541738628286
250780;18;1;7;-6.9938393083923085;-36.72134196033077
250790;26;0;15;-7.37402900555;-35.24032549057692
250800;23;1;10;-7.5394807915909094;-37.81544405501818
250810;17;1;10;-6.589795466786667;-37.91379626792
250820;22;0;9;-6.672397811476191;-35.378210796833336
250830;35;1;25;-7.168908917142857;-35.83328971542858
250840;15;1;8;-6.515501538421428;-38.180795078857145
250850;20;1;11;-7.376000914113333;-36.945325048246666
250855;14;0;9;-6.557864096507692;-35.40117470326154
250860;21;0;13;-6.91208719568;-34.87676193777
250870;13;0;9;-7.253952538590909;-37.425006102345456
250880;14;0;9;-6.906008452915385;-37.522853385784614
250890;94;2;42;-6.830696312834066;-35.129478943621976
250900;22;0;12;-7.7107122975571425;-38.1870151049381
250905;29;0;11;-6.75016171347931;-35.00069585447241
250910;41;1;23;-7.03236698122683;-35.31382414886342
250915;14;0;9;-6.8395781771357145;-38.34677799801428
250920;25;1;17;-7.191088952090909;-35.76453124359546
250930;19;0;8;-6.587513241176471;-35.04885196470588
250933;11;0;9;-7.1239538355375;-35.767442286025
250937;10;0;6;-6.542259120430001;-37.71961902204
250939;22;0;6;-7.265927795585714;-37.34539100866667
250940;20;0;14;-7.302103241;-35.481431216505264
250950;22;0;13;-7.088114294428571;-35.95846489423333
250960;13;0;7;-7.212585479572727;-38.57462151797272
250970;105;3;35;-7.8948989122417474;-37.12208884676602
250980;19;0;12;-7.018805515677778;-35.456808966172225
250990;13;1;10;-7.6410577872307694;-35.55414404914615
251000;14;0;11;-6.920581046792857;-38.325701705192856
251010;19;1;8;-6.4588611400105265;-36.20394633944737
251020;17;0;7;-7.47878572225;-38.03578061590625
251030;19;0;11;-6.652140632999999;-36.39570579182106
251040;18;1;7;-7.227590721428571;-37.749912471428566
251050;12;0;6;-7.005252675154545;-36.244320503299996
251060;12;0;8;-7.621173569440001;-37.15176661318
251065;10;0;8;-7.31950078208;-36.656106172390004
251070;12;0;6;-7.1357491277181815;-37.05011501887273
251080;362;9;94;-7.027763986290057;-37.28101035368097
251090;27;1;16;-6.598664369070371;-37.6173065649963
251100;16;0;9;-7.369307620613333;-38.06716926492666
251110;14;1;10;-6.756979023638461;-36.474774997661534
251120;50;1;26;-7.391178385212245;-35.11667295774082
251130;69;4;30;-7.1987735140090905;-37.93406548524
251140;51;1;23;-6.513327191611111;-36.34220286394222
251150;23;0;15;-7.266358120472727;-35.256716747545454
251160;12;0;7;-6.873752520227273;-35.61273583717273
251170;14;0;10;-6.8424381595214285;-35.53705739122857
251180;16;0;10;-6.78634163434;-35.495161382793334
251190;26;0;17;-7.47728785906;-34.818669597556
251200;32;1;20;-7.076850129925806;-36.06066776354516
251203;12;0;5;-6.393660990666667;-38.51494222039167
251207;12;0;5;-6.579837506458333;-38.50628033915
251210;98;3;38;-6.771137324248913;-37.7988981789163
251220;18;1;10;-7.695343982592857;-37.084803879249996
251230;75;2;36;-7.735813101445588;-37.993761766041175
251240;17;1;11;-7.154819234413334;-35.961206425419995
251250;61;1;32;-7.363009370488135;-35.902065666769495
251260;10;1;5;-7.030617339985715;-37.14858884497143
251270;38;2;19;-6.965886353905556;-35.797022747391665
251272;13;0;8;-6.6435882751076925;-35.295783613169235
251274;11;0;5;-6.5447775196272735;-35.65977821349091
251275;11;0;9;-7.246437487927273;-35.66426216653636
251276;12;0;6;-7.147706975599999;-35.26675781193333
251278;12;0;7;-7.466181309266666;-36.29202805459167
251280;16;0;8;-6.436251336375;-37.657333256581246
251290;42;0;20;-6.8067983991025;-35.0723337944325
251300;14;0;5;-7.092315871085715;-36.816851943042856
251310;23;0;14;-7.391234247434783;-35.464572326582605
251315;9;0;8;-7.746775125844445;-35.885596277644446
251320;19;1;9;-6.537912060636843;-38.06056969201579
251330;15;1;9;-6.724964794564285;-38.62562592803572
251335;13;0;9;-7.697089790263636;-38.559802149227274
251340;29;1;17;-6.870184428732;-36.918992510132
251350;21;1;14;-7.552887256431579;-38.330833543
251360;32;0;12;-7.37502434012;-38.00032189985
251365;11;0;4;-6.478132957270001;-38.47937064657
251370;165;4;67;-7.127754686464969;-34.98161237977834
251380;16;1;7;-7.082292821846154;-37.448876239600004
251385;14;0;7;-7.218371398016667;-36.60738993925833
251390;69;1;30;-6.483122892321739;-37.45166807417247
251392;19;0;11;-6.889189702505556;-37.72643807413888
251394;4;0;2;-7.6325295418;-36.432053446750004
251396;10;0;7;-6.81735032765;-37.93571761247
251398;15;0;9;-6.6222637816642855;-38.09064111872143
251400;14;0;10;-7.389967486623077;-36.5321319527
251410;17;0;7;-8.0710619273375;-36.77699277854375
251420;20;1;14;-6.941956978694737;-38.16376347131579
251430;10;1;5;-7.24923614996;-38.3010228714
251440;18;0;11;-6.838251240826667;-37.337870734586666
251445;10;0;7;-7.24517656;-35.373100210000004
251450;33;1;17;-7.110982687603225;-38.49535614316129
251455;10;0;7;-7.74498586949;-38.09827196882
251460;9;0;3;-7.2743820824625;-37.305848056625
251465;4;0;3;-6.212722026525;-37.352711102925
251470;14;1;9;-6.775426703757143;-36.7977678437
251480;11;0;8;-7.391519158072726;-36.80787446118182
251490;16;1;9;-6.92925640695;-37.09711116068125
251500;13;0;10;-7.250248009507692;-35.20686357063077
251510;25;0;13;-7.085347907241666;-35.83894299286667
251520;10;0;8;-8.144912210466666;-37.00559342174444
251530;77;2;37;-7.104230284945945;-35.23385133906351
251540;20;1;12;-6.93023991096;-36.4011101662
251550;34;1;14;-7.484281392839394;-36.67101823887575
251560;14;1;7;-6.687064516666666;-35.444065333333334
251570;11;1;8;-7.214252105736364;-38.370939741872725
251580;20;1;12;-7.181158659605001;-35.67682599706
251590;17;1;10;-6.819749314419999;-35.632461285893335
251593;14;0;10;-6.753189131523077;-35.43646615370769
251597;12;0;8;-7.143967323491666;-35.237809280791666
251600;65;1;23;-6.758158991514286;-35.6681462330625
251610;33;2;17;-7.06175158988125;-36.365550480134374
251615;10;0;7;-6.7588695452500005;-36.24329342271
251620;255;11;107;-6.764532163505882;-38.22916886904842
251630;68;1;26;-7.672078926092727;-36.88124680818364
251640;21;0;10;-6.5026247387;-35.61512410063334
251650;30;1;18;-7.212708464961538;-36.82896661342692
251660;25;1;12;-7.634771301429166;-37.876449599875
251670;34;2;22;-7.217140409525;-37.25078504145313
251675;9;0;6;-6.954259572377778;-36.62326197165555
251680;26;1;13;-6.5808884762769235;-38.58014452431154
251690;52;2;28;-6.522045692459184;-38.408598609575506
251700;24;2;17;-7.6971067378714295;-35.66910650208096
251710;11;1;5;-6.77166914034;-36.99025127577
251720;16;0;9;-6.5527088833375;-38.27154221226875
251740;4;0;4;-8.07770367995;-37.0963936304
260005;187;7;60;-7.910316146959007;-34.90989339617143
260010;122;4;57;-7.749297710614705;-37.63648584783922
260020;45;3;29;-8.535430343415555;-41.00882034681334
260030;60;3;30;-8.450565636207408;-35.948823822053704
260040;40;1;20;-8.706395414000001;-35.52458583667297
260050;53;2;32;-9.112171225221568;-37.12318003732941
260060;17;1;12;-8.475163973333334;-36.76026714
260070;48;1;33;-7.602350057976087;-35.230075027408695
260080;40;1;20;-8.488741638845454;-36.06256344153636
260090;23;1;16;-8.379811208178262;-35.452284504078264
260100;23;1;11;-8.88961863035;-36.28401649418636
260105;24;0;18;-7.750701025000001;-35.175473833333335
260110;132;7;93;-7.5863599551433065;-40.49667104757244
260120;200;6;72;-8.417738163067526;-37.0574197702567
260130;20;1;15;-8.417527459052632;-35.66253340431052
260140;63;3;31;-8.815705756310908;-35.19675670301818
260150;21;1;14;-8.611853889473684;-35.83289945652631
260160;38;1;19;-8.73107034761111;-38.995171335070374
260170;133;3;46;-8.33694643444754;-36.42659955982213
260180;25;1;10;-8.2610959832;-38.03063874426667
260190;115;2;46;-8.238246947493518;-35.760894833262036
260200;36;1;22;-7.756189507371428;-39.94316795049143
260210;60;1;21;-9.177203196683333;-36.68014932035
260220;45;1;29;-7.797284523532558;-35.592105841513956
260230;49;1;28;-8.475265255127272;-35.73220103444545
260240;17;1;9;-9.02405091794706;-36.56185162852353
260250;22;2;16;-7.348686877252381;-37.291071968404765
260260;53;3;34;-8.109899666464;-36.326631364594
260270;16;1;13;-7.72456606844375;-35.3259898363625
260280;62;1;39;-8.61163599957705;-37.150502749542625
260290;302;10;96;-8.282467356569967;-35.025984787275426
260300;74;1;34;-8.4966678538;-39.30890072550746
260310;32;1;16;-8.488066165133334;-36.239352572576664
260320;38;1;22;-8.794245036111112;-36.644752705555554
260330;19;1;12;-8.74172648866875;-36.33492407648125
260340;15;1;8;-7.939983458554545;-38.14413680962727
260345;226;2;70;-8.013189902128124;-34.986814749136606
260350;32;1;23;-8.360467715415625;-35.76566182938438
260360;16;1;10;-7.40842765309375;-35.27638754278125
260370;36;1;20;-8.87723103763889;-36.19433752428889
260380;28;1;16;-8.737459273653572;-36.627726886
260390;31;1;19;-7.800123785983333;-37.79190983901666
260392;26;1;15;-8.323323371865;-38.74916615089
260400;189;2;72;-7.8461696447224725;-35.25342095955
260410;968;18;154;-8.277193890477907;-35.97659149196512
260415;22;1;17;-7.751169541495239;-35.720718606290475
260420;39;1;25;-8.663324542486842;-35.72666410057368
260430;23;1;12;-7.72322301361579;-39.23401787680526
260440;20;1;13;-7.9977963585421055;-35.21429859350526
260450;34;1;19;-8.24367352642353;-35.461664234970584
260460;30;1;21;-7.586822607984615;-35.10348975485385
260470;21;1;14;-9.12126222895238;-36.336956368957146
260480;30;1;17;-8.475048609838462;-35.541579864565385
260490;32;1;17;-8.013561085943333;-35.70117595088
260500;40;1;19;-8.60699453506;-35.95062517786334
260510;64;3;35;-8.096284216446552;-37.64953741724138
260515;55;3;26;-8.459732441749056;-40.743068402633966
260520;72;3;43;-8.365406065024638;-35.24171224509131
260530;32;1;21;-7.50909589483125;-39.7153866086375
260540;38;1;23;-7.950380598873684;-35.3807863332
260545;11;0;5;-3.8474133065272724;-32.41535474178182
260550;18;1;10;-7.45453614899375;-35.24221999845625
260560;31;1;19;-7.882589401416666;-37.953029452803335
260570;51;3;23;-8.596238807246;-38.540123069774
260580;22;1;10;-7.940122605909524;-35.914527831966666
260590;29;1;17;-8.588570783530768;-35.385457806350004
260600;624;8;112;-8.887924574588062;-36.483597480127166
260610;39;1;27;-7.999611607102564;-35.30329530720257
260620;160;4;71;-7.573526128863025;-34.98428365294118
260630;16;1;9;-7.732544116953333;-39.6448910898
260640;210;1;35;-8.203310617567583;-35.56649646793517
260650;26;1;16;-9.071322668;-36.808368496
260660;37;1;25;-8.542134101675;-37.703169416047224
260670;22;1;13;-8.58386669467;-36.19239513248
260680;137;1;72;-7.87959887731603;-34.98979623686794
260690;18;1;14;-7.824340984066668;-37.50514697199444
260700;24;1;16;-8.899620709308333;-37.82152647548333
260710;15;1;7;-7.678700787935715;-37.46214662278572
260720;172;3;62;-8.421561518178182;-35.05924011886243
260730;33;2;19;-7.615829586803031;-40.177122050845455
260740;22;0;10;-8.741583550322728;-38.68734943448182
260750;26;1;16;-8.946903374042307;-37.422345919926926
260760;36;0;21;-7.755299637319443;-34.83355253326945
260765;46;1;22;-7.399241668780489;-35.12451814456097
260770;25;1;18;-7.378018236479167;-37.178743188625
260775;33;0;24;-7.770376693333334;-34.90362865666667
260780;27;1;16;-7.66810503955;-35.09773575935769
260790;764;16;185;-8.15723390959819;-34.942127861988716
260795;21;1;14;-8.772564407266666;-35.79215818045238
260800;29;1;16;-8.00268877532069;-36.50891825171034
260805;28;1;17;-9.181968384428;-38.24930003636
260810;43;1;29;-7.858788985323078;-35.589956797812825
260820;15;1;10;-8.625188716730769;-35.527194227015386
260825;24;1;15;-8.694379071383333;-36.4746448164625
260830;28;1;16;-8.709054316892857;-36.41402013565
260840;24;1;15;-8.721736954738095;-36.140936975080955
260845;30;1;22;-7.843528703006897;-35.31124871122414
260850;27;1;20;-7.93001370995;-35.29478283978846
260860;21;1;13;-9.129033373485715;-36.46621478760952
260870;25;1;17;-8.659240795652174;-35.91870633913044
260875;44;1;19;-8.989434693602327;-40.22922790588837
260880;63;2;23;-8.663944043130357;-36.320023175175
260890;178;3;66;-7.875782488327647;-35.45137684226706
260900;36;2;26;-7.555266033528125;-35.451161441409376
260910;26;1;19;-7.6872929794291665;-35.514700748016665
260915;28;1;17;-8.965765247221428;-37.62597683932857
260920;12;1;8;-8.785426177436364;-35.81237403788182
260930;22;1;11;-8.122813667338095;-38.72386843012381
260940;59;2;36;-8.118987647007273;-35.094920788963634
260950;46;2;29;-7.7462205807697675;-35.2290938511907
260960;456;7;89;-7.993952985781385;-34.849897793571124
260970;34;1;24;-7.739741036196774;-35.609067682241935
260980;28;1;15;-8.588589186065384;-39.58559201757308
260990;107;4;54;-7.892437388232323;-40.10825148534747
261000;182;6;95;-8.678247177559877;-35.590111595390745
261010;15;1;9;-9.00718383525;-36.323949680678574
261020;42;1;29;-8.6635771883725;-36.0193816849875
261030;26;1;13;-8.919699119673076;-36.662259442111534
261040;38;1;26;-8.096164520692104;-39.60839393441053
261050;40;1;29;-7.9856589653975005;-35.5793921763575
261060;65;3;45;-7.904642587309677;-35.170313929712904
261070;332;10;111;-7.937589612636729;-34.86893083935062
261080;35;1;21;-8.498674922674287;-36.94230643226572
261090;119;5;50;-8.361211186597;-36.699838114006
261100;76;2;27;-8.981026386227535;-38.23418777902609
261110;1014;23;152;-9.375755867046005;-40.49884541156299
261120;24;1;10;-8.230673989134782;-36.68655019397826
261130;46;1;24;-8.145864340726192;-35.39706164927143
261140;18;1;13;-8.33330917170625;-35.35333700131875
261150;29;1;20;-8.827424610820689;-36.02942842373448
261153;11;1;7;-7.69135459818;-37.81090968182
261160;4686;103;414;-8.06838267833737;-34.90227151563622
261170;41;1;23;-8.124094931150001;-35.86177958413056
261180;50;4;30;-8.503796338459999;-35.37194551119429
261190;24;1;17;-8.663245625426088;-35.15738060290435
261200;24;2;13;-8.315785575773914;-35.703957119900004
261210;22;1;16;-7.9393640620954535;-35.63436840979091
261220;152;3;51;-8.078818740139706;-39.121804765
261230;26;1;15;-8.9131489805;-36.56819681005769
261240;45;1;21;-8.362469676936842;-36.560844376689474
261245;25;1;13;-8.247670011826088;-40.33571181640435
261247;20;1;13;-7.832621142738889;-38.15976529787222
261250;187;2;47;-7.950793200621111;-36.21327511851944
261255;22;1;14;-8.161883738628571;-40.608340408766665
261260;63;1;23;-8.77860833637377;-39.80932011875246
261270;16;0;13;-7.8372392778;-35.89082015251875
261280;20;1;13;-7.386472772515001;-37.470795940929996
261290;16;1;7;-8.73275067142857;-35.8301809
261300;91;1;27;-8.524348898782954;-36.4443732302
261310;41;1;22;-8.327690567394871;-36.14154395305128
261320;36;1;21;-8.867866680027777;-36.37481484466111
261330;36;1;20;-8.452983182991428;-35.827343471365715
261340;37;1;21;-8.88748359724;-35.14662392648285
261350;40;2;21;-7.8664777923421045;-38.75939976099737
261360;80;4;41;-7.483600109651351;-37.278650778224325
261370;134;3;53;-7.9970049119853845;-35.03650749597923
261380;25;1;17;-7.590666058820833;-35.489367863604166
261390;279;10;89;-7.987680571554407;-38.295499898301145
261400;32;1;17;-7.91138571997931;-39.29872520875518
261410;59;3;27;-8.101972362451786;-37.290626653848214
261420;45;2;25;-8.591273770502564;-35.11561810065641
261430;16;1;13;-7.61628558329375;-39.5412874235125
261440;14;1;9;-7.599347857142857;-37.65520313571428
261450;95;2;49;-7.844695083276923;-35.7634766277945
261460;45;2;29;-7.586274075485365;-37.53926559496829
261470;26;0;14;-8.325695176530434;-36.288308721747825
261480;26;1;17;-9.098360832016;-38.128419337391996
261485;30;1;18;-8.747708528541379;-35.114831865075864
261500;34;1;26;-7.755556282608823;-36.141499678291176
261510;17;1;11;-9.051520290358823;-36.63144536925883
261520;14;1;8;-8.203986342857144;-39.354209742857144
261530;101;2;41;-7.5143413030760415;-35.31855768833646
261540;77;1;22;-8.006248984325675;-36.05771407782838
261550;17;1;11;-7.80292737006875;-35.23666635841875
261560;48;3;19;-7.756016591672093;-40.270806713023255
261570;31;1;13;-7.831614828877777;-38.095503444374074
261580;34;1;23;-8.745847194214704;-37.32918372925294
261590;26;1;18;-7.612366036066667;-37.303094459519045
261600;32;1;23;-8.578363808462068;-36.868429680655176
261610;17;1;8;-7.93612834861875;-38.9761050472875
261618;18;1;10;-7.773148196825;-35.8499808937375
261620;37;2;22;-7.904188351532258;-35.987337508306446
261630;35;2;28;-7.656316309322857;-35.33125765879714
261640;336;6;75;-8.115111625672645;-35.29326137905684
261650;22;1;20;-8.811263747619048;-35.6316367
270010;28;1;18;-9.246870847392309;-37.88728614162308
270020;21;1;17;-9.683316983676471;-36.30405673578235
270030;533;13;100;-9.749079933855;-36.65782785248673
270040;50;2;25;-9.507291901724445;-36.030843557480004
270050;17;0;13;-9.406732815964286;-35.50717184536428
270060;20;0;11;-9.836026753176471;-35.91345891976471
270070;27;1;16;-9.676435678199999;-37.12360068725652
270080;10;0;6;-9.572599175677778;-36.48914802564444
270090;12;0;7;-9.828302069683334;-37.243254457575
270100;37;1;20;-9.646698569848573;-36.20464702479714
270110;17;0;11;-9.2436689025;-36.0105598830625
270120;20;0;8;-9.413890488282352;-36.9794342419
270130;21;1;15;-9.396555194221051;-36.15566008409474
270135;6;0;5;-8.855855474;-35.567510385999995
270140;48;1;32;-9.8160554218525;-36.307142643362496
270150;12;0;5;-9.95890402764;-36.791122552039994
270160;20;0;14;-9.195462599642104;-37.564662221984214
270170;25;2;18;-9.401416271865;-36.0808978752
270180;14;0;7;-9.482336674754546;-37.36822123417273
270190;12;1;7;-9.2560591164;-36.29641067299
270200;20;0;11;-9.633853647955554;-36.580844650977774
270210;26;1;17;-8.909305536700002;-35.72180383759167
270220;13;0;9;-9.637370995381817;-35.79467274123636
270230;59;2;38;-10.155398678253572;-36.17339642393929
270235;24;1;18;-9.648470619736363;-36.76584651477727
270240;77;3;31;-9.382668724431944;-38.01333370545
270250;15;0;8;-9.36332149718;-37.0891415569
270255;22;0;11;-9.393151079745;-36.757207096100004
270260;23;0;15;-9.898796859842106;-36.67776912823158
270270;5;0;3;-10.293455820366667;-36.30608797073333
270280;13;1;11;-9.272352238418181;-35.72017531880909
270290;39;2;26;-9.865436429352942;-36.82651064122353
270300;15;1;13;-8.973772665666667;-35.93196509951667
270310;33;0;27;-9.540543290068;-36.651172045072
270320;27;0;17;-10.134774267020832;-36.622261902958336
270330;18;1;12;-9.228877207983334;-37.7409013733
270340;15;0;7;-9.658235458853845;-37.20770671993077
270350;5;0;4;-8.86317925;-35.45922925
270360;12;0;9;-9.091396744755555;-35.266935869911116
270370;17;0;8;-9.657828681291667;-36.995288245925
270375;17;0;13;-9.99416564018;-36.032659520500005
270380;21;1;17;-9.134267031735;-35.748870550095
270390;7;0;5;-8.936068666666667;-35.567727233333336
270400;37;1;17;-9.926916790997222;-36.475423820625004
270410;30;1;15;-9.828967812140741;-36.736797374670374
270420;42;1;24;-9.73195715232353;-36.50190569329411
270430;2265;53;266;-9.643022279924873;-35.73049932378007
270440;16;1;12;-9.513728564438463;-37.06290941971538
270450;31;1;21;-9.006159762127588;-35.22298477164828
270460;18;0;8;-9.2290435650375;-37.35041035466875
270470;60;1;38;-9.707875642854546;-35.86272651896364
270480;21;1;16;-9.57391940172381;-36.30608638828571
270490;7;0;5;-9.449444993933334;-36.388414557716665
270500;16;1;13;-9.11377996139375;-37.73396024335
270510;31;1;18;-9.150121090339285;-35.539583733
270520;17;0;14;-9.38143967061875;-35.8383410733
270530;8;1;4;-9.309473048314286;-36.86622116145714
270540;14;0;9;-9.60530152795;-37.25335054254167
270550;31;1;17;-9.315803988328;-35.939737387768
270560;17;1;13;-8.941595566119998;-35.66159310892667
270570;27;0;15;-9.531133249508335;-37.288939619
270580;9;0;4;-9.50006978055;-37.8336806107375
270590;13;0;5;-10.06112361848;-36.78364813328
270600;14;0;7;-9.512039161423077;-37.193235375076924
270610;14;0;6;-9.1378645394;-37.364070252833336
270620;7;0;6;-9.669562532914286;-37.32606359890001
270630;146;4;62;-9.4035544843352;-36.62023973832719
270640;30;1;19;-9.73703090386;-37.44073458576
270642;17;0;11;-9.250816479164705;-38.007412142411766
270644;19;0;14;-9.463765796444443;-35.55033314675
270650;22;0;14;-9.2508806025;-35.48620981971176
270660;9;1;7;-9.3667091786875;-36.369715251375
270670;115;3;46;-10.27560018245463;-36.55780466122685
270680;21;1;13;-10.40285129073158;-36.43361070068948
270690;30;1;22;-9.595308489985186;-35.95716907856296
270700;5;0;4;-9.48110526804;-36.27752870322
270710;38;1;18;-9.57299291373889;-37.74996175952778
270720;23;0;12;-9.294511009173684;-37.291245698542106
270730;33;2;23;-9.048457646446668;-35.40145398652333
270740;17;0;10;-9.170236158353333;-35.324781309200006
270750;34;0;16;-10.164371048129999;-36.80493788501
270760;21;1;10;-9.318671464853333;-36.47400925962667
270770;60;1;37;-9.486210344952543;-35.84349737147119
270780;6;0;5;-9.840554445683333;-35.980218803516664
270790;8;0;8;-9.600342931275;-35.8225491027
270800;90;2;42;-9.376407193397592;-37.24833822014819
270810;18;0;15;-9.156558789176923;-36.2183605281
270820;14;1;6;-10.111981959383334;-36.87277682125
270830;26;1;19;-9.06312346425;-36.031188372275004
270840;37;1;23;-9.551617509948647;-37.40938446388919
270850;35;1;28;-9.318290792893547;-35.56078920527097
270860;82;1;35;-9.784259112277777;-36.097682359787505
270870;12;0;7;-9.253534809018182;-35.36462353344546
270880;53;1;26;-9.926534724296078;-36.54615902273922
270890;20;1;16;-9.568134488947369;-35.827961485815784
270895;15;0;10;-9.432862997625;-37.476087522674995
270900;11;0;8;-9.53493755357;-36.43212151092
270910;31;0;20;-9.640422514917857;-36.50159762047857
270915;58;1;26;-9.917250079317647;-36.36173967714118
270920;24;1;17;-9.942618461410001;-36.991945233105
270930;84;2;42;-9.227157091435135;-36.04041019263919
270940;42;1;19;-9.367996554145947;-36.2467653905946
280010;9;0;4;-10.136341771428572;-36.92286287142857
280020;26;1;11;-10.27198323051923;-37.03423646313461
280030;3807;44;189;-10.927080275615586;-37.06017501131199
280040;16;1;10;-11.275079926933333;-37.61743693663333
280050;24;0;12;-10.774341050129166;-37.33195097509583
280060;47;0;22;-10.902973183268182;-37.0246456219
280067;36;2;18;-11.14462290419143;-37.615204785645716
280070;5;0;4;-10.46299418988;-36.46993052958
280100;29;0;9;-10.742688034482759;-37.50857141724138
280110;11;0;5;-10.173677777777778;-36.97192222222222
280120;31;1;19;-9.667197830379312;-37.802188705410344
280130;37;2;22;-10.521994351422222;-37.07563621486111
280140;23;1;9;-10.367192996333333;-37.699005803657144
280150;20;0;8;-10.652112601176471;-36.98202299839412
280160;12;0;7;-10.25612538469091;-36.8840323526
280170;24;1;11;-11.471201007054168;-37.754687541083335
280190;9;0;5;-10.362908357225;-37.1782104705625
280200;8;0;5;-10.680716173957142;-37.15131414702857
280210;99;3;35;-11.261256361505374;-37.43034940185484
280220;11;0;3;-10.25932675234;-37.32706892439
280230;16;1;10;-10.53493545225;-37.553843997925
280240;10;0;7;-9.975984;-37.0972165
280250;7;0;4;-10.685655259928572;-36.979552272685716
280260;10;0;3;-10.23265654696;-37.192861633199996
280270;9;0;6;-10.4345224942;-36.54068491937143
280280;24;0;11;-11.475441643358332;-37.501832370645836
280290;225;4;57;-10.685454202646119;-37.42801999997717
280300;44;1;27;-11.266122043800001;-37.78200976865952
280310;8;0;3;-10.1273208756;-37.1086444056125
280320;55;1;25;-11.00855013945098;-37.31803567247843
280330;30;1;23;-10.581583859128571;-36.931089813899995
280340;18;1;12;-10.40738106351111;-36.789762636055556
280350;176;5;61;-10.91690763783851;-37.6607338335528
280360;30;0;17;-10.806142476089654;-37.15984653766896
280370;13;0;6;-10.660025977692309;-37.558295198038465
280380;9;0;5;-10.343359706175;-36.928236633525
280390;14;0;5;-10.662435714285715;-37.30084685714286
280400;17;0;10;-10.745717225846667;-37.095833660526665
280410;20;0;7;-10.592967392972222;-37.35052969931667
280420;15;0;7;-10.041244270773332;-37.56986459146666
280430;9;0;5;-10.410173111111112;-36.96503285555556
280440;38;0;15;-10.320667620206061;-36.579325056257574
280445;11;0;5;-10.42514541037;-37.47601469224
280450;73;1;31;-10.210857749443859;-37.41660489257193
280460;35;1;21;-10.491912242592592;-37.20638963361481
280470;10;0;4;-10.07146306458889;-37.03768285203333
280480;143;1;60;-10.859882549175806;-37.09380873491694
280490;13;0;8;-10.483541960253847;-36.64733220003846
280500;8;0;4;-10.620757125;-37.6799065
280510;9;0;6;-11.191414610312501;-37.6709731537125
280520;6;0;4;-10.560124333333333;-37.72979333333333
280530;19;0;6;-10.702222691253333;-36.839005902753335
280540;22;1;13;-9.828534613181818;-37.6914694
280550;38;0;19;-10.643275017176668;-38.25942997289667
280560;25;2;16;-9.911381489783333;-37.250008493025
280570;70;1;36;-10.2318101552125;-36.8527038506
280580;24;1;10;-11.06282708872381;-37.75094563438571
280590;12;2;10;-10.72961084091;-37.1992864458
280600;31;1;7;-10.53884648386;-37.43243828583
280610;17;1;8;-10.690901654823078;-37.03034840672308
280620;35;0;14;-11.040181619293751;-37.46745649901875
280630;15;0;11;-11.352561100807142;-37.47897238157857
280640;6;0;5;-10.28987145;-36.61975566666667
280650;8;0;5;-10.631281380657143;-37.222875395842856
280660;8;0;6;-10.773889285714287;-37.02030657142858
280670;64;1;33;-10.972632654123728;-37.164440747723724
280680;16;0;4;-10.811230106666667;-37.56142750666666
280690;6;0;4;-10.3471373034;-36.88414782284
280700;9;0;2;-10.400803154055556;-37.378148844399995
280710;84;1;20;-10.714768779398668;-37.784002108134665
280720;12;0;5;-10.429791066666667;-37.444900258333334
280730;8;0;3;-10.206882744885714;-36.87932729034286
280740;77;0;32;-11.152063692944777;-37.95312418320448
280750;17;0;9;-11.373049830952942;-37.84595179762941
280760;22;0;13;-11.379380117686365;-37.658109331300004
290010;20;1;11;-13.259316131553334;-41.68056197673333
290020;27;1;16;-8.712054003236;-39.173678804252
290030;22;1;15;-11.66847654745238;-38.01724040135714
290035;21;1;12;-10.53904993138;-38.127421921025004
290040;20;1;15;-11.886603286765;-38.80453291634
290050;28;0;9;-13.41718114113077;-42.129335235
290060;10;1;8;-14.17866096372;-39.89480657938
290070;404;14;82;-12.132074482022933;-38.419023097819995
290080;31;1;18;-17.521414036;-39.254598603999995
290090;7;0;6;-14.705213269614287;-39.63743398174285
290100;68;1;27;-13.02900837198788;-39.60036693142273
290110;35;1;19;-12.490751580882353;-38.83108596651765
290115;26;1;14;-11.430247657666667;-41.452887398866665
290120;25;1;15;-14.619466991361906;-41.12658221020953
290130;19;1;8;-12.774688691605554;-41.276829746038885
290135;33;1;16;-10.335791147764516;-39.844826418883876
290140;20;1;9;-12.020153620299999;-44.64454719467894
290150;24;1;19;-12.151174705633334;-39.2459932780619
290160;37;2;13;-10.4070765724;-38.327696836275
290170;14;0;9;-12.426636753846152;-39.1298237076923
290180;16;0;11;-10.572716407078572;-40.27456800384285
290190;23;0;15;-11.681699172627274;-38.139739297245455
290195;11;0;8;-13.855428760379999;-39.74414844934
290200;36;2;13;-14.417279058466667;-41.443990517505554
290205;15;1;7;-12.204369234373333;-38.19822627067333
290210;59;1;36;-11.332299723839656;-38.96703795332241
290220;18;0;10;-12.08640290172;-38.50190418122667
290225;14;0;9;-15.256253882223076;-39.41692651786154
290230;13;0;12;-13.079675291023078;-39.00242779602308
290240;16;1;10;-14.3315252091625;-39.35267613214375
290250;17;1;10;-12.414785086882354;-44.52074898350588
290260;36;1;13;-11.936883084452779;-40.23226756016666
290265;16;0;11;-10.5917301709125;-38.61701437484375
290270;55;2;18;-11.04024734484;-43.17652050441111
290280;44;1;18;-13.625067178082928;-41.31484570198537
290290;50;1;32;-14.869664537693618;-40.63454004684043
290300;31;1;14;-11.835504827437036;-42.03305759927778
290310;15;1;7;-14.209180580458332;-39.60104262146667
290320;482;14;127;-12.144757467930276;-44.995774716280735
290323;19;1;12;-11.774083616711112;-41.892302366816665
290327;36;1;19;-11.538251608116667;-39.08525388475278
290330;14;1;8;-14.808738694361539;-39.471959029892304
290340;44;1;20;-15.839471518748779;-38.85381163486342
290350;35;1;13;-15.036022570220588;-41.25431079155882
290360;28;0;11;-11.632181570053572;-38.78659762554643
290370;16;0;10;-14.363246036538461;-40.207722094384614
290380;29;1;15;-12.695912884185184;-40.64215016412222
290390;179;3;47;-13.243698186138158;-43.37944856065197
290395;13;1;9;-14.371769014675001;-40.510129747758334
290400;33;1;10;-12.737705118771428;-41.84577149315357
290405;23;1;17;-11.969725712473915;-41.28966131934783
290410;53;1;17;-12.826212339071738;-42.72379129939565
290420;40;2;12;-13.382710129276315;-42.51825459936579
290430;16;1;12;-13.062798689793334;-39.79036093351333
290440;13;1;9;-12.474389803741667;-43.85207363481667
290450;38;1;13;-11.997014646705264;-42.611688056389475
290460;197;3;79;-14.195568296309949;-41.66426416137591
290470;20;1;15;-14.9612178926;-39.30210339086316
290475;17;1;12;-10.68936846360625;-43.64121352901875
290480;13;1;6;-14.981401378345454;-40.40786468884546
290485;22;0;15;-12.5359333953;-39.18967444051905
290490;55;1;26;-12.600593227903847;-38.95128416848654
290500;56;1;16;-14.503414347326785;-42.203993948755354
290510;12;1;8;-11.090898808683333;-40.43452473300834
290515;16;0;13;-14.33807011925625;-40.909485148175
290520;164;2;34;-14.057730961352286;-42.48849325415033
290530;29;1;17;-11.702123215840741;-41.474672023122224
290540;25;0;19;-13.486844041216;-39.001380572688
290550;13;1;7;-11.020917254815384;-40.30397918463076
290560;45;4;26;-15.422133630667568;-39.48238672046216
290570;473;18;139;-12.710341733399101;-38.300655455349215
290580;36;1;24;-13.971851669593939;-39.11917178082121
290590;25;2;17;-9.496806214643478;-43.042677565369566
290600;108;1;49;-10.508357787761458;-40.320626790379166
290610;16;1;10;-13.079842393513333;-44.19418966769333
290620;30;1;18;-11.646977890751852;-41.79608600131111
290630;51;2;20;-15.671029278542223;-38.95252551032889
290640;14;1;9;-11.818463214327272;-39.13607066354545
290650;158;4;50;-12.670092789863062;-38.53347116882792
290660;29;1;9;-14.404776507784;-42.851472043984
290670;37;1;25;-15.455874647437142;-41.246404013945714
290680;62;1;20;-10.645758389391666;-39.47161517441334
290682;17;1;14;-9.946002559905883;-39.12847580608824
290685;18;1;9;-11.671740849235293;-39.83728223425882
290687;66;2;22;-11.382829894725807;-40.01020242538225
290689;13;0;11;-14.687929220291666;-41.268747285766665
290690;30;1;18;-17.72272216599655;-39.343571462889656
290700;17;1;14;-11.956683717446667;-37.95602161850666
290710;46;1;17;-14.218708706358823;-43.76853166689412
290720;61;1;24;-9.205124531011865;-41.00574657019491
290730;41;2;20;-12.716314931085366;-39.39253584786098
290740;9;0;8;-12.3174461593;-44.85952890262222
290750;112;4;34;-12.363040183590824;-38.37386140593211
290755;17;1;7;-13.3203909710625;-42.32516920481875
290760;32;1;18;-11.134158940776;-42.102085567056
290770;20;1;9;-9.019882547922222;-39.08629240026111
290780;48;2;24;-10.588197313653334;-38.39079352418666
290790;26;1;17;-11.185652173913043;-38.51290592695652
290800;31;1;17;-14.631696022346155;-39.54380345577307
290810;21;1;14;-14.180211469178948;-44.53600721443684
290820;34;1;18;-12.504165396815152;-39.000100519836366
290830;42;1;27;-12.803366191499999;-39.16392896501892
290840;183;7;67;-11.56162274833237;-39.28056988976589
290850;72;2;35;-12.329337072686567;-38.76170627524328
290860;27;1;16;-11.882337304049999;-37.68779027519616
290870;46;1;21;-14.904670259552175;-41.98293951120434
290880;13;0;8;-13.737488959284615;-41.06394693825385
290890;21;1;13;-12.21892785666111;-38.82095860275
290900;20;1;8;-15.035895238624999;-41.929825131445
290910;28;1;12;-13.819103593381483;-44.443468158570376
290920;29;0;15;-10.2791204847;-37.93816189271905
290930;40;2;20;-13.349601689902565;-44.64126016625641
290940;12;1;9;-11.952989184449999;-44.2790611181
290950;11;1;9;-13.361991188927272;-39.81251376322727
290960;20;1;15;-11.499547876114999;-38.155818060495
290970;18;1;13;-12.227645702741176;-44.401569288352945
290980;135;8;48;-12.673996098297744;-39.10761459507594
290990;39;1;27;-9.011681792289743;-39.79051165325128
291000;17;0;13;-14.421044032474999;-39.9204508298625
291005;92;2;35;-12.611782577250617;-38.30103921587284
291010;36;1;18;-13.780286042962857;-41.76292006249428
291020;7;0;5;-12.903724167357142;-39.1903317197
291030;18;1;6;-12.833109333333333;-39.521855611111114
291040;23;1;15;-15.535247024495002;-40.912993687764995
291050;50;1;21;-12.003291919813043;-38.05491289878913
291060;47;1;17;-11.82063731071591;-37.93586678376818
291070;87;3;37;-10.507221404044047;-39.00909538783691
291072;373;12;82;-16.37242702838858;-39.579037097120676
291075;25;0;17;-10.599365926468;-38.208590214812006
291077;11;1;7;-14.210579972889999;-44.28059711443
291080;1240;45;231;-12.25305705967904;-38.95579072862727
291085;36;1;19;-10.738208948847223;-40.14502286910833
291090;11;0;4;-14.94123160909091;-39.88854279090909
291100;8;0;7;-14.8595403375;-39.6694586125
291110;26;1;15;-11.046035676612;-45.236596153284
291120;109;2;40;-13.746368161783177;-39.486423115988785
291125;5;0;4;-11.471188625825;-39.781825393424995
291130;17;1;10;-11.424121139975;-42.5571533636
291140;32;1;11;-9.29695405876;-38.332376766349995
291150;11;1;7;-14.308953619136362;-39.49497971915454
291160;40;1;17;-12.6011557510225;-39.0426163709775
291165;29;0;11;-14.55095754104138;-41.91952824505517
291170;301;5;72;-14.223355556825462;-42.78211322828746
291180;28;1;21;-16.56079859898889;-39.78819016651111
291185;19;0;13;-10.686714644889474;-38.295340457357895
291190;35;1;26;-12.771396756358063;-40.206997460767745
291200;25;1;9;-14.278502772958333;-42.2734302872875
291210;34;1;18;-14.864313087341177;-39.58846130622353
291220;39;0;14;-13.388547528279487;-41.30592794463846
291230;25;1;13;-14.837572387654168;-39.984981035349996
291240;34;2;17;-11.632671664178261;-42.012787773417394
291250;52;1;15;-12.82465259469;-42.426758714356
291260;9;0;8;-12.655322677777779;-40.92788877777778
291270;19;1;11;-14.137969048489476;-39.392699859326314
291280;30;1;17;-17.687295273282142;-40.10947394204286
291290;27;1;19;-14.060486948915385;-39.6393406464
291300;29;1;12;-12.612822897444;-42.2504909914
291310;31;1;14;-11.564638960516;-41.944507645555994
291320;94;2;37;-12.18588022407442;-43.220307931902326
291330;9;1;5;-11.726640052177778;-39.175802745855556
291340;29;1;12;-13.724503431007408;-42.64353979116667
291345;20;1;12;-13.844212588235294;-39.1482
291350;40;2;17;-14.747555648654838;-40.10950006634516
291360;367;15;106;-14.794309690079428;-39.06157292618257
291370;43;1;24;-11.781289494723683;-38.34710184198948
291380;16;1;11;-12.30332205;-39.301369564285714
291390;129;5;29;-14.141282943410923;-39.72945931527059
291400;85;3;36;-12.163569074058334;-39.73620286719305
291410;17;1;10;-11.8227697180375;-42.618383677687504
291420;11;1;8;-13.25058393675;-40.08392365416
291430;16;3;10;-13.2880471827;-40.95336811882857
291440;29;2;18;-12.245285177595832;-41.614220276862504
291450;61;1;25;-12.045708778744828;-38.765192554237935
291460;209;14;91;-11.30402110435909;-41.85098245199293
291465;49;1;29;-16.572825271722223;-39.559413363291114
291470;144;6;62;-12.534281291524;-40.3156929822552
291480;587;13;93;-14.788468310067506;-39.278626003915974
291490;52;3;26;-14.292242801754;-39.027369906706
291500;16;1;11;-13.025309474459998;-41.00775200128667
291510;20;1;10;-14.161607543785;-40.005014419554996
291520;23;1;13;-14.277136356127777;-39.845789213577774
291530;14;1;9;-16.100433688491666;-39.639005681099995
291535;19;1;14;-10.966913670333334;-42.36843696521667
291540;7;1;5;-15.247765198514287;-39.66122608714286
291550;27;1;15;-14.675650928965384;-39.38852303174615
291560;123;1;44;-17.03513070412091;-39.53341699792363
291570;12;0;7;-13.783589698609092;-39.68480782075455
291580;38;1;15;-15.239773690230557;-40.60321911274167
291590;10;0;6;-12.27050651304;-38.04727903887
291600;34;1;13;-17.155360790758824;-40.32729146821765
291610;27;1;16;-12.902165093521052;-38.66271992265789
291620;22;0;15;-14.895936757568181;-39.42465125455454
291630;15;1;11;-15.961284603807144;-39.533740760635716
291640;190;5;52;-15.276600073974853;-40.25435896324503
291650;28;1;23;-11.259105170425;-38.18671158847143
291660;9;1;8;-14.434639447733332;-39.57111335145556
291670;18;1;10;-13.459940184805555;-39.911745094016666
291680;39;1;15;-15.657500665676668;-40.062959952633335
291685;27;2;14;-12.712890758707694;-39.69807381241923
291690;14;1;9;-13.52068017613077;-40.15686884771538
291700;44;1;22;-10.69133301143;-39.85354084683
291710;32;1;16;-15.112900257580645;-40.0658057576742
291720;32;1;17;-13.810861928777777;-41.310056610111104
291730;50;1;18;-13.737390695705999;-39.149150156261996
291733;16;1;9;-14.42130631678;-43.55459325404
291735;17;1;10;-13.627360706752942;-44.51622920213529
291740;27;1;15;-14.831245560507408;-42.39796517663704
291750;257;5;54;-11.195206444991967;-40.499796375263855
291760;97;2;32;-13.530936633228865;-39.975046606254644
291770;65;2;28;-10.224929227196721;-40.17268698659345
291780;23;0;18;-13.113338839439132;-38.895418628069564
291790;17;0;8;-11.563270000000001;-37.64067464705882
291800;397;9;101;-13.846332635873758;-40.07289322200055
291810;70;1;34;-10.065080882971428;-38.37853724094921
291820;21;1;12;-13.260714538919999;-39.565460244165
291830;20;1;13;-13.992320222404999;-39.70616130204
291835;31;1;17;-11.333971931655173;-41.65358807593448
291840;436;15;117;-9.403783591306098;-40.5229442894
291845;17;1;10;-16.86371652910625;-40.15839797915
291850;23;1;12;-11.056407775524999;-41.966992511295004
291855;12;1;9;-15.189486737672729;-39.49406776121818
291860;27;1;8;-13.5202013951;-41.592750734859266
291870;6;0;3;-13.656973243800001;-40.2134558758
291875;21;1;13;-14.054777937739999;-42.16494270088
291880;23;1;20;-13.180168581308694;-39.41631379375652
291890;12;1;9;-17.608123826441666;-40.34298319923334
291900;9;0;3;-12.356;-40.906
291905;10;1;8;-13.470453384399999;-40.24087225851111
291910;12;0;8;-11.785633390175;-38.89582571955
291915;37;1;21;-11.374849273405406;-41.83337282294595
291920;608;14;70;-12.884397351399999;-38.31692657319565
291930;21;2;9;-12.550419821328571;-41.37176772359047
291940;22;1;10;-14.658427477090001;-42.49630073355
291950;100;4;30;-13.627467179207072;-41.82922718816162
291955;292;12;79;-12.093189467132014;-45.79434991511151
291960;18;1;11;-12.139416223666666;-40.354764798944444
291970;27;1;10;-15.567108104296297;-40.42550209728519
291980;81;2;28;-13.063707296344157;-42.68220019373247
291990;16;1;12;-9.166001214285714;-39.05540885714286
291992;40;2;18;-12.740215801251281;-38.6137020186641
291995;20;0;13;-14.662151349805264;-41.49186660996842
292000;11;1;7;-15.557594079345455;-40.32033655849091
292010;59;1;18;-11.725252261534;-40.159496295132
292020;13;1;8;-14.362711159933333;-43.761148116250006
292030;17;0;9;-14.369822042331249;-41.85191185896875
292040;14;0;9;-14.131760372846154;-40.31110949632308
292045;16;0;14;-10.724139386725;-44.04482431465
292050;75;1;21;-13.473093334979167;-40.460377023090274
292060;37;1;24;-12.789376659577144;-38.922330863031426
292070;28;0;18;-14.084887029344443;-39.0431353250963
292080;19;1;12;-13.041597173735294;-40.60154271061765
292090;13;0;10;-15.584882839907692;-39.368671637323075
292100;65;3;31;-12.531721437224139;-38.17772333069655
292105;32;1;8;-13.901850241966667;-42.85209442022333
292110;51;1;20;-17.3787684554;-40.21348631214773
292120;45;1;22;-11.428999861681396;-40.595124674213956
292130;11;1;7;-12.873209555555555;-39.859278888888895
292140;34;0;16;-10.929975443626471;-40.584470802794115
292145;13;0;10;-14.229897440015385;-40.751511729684616
292150;65;1;30;-10.423167167249206;-39.36459693416666
292160;15;0;11;-11.558143806206665;-43.27801998508
292170;76;2;42;-11.55103461342388;-41.14720110707612
292180;33;1;12;-15.011994003248276;-42.369055112751724
292190;29;1;10;-13.056639548286206;-41.42161577462414
292200;80;2;28;-18.04088377664189;-39.727193197649996
292205;22;1;10;-11.931591588888889;-41.64616763591667
292210;28;1;15;-11.856861272746155;-40.49552636868846
292220;12;0;9;-13.002553203145455;-39.10177209793636
292225;23;0;9;-12.0749767751;-43.526013352340904
292230;49;2;25;-12.622112516065307;-39.0103203273
292240;42;1;21;-13.258311407031709;-39.506376188019516
292250;45;2;19;-13.031770697438638;-39.03870420075909
292260;21;0;18;-13.62103121529524;-39.0970819524
292265;23;1;13;-10.8271162525;-39.438176183057145
292270;28;2;16;-14.785129863544;-40.161721644752
292273;19;1;11;-11.611217791927778;-39.63333203096667
292275;16;0;10;-13.81122769629375;-39.60925999636875
292280;18;0;13;-13.02782402078125;-40.06871973729375
292285;12;0;9;-12.81853807610909;-41.08222481880909
292290;36;1;15;-11.256197070647058;-38.48611352695
292300;50;2;20;-17.886954533466664;-39.74513396877778
292303;22;0;10;-12.805337877665;-42.152716835175
292305;18;0;9;-10.340485;-38.41643341176471
292310;28;1;15;-11.366199870407408;-38.327849222459264
292320;37;1;19;-12.292681329384848;-42.84213104202424
292330;13;1;8;-12.012393081053846;-38.63238415490769
292335;20;1;12;-10.947215479405;-41.111976135855
292340;28;1;14;-14.21438239228077;-43.191648841073075
292350;18;0;10;-12.53926911764706;-41.56244694117647
292360;90;3;23;-13.454513328345454;-42.2441450360375
292370;34;1;20;-12.672985077454546;-43.1648977234303
292380;41;2;19;-10.658813586335294;-37.817736514226475
292390;13;1;12;-15.462264133461538;-39.65420848545385
292400;536;11;105;-9.407908450757226;-38.23060439016035
292405;29;1;12;-11.841849286893103;-39.63670043387241
292410;17;0;11;-12.1475254588875;-38.64918857620625
292420;15;1;10;-10.03478244574;-37.906007525039996
292430;25;1;15;-13.109591010147826;-41.79047079556087
292440;27;1;16;-10.002285196692307;-42.49957712266923
292450;23;1;11;-14.489170658750002;-42.68403676445
292460;35;1;18;-10.73921030178;-40.354912836742855
292465;21;1;13;-11.812962397547368;-39.9069027918
292467;9;0;7;-13.77040116668889;-39.3730533123
292470;23;1;10;-14.954463042973684;-41.711159521831576
292480;35;1;14;-11.71902932156857;-40.574265230485715
292490;19;2;11;-13.229737815127779;-40.33689734342222
292500;50;1;21;-14.68583727303261;-40.47676611973696
292510;99;1;28;-14.516020621027955;-40.393949226087095
292520;60;3;23;-12.421645963805556;-38.32462132371111
292525;35;2;20;-10.862574014120002;-40.133192787923335
292530;575;10;106;-16.455663543220737;-39.086054210172406
292540;11;1;8;-15.608163863636365;-39.84477135454545
292550;49;1;23;-17.30491573768;-39.2586372706325
292560;28;1;13;-11.28966259038889;-41.98892235756111
292570;18;1;13;-14.681934722222223;-41.69678647777778
292575;72;1;20;-13.457702360005715;-39.42229986916714
292580;34;2;19;-10.999640184375;-39.6579195
292590;23;1;17;-10.753433795126087;-39.18963249663478
292593;35;0;13;-11.411313418464518;-40.126128573012906
292595;32;1;18;-12.42010950635;-39.51317676265
292600;50;4;28;-9.60985086562195;-42.11364865553902
292610;35;1;12;-11.462225259375757;-39.385954468024245
292620;25;1;17;-11.72976924166087;-44.9147655803
292630;75;4;28;-11.7957808508;-39.3885137006527
292640;50;1;22;-13.608915323122222;-42.949877539608885
292650;16;0;12;-11.03927089261875;-38.42259181684375
292660;114;3;36;-10.823907319510475;-38.53232263049714
292665;14;0;8;-15.476852246361538;-40.66667814673077
292670;30;1;11;-13.588202336081482;-41.76702038305185
292680;23;0;15;-14.378747500409093;-42.08134507756818
292690;25;2;14;-13.127745253561907;-42.291879864895236
292700;55;1;24;-11.48546112172963;-37.931891797459265
292710;28;2;12;-8.877009624760714;-38.72070382048214
292720;47;1;20;-12.284051417395348;-40.517973967123254
292730;15;1;11;-12.886571777726665;-38.76251688844666
292740;5500;146;454;-12.97635505836369;-38.47331435714697
292750;44;1;17;-11.935541682158537;-38.98602220301219
292760;25;0;15;-9.750115274361905;-38.15400038957143
292770;35;1;19;-16.28280238152424;-39.03190089870909
292780;6;0;5;-14.96273014065;-39.811191558850005
292790;24;1;13;-13.293906751388235;-39.82318892199412
292800;75;4;23;-11.253167088577777;-39.39670191717917
292805;11;0;7;-15.430276888888889;-39.32817355555556
292810;84;4;32;-13.381475319198767;-44.21470241792593
292820;24;1;12;-12.9920583193375;-44.04554966182917
292830;14;1;10;-11.94483391445;-38.61803147773571
292840;24;1;14;-10.995756455841667;-44.526574289883335
292850;21;1;10;-12.75953641274737;-39.539026933657894
292860;84;6;41;-12.550280307525332;-38.717395262829335
292870;297;11;77;-12.96415773289513;-39.25628974006517
292880;83;2;21;-12.436705916376923;-39.255131237802566
292890;53;1;25;-12.521611585765957;-45.05949250317021
292895;27;1;9;-11.476705086696153;-39.54844350737308
292900;24;1;13;-12.641372279204168;-38.97506244634584
292905;26;3;15;-13.429714395324;-44.162167659320005
292910;47;1;16;-12.845686213671739;-39.083551843697826
292920;47;1;29;-12.637058338208696;-38.65790349202826
292925;27;1;13;-11.208829689434783;-41.87547847072609
292930;51;1;15;-12.433242984063158;-38.95535019001053
292935;8;0;8;-15.082680161999999;-39.3376581848875
292937;12;0;8;-11.356740213375;-39.94941277173333
292940;24;1;10;-13.054796476190477;-39.44003644285714
292950;76;1;26;-12.512880190752307;-38.492298424590764
292960;35;2;22;-12.727362704090321;-39.19214556587742
292970;30;1;19;-11.606978220333334;-38.5769293781125
292975;13;1;8;-12.74807893846154;-38.769933223076926
292980;14;1;8;-10.94847314228;-40.41620401385
292990;104;5;30;-12.422214994387236;-41.77910515784149
293000;18;1;11;-14.585365332111765;-42.951783645205886
293010;242;2;61;-10.459477982026725;-40.18106639468793
293015;46;1;17;-13.588519579797726;-43.59208382353409
293020;23;1;14;-9.752094136409092;-41.81437473405909
293030;27;1;13;-12.776491028173078;-43.95031771580385
293040;25;1;17;-12.155038672727272;-39.35264146136364
293050;224;7;52;-11.655647998294949;-39.01488755166414
293060;21;1;8;-11.414120112119047;-40.301084791176194
293070;135;4;39;-12.792269956277236;-38.40770879799594
293075;10;1;8;-13.014819044300001;-43.4468692126
293076;19;0;9;-10.357098639515788;-38.198802481678946
293077;38;1;23;-9.461379579105406;-40.818720685105404
293080;19;1;11;-12.0583384448;-41.69853866100526
293090;14;1;11;-12.658665242057143;-44.05681992745714
293100;42;1;16;-14.052722828816666;-41.240175728975004
293105;39;1;19;-13.525465227257143;-42.48762162042
293110;16;1;7;-12.023324532946667;-39.14528926605333
293120;25;1;15;-13.532416168913043;-39.102743930247826
293130;23;2;13;-11.84839416257619;-40.78369359797619
293135;466;14;99;-17.536079788412774;-39.73813238439559
293140;13;0;11;-12.289531477792307;-38.631567579661535
293150;38;1;20;-11.484377096344737;-38.988101286305266
293160;27;1;17;-13.591057369674074;-39.482459896903705
293170;15;1;10;-12.396880921686666;-38.622914008546665
293180;35;1;18;-14.984191462190624;-41.45209361505312
293190;81;2;35;-10.996777971635211;-38.80356828375634
293200;57;1;24;-9.856934325682143;-39.48753531071071
293210;26;1;12;-13.2666902928;-39.653752089152
293220;39;1;17;-14.311466980006452;-39.32346827613548
293230;28;2;12;-14.213032899607999;-39.523224817599996
293240;19;1;9;-11.335858160482353;-42.132715114888235
293245;18;0;12;-10.731378083123529;-41.3259720981
293250;41;1;20;-15.306659195012903;-39.07062077270323
293260;37;1;15;-14.7086365315;-42.595876623378786
293270;29;1;17;-14.578522306455172;-39.25812034698276
293280;30;1;12;-12.076330616776666;-41.085058190296664
293290;142;1;43;-13.367946823793572;-39.081566357325
293300;57;3;27;-11.440588912492592;-39.43662021762222
293305;17;1;11;-11.602557116541178;-40.09142652148235
293310;12;1;8;-11.5356566639;-40.31267550762
293315;19;1;9;-11.257341004611112;-40.944878585383336
293317;14;0;12;-12.9727838804;-39.39308745212857
293320;52;1;23;-12.955922571479165;-38.646967406583336
293325;14;1;9;-17.21447226798182;-40.080513628727275
293330;1711;25;116;-14.86107083020919;-40.83996076679057
293340;17;2;9;-12.275265411694118;-41.16962423317647
293345;20;1;11;-12.07519886270625;-43.905978691875
293350;23;1;13;-13.626251828368181;-39.48632720465454
293360;53;2;21;-10.817299371240908;-42.731441134475
310010;14;2;6;-18.48058869813846;-47.40426712033846
310020;72;1;17;-19.156502322517646;-45.44755746846323
310030;34;1;9;-20.29327398900294;-42.46917682639412
310040;8;0;7;-20.3653508348875;-43.128513352775
310050;21;0;12;-19.070895445733335;-42.53600437775555
310060;33;0;13;-17.976271013145453;-42.373103964839395
310070;5;0;3;-20.05631533836;-48.10827498832
310080;11;0;6;-20.943025772563637;-45.390883425645455
310090;57;1;26;-17.08219098888889;-40.93776866497407
310100;24;1;13;-15.703190109491667;-41.46613189837083
310110;70;1;12;-19.49403347577;-41.06724126892143
310120;20;1;9;-21.9795295379;-44.609632092409996
310130;12;1;4;-22.197510266745454;-44.631736193872726
310140;6;0;4;-22.19980473788;-46.617866064459996
310150;166;1;28;-21.877144050921796;-42.69428004767051
310160;344;3;55;-21.433407118799703;-45.86457652756126
310163;10;0;6;-21.151616946922225;-43.7707710741
310170;108;3;29;-16.176130956060195;-40.69432403602038
310180;8;0;5;-18.920947396228573;-41.92043077074286
310190;66;1;17;-20.8616225916125;-46.38882301740178
310200;65;1;18;-21.258841262862905;-46.1365547841129
310205;17;0;5;-20.444172501441177;-41.87495097238235
310210;40;1;8;-21.021777519815;-43.415352127505
310220;9;0;3;-19.4141119021;-41.711588135755555
310230;42;1;12;-20.173482944817074;-43.11170824777805
310240;12;0;5;-18.764353083333333;-43.36472
310250;7;0;4;-20.507205066666668;-42.80230744533333
310260;139;1;17;-22.072208176576925;-46.571828904591534
310270;17;1;13;-15.946352723964704;-41.482940844529416
310280;40;2;10;-21.728417583892103;-44.32353402715526
310285;15;0;8;-17.663634860446667;-42.25639598066
310290;25;1;10;-21.315874476272;-43.756019674576
310300;20;0;8;-19.624460366666668;-42.87436170555556
310310;8;0;7;-21.01734265124286;-42.12915936945715
310320;6;0;4;-19.201606905000002;-44.24788378515
310330;6;0;5;-21.340065346966668;-43.37899289483334
310340;106;1;23;-16.86269934006476;-42.06466455650381
310350;431;4;68;-18.648223510120093;-48.1925845896896
310360;14;0;2;-21.91319181232143;-44.253276525771426
310370;26;0;8;-20.655466817448;-42.522335162176006
310375;15;1;9;-18.43493293484;-49.18600263624667
310380;7;0;4;-19.034658703416667;-46.15508696008334
310390;18;0;12;-19.86455402996667;-45.180002370450005
310400;703;4;45;-19.59595914263132;-46.94249296031209
310410;25;1;11;-21.35775834941739;-46.86497621838261
310420;157;2;19;-20.2859753456634;-45.54138553367908
310430;31;1;11;-21.357565336893334;-46.145957233076665
310440;8;0;6;-21.6159498651875;-42.8392298641
310445;10;0;3;-17.86273580783;-42.56646355334
310450;55;1;28;-15.915429803150001;-46.10740473343654
310460;69;1;11;-21.30829625049091;-42.86958419014848
310470;22;1;10;-18.06115434812381;-41.118015048504766
310480;6;0;3;-18.109189999999998;-44.266459999999995
310490;58;1;16;-21.962881697749122;-44.886833460263155
310500;11;0;4;-19.30320719440909;-43.941888252963636
310510;101;2;18;-20.01303463557423;-45.97382043466185
310520;13;0;5;-15.894050544030769;-40.55006683892308
310530;23;1;8;-21.72759026364762;-46.38517132251428
310540;111;2;28;-19.931910803070373;-43.500241896154634
310550;13;0;6;-21.241083038633334;-42.24541214394444
310560;980;10;75;-21.222281294675145;-43.77357709985895
310570;7;0;6;-20.279789390300003;-43.0527789693
310590;71;1;16;-21.188893510022726;-43.975438892836365
310600;29;0;9;-19.781353885393102;-43.137532799255176
310610;15;0;6;-21.962162511;-43.424154215799994
310620;11057;117;484;-19.916509521675927;-43.94653671551444
310630;79;1;38;-19.25787034542459;-42.44099356208688
310640;17;1;8;-20.408475122766667;-44.04037378653334
310650;24;1;10;-16.92873800257273;-42.47184012987727
310660;11;0;7;-17.03288416519;-40.56724723477
310665;9;0;3;-15.61405063648889;-41.74301594172222
310670;710;11;101;-19.960994276003003;-44.184749442572375
310680;8;0;6;-21.606395000000003;-43.756994999999996
310690;47;1;17;-21.7196805339383;-43.0643092295234
310700;9;0;4;-18.7829269474;-45.500686638428576
310710;257;1;30;-21.08179116394008;-45.55350299342738
310720;10;0;4;-22.181535225233333;-44.41894501278889
310730;89;3;32;-17.115099916068605;-43.818036964811625
310740;294;3;44;-19.73487242444056;-45.25471292453811
310750;31;1;11;-21.952363415696777;-44.18830657829355
310760;10;1;6;-21.128046148128572;-46.524978103871426
310770;8;0;3;-19.70637768325714;-43.47389503872857
310780;28;1;14;-19.794340092970373;-42.35531621637407
310790;31;0;9;-22.47121796153846;-46.15408992307692
310800;55;1;12;-21.034144987848;-44.760375764740004
310810;25;0;7;-20.32537734035;-44.240271533812496
310820;19;0;8;-16.568209656216666;-45.98864982755
310825;24;0;13;-15.310201518658333;-44.76249781713333
310830;62;2;18;-22.282016036557142;-46.16472259905536
310840;33;1;10;-21.643122556181485;-46.39990665123333
310850;11;0;5;-16.868167181927273;-43.010407511990906
310855;38;0;13;-17.006006333333332;-46.00903328611111
310860;82;4;38;-16.20491198340375;-44.42669691021375
310870;22;0;7;-20.86465370224545;-43.24574776633182
310880;8;0;3;-19.035176452857144;-42.70941844654286
310890;62;1;14;-22.475165524739285;-45.61487127944822
310900;143;2;35;-20.14456397566;-44.19192964804928
310910;35;1;9;-22.44259947232121;-46.34951672770606
310920;17;0;8;-17.92339243647647;-44.23530682512941
310925;15;0;4;-19.416319982107144;-42.26649823988571
310930;56;1;25;-15.619913984526923;-46.43222671842885
310940;47;0;22;-17.32754288135532;-44.98233484138298
310945;12;0;5;-16.05605680555;-47.14659120494167
310950;32;2;10;-21.46806791923333;-46.393313389060005
310960;8;0;3;-19.524380744625;-44.452754091525
310970;35;0;8;-22.3557127016;-45.7846544938037
310980;8;0;3;-18.516924176387498;-49.5000870352125
310990;23;0;6;-19.314948408231817;-44.425461360259085
311000;92;1;21;-19.882851986141667;-43.667257727702385
311010;12;0;6;-20.695997544925;-41.91102562130833
311020;9;0;5;-20.79042397;-42.7958493718
311030;33;1;15;-21.917888714406452;-46.39085363050322
311040;13;0;8;-20.626775027776922;-45.15555015633846
311050;71;1;15;-22.76405968855161;-46.1265837353
311060;191;1;23;-22.471796381606012;-46.044136911997256
311070;34;1;12;-21.852254620712124;-45.293457865539395
311080;9;0;3;-18.237103412499998;-41.7192937125
311090;63;1;15;-21.83504202192807;-45.40163267885087
311100;65;1;24;-21.712730785073017;-46.24271942370635
311110;75;1;14;-19.527291197061768;-49.49981578494559
311115;10;0;4;-16.50272772576;-44.77690029144
311120;291;2;56;-20.89396839187092;-45.276949128336526
311130;26;1;13;-21.107589059715387;-45.83044290525
311140;22;0;6;-19.76432366935;-48.58728408594445
311150;33;1;14;-19.69708826878125;-46.17023117325
311160;84;1;23;-21.252572152202564;-45.741352117891026
311170;16;0;10;-20.68809632076875;-42.61720284101875
311180;31;1;10;-18.691810715313792;-49.181486753448276
311190;13;0;7;-21.027079962525;-45.181976710775
311200;56;1;16;-20.759825225283638;-45.267013443672724
311205;8;0;7;-18.52861760015714;-42.62504740000001
311210;10;0;4;-20.52636859291;-41.91093091579
311220;9;0;5;-20.913834793699998;-43.617506901855556
311230;151;1;30;-17.674151659943536;-42.522570067816325
311240;14;0;6;-20.598205232584615;-47.07633649691539
311250;18;1;9;-19.548208825605883;-44.134794341994116
311260;38;2;15;-18.63797798716111;-49.53379814847222
311265;8;0;7;-19.0695416125;-41.853107225
311270;29;1;11;-16.304954482077775;-43.70670461944074
311280;24;1;9;-20.614965920095454;-46.04763528294091
311290;18;0;10;-20.22668551700667;-42.27086005770666
311300;30;1;14;-17.182532643255172;-41.64138021822759
311310;5;0;4;-20.87343137938;-43.739092238939996
311320;122;1;29;-20.955024492337287;-43.798383941249156
311330;155;2;22;-20.733190807945807;-42.03568200681871
311340;337;4;75;-19.78423206785762;-42.14390677572653
311350;31;1;10;-17.50100040762069;-43.01672524236552
311360;26;1;6;-22.043180965248002;-45.697870947872
311370;48;1;12;-17.704926315165;-40.72987891998
311380;7;0;5;-19.080146015516664;-43.13653891411667
311390;24;2;8;-21.461227859204545;-45.21449569505909
311400;20;1;13;-20.557013785294117;-44.87031001477059
311410;42;1;13;-22.122996471952384;-45.13478426157619
311420;43;0;17;-20.185235104485717;-44.771104397762855
311430;193;2;29;-18.996814894703764;-46.30862530984086
311440;66;1;22;-20.972122651240323;-46.1246986279758
311450;93;1;16;-20.537607825646738;-44.632303627641306
311455;39;0;12;-19.716254579341935;-50.728570105774196
311460;5;1;4;-21.49407602122;-44.6628461071
311470;13;0;2;-21.777968497058335;-45.842386449125
311480;15;1;7;-21.999061806300002;-44.463209499892855
311490;4;0;3;-20.793656666666667;-43.92954666666666
311500;4;0;3;-18.5786570032;-47.87594318386667
311510;58;1;18;-20.57757765349434;-46.91414861850944
311520;9;0;4;-21.129816237844445;-44.472398409755556
311530;505;3;51;-21.38860501319541;-42.692879126671606
311535;23;0;7;-20.08074771888261;-43.40908555206087
311540;5;0;3;-20.68970622734;-43.49918639984
311545;14;0;10;-17.30572880793077;-41.51872774381539
311547;14;0;6;-15.357107245157142;-42.994156197442855
311550;121;1;15;-21.98064917609487;-44.93521136936752
311560;9;0;4;-19.14778583456667;-45.713092680711114
311570;13;1;8;-18.770447816483333;-41.29929363278333
311580;21;1;11;-18.583708625982354;-49.20060040022941
311590;9;0;6;-21.672542133074998;-43.221874483325
311600;14;0;5;-20.035489077385712;-41.67592649913571
311610;25;0;13;-17.099099578141665;-42.52803975035417
311615;35;1;12;-16.175674743308573;-44.751009077017144
311620;7;0;5;-22.01253038928333;-43.061817216083334
311630;22;0;7;-20.898184266280953;-43.36300937525238
311640;5;0;5;-20.38720782872;-47.27399323368
311650;14;0;6;-17.040606615384615;-44.20674302307692
311660;116;1;28;-20.44004539965909;-44.762308325513644
311670;13;0;5;-20.853138837223074;-42.80366335433847
311680;25;1;6;-18.2278814606375;-42.82516585201666
311690;6;0;5;-19.69216605785;-49.08387035443334
311700;10;0;7;-16.2666959726875;-41.78755388385
311710;42;1;7;-21.11206854125366;-46.18969487702927
311720;8;0;3;-22.32736767253333;-45.62192005475
311730;62;1;21;-19.895559496534695;-48.36634135578571
311740;11;1;6;-19.9345499;-41.7033414
311750;94;1;33;-19.02310498161591;-43.44033601837614
311760;13;0;7;-19.750311601407695;-44.89090317666923
311770;73;1;15;-21.8807139953375;-45.08700945839167
311780;34;0;13;-22.416096735229033;-45.79642752701613
311783;12;0;6;-15.286857195833333;-44.41390411399166
311787;28;1;11;-19.63255521984231;-43.986423064746155
311790;48;0;9;-22.15434558558125;-46.04008037845625
311800;206;2;50;-20.501168786515386;-43.85840511516103
311810;14;1;5;-18.809755913900002;-43.68009019537143
311820;23;1;11;-19.929981173155;-47.55194822652
311830;621;7;75;-20.656563695908588;-43.78904999085008
311840;48;1;12;-19.1600460590625;-41.460735254329165
311850;9;0;3;-22.55255957681111;-45.92336644816666
311860;1522;12;160;-19.934253880790283;-44.05362975964943
311870;26;0;11;-21.18028568056154;-45.42743195971538
311880;61;1;22;-16.669948933136066;-44.359568359993446
311890;18;0;6;-19.1233500328;-44.31357389207857
311900;8;0;3;-21.7926895;-45.70192645
311910;69;1;19;-18.377710676424137;-44.48693596329827
311920;17;1;10;-18.62430202930714;-42.27047369355
311930;116;1;38;-18.477692522468182;-47.19791880764818
311940;286;6;52;-19.52042903545;-42.625559909313935
311950;12;0;5;-16.615356455655554;-42.182815552911116
311960;10;0;3;-21.59508546046;-43.27742757121
311970;9;0;4;-21.02353425235;-44.222659249425
311980;17;0;5;-19.812605621494118;-45.91823158909412
311990;7;0;4;-22.62974267338;-46.02095461268
311995;11;0;6;-20.43205720411818;-45.53516106296364
312000;5;0;2;-19.81411222066;-42.41121125222
312010;8;0;3;-18.07666554;-43.47528876
312015;10;0;6;-17.24208473034;-40.929798265980004
312020;36;1;12;-20.87462329312059;-45.51723952284412
312030;10;0;4;-16.7291520684375;-42.88001230335
312040;6;0;5;-20.830543343333336;-43.80566909908333
312050;40;1;11;-22.24756156056129;-45.24720082067742
312060;14;0;8;-20.37366008445714;-44.37730962646429
312070;13;0;6;-18.954972292881816;-46.66908291488182
312080;54;1;18;-21.840565918090384;-44.80967306815769
312083;12;0;8;-18.938790368518184;-41.142298086009085
312087;14;0;9;-15.937462635569231;-41.849837726838466
312090;347;2;44;-18.75353551165099;-44.430940197694035
312100;23;0;9;-18.480730777030434;-43.65778520046087
312110;27;0;6;-22.507808416603705;-45.276957818144446
312120;16;1;9;-20.344787766357143;-46.85545720268571
312125;17;0;5;-19.97631245146875;-47.7726216105125
312130;13;0;4;-21.461863694376923;-42.966847554992306
312140;31;0;9;-20.65891113083929;-44.33397091605
312150;9;0;5;-21.146967482877777;-43.518238666277774
312160;261;2;48;-18.234244842134903;-43.59187997081726
312170;12;0;6;-20.44456437272727;-43.18680357272727
312180;16;1;6;-19.833449746146666;-42.738166259926665
312190;14;0;4;-20.989375603935713;-43.00610058607857
312200;68;1;23;-20.58761921614697;-42.14850055447727
312210;12;1;6;-18.773566802090908;-41.49600201335455
312220;23;0;10;-18.802260526242858;-42.60641614803809
312230;1370;10;107;-20.143234024173196;-44.88938809977565
312235;17;0;7;-15.72215366208125;-41.34404443735625
312240;15;0;6;-21.510652839557142;-46.197016363442856
312245;18;1;12;-15.723965595705883;-41.00064125207059
312247;13;0;6;-16.673858282275003;-46.26680149655834
312250;25;0;7;-19.37734625881667;-42.10822706115833
312260;7;1;7;-18.941661142857146;-43.26437928571429
312270;20;1;11;-20.16087175288333;-42.96595695631111
312280;14;0;5;-22.251783133414285;-45.159418747299995
312290;8;0;6;-21.3198778022;-42.81519668444286
312300;24;0;9;-21.109848169657145;-44.023521617619046
312310;14;0;5;-19.062365456845455;-42.93190441845454
312320;44;1;12;-19.465738121318182;-45.610874922204545
312330;16;0;6;-20.948304678413333;-43.18448117204667
312340;7;0;5;-20.288015802528573;-45.90392541995714
312350;5;0;3;-18.43329513735;-47.6095065661
312352;13;0;7;-20.204426039799998;-41.797620237669236
312360;129;1;15;-21.607965046716664;-45.565257579273805
312370;39;0;10;-19.193892844115787;-42.04322502582369
312380;16;0;6;-17.28482077872;-43.94902466726667
312385;12;0;3;-19.619024298575;-42.230817914875
312390;59;1;17;-20.67073532006038;-44.06725845529245
312400;42;1;13;-20.8469066497525;-42.6457003280025
312410;87;1;42;-19.75522007507907;-44.285347076516274
312420;55;1;16;-20.649398259584;-41.90955402778
312430;72;1;15;-14.921785414021212;-42.81656431760303
312440;10;0;4;-22.047341478539998;-45.95085288137
312450;19;1;9;-22.46260213457778;-46.019960876094444
312460;5;0;3;-21.73174460388;-42.47920472374
312470;16;1;8;-19.521700217781248;-45.78649105566875
312480;11;0;5;-18.710548562836365;-47.69628728784546
312490;44;1;12;-21.08051401258108;-42.18648997155405
312500;5;0;3;-21.54906925172;-43.509594924219996
312510;214;2;39;-22.85636337328889;-46.321367699683094
312520;13;0;5;-21.40773526130769;-45.83084533584615
312530;8;0;3;-20.801827093362498;-42.027162970775
312540;10;0;4;-18.07847770031;-43.24674683619
312550;14;0;5;-18.031790142361537;-43.35491362326154
312560;14;1;7;-16.63888681686923;-40.76046161041539
312570;49;0;10;-18.738615374918606;-44.904240568709305
312580;15;0;4;-19.153006531326664;-42.0811556755
312590;27;1;8;-19.250636168144442;-43.02733291004815
312595;18;1;11;-20.709938111633335;-42.27876539494444
312600;35;0;8;-19.889520890574286;-44.431328521357145
312610;274;3;43;-20.463244014376983;-45.42916817662566
312620;11;1;6;-14.959987358563637;-46.258178304463634
312630;7;1;4;-20.84746141432857;-46.7151070625
312640;7;0;4;-19.563154471428568;-44.44678291428572
312650;31;0;12;-16.994215308879312;-42.35749036904827
312660;11;0;6;-17.314862495436362;-44.24036690428182
312670;47;1;20;-16.4532989226375;-43.485954547685
312675;11;0;5;-17.959813024836365;-42.088789554099996
312680;12;0;5;-18.067183333333332;-41.40721083333333
312690;15;1;9;-18.561269121446667;-41.908716280060005
312695;8;0;3;-18.166176132075;-42.76536874695
312700;37;0;11;-20.28088889768;-49.20070771800286
312705;4;0;4;-16.8848585;-40.88265575
312707;11;0;7;-16.118525376690908;-42.53049707505455
312710;301;3;37;-20.018947796951064;-48.94238844477092
312720;16;0;7;-19.371066555318748;-44.05833823023125
312730;12;1;9;-18.98747085618182;-41.535848292
312733;13;0;6;-15.0747977855;-43.12017915337273
312735;10;0;2;-16.84976404191;-43.69745845906
312737;13;0;7;-18.981586869292308;-41.223547634830766
312738;12;0;4;-21.535032745325;-43.19531820594167
312740;12;0;5;-22.57082578888889;-45.74077897777778
312750;11;0;4;-18.824234421563634;-42.47916834024546
312760;30;1;12;-18.470667282268;-43.755378438252
312770;1321;11;144;-18.856358794137332;-41.951572373434686
312780;27;1;13;-16.526650423446153;-42.92298549916923
312790;6;0;5;-18.495572141816666;-47.72397079075
312800;143;1;40;-18.777314063648483;-42.9246725963447
312810;21;1;12;-20.747381848094737;-45.89616185288948
312820;19;1;11;-20.567276382352944;-43.01697324705883
312825;6;0;3;-17.01332896125;-43.67200732613333
312830;60;1;16;-21.295255024074073;-46.78171406111111
312840;24;1;11;-21.356232037517394;-43.047837328491305
312850;9;0;5;-21.72802478222222;-43.03828429503333
312860;22;1;9;-17.772677280263636;-47.10610458015
312870;351;2;44;-21.306274305322354;-46.71108251104294
312880;23;0;6;-21.150115993376193;-42.79804410422381
312890;19;0;11;-18.844834105263157;-46.794428793978945
312900;36;0;6;-20.986819489285715;-42.64087986329999
312910;15;1;7;-19.187411011241668;-49.789415837475
312920;24;0;6;-22.066389487637498;-45.54136314740833
312930;15;0;11;-19.438516521707147;-42.216509520857144
312940;18;0;11;-21.433346286735294;-43.96457031589412
312950;99;1;13;-19.482580548471578;-46.54207385335474
312960;18;0;12;-16.843777112766666;-44.87559187873889
312965;10;0;7;-15.66761349654;-44.16536782752
312970;29;1;12;-20.441961038704;-47.196180649792
312980;113;1;45;-20.013787440378763;-44.06839005027876
312990;13;0;7;-22.061207771630002;-46.439964808010004
313000;5;0;2;-21.15445938396;-44.74871589348
313005;16;0;7;-16.213568787013333;-44.90635186609334
313010;100;1;35;-20.068532211764836;-44.30490565795165
313020;17;0;11;-19.93588524682941;-44.71395464518824
313030;22;1;7;-20.194853104463157;-45.653579399499996
313040;19;0;7;-21.17176063426842;-44.923965939431575
313050;36;1;12;-20.92073679053429;-45.80627711174286
313055;11;0;6;-19.59695090909091;-42.060624463636366
313060;13;0;6;-22.310033405584615;-46.320777287869234
313065;17;0;7;-15.486554868135295;-42.174678747535296
313070;9;0;7;-19.01217978221111;-47.88391071284445
313080;5;0;4;-21.4036379532;-44.92203140261999
313090;72;1;26;-19.539373665073846;-42.10745265137692
313100;10;0;4;-19.491284200000003;-44.387300800000006
313110;11;0;6;-18.73252622;-44.36180442
313115;27;0;16;-19.42425366819231;-42.41551300789615
313120;59;2;13;-19.807586393290908;-41.72897309082364
313130;1121;6;72;-19.4806796043375;-42.55064268361489
313140;10;0;4;-18.692407573009998;-49.94469065848
313150;33;0;13;-22.098740182465626;-46.19145510634687
313160;10;0;6;-18.99616017333;-47.45943682249
313170;842;4;89;-19.624067318688674;-43.22694256011778
313180;25;1;12;-18.556675044325;-41.242366404820835
313190;182;1;19;-20.252072839250857;-43.804013508673144
313200;11;0;3;-17.020430624390908;-43.29897154964545
313210;35;1;20;-15.119660400184848;-44.110399134327274
313220;38;1;13;-20.418233005657893;-44.491273613413156
313230;15;1;12;-17.400955372335712;-41.670733097728565
313240;785;4;42;-22.409081109125882;-45.438262474175474
313250;100;2;29;-17.86735243083913;-42.8526671552837
313260;15;0;4;-21.417179972114287;-42.814496484921435
313270;63;2;26;-18.072522883123636;-41.63636910385454
313280;9;0;7;-19.416829279044446;-43.321503836788885
313290;32;2;13;-21.07795893123125;-47.04833321801875
313300;58;1;14;-22.28422236643585;-44.8686519216283
313310;138;3;19;-22.296948139662224;-44.93522677399333
313320;31;1;11;-19.175720567813336;-41.85470404512
313330;73;1;27;-16.567173821167692;-41.503122401366156
313340;56;1;10;-19.887513572675925;-49.44190099418519
313350;72;1;17;-20.462908443647144;-45.11774801850285
313360;18;0;7;-22.76945749217647;-46.22153744185883
313370;37;0;9;-20.222782572365713;-44.422408829854284
313375;69;1;12;-20.743341084973437;-46.745518647876565
313380;609;3;45;-20.075416524479504;-44.579793309330746
313390;10;0;3;-20.67070696295;-43.612391788560004
313400;25;0;9;-16.613017810149998;-41.77692398675455
313410;8;0;6;-19.3927321409875;-41.2187912152625
313420;411;6;47;-18.939905259266833;-49.48642585788653
313430;15;0;5;-21.305633937779998;-44.84672693185333
313440;162;4;25;-19.728528671178395;-50.20106495955679
313450;15;1;5;-21.2981026403;-44.65279950085455
313460;57;1;14;-19.505237463972726;-43.75493027101591
313470;29;1;20;-16.163090320137933;-40.29096583901379
313480;23;0;7;-21.018584618425;-46.74233261130625
313490;118;3;18;-22.275284767703063;-46.624739191516326
313500;8;0;3;-19.635444308;-42.74589910464285
313505;67;1;27;-15.322413371670313;-43.69673290118125
313507;5;0;3;-18.460182600000003;-41.8084152
313510;206;5;57;-15.80654147303941;-43.31519622967931
313520;207;2;53;-15.473916192137766;-44.37999686011915
313530;16;0;7;-20.13914619438125;-45.50852537369375
313535;22;0;11;-15.996714958066667;-44.284450012280956
313540;16;1;7;-20.4536242966;-43.830189500653844
313545;18;0;9;-17.087277862964708;-42.25744843339412
313550;51;0;10;-20.455727117624;-42.6515394932
313560;19;0;7;-17.22816061355263;-44.43498306706842
313570;11;0;5;-19.21428527272727;-44.04129627272727
313580;53;1;17;-16.43384519569149;-40.99042351434681
313590;14;0;6;-21.989254026784618;-45.29078660456923
313600;32;1;17;-16.67373026960345;-41.02908191229311
313610;9;0;3;-19.179289355555554;-42.67564245555556
313620;492;2;43;-19.811972567472708;-43.17359660539564
313630;137;3;35;-17.735266100255725;-46.14545062301298
313640;18;1;4;-17.74187335765882;-44.15859489811765
313650;24;1;8;-15.88885351066087;-40.2078515097
313652;12;0;7;-16.89967580181818;-42.62078188862727
313655;10;0;4;-18.229620848133333;-42.49099011881111
313657;5;0;5;-16.546502;-42.51604
313660;9;0;6;-19.6869528011375;-43.5822737420375
313665;87;0;24;-19.945564273480233;-44.342029174019764
313670;2381;25;163;-21.760033769498897;-43.355854213556626
313680;13;1;4;-16.846402740574998;-43.592630079125
313690;37;1;13;-21.24169959224;-46.55491926719143
313695;8;0;5;-14.3091055344;-44.1255616396875
313700;25;1;11;-17.586705761904;-41.696592107644
313710;33;0;9;-18.169936607739285;-46.80376756386786
313720;175;1;32;-20.023500845297633;-45.54290195947929
313730;8;0;5;-16.98293300595;-44.5821332931625
313740;22;0;10;-20.9152018271;-44.07610362143684
313750;90;2;21;-18.775818543060918;-46.40569762844023
313753;25;0;8;-17.759888826086957;-46.46223539130435
313760;274;3;56;-19.629843799850967;-43.89863275494942
313770;42;1;12;-20.19417890421;-41.601543369345
313780;74;1;16;-21.971220570756167;-45.348753582493146
313790;5;0;3;-20.792424439999998;-43.4730792
313800;31;2;10;-21.3603685376;-42.47587116337241
313810;20;0;14;-17.88295862759;-44.597461810505
313820;805;11;89;-21.24317851112285;-44.99829077578986
313830;9;0;5;-19.7165268594;-45.02416197086667
313835;16;0;6;-17.08019790655625;-42.6994869532125
313840;246;1;49;-21.53073820695808;-42.637173961661134
313850;21;1;8;-22.03056050971053;-44.31887913317369
313860;52;1;11;-21.831520788739216;-43.79706475413922
313862;35;0;6;-19.543534387440626;-50.58523074699688
313865;24;0;12;-15.901818780669567;-44.301137528886954
313867;16;0;5;-20.42786638158125;-42.09901933760625
313868;10;0;5;-16.12589648405;-44.59453343883
313870;11;0;4;-21.511797694136362;-44.90412209413636
313880;60;1;18;-19.793282900103776;-45.67838450451887
313890;26;1;8;-17.049474551212;-40.70941344976
313900;247;1;27;-21.678189319327732;-45.92055449579832
313910;9;0;6;-21.48377566478889;-44.32780166846666
313920;44;2;16;-17.8488719474359;-42.08283775958461
313925;13;0;7;-15.0398158046;-42.948309997246156
313930;34;1;22;-14.747840541564706;-43.94444533582647
313940;822;2;63;-20.251108211576607;-42.039169446918436
313950;95;1;18;-20.358147901164443;-41.95956958797556
313960;83;2;28;-18.767352969706096;-40.967386243379266
313970;15;0;9;-19.51428247333333;-44.682497733333335
313980;25;1;7;-21.863074456044;-43.009142970836
313990;61;1;15;-22.308761423524075;-45.371206155575926
314000;264;1;39;-20.377775950768033;-43.42291318527295
314010;8;0;2;-18.50729235;-42.0828819
314015;22;0;17;-20.056021387033333;-44.18302870712857
314020;6;0;4;-21.6982575;-42.95848316666667
314030;5;0;2;-19.70602094672;-42.73614428008
314040;10;0;3;-22.44880500634286;-45.1648019927
314050;49;1;11;-19.349591089248936;-45.22797749711277
314053;17;0;9;-20.25498299669375;-41.8749296381
314055;12;0;3;-15.695467658333333;-40.739067033333335
314060;10;0;4;-18.474229470730002;-43.05825219473
314070;182;2;35;-19.997165389501244;-44.43174320876211
314080;38;1;12;-21.86515216216216;-43.322161756756756
314085;18;0;8;-14.859274017888888;-43.89851720716667
314090;57;1;16;-20.29012568105965;-42.3422616668807
314100;47;2;29;-15.397626361876087;-42.865141267295655
314110;71;1;24;-19.56259521901077;-44.08148439047385
314120;17;0;7;-19.219996527253333;-45.97472632388667
314130;12;0;8;-19.98942498635;-46.227118828500004
314140;37;1;18;-16.231428980997144;-41.48477606754857
314150;13;1;7;-18.660716076984617;-41.405056825753846
314160;36;1;13;-21.19607048463611;-43.34046747309444
314170;10;0;7;-19.227277352033333;-42.6158930363
314180;67;1;18;-17.23861281813582;-42.53493056512537
314190;13;1;8;-21.680074790115384;-44.603703244015385
314200;29;1;18;-16.247884155466668;-44.16864348464815
314210;28;1;11;-20.8831227745;-42.3552619936125
314220;46;1;11;-21.19187347376087;-42.612288720884784
314225;16;0;9;-14.75284029060625;-44.3989034803125
314230;8;0;5;-20.2916535368125;-44.036713551825
314240;25;1;9;-19.84643126179167;-45.40486658943333
314250;7;0;3;-18.321981612214284;-44.1157974532
314260;27;1;9;-21.74331861788077;-45.52772033641923
314270;22;1;13;-14.43160867195;-44.393387460622726
314280;21;1;14;-18.868667013590475;-48.87695030013809
314290;53;1;25;-15.173391733886001;-42.896123793466
314300;45;1;14;-21.32079028038;-46.362432896744444
314310;131;3;30;-18.72892124341322;-47.49648439299421
314315;10;0;5;-16.8656913180625;-41.2554404738125
314320;68;1;18;-21.19741767028154;-46.97846179752308
314330;1254;16;220;-16.72426537405847;-43.865884234060786
314340;91;0;11;-22.432497589425882;-46.5729091934647
314345;16;0;7;-15.18051960938125;-42.517497589675
314350;25;1;12;-18.638486443172727;-45.35314376616818
314360;4;0;2;-18.5614203975;-44.610047934275
314370;9;1;6;-19.20579369282857;-43.35641811478571
314380;9;0;4;-22.61586256591111;-46.347411374766665
314390;400;8;83;-21.132184441742105;-42.371116588362895
314400;62;2;23;-19.847621785645902;-41.44697782360656
314410;84;1;11;-21.370153450603897;-46.522478844972724
314420;6;0;4;-18.456982062916666;-42.249746918683336
314430;139;2;28;-17.842351021845904;-40.35096882096148
314435;18;0;11;-19.225160094517648;-42.330332480994116
314437;3;0;3;-16.506249266666668;-46.49588120000001
314440;12;0;7;-22.318376836758333;-45.442907633366666
314450;29;1;8;-21.211678317068;-44.612446963284
314460;60;1;19;-21.23227484716981;-45.23784729622642
314465;23;0;11;-15.333142880678261;-41.7335681851913
314467;11;0;6;-18.492263963181816;-41.09538324854546
314470;62;1;12;-19.75955696429298;-43.03629119365263
314480;517;7;61;-19.992681147058008;-43.889525418798826
314490;5;0;4;-18.57006496;-41.60942204
314500;42;1;13;-19.17451014632439;-47.67116030659512
314505;12;0;7;-15.767707948463636;-43.28721916442727
314510;40;1;9;-21.12554509673158;-46.42071522764737
314520;242;1;50;-19.875264142897933;-44.98147848572644
314530;52;1;15;-17.464469338936958;-41.89076278623913
314535;17;0;9;-17.37126693941333;-41.21260576282667
314537;12;0;9;-16.008872933154546;-42.41542343551818
314540;6;0;3;-21.8654299;-43.95499761666667
314545;10;0;5;-17.39869918856;-43.57045910966
314550;16;0;3;-22.067484608473332;-45.26189034999334
314560;145;1;21;-20.703614021374467;-44.80510228272269
314570;3;0;3;-21.338809466666664;-43.12353486666666
314580;10;0;4;-19.736409086400002;-44.798365952725
314585;11;0;7;-20.446029624999998;-42.801916875
314587;16;0;8;-20.5064091625;-42.20890165625
314590;223;2;24;-20.53047184296842;-43.70775737467544
314600;153;1;16;-22.280025721185496;-46.37486288820992
314610;281;1;50;-20.408764788631274;-43.52578112259491
314620;14;0;8;-18.06219588023077;-41.264584862661536
314625;10;0;6;-16.362867660766668;-42.51616003087778
314630;27;1;16;-17.073551116836;-41.488260512148
314640;17;1;8;-18.905368973333335;-45.53268938666667
314650;16;1;9;-20.372155241519998;-45.659404517393334
314655;11;0;4;-15.50919344861818;-43.09026264681818
314660;4;0;3;-21.289002229125;-43.4156229423
314670;25;1;7;-21.375559255172004;-42.314359835084
314675;11;0;6;-16.757968298836364;-40.40967568682727
314690;43;0;13;-19.447837953233336;-44.74212647782857
314700;358;5;41;-17.227351222359484;-46.87359077633639
314710;423;2;57;-19.85935718835757;-44.60568705835658
314720;52;1;15;-21.553454522310204;-45.73707164762449
314730;90;1;18;-22.555713018456977;-45.78411293508721
314740;76;0;11;-19.276373263794667;-44.40155601466
314750;10;1;4;-19.3463931654875;-43.1411336742375
314760;82;1;17;-22.39451971949367;-44.970226659994935
314770;18;1;9;-20.65117423693889;-44.49440497816111
314780;11;0;3;-22.20488544473;-44.23862611471
314790;546;2;65;-20.721189038871454;-46.60762965145989
314795;8;0;5;-16.0787074922125;-44.08191874625
314800;876;8;108;-18.587013613415532;-46.51418483103895
314810;339;7;54;-18.942235066619386;-46.99067454200185
314820;19;1;11;-21.15223064061765;-42.21191081648235
314830;38;0;9;-20.87036586827941;-42.97365224935294
314840;8;0;4;-18.43412905;-42.871026875
314850;17;1;10;-17.43228192886875;-41.0078008041625
314860;43;1;12;-18.54779411366923;-42.559657467971796
314870;62;1;25;-15.99244564135577;-41.27711978877692
314875;15;0;8;-20.518283966093335;-42.33640292283334
314880;11;0;6;-20.59654670844;-42.71447243473
314890;11;0;4;-20.26566273585;-45.21446387315
314900;10;0;6;-20.83165734;-42.15508742
314910;39;1;13;-22.24544503475128;-45.46760915672821
314915;14;0;9;-15.615012894264286;-44.363271359900004
314920;9;0;5;-19.2291920068;-47.46565818785555
314930;201;2;38;-19.618000642860714;-44.04074587773929
314940;5;0;4;-21.697794406619998;-43.7497076003
314950;11;0;5;-21.807120701663635;-43.11725140525454
314960;17;0;9;-19.629897568325;-44.6611197214
314970;22;0;15;-19.951460497186364;-45.08152915322727
314980;47;1;18;-19.359141665566668;-47.28732440671777
314990;72;1;17;-21.106783248240582;-45.08870950792174
314995;12;0;8;-19.17075909981818;-42.280694257036366
315000;21;0;5;-18.35527576250476;-41.59752134171905
315010;7;0;4;-21.6515537109;-43.60664248178572
315015;13;0;8;-19.61337125;-42.209682208333334
315020;12;0;6;-20.23378057635;-42.6981688019
315030;17;0;9;-21.315143322117645;-44.19181378811765
315040;12;0;7;-20.47214125;-44.242200975
315050;31;1;15;-20.45587350388387;-45.761013547348384
315053;11;0;3;-19.703841045454546;-42.39417652727273
315057;12;0;3;-16.04054192550909;-45.153258424572726
315060;22;0;9;-20.50751587999091;-44.47501750282272
315070;10;0;3;-19.9078904;-48.7003135
315080;49;1;18;-20.67234890781915;-43.29820224934681
315090;17;0;3;-22.52700248197857;-45.48025443381429
315100;27;0;8;-22.402771744091307;-45.53392241813913
315110;30;1;6;-21.661367349206895;-42.347700063503446
315120;163;2;57;-17.33657753422112;-44.926839429834786
315130;50;0;10;-21.26750875094091;-43.02880023220227
315140;154;1;18;-19.677326772138255;-44.89778149579933
315150;185;2;43;-20.466580608368336;-45.960842415866665
315160;26;0;10;-20.26292331923077;-48.61581933846154
315170;71;1;23;-21.78439569463803;-45.96389422318028
315180;1169;16;113;-21.78916561166564;-46.56657982299956
315190;14;1;7;-19.58384448462143;-41.62893260793572
315200;86;1;15;-19.221064377341097;-45.000701613709595
315210;360;3;62;-20.407648701832613;-42.90535071960462
315213;11;0;5;-16.63037847100909;-45.064318006336364
315217;17;0;12;-16.75280502534375;-41.50423160248125
315220;101;2;31;-15.737233916147726;-43.024910043945454
315230;19;0;13;-20.665155305733336;-43.090613688033336
315240;23;1;12;-17.801160511815;-41.714628955180004
315250;1636;7;59;-22.22960309024507;-45.931341987942524
315260;27;1;8;-22.202290230725925;-44.96759719857778
315270;15;1;8;-21.059840199007144;-44.08407519435
315280;71;1;17;-19.313979942350723;-48.92103418520145
315290;21;1;8;-20.749392311325;-46.858370267245
315300;11;0;5;-19.752352063636362;-46.38359443636364
315310;20;0;9;-20.76747;-43.187619999999995
315320;8;0;5;-18.6380045;-44.0633325
315330;6;0;6;-18.620457913366668;-43.580779173483336
315340;41;1;14;-18.411293424231033;-46.40273720315862
315350;26;1;10;-20.426182697576;-41.963864942092
315360;15;0;8;-19.481518526992858;-44.154391877092856
315370;9;0;6;-19.271791093675;-45.558220366425
315380;3;0;2;-20.739192333333335;-43.885010333333334
315390;21;0;12;-19.96700742338;-43.806369483235
315400;92;1;35;-20.09027299056111;-42.4425810028
315410;28;1;10;-21.5240583867;-42.464284636685186
315415;12;0;8;-20.244906728158334;-41.97362057746667
315420;47;1;7;-20.918527977741302;-44.24067556787391
315430;41;1;14;-19.319741467378947;-41.25582141403684
315440;21;0;11;-21.066177876190476;-43.754655885714286
315445;17;0;8;-16.237943851464706;-45.97634632242353
315450;26;0;7;-15.993878420000001;-43.044993728
315460;204;2;96;-19.778681200314583;-44.06806838693646
315470;15;1;4;-21.187598166649998;-45.06027059899286
315480;12;0;8;-20.06120446948182;-43.81647312436364
315490;71;1;16;-20.22234604333433;-42.652089555882085
315500;10;0;4;-20.24456613667778;-42.89574906427778
315510;10;0;5;-16.626822034033335;-40.56984362168889
315520;9;1;3;-20.854161402833334;-43.49195084132222
315530;10;0;7;-20.258413282455553;-44.31158697088889
315540;32;0;9;-21.473573687289285;-43.12414927620715
315550;52;1;12;-19.214470023081393;-46.231457306213954
315560;41;1;20;-15.616315854917499;-42.5559117431275
315570;47;1;18;-19.934997589168084;-43.16855484271489
315580;55;1;16;-21.27316741601698;-43.178617424858494
315590;15;1;6;-22.088726303386668;-43.82550032316667
315600;28;1;8;-18.286499332977776;-43.013026453129626
315610;11;0;7;-21.025045284677777;-44.322186265233334
315620;6;0;4;-21.629334999999998;-43.019725
315630;18;0;10;-21.197221926;-42.86442707333333
315640;6;0;4;-19.0832240767;-47.3862174193
315645;23;0;6;-20.98017522787826;-42.512113922295654
315650;14;0;10;-16.4057162842;-42.263180946046155
315660;18;1;9;-16.38546426835;-40.53347511369375
315670;138;2;44;-19.893152283123847;-43.821843623697696
315680;31;1;13;-18.667533337856664;-43.08006381307334
315690;110;2;31;-19.870615841832326;-47.440913185245456
315700;114;4;54;-16.16444075231607;-42.30114649631696
315710;17;1;11;-16.01179773589375;-39.9481201614875
315720;129;1;38;-19.960083647954686;-43.41240799352813
315725;5;0;3;-19.97814294;-42.14314344
315727;11;0;5;-21.974877636363637;-43.71483536363636
315730;4;0;3;-21.248247925;-43.558802875
315733;13;0;6;-21.120079844807695;-44.22643820595385
315737;7;0;5;-16.096532234542856;-41.77292863917143
315740;13;0;6;-20.2428941363;-42.821703712875
315750;5;0;5;-18.82680174112;-42.4478062668
315760;9;0;6;-16.67527872797778;-45.398463988411116
315765;13;0;8;-16.929993538461538;-40.67643584615385
315770;44;1;8;-19.3289599913375;-47.525271547112496
315780;347;2;66;-19.755245114707716;-43.885799112587655
315790;30;1;10;-20.383858034210714;-42.25094119045001
315800;24;1;6;-19.448798913013636;-43.11471175742727
315810;9;0;4;-16.2495216560375;-40.147032842325
315820;42;1;20;-18.190282019169047;-42.41694936368809
315830;17;0;7;-21.250103265488235;-45.5069919685
315840;13;0;4;-21.288115899692308;-42.556518557553844
315850;14;0;5;-19.007014158745452;-44.043140329990905
315860;7;0;3;-21.95950714285714;-43.17404714285714
315870;4;0;2;-21.6098675;-44.09660125
315880;10;0;6;-20.9023979;-45.1295073
315890;21;0;8;-20.107523190000002;-41.92645781
315895;43;0;19;-19.406173644513952;-42.534819744702325
315900;9;1;3;-19.181457128944444;-43.66088454801111
315910;6;0;5;-20.788589723833333;-43.671037993333336
315920;35;1;10;-22.0309966102;-46.33636765242941
315930;16;1;7;-22.150043622084617;-44.095623254461536
315935;13;0;5;-19.874821791923075;-42.13223549446154
315940;5;0;1;-21.55948162;-43.90152539782
315950;14;0;3;-19.37516495;-41.384489564285715
315960;313;2;20;-22.24908749938855;-45.70589517979125
315970;14;0;3;-19.540733484615384;-45.968947453846155
315980;56;1;22;-18.847412555483636;-50.11993408108546
315990;66;1;18;-20.949355264938095;-44.92648643093334
316000;9;0;6;-21.7551280125;-42.8172091125
316010;11;0;5;-20.31488496748;-42.60669590132
316020;7;0;5;-18.468117915283333;-43.30470356811667
316030;14;0;9;-16.51099165547692;-40.24114703623077
316040;76;1;24;-20.08951357558028;-45.28897577036338
316045;17;0;10;-15.33318886119375;-42.62576795745883
316050;8;0;5;-19.10376853915;-43.1278609410625
316060;6;0;3;-18.30035875045;-44.21849946021666
316070;109;1;33;-21.4590534859243;-43.551846141558876
316080;8;0;5;-21.583833082914285;-45.0721545663
316090;9;0;2;-20.625375445844444;-43.948391018888884
316095;10;0;4;-19.529619;-42.011589
316100;47;1;11;-19.868224482989362;-42.963631327959575
316105;14;0;10;-18.589296206107143;-41.48785835564286
316110;74;1;27;-15.959884169981946;-44.86835050501528
316120;9;0;6;-20.711462346144444;-44.99183673573334
316130;18;0;7;-19.8611004881;-49.77090849938889
316140;14;0;7;-20.789076075657142;-42.26934219221429
316150;19;0;8;-20.919529852494737;-42.83689891133158
316160;4;0;3;-18.835745542725;-42.28757053615
316165;6;0;5;-18.914826788849997;-41.356192159133336
316170;25;0;8;-18.31565186066842;-45.76391362482106
316180;17;0;9;-19.99031281453125;-44.8515332087
316190;34;0;17;-19.82272846987037;-43.362263861214814
316200;91;1;15;-21.889395175117045;-45.594339974988635
316210;97;2;29;-19.312551293106186;-46.05380350137629
316220;13;1;8;-20.64012763846154;-46.5061751
316225;7;0;4;-16.85221018937143;-44.349793505985716
316230;7;0;6;-21.93312593077143;-45.92840548931429
316240;37;1;18;-15.92462371133143;-44.00770394347429
316245;21;0;16;-14.864390652104763;-44.13937812312857
316250;455;4;48;-21.133267611985485;-44.258351855839
316255;31;0;10;-20.392822341935485;-42.15161817419355
316257;13;1;5;-18.718009976784614;-41.165650442515386
316260;17;0;10;-19.347127714582353;-42.15781066634706
316265;12;0;4;-16.544882912216668;-44.527964764816666
316270;34;1;22;-15.313739258690909;-42.01783379816666
316280;40;1;18;-18.54096197391389;-42.76543629413056
316290;66;1;16;-21.53989591515077;-43.01575602309385
316292;63;0;28;-20.049848758496825;-44.260024765385715
316294;31;0;6;-20.71195495195;-46.315788655875
316295;51;0;19;-19.703761645500002;-43.96858661449556
316300;9;0;6;-18.324269969044444;-42.14662164448889
316310;12;0;8;-19.707589212025002;-44.55931655688334
316320;8;0;4;-22.329760051675;-45.5262819305125
316330;7;0;4;-18.4700085;-41.380064
316340;9;0;7;-19.928487723244444;-42.70701734874444
316350;12;0;6;-18.27268114616;-42.66218666502
316360;9;0;4;-20.003789677777778;-41.74765958888889
316370;451;2;29;-22.11647249324321;-45.05463731059615
316380;21;0;9;-20.711016447757142;-42.72025007358572
316390;12;1;5;-21.129181644491666;-46.617718072833334
316400;28;0;12;-20.166299843203998;-42.52782545486
316410;9;0;5;-18.364294003833336;-42.602150925311115
316420;17;1;9;-16.369726187629414;-45.07144280780589
316430;19;1;9;-20.241876327442103;-46.38121697840526
316440;13;0;6;-22.15817810665;-45.75491461753333
316443;9;0;5;-21.060974597875;-42.62301304065
316447;6;0;4;-19.500460678783334;-41.98224078958334
316450;23;0;8;-18.08859828628182;-42.570647073372726
316460;21;0;9;-20.335317367286667;-45.07793129020667
316470;320;4;53;-20.917730004428154;-46.988216795196436
316480;5;0;3;-19.29256810542;-43.18615281648
316490;13;0;4;-22.217242693523076;-45.05355176927692
316500;21;1;7;-20.91633582678;-44.51308857616
316510;18;1;8;-20.780744987382352;-47.1003079257
316520;27;0;9;-21.719858569842305;-44.96545054206538
316530;25;1;12;-21.673960823230434;-44.443308486669565
316540;10;0;6;-22.74838654295;-45.74303625742
316550;7;0;5;-18.703713592957143;-42.36267413057143
316553;78;1;22;-20.035830487871053;-44.14065375230921
316555;23;0;7;-17.570817460869563;-42.16211769565217
316556;8;0;5;-20.0951307556875;-42.8366781715375
316557;9;0;4;-22.5807373348;-46.1844952647375
316560;6;0;4;-21.793959216283337;-42.941711797450004
316570;30;0;12;-20.951070098392854;-43.13696090495
316580;6;0;4;-22.164768527166668;-46.177651988200004
316590;8;0;3;-17.9477357877625;-43.2241796777
316600;13;0;4;-20.770276666666668;-43.346519666666666
316610;8;0;3;-18.8945610590875;-43.0823971261125
316620;28;0;5;-21.0262039959;-43.58231774968214
316630;16;0;6;-20.474899877926667;-42.48415552606
316640;10;0;4;-21.90834986715;-44.51902351743
316650;5;0;2;-18.36338476776;-43.170946742119995
316660;5;0;2;-19.43996066;-45.79613732
316670;11;0;7;-17.750406571428574;-40.217737
316680;44;1;13;-19.13160707790714;-46.69071705411667
316690;21;1;10;-21.548538288642106;-46.04433737563684
316695;9;0;3;-15.827023894444444;-42.87114202974445
316700;7;0;3;-21.89058300612;-44.51207774878
316710;51;1;18;-18.603142761174468;-43.38767211250213
316720;889;5;112;-19.461220590885144;-44.241914681860706
316730;10;0;5;-21.16312388215;-43.21534490405
316740;17;0;6;-22.00595945738;-45.842179993773335
316750;10;0;6;-21.96361045906;-43.30929447347
316760;37;0;19;-20.131669851005555;-42.027205335283334
316770;24;0;12;-19.219051897872728;-42.14845828328637
316780;11;0;4;-22.056323750436363;-45.04261569189091
316790;15;0;5;-21.354250479554544;-43.24846355610909
316800;92;1;32;-15.807278261568676;-42.209094710736146
316805;10;0;5;-19.763503915655555;-41.6160688266
316810;9;0;4;-19.931365452633333;-46.814575875066666
316820;4;0;4;-19.886200000000002;-46.0175
316830;10;0;5;-19.68929832426;-43.72610822524
316840;28;1;10;-19.289580275217855;-41.989010102521426
316850;44;0;19;-20.65154078134359;-42.85835473421026
316860;704;7;121;-17.8601254782876;-41.502444294679904
316870;227;3;45;-19.550136852372848;-42.64441932197556
316880;13;0;7;-21.1098631251;-44.17356026894615
316890;26;0;6;-19.006077731243476;-45.90409809851304
316900;42;0;16;-21.174477693140624;-43.02156035585938
316905;15;0;4;-22.371126743242858;-46.111263220707144
316910;8;0;6;-22.7365308987875;-46.3795499789
316920;56;1;15;-20.90902876118846;-42.03143567027693
316930;381;3;48;-21.693876045945984;-45.25655673330997
316935;116;1;20;-18.21147050828938;-45.223342312389384
316940;417;2;40;-21.36842223775447;-45.51542423610503
316950;14;0;5;-18.989277416516668;-41.679169566283335
316960;46;2;20;-18.60208322750682;-48.69342526345682
316970;80;1;17;-17.28629789224937;-42.73199348386835
316980;11;0;3;-21.87684136638;-45.77936354922
316990;320;4;56;-21.112052385767807;-42.93883142445377
317000;22;0;8;-16.29260281975;-44.81228968657727
317005;21;0;11;-19.641613236916665;-42.09530022093889
317010;1189;21;93;-19.759873058447173;-47.78946623168421
317020;3748;48;188;-18.918252688206135;-48.280815257169714
317030;6;0;4;-17.281064399999998;-40.6133
317040;306;5;50;-16.364202876309967;-46.88996704168738
317043;11;1;5;-19.529639910072728;-50.334136438554545
317047;7;0;4;-16.092132014285713;-46.25795072857142
317050;14;0;7;-20.353594855123074;-42.74070099014615
317052;29;1;12;-16.125052545134483;-45.74027563290345
317057;10;0;4;-19.60468706384;-42.2993860136
317060;8;0;5;-20.334223423587503;-46.3578569664
317065;23;0;13;-15.402996224352174;-42.30822482638261
317070;1235;7;75;-21.548851423260235;-45.445000497224896
317075;21;0;10;-18.37356960234737;-46.03868361189474
317080;73;2;34;-17.594427102345456;-44.73273067050757
317090;29;2;16;-15.699456056542857;-44.03602663558571
317100;82;1;15;-17.981882960932893;-46.90089672983552
317103;18;0;7;-15.585428733458825;-43.60743586456471
317107;9;0;6;-17.4133612;-42.73808316666666
317110;7;0;5;-19.66800445;-48.30749191666666
317115;7;0;2;-20.036100800000003;-42.2594535
317120;191;2;41;-19.705648511039012;-43.930188067287915
317130;752;4;57;-20.753225551778574;-42.87372762306257
317140;9;0;7;-20.87775125;-42.24871025
317150;8;0;5;-18.5749753418125;-41.915829693175
317160;21;1;9;-16.892076261904762;-42.45676268095239
317170;39;1;10;-22.333263238649998;-45.09101921743889
317180;30;1;10;-18.820088187075864;-42.692679334158626
317190;17;0;10;-18.475094317911765;-42.30852490044118
317200;134;3;25;-21.011337613355117;-42.83717516222677
317210;11;0;7;-21.68185983821818;-42.4850533644
317220;7;0;2;-22.534;-45.363
320010;75;2;19;-20.09132264762154;-41.127228180795385
320013;33;0;11;-18.981653893140624;-40.73949362741875
320016;37;1;15;-18.55021070318148;-40.97877771697037
320020;119;1;22;-20.756024346525894;-41.531574406792856
320030;59;1;12;-20.632768015168182;-40.75144820930682
320035;19;0;11;-19.10462863532222;-41.00589215823334
320040;146;1;25;-20.79822937296281;-40.64314429469504
320050;23;0;8;-21.146117873505;-41.566817764525
320060;361;5;54;-19.819070026716567;-40.24806376582831
320070;32;1;18;-20.910296486003126;-41.18920415912187
320080;107;1;19;-19.516148726062887;-41.011694793780414
320090;171;2;43;-18.753015315671334;-40.88564836719534
320100;50;2;14;-18.524380704772092;-40.29758090719767
320110;26;0;14;-21.125707449129166;-41.67284096674167
320115;41;0;14;-20.1439366937;-41.28866213407778
320120;739;7;63;-20.843251522210505;-41.127890007688485
320130;375;5;65;-20.324001153308597;-40.38827541859685
320140;179;2;19;-20.604167514657647;-41.20277348531764
320150;668;10;93;-19.5309537951854;-40.6362087246259
320160;49;1;20;-18.559681818799998;-39.760134099199995
320170;47;1;12;-20.36033349042222;-41.2448218189
320180;23;0;7;-20.618477381533335;-41.68726931091111
320190;92;1;20;-20.336069017356625;-40.71762504670482
320200;29;0;11;-20.669515673192;-41.840333396772
320210;37;1;15;-18.36617108498286;-40.823001440882855
320220;34;0;10;-19.947866372844828;-40.391674572955175
320225;49;0;14;-19.238244146242856;-40.50420374697959
320230;179;1;29;-20.77115265218;-41.678910234208665
320240;422;5;44;-20.661764917948773;-40.49931563171363
320245;139;1;18;-20.235104876642538;-41.50978577372761
320250;52;0;11;-19.816714835394;-40.372154426926
320255;35;0;8;-20.539514827419353;-41.66855940730968
320260;68;1;13;-20.791260647093104;-40.81441712667758
320265;68;0;15;-20.34514198382353;-41.64016098970588
320270;74;2;17;-19.78760604676613;-40.86221950395483
320280;114;3;31;-20.963633348272644;-40.87176125778396
320290;35;1;11;-19.882312115555884;-40.872940826670586
320300;139;1;15;-20.349746917066664;-41.536953963121604
320305;85;2;29;-18.90734351314756;-40.0664518520683
320310;51;1;13;-20.789439318230613;-41.39216989084082
320313;71;1;19;-19.76314110384727;-40.38489168737272
320316;42;1;12;-19.892528497935714;-41.05373594415238
320320;790;8;68;-19.395952488707866;-40.076585429395735
320330;30;1;12;-18.891035140892306;-41.1255095479
320332;130;0;27;-21.038087012012397;-40.8253864080562
320334;56;0;16;-20.416618021644002;-40.68600352603
320335;42;0;14;-19.41249641978333;-40.54430200178055
320340;81;2;21;-21.065127335796053;-41.37398258690263
320350;66;2;17;-18.128807749181664;-40.35723994790333
320360;22;2;10;-18.087519111366667;-40.51944833170952
320370;91;1;13;-20.455128123999998;-41.410571064785884
320380;38;1;14;-20.949702964543334;-41.34488402279667
320390;156;1;36;-18.70110013492993;-40.42014871174966
320400;45;2;19;-19.2067658084975;-40.843710582430006
320405;45;1;20;-18.286606202112196;-39.969753054160975
320410;86;1;16;-18.40686282935823;-40.21395134556202
320420;66;1;18;-20.829650794236066;-40.72639935760328
320425;26;0;6;-18.140471115384614;-40.53462331685
320430;37;0;15;-21.10352264670278;-41.04562248666389
320435;35;1;13;-19.263692145928125;-40.32572947656875
320440;29;1;13;-20.854240158019998;-40.933474975755004
320450;16;1;11;-20.121921925366667;-40.56138514292
320455;160;1;33;-20.043111041862;-40.756272800321334
320460;91;1;26;-19.929096233892594;-40.60323722457901
320465;24;0;9;-19.139127072014286;-40.618188492209526
320470;203;5;38;-19.014998376048602;-40.534492015200556
320480;37;1;12;-20.987734876665716;-41.62721963824857
320490;365;3;80;-18.715410839061402;-39.85860318615702
320495;47;0;14;-19.737738515402327;-40.65953990786744
320500;782;8;85;-20.191679044853547;-40.26355216401432
320501;58;0;17;-19.17990693338421;-40.10669776959649
320503;75;1;16;-20.667385378492064;-41.01032917603016
320506;179;2;14;-20.33482078782256;-41.132201768370734
320510;76;0;38;-20.362776765579166;-40.456845723897224
320515;29;0;6;-18.61499577665357;-40.610376580810716
320517;38;0;10;-18.990964505660607;-40.37990210121818
320520;1483;15;74;-20.34675978024006;-40.29938010937365
320530;2441;35;105;-20.300423616669327;-40.29921525167137
330010;757;7;110;-23.033506853730138;-44.33482786417473
330015;32;1;10;-21.627266848974074;-42.10580373817037
330020;515;9;70;-22.867813520745454;-42.34356234158306
330022;40;1;16;-22.231346808875;-43.10220737078
330023;102;1;27;-22.764559779534693;-41.92386633600306
330025;51;1;25;-22.966413424477082;-42.04094298395625
330030;273;6;55;-22.469109494491715;-43.835003995088165
330040;586;13;102;-22.542693421342985;-44.17101142557895
330045;441;17;176;-22.753017947447155;-43.39340619060237
330050;81;1;24;-22.179045754750707;-42.42233466980704
330060;261;2;38;-21.142781152134237;-41.67457848988874
330070;826;17;89;-22.805632553304005;-41.918247097352065
330080;159;1;47;-22.491211788275002;-42.67283342718446
330090;41;1;15;-21.54438899441389;-41.90920040010833
330093;32;0;16;-22.2292431102931;-41.68767775064483
330095;50;1;26;-22.03729261300889;-43.214083216953334
330100;1589;20;148;-21.754944470825883;-41.32539106347523
330110;112;2;31;-21.9771678531783;-42.365273173258494
330115;31;0;11;-21.491836906804167;-41.59547714764167
330120;76;2;27;-21.927883292859093;-42.60864085661818
330130;96;1;46;-22.45729363477609;-42.128027748736955
330140;48;1;14;-22.089145510652173;-41.86115072853261
330150;92;2;25;-22.02849985905926;-42.36463816881235
330160;42;1;21;-22.05323908519706;-42.514914674338236
330170;1319;30;178;-22.759197647936258;-43.30128394694316
330180;36;1;23;-22.539366555540003;-43.66803670967333
330185;86;1;29;-22.530360584337352;-42.95284446501205
330187;83;0;24;-22.83801314950125;-42.222491990945
330190;420;6;77;-22.747011083266504;-42.86335084890753
330200;281;7;49;-22.784251562070473;-43.689817977126374
330205;36;2;21;-21.418044939005714;-41.698272948777145
330210;70;3;27;-21.676310880024285;-42.079123331941425
330220;675;5;82;-21.208568769638095;-41.88294633253826
330225;79;2;26;-22.48308449277867;-44.55636496503733
330227;61;1;33;-22.667566324587273;-43.618283098578175
330230;22;1;13;-21.2072338549;-42.123564613642856
330240;1425;8;102;-22.38089557739986;-41.78598257221172
330245;28;0;10;-21.98452133660357;-42.25169431993214
330250;387;7;126;-22.64301168309;-43.097343008068286
330260;73;1;33;-22.950200585864177;-44.02266138212388
330270;294;4;68;-22.92881733733873;-42.85782614969226
330280;61;4;28;-22.523083616250844;-43.73264599678135
330285;142;3;48;-22.809362073194485;-43.46609645339843
330290;139;1;38;-22.462676911160653;-43.47651545237131
330300;76;3;21;-21.429985651470002;-42.17778928639429
330310;69;1;16;-21.041909345857356;-41.97247704116618
330320;396;9;45;-22.806196037622225;-43.41497299499765
330330;3998;49;134;-22.89000995769663;-43.10547215059992
330340;896;8;59;-22.291152925378228;-42.53140712230733
330350;1642;22;118;-22.75534486919252;-43.45629009101433
330360;116;5;46;-22.612683176197752;-43.70862894654045
330370;117;2;41;-22.164905535788574;-43.28713051346381
330380;87;1;38;-23.208794028569866;-44.70761927071781
330385;97;0;41;-22.413425984111825;-43.419550451496775
330390;1018;12;119;-22.47658615525299;-43.16964130421783
330395;54;1;24;-22.513146638681132;-44.005410085307545
330400;77;1;24;-22.61413356212029;-43.90161092319855
330410;98;2;21;-20.953489624993104;-42.029360444863215
330411;61;1;21;-22.425425386215;-44.298896775045
330412;39;1;17;-22.414338268748573;-44.25691650447428
330414;145;3;50;-22.7143061394775;-43.55570211111667
330415;36;1;21;-22.105271909384374;-41.46586376391875
330420;722;9;72;-22.468165766617904;-44.4595345083099
330430;207;2;55;-22.713616772749003;-42.6265527202245
330440;54;1;26;-22.735965980153658;-44.13898620664391
330450;30;1;12;-22.16487373809655;-43.576809508758615
330452;541;8;42;-22.516874018354176;-41.9387704257115
330455;29452;313;587;-22.901218172761425;-43.27890475099056
330460;37;1;11;-21.965477123896775;-41.99626029335806
330470;113;3;29;-21.535934756354347;-42.18030939342174
330475;84;1;32;-21.451852194763415;-41.09902266247073
330480;76;2;28;-21.646193919452855;-41.76221992314143
330490;1467;34;257;-22.81427345478208;-43.057474114620774
330500;102;1;42;-21.650408635308334;-41.0538979808125
330510;491;14;73;-22.798224171521458;-43.37024449880376
330513;18;0;15;-21.360706247222222;-41.93922810555556
330515;88;2;20;-22.159737128519275;-42.93560292773735
330520;228;3;56;-22.835655727450455;-42.09908621485682
330530;19;1;11;-21.88355687836875;-42.09598453715625
330540;47;1;25;-21.998218661066666;-42.8809897013
330550;251;3;63;-22.8980043040267;-42.48203856773348
330555;84;1;29;-22.765944719893334;-43.68786946010533
330560;50;1;27;-22.63438019629592;-42.38878106892041
330570;41;1;22;-22.079622767894737;-42.67803921
330575;76;1;27;-22.73448679596933;-42.721688066172
330580;577;7;80;-22.409662105081093;-42.96329055549564
330590;38;1;18;-22.06321311282903;-42.06675502460968
330600;450;4;64;-22.11606605810613;-43.206249150703776
330610;318;4;60;-22.245355689112664;-43.72228028343896
330615;41;1;16;-20.926559239676923;-41.86457951912564
330620;177;4;31;-22.40205586209568;-43.65612772145803
330630;1209;17;140;-22.516046383029874;-44.09914538970162
350010;299;1;28;-21.688145540259125;-51.073778811754764
350020;7;0;3;-21.234304094214284;-49.64210565602857
350030;101;1;16;-22.057996570837236;-46.96029909323723
350040;12;0;4;-21.921352361355556;-46.71833690555556
350050;84;1;19;-22.473709847116215;-46.63060089744658
350055;16;0;5;-22.88097265725333;-49.23634482824
350060;12;0;5;-22.598295487433333;-47.87633136411667
350070;69;1;16;-22.47105425921212;-48.98676710460909
350075;12;0;5;-23.547152779763636;-47.893458281418184
350080;12;0;6;-21.952683928533332;-51.414310366725
350090;10;0;5;-20.527262280566667;-49.070663586033334
350100;70;1;16;-21.0235908922;-47.37615731215238
350110;8;1;4;-21.585843739325;-50.188979071225
350115;28;0;9;-23.524509295833337;-47.25980719434783
350120;6;0;5;-20.300710198883333;-49.90282544955
350130;41;0;18;-22.08085266524359;-51.46754122912051
350140;4;0;2;-22.08682933305;-49.720310313975
350150;3;0;2;-22.439709947033332;-49.766586599233335
350160;1395;7;77;-22.75144515668898;-47.33083795445919
350170;53;1;16;-21.731475445053334;-48.10855126472889
350180;20;0;4;-20.296771989647368;-49.73379833281579
350190;444;3;52;-22.703942075987122;-46.768639626296974
350200;9;0;3;-22.12656723082222;-47.6645513562
350210;435;2;34;-20.869934873067873;-51.38700298252995
350220;77;1;14;-23.495016530755226;-48.40325130361194
350230;16;0;6;-22.800303380015386;-48.13146385726154
350240;13;0;6;-22.294915448633333;-51.38649179009167
350250;63;1;25;-22.84468148343448;-45.22921425699483
350260;8;1;4;-20.451922726714287;-50.87981986248571
350270;95;1;20;-24.500817228985056;-48.85320381928046
350275;42;0;8;-23.436220339138462;-47.06833424642308
350280;1487;8;69;-21.208375590147657;-50.43687959205235
350290;81;2;19;-23.51338275890411;-47.651849460239724
350300;19;0;8;-20.101536422452632;-47.79143626463158
350310;12;2;4;-23.135002420230002;-49.05410466343
350315;4;0;3;-22.6723806;-44.44793765
350320;1235;11;103;-21.78331898934162;-48.17623120630618
350330;622;5;51;-22.357202055082734;-47.377789078597125
350335;3;0;2;-21.77528433333333;-50.46614966666667
350340;17;1;9;-22.03332432492353;-48.93478615148824
350350;5;0;4;-22.581180319999998;-44.69671996
350360;26;0;7;-22.675318449264708;-48.66567064540588
350370;24;1;8;-21.189129363230435;-48.79003916690435
350380;144;4;23;-22.570748432342253;-47.17369061685845
350390;173;3;31;-23.397444403132653;-46.32295731173741
350395;3;0;2;-20.173295666666668;-50.725842666666665
350400;695;11;54;-22.660033809438964;-50.41077450309244
350410;723;4;43;-23.118393724191442;-46.55484043593819
350420;51;1;14;-20.684855136175;-50.554364564225004
350430;7;0;7;-22.157277718714283;-49.33497577151429
350440;22;0;7;-21.463094917547618;-49.949688440457145
350450;419;2;32;-23.10510947715288;-48.96877999152005
350460;27;0;7;-20.918405302888;-49.448888424824
350470;10;0;6;-21.90370962842;-49.355986663319996
350480;13;0;8;-20.736584403775;-49.58253221284167
350490;24;1;13;-22.655663807622727;-44.31102350607727
350500;5;0;4;-23.62976023235;-49.56324487925
350510;6;0;2;-21.265916692333334;-49.948947412366664
350520;149;1;15;-22.149454659071328;-48.63610842466224
350530;138;1;16;-22.49092295097121;-48.55692479080833
350535;11;0;6;-24.474815763433334;-49.03993927733333
350540;9;0;8;-24.7948718;-48.482530374999996
350550;465;7;48;-20.497041045419188;-48.51761332109797
350560;67;0;17;-21.190368251255382;-48.15845828323539
350570;1058;14;64;-23.499719730086785;-46.85975858388166
350580;53;1;17;-21.921948598915687;-50.7320133149902
350590;435;1;30;-20.89253702850771;-47.58467396628383
350600;1456;20;82;-22.3320050792415;-49.06767250348269
350610;469;4;39;-20.94745654814188;-48.487029287276066
350620;5;0;3;-21.26250818;-50.80955272
350630;25;1;10;-23.018670158855997;-49.47669450142
350635;153;1;27;-23.802128362309027;-46.10570852662153
350640;18;1;6;-21.403289888235296;-50.47875923529412
350650;405;3;42;-21.296992906002895;-50.317726522176315
350660;35;0;15;-23.57557779408788;-46.04001590285455
350670;25;1;10;-21.990737958704347;-48.387128412721744
350680;38;1;7;-22.141151901616666;-48.52157084716111
350690;17;0;10;-23.092984205764704;-48.24797048948823
350700;212;2;38;-23.284646909869586;-47.67276418891031
350710;35;1;7;-23.19107770265294;-46.483182051888235
350715;8;0;4;-24.318666558775;-49.1437990208875
350720;2;0;2;-22.27011;-50.545435
350730;8;0;4;-22.195431148325;-48.7796148897125
350740;72;1;14;-21.620702440410447;-49.07785591630597
350745;6;0;5;-22.57064294322;-48.97161235708
350750;1030;8;53;-22.884547097389706;-48.34475074900409
350760;719;11;81;-22.959432793899385;-46.54138737593118
350770;6;0;3;-21.5013528;-50.319077625000006
350775;5;0;3;-21.1666788;-50.186977999999996
350780;68;0;15;-20.990210121508955;-47.657876637289554
350790;123;1;11;-22.284480576588994;-48.124693109811005
350800;41;1;19;-23.80005466486286;-48.59996913299714
350810;56;1;14;-21.067336330575927;-50.14669411445926
350820;10;0;5;-20.2931257;-47.70952924
350830;4;0;4;-22.458416059225;-49.3374404311
350840;60;1;20;-23.272099741112726;-47.085084935165455
350850;457;4;49;-23.103802589029012;-45.70739602571156
350860;109;0;23;-22.665271110890096;-45.008763420491086
350870;56;5;18;-21.529466086767272;-46.64253937779636
350880;66;1;13;-21.78759154959355;-49.58841008130161
350890;6;0;4;-21.997788866666667;-51.23165298333333
350900;151;5;35;-23.364082822225694;-46.74192060350208
350910;9;0;5;-21.802684571375;-51.976239718175
350920;185;1;38;-23.370319681567228;-46.849086287375144
350925;71;0;26;-24.728652506751562;-48.117157194775
350930;16;1;8;-20.876133981946154;-48.808704278984614
350940;116;1;22;-21.27577096755545;-47.30415939358911
350945;12;0;3;-23.567088187109093;-48.4613368367
350950;5044;57;193;-22.896415950156715;-47.06232385319862
350960;95;1;23;-23.206367907975;-46.78249730554869
350970;133;5;30;-22.74114027859516;-45.59470354349677
350980;5;0;5;-22.6026766476;-50.00119195566
350990;16;0;8;-25.0246218322125;-47.9373189748875
350995;6;0;3;-22.697429622683334;-45.05583314816667
351000;125;1;17;-22.749826844815928;-50.390032468548675
351010;3;0;2;-21.324562798766667;-48.63347439616666
351015;6;0;5;-23.0064828244;-49.78463048095
351020;96;1;29;-24.003388263397703;-48.34872659699885
351030;41;0;13;-23.473251592644118;-47.73725619761177
351040;248;2;28;-22.997051865640376;-47.504580680145075
351050;375;8;58;-23.630401336318315;-45.41576840295959
351060;233;2;35;-23.544260050502764;-46.827793276293086
351070;29;1;9;-20.09958981886154;-49.86885426255769
351080;138;1;25;-21.771479093168644;-47.07702483601695
351090;9;0;8;-21.28387949732222;-47.1710089953
351100;52;1;9;-20.868850911038095;-51.49268915456429
351110;916;17;62;-21.14091893629355;-48.975726448863405
351120;18;0;4;-21.052060707027778;-49.05979751407222
351130;33;0;9;-20.87693548374643;-49.267324245975
351140;54;1;16;-23.036259424981132;-49.1623314984717
351150;249;1;28;-23.16702413597778;-47.74586295981788
351160;33;1;11;-23.22354759307097;-47.950910036525805
351170;46;1;12;-22.518160554009757;-47.769198265024386
351190;18;1;3;-21.559150387566667;-50.44830873476111
351200;77;1;12;-20.71726649232542;-48.5418713884322
351210;15;1;6;-20.17588735;-48.68864716923077
351220;67;2;15;-22.336910384749057;-47.169965870464154
351230;60;4;16;-23.01598410732549;-48.01213171502157
351240;67;0;22;-22.48014822733582;-47.46006292691194
351250;3;0;2;-21.3564876;-50.2843352
351260;8;0;6;-23.632336356785714;-49.3156450972
351270;11;1;3;-22.222872181372725;-47.6238153598
351280;139;2;35;-22.645661251857895;-47.19305975195965
351290;16;0;8;-20.47494508356667;-49.77092856055333
351300;445;4;51;-23.600993308924355;-46.89672903196089
351310;113;1;19;-21.338306111239447;-47.73485129574495
351320;17;0;9;-20.404861271176472;-47.41835566
351330;6;0;3;-22.74337056;-50.78951296
351340;405;4;41;-22.574989459010883;-44.96251166398
351350;238;1;41;-23.89318285900327;-46.42064001146262
351360;38;1;17;-23.071674460494442;-44.955865595683335
351370;187;1;19;-21.90735755231497;-47.61949181777904
351380;362;4;43;-23.688494999964615;-46.61712415983384
351385;3;0;3;-20.4659715956;-50.6062251044
351390;40;1;10;-21.66458636230263;-46.727018161384215
351400;17;0;3;-21.52010612114375;-48.3933468233625
351410;77;1;12;-22.36513020755942;-48.38295116831739
351420;4;0;3;-20.12296228795;-50.513556897625
351430;25;2;10;-22.11418416964091;-48.316265023086366
351440;366;1;35;-21.48401608721512;-51.537585836434566
351450;79;1;9;-22.41476349682297;-49.406240328458104
351460;15;0;5;-21.23974730502;-47.97872603906
351470;9;0;8;-22.4085013569375;-50.194890976425
351480;26;0;18;-24.542556525104544;-48.16341892155455
351490;23;0;11;-23.043270864208694;-47.36989421076522
351492;5;0;2;-21.1678198;-49.107459399999996
351495;6;0;2;-20.982123607433333;-48.83503524961666
351500;249;2;40;-23.653281826955787;-46.83137489956033
351510;61;1;22;-23.835015445896612;-46.8139138552339
351512;8;0;3;-21.833199265275;-51.4829683693375
351515;67;0;13;-22.4997057778125;-47.1946295471875
351518;223;1;22;-22.194460724349998;-46.74586276771226
351519;5;0;5;-22.69427118;-49.43033938
351520;42;1;6;-20.28658498217632;-50.39963284703421
351530;4;0;3;-22.489615110975;-51.661158521925
351535;20;0;9;-22.554580675289472;-52.591949495642105
351540;67;1;15;-23.389686097371186;-49.51171534313051
351550;774;3;50;-20.282399416409874;-50.2481987357952
351560;19;0;7;-21.286536233058822;-48.69711171838236
351565;3;0;1;-22.3583910322;-49.5191826146
351570;106;1;30;-23.543492897964946;-46.370182935035054
351580;6;0;3;-21.676575871266667;-51.38103220988333
351590;7;0;4;-20.67651030405;-50.14544554275
351600;29;1;10;-21.606365789221428;-51.17022477502143
351610;8;0;4;-22.9077010039375;-50.726148654675
351620;1346;7;81;-20.53685347181197;-47.401145677325594
351630;116;2;33;-23.28113360387699;-46.74315141557345
351640;165;3;59;-23.324572797531847;-46.723272905316556
351650;4;0;3;-21.53038175;-50.55487275
351660;20;1;9;-22.2919945123;-49.55219536032105
351670;121;4;35;-22.212025106509007;-49.65403014717297
351680;4;0;2;-20.79924744445;-50.19113659835
351685;13;0;5;-21.83501182750769;-48.487205830815384
351690;32;1;10;-20.644699465003225;-50.369256005322576
351700;22;1;7;-21.762612089121053;-49.90491818917895
351710;5;0;4;-21.323019684366667;-50.19782152303333
351720;22;0;9;-21.611134128536843;-49.78696451637895
351730;9;0;6;-21.910316478487502;-49.895747756725
351740;146;1;24;-20.323445063596093;-48.31479208975547
351750;36;0;15;-20.796252537972414;-49.22316253066552
351760;22;1;16;-24.193851608154546;-48.53913862566364
351770;77;1;16;-20.429541255569013;-47.824549583105636
351780;19;1;5;-21.03256863994375;-51.20864773060625
351790;25;0;9;-20.49138023032174;-48.94600127505217
351800;5;0;2;-20.0763776301;-50.34061717986
351810;6;0;6;-21.897851833333334;-49.592649333333334
351820;104;1;13;-21.252114343775258;-50.644656908948456
351830;55;1;10;-23.409526029192683;-46.04253531111707
351840;628;6;38;-22.810936005889378;-45.19678968756127
351850;32;0;16;-23.38046957279259;-48.18032725468148
351860;83;1;16;-21.362898543378208;-48.230639883489744
351870;572;7;79;-23.97968811602182;-46.26663078883927
351880;2003;20;149;-23.45733250682616;-46.52088868955331
351885;14;0;9;-21.50061713323077;-48.031921581853844
351890;3;0;1;-20.64938696666667;-50.6620579
351900;20;1;13;-22.005281094088886;-50.38525775906111
351905;65;0;7;-22.63217274384746;-47.052213171408475
351907;330;5;44;-22.864389036514954;-47.21817905456386
351910;26;1;10;-21.891731984108333;-49.0201773884375
351920;10;0;4;-21.8574542;-50.68697671428571
351925;12;0;7;-22.832805036363638;-49.153423827272725
351930;78;1;19;-21.953472276291894;-47.99988570661892
351940;26;1;7;-21.081575778575;-49.23802360480417
351950;9;0;5;-22.8145925117;-50.07218361632223
351960;226;2;37;-21.7546025902743;-48.83034638625841
351970;106;1;28;-23.66794957102;-47.212359082894736
351980;25;0;9;-20.343571517558335;-49.198812980666666
351990;32;1;9;-22.660182962051724;-51.074985966758625
352000;34;1;11;-22.512999083928126;-48.558397371690624
352010;98;1;16;-20.03956598153667;-47.74891087248223
352020;20;0;10;-23.20550002242857;-46.15544668742857
352030;43;0;18;-24.695391714443588;-47.55037941296923
352040;73;1;28;-23.817400926686762;-45.36816003774705
352042;21;0;16;-24.76234359093158;-47.58334093817895
352044;191;1;31;-20.431750402725456;-51.34414290147212
352050;868;6;54;-23.091122248882343;-47.2147152996004
352060;16;0;7;-22.174199638026668;-51.25316456848667
352070;10;1;4;-20.089333777777778;-50.12386677777778
352080;3;0;2;-21.7698163795;-50.9605913782
352090;25;1;7;-23.05613995217391;-49.62540640434782
352100;43;2;16;-23.426904313058973;-47.65875350031795
352110;12;0;6;-22.4333223;-47.7100515
352115;5;0;3;-20.65430418376;-49.38555868596
352120;6;0;5;-24.58456643088333;-48.60513233096666
352130;87;1;16;-20.441635561232;-48.013380130394665
352140;45;0;12;-22.584657158445456;-47.51562322736818
352150;14;0;4;-21.281629121283334;-49.409619985675
352160;20;1;7;-21.568783733038888;-51.34920980754444
352170;43;2;30;-23.861496680044187;-49.14182646934884
352180;65;1;25;-23.41826198091765;-49.090798897839214
352190;51;1;12;-21.316761194833333;-49.058870225723524
352200;3;0;2;-21.9724825;-48.7943816
352210;131;2;33;-24.183751003860003;-46.7965869440888
352215;6;0;3;-24.64147543028;-48.83980772312
352220;124;2;27;-23.70143512836017;-46.83813107301949
352230;665;2;68;-23.5857777279665;-48.04762051172874
352240;428;4;47;-23.984596712988075;-48.88194782854306
352250;189;4;43;-23.545167210491062;-46.937848709065925
352260;268;2;40;-22.435430501295738;-46.82429029414882
352265;17;0;5;-24.556592614;-49.17910172868667
352270;163;1;19;-21.59185376368;-48.80771456858069
352280;34;1;17;-23.706905987122582;-49.48798133213548
352290;21;1;9;-22.23379071407895;-48.72178664333684
352300;10;0;5;-20.64400071985;-51.49454800705
352310;185;2;39;-23.476468109510343;-46.34629468347471
352320;125;1;26;-24.11778271364019;-49.328427726159816
352330;20;0;13;-24.292929669021053;-47.146459739294734
352340;317;4;54;-23.009590118463038;-46.838583747386465
352350;36;1;8;-23.100681186276667;-48.61629647325666
352360;51;1;12;-22.249385915908334;-47.811182759639586
352370;7;0;7;-20.641264092342855;-47.220143754257144
352380;10;0;4;-21.73336354;-46.97317005
352390;543;4;56;-23.269992256973932;-47.2956062947321
352400;142;1;31;-23.15751812640703;-47.057667943007814
352410;314;2;22;-20.33609096516756;-47.787020808624746
352420;17;1;7;-20.689554300586668;-48.414439281620005
352430;331;2;31;-21.258669589790596;-48.316648777132286
352440;767;6;51;-23.303768911856817;-45.99111992501679
352450;11;1;7;-20.816763;-49.5274159
352460;32;0;16;-24.701604761290625;-48.007974216875
352470;202;3;40;-22.69890395364603;-46.96503498887354
352480;381;2;30;-20.251711875951244;-50.55896391766552
352490;15;0;6;-23.255194383600003;-45.69067161756429
352500;104;1;24;-23.534348814912242;-46.90156874536021
352510;100;1;23;-21.021550370709782;-47.76851770138478
352520;47;0;14;-23.106222063238636;-46.724617363211365
352530;812;8;54;-22.2954054512944;-48.547753938608196
352540;4;0;3;-20.311008301275;-47.589876164974996
352550;41;0;7;-22.931645987179486;-46.275990705384615
352560;10;0;4;-22.25018786223;-50.76797722398
352570;109;1;16;-21.056628845391668;-49.688315292573144
352580;5;0;3;-22.01425564;-49.79009094
352585;10;0;4;-23.084855276433334;-47.79009910873334
352590;2650;17;109;-23.19076943363936;-46.888876287264694
352600;60;1;18;-21.511476296721053;-51.43663433915087
352610;27;0;15;-24.303219930941665;-47.631820784091666
352620;37;0;15;-23.934027489667645;-47.094156060735294
352630;9;0;5;-23.091829474277777;-45.190059868211115
352640;127;1;22;-23.052472401405645;-47.83491897140403
352650;13;0;5;-21.18890771307778;-51.06408634611111
352660;12;0;7;-22.565300170209092;-44.90286102855455
352670;330;2;41;-22.184938115658575;-47.38671050889094
352680;436;2;26;-22.599648083030456;-48.799356984424364
352690;1373;5;75;-22.568982477529328;-47.402423211924464
352700;43;0;12;-22.5301711894;-46.647215200165
352710;746;4;31;-21.67636342516196;-49.75609096024448
352720;428;3;39;-22.735871904918888;-45.12303911598838
352725;7;0;4;-20.96503242248;-50.226611912319996
352730;80;2;25;-23.087011100016436;-46.961829572749316
352740;61;2;13;-21.72445402008909;-51.01641618643818
352750;3;0;3;-22.429951747999997;-49.52271938323333
352760;51;0;13;-21.553865131208696;-47.702272151278265
352770;10;1;3;-21.67558487615;-50.3274116598
352780;5;0;4;-22.41329573144;-49.809521161279996
352790;4;0;2;-22.3403575;-50.39421
352800;74;1;17;-22.50784422716721;-48.7146094916541
352810;18;1;6;-20.806128309453335;-49.96345605455333
352820;8;0;2;-20.146056125;-50.1949513625
352830;6;0;3;-20.64513544;-50.2244451642
352840;106;0;23;-23.543525269957605;-47.190885860006524
352850;124;1;40;-23.31565629233874;-46.59031754052612
352860;26;1;10;-23.009257259657897;-49.31348110501053
352870;7;0;4;-22.111378667085717;-51.9622879027
352880;27;1;14;-22.615274734526924;-50.673709531369234
352885;5;0;3;-21.2576559751;-49.1315559613
352890;4;0;3;-21.79765435;-51.1804366
352900;1346;15;109;-22.222994713888113;-49.95266788116771
352910;3;0;3;-20.4398715723;-50.82459032536667
352920;63;1;18;-22.064588981967212;-51.17014769016394
352930;347;2;30;-21.605006336272464;-48.365851162882315
352940;530;6;56;-23.66397477027238;-46.46003165465141
352950;10;0;4;-21.18374762028;-49.580934469620004
352960;9;0;4;-20.370803139133333;-50.17208636888889
352965;3;0;2;-19.967155133333332;-50.622099066666664
352970;94;2;21;-20.187829746910225;-48.04289491516136
352980;18;1;9;-22.411215156013334;-48.449726826799996
352990;27;0;15;-24.284118926991304;-47.45659091893913
353000;5;0;3;-19.980079954820003;-50.13622939604
353010;111;2;24;-21.136579812218084;-51.111491656186175
353020;37;0;18;-22.309506647496775;-51.92622214894193
353030;197;3;18;-20.821516138381284;-49.501227622882354
353040;2;0;2;-20.61694;-49.46583
353050;369;1;44;-21.46629295265636;-46.99483774201359
353060;980;16;83;-23.524040576491245;-46.192601473144585
353070;556;4;53;-22.362035074998328;-46.94494870638049
353080;414;3;37;-22.441143172536602;-46.95834060081511
353090;6;0;3;-22.984269333333334;-47.21380583333333
353100;8;0;5;-20.85130865;-50.19924375
353110;65;1;20;-24.10493283836613;-46.64933862983548
353120;30;0;10;-22.687186929474997;-46.68392477182857
353130;320;2;37;-21.263789554473597;-48.49978448821419
353140;71;1;10;-20.76991890539846;-49.71582714938615
353150;82;2;17;-20.90600482844;-48.640400941512
353160;7;0;6;-21.299703144185713;-51.5680835435
353170;11;0;6;-22.92053248549091;-45.8081003511
353180;110;1;25;-22.94718867922353;-47.31219036620784
353190;127;1;30;-20.731472868956452;-48.05916835044839
353200;35;3;16;-22.878458097780644;-46.79216034929032
353205;7;0;4;-21.52862418211667;-48.15054261456667
353210;10;1;3;-20.99015078135;-51.27736687659999
353215;9;0;6;-22.618598620633335;-51.238891351700005
353220;10;0;7;-22.40629700907;-51.52378315749
353230;7;0;3;-23.38480319057143;-45.417313669871426
353240;20;1;8;-23.17188253510526;-46.39648050695789
353250;18;0;6;-20.84590419991111;-49.63091492736666
353260;59;2;12;-20.69609513624445;-50.036565708544444
353270;5;0;2;-20.913051817619998;-49.778396449
353280;7;0;4;-21.029746371359998;-49.50340747832
353282;12;0;9;-24.139098345672725;-48.91916814860909
353284;4;0;4;-20.382096554;-50.93447327615
353286;4;0;3;-20.764709498475;-50.342956773525
353290;33;1;11;-21.77957841491818;-48.56421291461818
353300;42;1;10;-20.5266875952175;-49.322268190224996
353310;6;0;3;-21.334826672333335;-51.64571076085
353320;16;0;5;-21.107049081192855;-51.48867802907143
353325;8;0;6;-20.9927188313375;-48.9184261726875
353330;5;0;2;-20.85611084772;-50.26439523698
353340;140;1;27;-22.779515581454262;-47.3026604593969
353350;165;1;14;-21.46153030417044;-49.22796009017673
353360;36;1;16;-20.73049711307143;-47.75062048002
353370;4;0;3;-22.4311705941;-49.912255002500004
353380;7;0;5;-22.943559312414287;-49.34098283982858
353390;257;2;37;-20.732274264273858;-48.904987799316594
353400;8;0;6;-20.60886221355;-49.298252001437504
353410;21;0;8;-21.867693379088237;-50.218572131741176
353420;20;0;4;-20.18324552775;-49.352066106575
353430;307;1;28;-20.721191375552632;-47.887493726933684
353440;1632;15;90;-23.534648050214287;-46.780267770391816
353450;4;0;2;-22.206671025;-50.19265145
353460;143;1;31;-21.797463640548177;-50.8765416781355
353470;670;5;37;-22.978312316993858;-49.86713592319124
353475;42;1;9;-19.9763745;-50.376559955
353480;16;0;9;-21.488624253726666;-51.702692131233334
353490;49;1;14;-21.559248824982223;-51.260137137268885
353500;32;0;7;-20.386138815054842;-49.438529390638706
353510;40;0;11;-21.07148104296923;-48.77794065745897
353520;28;1;9;-20.421821676872728;-50.76209330865909
353530;81;1;12;-22.787305575222664;-50.219161450028
353540;29;1;14;-21.362349696320692;-51.85720053113449
353550;194;1;31;-22.41710764821696;-50.5794671035269
353560;30;1;11;-23.39261789836923;-45.66033638085385
353570;29;0;4;-21.017503337092595;-48.77473322982963
353580;67;1;14;-23.406981189779998;-48.78022143624462
353590;4;1;2;-20.1036327797;-50.585364161200005
353600;19;1;7;-21.780794205847368;-50.792573758952635
353610;6;0;2;-23.08252284584;-48.37360483164
353620;42;1;22;-24.7131981637475;-47.880344753855
353625;2;0;2;-20.303397;-50.016277
353630;22;1;15;-20.643904020823808;-47.28050845792857
353640;11;0;6;-21.31129778152;-51.842984483529996
353650;359;3;36;-22.76715880407407;-47.152761531768945
353657;3;0;2;-22.577327999999998;-49.40220366666667
353660;10;1;4;-20.04065080324;-49.39532264748
353670;118;2;21;-22.354844480142244;-48.77594263288448
353680;8;0;5;-22.795389213283332;-46.44277006388333
353690;6;0;4;-20.229190449733334;-50.11696686848333
353700;38;1;14;-20.236707674694117;-47.468910143258825
353710;118;3;21;-22.739851324348184;-46.89935540920818
353715;17;0;8;-22.814453356257143;-50.79275156209286
353720;17;1;8;-24.28230539201875;-47.24163398008125
353730;362;3;28;-21.420647123018334;-50.07973363015533
353740;119;1;15;-20.64421651257364;-51.10720811254091
353750;17;0;8;-23.07282339995625;-47.9704768300875
353760;130;4;27;-24.31026708714516;-46.99228038790807
353770;17;0;4;-21.593160907711766;-50.59884656878824
353780;103;1;17;-23.71678677949895;-47.42430159395895
353790;56;1;19;-23.81385903283333;-47.7233568248926
353800;628;4;71;-22.929389375718486;-45.455855974815464
353810;32;0;7;-21.191655758025924;-48.910230339150004
353820;28;0;10;-22.785557839092856;-46.586736827667856
353830;8;0;5;-21.886561066;-51.7296392985125
353850;28;0;9;-22.60896889130417;-45.18275616507916
353860;69;1;13;-23.072642445637314;-46.37241298559253
353870;1783;11;162;-22.726488500098547;-47.64693030603386
353880;144;1;23;-23.191060415889428;-49.38724445987886
353890;79;1;13;-21.978867901007792;-49.45210907437792
353900;39;1;9;-21.09523983937778;-48.66491733499723
353910;22;0;11;-23.39948616495909;-47.000675101595455
353920;63;1;16;-22.27739878018983;-51.49804889297966
353930;408;3;36;-22.009943526046275;-47.425511580401334
353940;20;1;10;-22.414130072905;-49.140318257640004
353950;132;1;29;-21.01032355986991;-48.22388376449292
353960;5;0;4;-21.03192736;-49.92582456
353970;3;0;2;-22.63216865396667;-50.20385613576667
353980;127;1;29;-23.523650952024788;-46.355082011547005
353990;20;0;3;-20.784541731275;-49.81579664934375
354000;217;1;28;-22.10742322187448;-50.17765636253542
354010;3;0;2;-21.73734075;-49.3575241
354020;135;1;25;-21.0334359431032;-48.0372032301432
354025;3;0;2;-20.441331333333334;-50.51996066666667
354030;4;0;3;-20.18121211865;-49.70058690485
354040;8;1;4;-19.9423801719875;-50.53708135145
354050;25;0;7;-23.178531054545456;-48.124095290909096
354060;145;1;28;-23.213820043837035;-47.521263254231854
354070;302;1;34;-21.855696304863272;-47.480720343324364
354075;26;0;17;-22.836052692560003;-45.259087886948
354080;40;1;10;-21.043993959563636;-49.37754820062121
354085;3;0;2;-21.851927;-51.087077
354090;40;0;10;-21.359749378437836;-48.07032222320811
354100;521;4;101;-24.01317225429668;-46.43752983542801
354105;8;0;2;-22.811544966766665;-48.66536736488334
354110;8;1;2;-22.092252878214286;-49.423005108999995
354120;62;1;19;-22.010312143336208;-51.5572304193069
354130;120;1;21;-21.75388776033363;-52.11985715071504
354140;1509;18;87;-22.12190807690952;-51.39692612741145
354150;164;1;29;-21.87390902926536;-51.84439480434836
354160;135;1;22;-21.536774306413953;-49.85804919778915
354165;10;0;2;-23.29952170212222;-48.05500745772222
354170;54;0;14;-22.22744784488367;-50.699810332757146
354180;6;0;3;-21.799629133333337;-50.24004551666667
354190;15;2;12;-22.5333101924;-44.77252190175
354200;32;0;12;-22.071236213478127;-50.30647050923125
354210;12;0;4;-23.0125609029;-47.5281361493125
354220;100;1;25;-22.234309680286813;-50.8944589834033
354230;5;0;3;-23.28025074008;-45.53398436308
354240;67;1;17;-22.220879621591074;-51.305783023587495
354250;16;0;3;-21.889037136892856;-49.22458901612857
354260;189;4;53;-24.49663168358857;-47.84291653438343
354270;8;1;6;-20.602591427500002;-47.4826696
354280;9;0;7;-24.583409019624998;-48.895875323300004
354290;45;1;8;-22.069835519204876;-48.17364361001952
354300;37;1;15;-24.23664892125294;-48.805468325408825
354310;8;0;6;-20.45985929;-47.58838044
354320;3;0;3;-22.785354333333334;-49.932079666666674
354323;2;0;2;-21.8397839;-51.6027752
354325;10;0;5;-24.0980610112125;-48.3640178627125
354330;170;3;24;-23.706367594782144;-46.41155537418512
354340;4331;28;151;-21.18922725960128;-47.80835116808889
354350;12;0;3;-23.830090973877777;-49.43141974365555
354360;12;0;7;-20.081435521791665;-47.425083755241666
354370;20;0;9;-21.56962919306111;-48.04058585490556
354380;15;1;9;-21.72507023257857;-50.722969955757144
354390;976;8;65;-22.40770644645496;-47.56474249038661
354400;108;2;15;-22.842007147553847;-47.60477908442307
354410;39;0;16;-23.746623122078127;-46.394572173140624
354420;17;1;10;-19.97953775712941;-49.6816711585
354425;57;1;16;-22.524744300036538;-52.92433166030769
354430;19;0;10;-22.89892289351579;-45.30635025155264
354440;6;0;3;-21.29979704986;-50.72862315308
354450;3;0;3;-20.174402092566666;-50.99984943866667
354460;11;0;4;-21.454066017185713;-49.58011905385714
354470;2;0;2;-21.884210000000003;-50.95766
354480;8;0;4;-21.338780648057142;-49.49476457478572
354490;73;1;12;-20.76924632861077;-47.83755800033846
354500;18;0;7;-23.5316676475;-45.853780569258824
354510;5;0;5;-21.625045229879998;-50.86041641236
354515;11;0;6;-22.84458304;-47.67700745
354520;322;4;35;-23.20167786523279;-47.29200918908065
354530;122;2;21;-23.650843974514654;-47.575980344748274
354540;12;1;9;-22.888682534733334;-49.98270404726667
354550;5;0;4;-22.47675107146;-51.77613660142
354560;65;1;10;-21.248783907572726;-48.803742967892724
354570;14;1;4;-20.035169728670002;-50.72206026143
354580;515;5;43;-22.753196217681896;-47.407821690619365
354600;26;1;7;-23.38092526;-45.89289012
354610;5;0;3;-20.0988161913;-50.93236524652
354620;8;0;6;-22.262409236385714;-47.3649716106
354625;8;0;6;-21.2024882007375;-47.2965561993
354630;103;2;12;-21.83409252779796;-47.25314359730816
354640;266;2;26;-22.899138857803766;-49.62410322751757
354650;10;0;3;-21.46364843635;-48.39185100085
354660;232;1;23;-20.211196058047367;-50.927721127605736
354670;85;0;15;-22.464775031713334;-47.520724616976
354680;75;2;26;-23.303711230541428;-46.227408518888566
354690;8;0;5;-21.68512944753333;-48.08343430598333
354700;12;0;7;-22.567905401245454;-48.16073540836363
354710;8;0;6;-21.348318696925;-51.754928877462504
354720;3;0;3;-20.251825923866665;-50.79684811286666
354730;163;1;42;-23.45089454297415;-46.89692232112245
354740;4;0;3;-20.144776413725;-50.8306743252
354750;121;1;13;-21.709813610894894;-47.48066758318878
354760;123;1;14;-21.474885732150486;-47.36670941405825
354765;2;0;2;-20.2429344;-50.6890944
354770;72;1;11;-21.974870021130304;-51.65223592589697
354780;1699;17;89;-23.655111485524635;-46.53104661249536
354790;23;1;13;-21.090524554386956;-47.15329057496087
354800;64;0;17;-22.605518941596554;-46.91962256787586
354805;5;0;4;-20.91778;-50.465334
354810;21;0;4;-22.12302190845;-46.680188319349995
354820;31;0;15;-22.821675003448274;-45.67677552068965
354830;6;0;5;-21.85048709365;-51.39343981658333
354840;7;0;3;-21.63539541296667;-50.49904619941666
354850;2609;30;127;-23.96040802890697;-46.3312969623728
354860;32;1;8;-22.685933516844827;-45.731310826482755
354870;1930;23;106;-23.69558348003887;-46.55793360672369
354880;1485;12;64;-23.621497795265284;-46.56606575118057
354890;1318;6;78;-22.013721514633282;-47.88701748668061
354900;5;0;3;-20.359993749479997;-50.69727400762
354910;901;5;49;-21.96972576721719;-46.79723326135596
354920;3;0;2;-20.387967480249998;-50.3786203265
354925;5;0;4;-20.513239;-50.35425425
354930;7;0;4;-21.270658108042856;-51.659568945814286
354940;318;2;21;-20.58694806747549;-47.861447070897064
354950;13;0;6;-20.592297026666667;-47.640148645555556
354960;9;0;6;-22.648397402500002;-44.57931682625
354970;317;2;33;-21.597774386705577;-46.89157942926255
354980;2049;24;104;-20.819927994838046;-49.38788985523885
354990;3059;25;137;-23.204944000259367;-45.89117234547362
354995;19;0;6;-23.852825951089475;-46.94538666011579
355000;14;1;6;-23.22500478246923;-45.307253359576926
355010;197;1;17;-22.735851779260358;-48.571139088190534
355020;93;1;22;-23.87837603510959;-48.00033877414246
355030;43579;317;1328;-23.56504458252286;-46.6435710119543
355040;137;2;17;-22.551392875836665;-47.91055926766583
355050;8;0;6;-22.75460721475;-49.74371706145
355060;468;4;30;-23.534328310716447;-47.13314011271984
355070;269;3;56;-23.792425013536576;-45.4450143963358
355080;57;1;13;-21.711339319300002;-46.82035227394259
355090;61;1;18;-21.483109970142593;-47.568175396609256
355100;434;5;72;-23.965205555443916;-46.39514222803027
355110;20;0;12;-23.641586589633334;-47.82137015051667
355120;2;0;2;-23.2739086342;-49.48216339385
355130;4;0;1;-20.656127009075;-49.921134710325
355140;21;2;8;-21.28792923373;-47.5616181993
355150;87;2;27;-21.209857162298793;-47.59974346800482
355160;140;1;29;-22.61108111344252;-46.702613894561416
355170;584;3;52;-21.13660461911855;-47.99149275428021
355180;11;0;7;-24.386535321336364;-47.92906007146364
355190;26;1;7;-20.809753334425;-48.806238576954165
355200;14;0;7;-22.691817488521426;-44.85027626632143
355210;145;1;19;-22.592308328782444;-46.52838313241221
355220;2147;24;129;-23.506827081159386;-47.461284583708405
355230;23;1;11;-20.684929537883335;-50.91667695791667
355240;404;5;62;-22.822249347923798;-47.24697424617406
355250;517;9;71;-23.54209086811971;-46.31469741661663
355255;7;0;3;-20.5007974998;-51.026770324699996
355260;33;1;5;-20.948855928277776;-49.031540748711116
355270;79;1;17;-21.734870326744616;-48.68369070392
355280;308;5;34;-23.612994931137184;-46.764138215637544
355290;12;0;6;-22.390260477836364;-51.28170747176364
355300;27;1;8;-23.453649362524;-49.406984753852
355310;14;0;7;-21.143948627423075;-48.51069716959231
355320;26;0;7;-21.123350315891667;-48.448957424570835
355330;124;1;22;-21.704269816869566;-47.27336496761652
355340;81;1;16;-20.619878577922076;-49.652905568831166
355350;15;1;8;-23.898506230769232;-47.475676846153846
355360;28;1;14;-21.470443538726922;-46.74876905323846
355365;4;0;4;-21.07293525;-48.41069305
355370;244;3;25;-21.406634769534634;-48.50744230212683
355380;38;1;11;-23.534051833675;-49.24662656004167
355385;12;0;7;-23.933683640054543;-48.69634008069091
355390;11;0;7;-22.304675685218182;-51.55926496420909
355395;32;0;17;-22.750316649203125;-50.57738748564375
355400;632;2;49;-23.352290256058815;-47.85409148015547
355410;1330;14;102;-23.027575254070086;-45.562826281336115
355420;5;0;3;-23.3656268;-49.3464904
355430;81;1;23;-22.520689592627942;-52.181376281267646
355440;24;1;13;-20.787983395347826;-48.33084265793478
355450;226;2;17;-23.106388052770768;-47.71284469637898
355460;6;0;2;-23.205427748016664;-49.603605764466664
355465;4;0;3;-23.24728536665;-48.193415307675004
355470;21;1;8;-22.429206969190474;-48.1702295904
355475;2;0;2;-22.04125;-48.33886
355480;63;1;19;-22.962897595999998;-45.55234702312712
355490;6;0;5;-20.235625766916666;-50.8889350012
355495;7;0;3;-22.8132528426;-46.69429723174285
355500;361;3;38;-21.93458002169446;-50.51329019299184
355510;81;1;13;-21.396303835953848;-51.56768357980769
355520;7;0;1;-20.95097416666667;-50.10725333333334
355530;4;0;3;-20.05340645595;-50.476559027225
355535;3;0;2;-21.163349885600002;-49.71638621026667
355540;127;2;37;-23.44014231385714;-45.080459688802684
355550;12;0;9;-22.526531779155555;-49.66396276097778
355560;37;0;5;-20.9546573183;-49.17623972499706
355570;5;0;2;-20.768291266666665;-49.775534099999994
355580;19;1;9;-20.250268182735294;-50.642618032935296
355590;3;0;2;-21.785318451266665;-49.282472133666666
355600;45;1;11;-21.201793958115555;-49.28711483588667
355610;39;0;8;-20.42098328218788;-50.08516952454545
355620;670;2;47;-22.97182048664268;-47.00477699456718
355630;58;1;13;-21.223772367801725;-50.86700225247758
355635;10;0;7;-22.88894140815714;-46.40471374964285
355640;190;1;30;-21.834640846139887;-46.89617503418033
355645;101;0;18;-23.609699998331315;-47.020815142622226
355650;94;4;37;-23.212824837582225;-46.83571470290111
355660;29;0;5;-22.221724111678572;-49.815850845810715
355670;535;1;33;-23.03970899301207;-46.97956207436552
355680;60;1;17;-20.873689901318965;-48.297704462722415
355690;16;0;9;-21.17488353244286;-48.62973207017143
355695;4;0;3;-20.197065424999998;-50.485061
355700;242;3;47;-23.53966950589061;-47.448011954118776
355710;733;3;38;-20.420724456753543;-49.974225623915835
355715;3;0;2;-21.005427666666666;-50.005677
355720;30;1;8;-23.041321794526667;-49.70940757204333
355730;23;0;14;-22.280684766314284;-46.95117804693333
410010;14;0;7;-23.303297390842857;-50.31698149622143
410020;16;0;6;-24.659398562806665;-48.975526956913335
410030;19;0;8;-25.992141133333334;-49.33421233888889
410040;114;0;42;-25.32128241300636;-49.29041280286182
410045;11;1;6;-24.797692176777776;-52.716628739844445
410050;66;1;15;-23.873081601304765;-53.892897860623805
410060;33;1;8;-23.134150853872413;-52.30607558334482
410070;28;0;7;-24.058526077485713;-53.42971676073928
410080;22;1;9;-22.77686413755909;-51.23296571049091
410090;8;1;6;-23.207139644;-52.707288162725
410100;68;1;13;-25.919544129982814;-53.47799582785781
410105;9;0;7;-24.64590218457778;-53.133988671111105
410110;66;1;14;-23.051100958975383;-50.22892171595538
410115;9;0;3;-23.196806229844444;-51.91101704231111
410120;37;1;12;-25.41704772234857;-48.73133303303428
410130;17;0;10;-25.96169635463125;-50.18008552038125
410140;568;3;73;-23.54963981702709;-51.4502555213063
410150;384;5;56;-23.40782176310751;-51.43947833611957
410160;124;1;20;-24.14521197585856;-49.82460875895406
410165;11;0;2;-24.288685046244446;-51.7550023024
410170;57;3;13;-23.933936359427275;-52.501908253498186
410180;274;1;52;-25.587243532081754;-49.39924586347299
410185;5;0;2;-24.3838772532;-51.590342185880004
410190;40;2;14;-23.378457661538462;-50.84555046923077
410200;181;4;33;-24.40512845614138;-53.52122580909943
410210;87;1;15;-23.234419230267857;-51.668801460354764
410220;13;0;8;-23.153168969215383;-52.054804003461534
410230;14;0;7;-25.473228928571427;-49.62922078571428
410240;93;2;17;-23.10643220404396;-50.37177269033406
410250;59;1;9;-24.029420811857406;-52.01933531923518
410260;45;1;10;-26.2539668718878;-53.63310857364146
410270;8;0;4;-23.11576235535714;-50.183471062071426
410275;9;0;3;-25.88446059791111;-53.65891873837778
410280;44;1;9;-22.9917315761925;-51.20160763930251
410290;38;1;10;-26.16134553844;-51.54433543167667
410300;17;1;3;-24.24660840338667;-52.78483763042
410302;7;0;4;-25.652048051285714;-53.192429748885715
410304;16;0;9;-24.87877226360625;-51.54598909378125
410305;27;2;9;-25.437088290726088;-53.408949807999996
410310;24;1;11;-25.20835639285;-49.11128337261818
410315;9;0;5;-26.19297305;-53.599526825
410320;57;1;7;-23.709763855625;-51.76567801141429
410322;15;0;6;-26.07458844;-52.833632826666665
410330;25;1;7;-23.940547482641666;-51.58519111746667
410335;16;1;10;-24.820947952461538;-53.119918051038454
410337;10;0;5;-24.198476979144445;-53.43051734607778
410340;7;0;2;-22.789034367333333;-51.71242203848333
410345;52;2;12;-24.621118239454;-53.323982758164
410347;11;0;6;-23.768839999999997;-53.433257777777776
410350;19;0;5;-23.6654210704875;-51.34871792984375
410360;59;2;17;-23.041870012282757;-50.07449921843965
410370;159;2;30;-23.28222389517047;-51.2769819176349
410380;16;0;7;-23.624028319266664;-51.708715688400005
410390;42;2;12;-24.593981730307895;-52.80680923460526
410395;9;0;3;-25.216628275;-51.943837525
410400;97;1;20;-25.337170090435162;-49.08057885088351
410405;9;0;6;-25.02145873347778;-52.99743998512222
410410;18;0;8;-25.953477113275;-49.66338432725625
410420;258;7;46;-25.45291292970204;-49.52836648129796
410425;32;0;19;-25.353727588376923;-49.4280828137
410430;808;6;72;-24.042724673293453;-52.38076134584278
410440;34;2;14;-24.598882823019355;-51.30867909091613
410442;59;1;16;-25.595147933463792;-52.07600091536379
410445;26;1;11;-25.374109643894442;-52.12327572136111
410450;73;1;16;-25.663340508051515;-53.80280209998333
410460;47;1;13;-25.49107705461395;-53.606678127793025
410465;66;0;11;-24.943667378301612;-50.12081910469193
410470;40;3;9;-23.42848946935143;-49.71977028834
410480;1194;26;133;-24.959472958158397;-53.459346314796434
410490;241;1;41;-24.787390221778367;-49.99804631289039
410500;26;1;5;-25.215047875461902;-53.16339242512857
410510;34;1;9;-22.820339559274192;-51.59432581596452
410520;31;1;11;-24.823458294970965;-49.28309583209677
410530;32;1;10;-25.1506109243;-53.84904899094839
410540;145;1;33;-25.854431668485002;-52.52671811718429
410550;345;4;80;-23.660572579055522;-52.608618052303584
410560;49;1;10;-23.380835274126664;-52.94274228539333
410570;46;1;13;-26.402704495059375;-52.38170388244688
410580;241;4;63;-25.347112910824578;-49.192495505259316
410590;107;1;12;-22.838245087051483;-51.97924828062476
410600;19;1;6;-23.5528360977125;-50.541578498575
410610;12;1;3;-23.624862090909094;-50.169985909090904
410620;24;1;12;-25.683227182495454;-49.53680191563637
410630;74;2;14;-24.7870222610625;-53.29095766564444
410640;292;4;34;-23.17879994558705;-50.65399358639928
410645;26;0;5;-26.2352610895;-52.01105127553182
410650;116;1;31;-25.977377402582526;-52.56354451789612
410655;9;0;2;-24.099967694177778;-52.11977051517778
410657;15;0;6;-25.61260630570769;-53.122584803815386
410660;66;1;21;-23.784021375256142;-53.072424407
410670;10;1;4;-22.9928005375;-52.16943899793999
410680;35;1;13;-26.00038026993333;-51.34353558083667
410685;9;0;5;-23.993085676944442;-51.451617763811115
410690;9923;84;275;-25.442471005262686;-49.277242048754225
410700;34;1;11;-24.03571034877059;-50.45539098082059
410710;12;1;6;-22.658114122391666;-52.861408804525006
410712;4;0;3;-25.044537078075;-52.683920780775
410715;16;0;8;-24.96574084355;-54.08455311312857
410720;267;3;59;-25.744712679517065;-53.056789602839686
410725;40;1;9;-23.384503208108107;-53.29378571081081
410730;24;1;5;-23.55409234051579;-52.22310965576315
410740;23;1;8;-25.943588925733334;-53.16224768245239
410750;49;1;11;-23.7973320906;-52.260160632487235
410752;9;0;4;-23.72581537383333;-53.811947408777776
410753;16;0;5;-24.711194533146667;-54.242757381960004
410754;12;0;4;-25.411895804509093;-52.81726133131818
410755;7;0;4;-24.095565957214287;-52.63528706817143
410760;87;3;11;-23.994383464379222;-51.33299227672987
410765;150;1;34;-25.6494999669331;-49.311749077626054
410770;18;0;3;-23.91680087537222;-51.979892709005554
410773;14;0;6;-25.468413639621428;-50.528268975528576
410775;33;1;6;-23.849733670667856;-50.40649344556071
410780;22;1;6;-23.318912668536843;-52.30306296279474
410785;25;0;9;-26.285165170408696;-53.30495282306087
410790;21;1;9;-23.611975579400003;-52.080922527694995
410800;24;1;13;-22.866025054216667;-51.391551084825004
410810;3;0;3;-23.087801;-51.955828
410820;26;1;7;-24.318830747368423;-53.35722279473684
410830;831;7;98;-25.534009635724654;-54.57662773236908
410832;13;0;6;-24.069639213592307;-53.855894732507686
410840;736;7;104;-26.07670658752284;-53.05649554824963
410845;14;0;5;-25.738389930707143;-52.12048261415
410850;30;1;12;-26.425494339523077;-51.31581077171539
410855;6;1;5;-24.192858040766666;-51.92277721318334
410860;155;2;30;-24.188275960640972;-53.02002847996597
410865;20;0;7;-25.16355046897;-51.961291359129994
410870;18;1;5;-24.197483658713335;-51.44809643317333
410880;178;1;40;-24.083551728336904;-54.29010486256845
410890;8;1;4;-22.93927825;-52.686000625
410895;25;0;10;-25.1870523410375;-50.814983692345834
410900;7;0;2;-23.513240461428573;-50.20302865708571
410910;4;0;3;-23.341864744425;-52.77685076015
410920;14;0;5;-22.939495305799998;-51.63305625940715
410930;44;3;15;-25.099663927595124;-52.86939796429756
410940;794;10;118;-25.392408887664565;-51.4737989487542
410950;19;1;6;-25.31006693629;-48.33283412254
410960;97;1;22;-25.881949764341112;-48.581816301947775
410965;26;0;8;-26.143917412561112;-52.383142997355556
410970;107;1;14;-23.83902306485673;-50.18702174161634
410975;9;1;6;-25.114733285714287;-53.01523957142857
410980;122;2;26;-23.266236828740002;-51.04715141222087
410990;20;0;12;-23.43484413236111;-53.68601927087778
411000;18;1;5;-23.1996994;-51.828377331249996
411005;6;0;4;-24.713574664899998;-53.08682323058334
411007;29;0;9;-24.43327715546667;-50.71871303646666
411010;94;0;13;-25.228348840425532;-50.613894414893615
411020;38;0;10;-25.5929974292027;-51.120587767297295
411030;6;1;4;-22.753096251916663;-52.19849474271666
411040;13;1;4;-23.48127446960769;-52.698881354930776
411050;33;0;12;-25.02590716880303;-50.58396349241818
411060;42;1;14;-24.002759444209524;-53.71425638439762
411065;5;0;3;-24.427812333333332;-53.354572999999995
411070;315;5;38;-25.47475690940764;-50.65824625495903
411080;38;0;7;-24.429779019444442;-52.10824697777778
411090;10;1;3;-22.55399956583;-51.86459269354
411095;43;1;14;-25.145454251008108;-54.297907069105406
411100;8;1;4;-23.014771693183334;-50.40730044625
411110;17;1;4;-23.66005833877059;-51.988979469376474
411120;61;0;21;-25.96703785882353;-52.81539752495098
411125;41;3;17;-25.211818227276922;-49.35731187208205
411130;13;1;4;-22.72676967336923;-52.88393992645384
411140;22;1;9;-24.93431939757647;-50.81491013788235
411150;169;4;33;-24.24542417216369;-51.67185417168988
411155;31;0;8;-23.400968729231035;-53.37443395304483
411160;8;0;5;-23.6120975581125;-52.2040116811125
411170;19;1;4;-23.74341912955;-50.07382624878889
411180;172;2;41;-23.158799707864073;-49.97403058424611
411190;32;1;8;-23.111367634546873;-51.534945133428124
411200;102;1;18;-24.26092832904286;-49.71229839954176
411210;88;2;17;-23.601794549201177;-51.64237544325411
411220;22;1;7;-24.148129242433335;-52.78693124113889
411230;13;1;4;-23.800219888591666;-50.145878448716665
411240;15;1;7;-23.43417425333333;-52.57883502
411250;28;1;9;-24.185080125732;-51.696724219732005
411260;4;0;2;-22.5528525;-52.03815425
411270;9;1;8;-23.256143333333334;-50.97628888888889
411275;15;1;6;-24.395420002599998;-53.39350951032727
411280;43;1;10;-23.497631063687805;-49.912945195495126
411290;12;0;4;-23.412991667354547;-50.222774742999995
411295;28;1;9;-24.41516294693846;-52.847889228053845
411300;10;1;7;-23.62329072;-52.554458939999996
411310;11;1;3;-23.823999999999998;-51.69266666666667
411320;112;2;24;-25.77222229115413;-49.7307627218
411325;4;0;3;-24.888999621875;-52.470631083049994
411330;176;2;30;-25.402963403550956;-52.411555787070704
411340;8;0;5;-23.0692593942625;-50.7496189690375
411342;7;0;4;-24.09835840657143;-51.64982150204286
411345;8;1;7;-25.259772776825;-53.5761126443125
411350;102;4;17;-22.924808196306998;-53.135984751831
411360;13;0;3;-23.012451241666668;-51.695310175
411370;2273;28;121;-23.358173179469112;-51.20993314291051
411373;13;0;5;-24.285869330776922;-52.27439961373846
411375;12;1;3;-24.08342266342727;-51.745854227072726
411380;10;1;7;-22.75053796;-51.65638133
411390;50;1;12;-25.85001791663261;-50.82727429198043
411400;67;1;12;-24.314958146142423;-52.532739761456064
411410;60;2;17;-23.342720604924136;-52.095997586201726
411420;127;4;19;-23.524744312628695;-51.67367468701305
411430;42;1;15;-25.80001766202439;-49.334270364909756
411435;8;0;5;-26.122374999999998;-53.3320014
411440;64;1;16;-25.950830419974075;-52.18133445188704
411450;40;1;7;-24.517280356617498;-51.66667240476251
411460;375;5;33;-24.559041556182894;-54.064142985260524
411470;17;0;6;-23.612052373666668;-53.215750010575
411480;94;1;25;-23.486747054421503;-51.80088959454838
411490;19;0;4;-23.7564527487375;-51.304058323425
411500;12;1;4;-22.73659207371667;-53.03578518818333
411510;22;0;8;-24.008894759200004;-53.153832090022725
411520;2394;26;125;-23.425452218477705;-51.944289673808434
411530;20;0;7;-26.354265679888886;-52.55683808146111
411535;18;1;5;-24.4291561429125;-53.82507690365
411540;47;1;15;-26.159193590016276;-53.02831748742558
411545;9;0;4;-25.113276785611113;-52.25789445007778
411550;19;1;6;-23.706268050347365;-51.640676475505266
411560;56;2;17;-25.236485980464817;-53.97774959239074
411570;113;1;17;-25.806622883716823;-48.53295387509626
411573;10;0;3;-24.699420586240002;-52.15632421573
411575;22;0;6;-23.907536672590474;-51.21722050049524
411580;220;4;57;-25.294086818980766;-54.096328453072594
411585;24;0;5;-24.440796895454547;-54.17101943636363
411590;6;0;3;-23.25740297653333;-52.776959156366665
411600;5;1;3;-22.966576475;-51.485255374999994
411605;46;2;12;-25.09633336134;-54.241676222675004
411610;40;0;13;-24.051408723089743;-53.007522819815385
411620;44;1;11;-25.488391606205;-48.827077015685
411630;19;0;6;-23.145664573892855;-51.76831041567142
411640;8;0;5;-22.891187457142856;-51.65053664285714
411650;3;0;2;-23.177420351833334;-52.6019274159
411660;3;0;2;-23.3284476;-50.728833666666674
411670;40;2;9;-24.518331293802632;-53.25799349206053
411680;20;1;5;-24.67284435426667;-52.56890919762778
411690;86;2;17;-23.18601238992716;-52.20580202749013
411695;14;1;5;-25.90430830824545;-53.25800990954545
411700;17;0;3;-23.432926871821426;-50.564036246678576
411705;25;1;13;-25.296204784771426;-52.54250373429047
411710;37;1;8;-22.76406235577647;-52.988093330988235
411720;13;1;4;-23.472617213930768;-53.08670213589231
411721;8;0;4;-23.588899353025;-50.7606296467125
411722;27;1;7;-24.448969958752;-53.934314346468
411725;40;1;12;-25.62557431455;-53.33727960896667
411727;37;1;9;-24.443839208441666;-51.947327364325
411729;16;0;4;-23.76306767160625;-51.50771606258125
411730;72;1;23;-24.209308645409678;-50.92401141363226
411740;6;0;4;-23.40792915;-52.20223578333333
411745;13;0;2;-24.77324400687273;-53.90523001495455
411750;60;1;15;-23.462497612928072;-52.047631216326316
411760;199;1;30;-26.481821101123597;-51.98150202808989
411770;124;4;23;-25.42295361309407;-50.00949082776695
411780;21;0;8;-24.902195616233332;-52.18508057692778
411790;233;2;29;-24.283930803005337;-53.840357503827185
411800;33;3;7;-23.287367092370967;-52.57947104013871
411810;33;0;9;-22.924846010725805;-52.152015185187096
411820;347;5;48;-25.52335271257214;-48.51917832008592
411830;5;0;3;-22.6585212132;-52.080841194
411840;396;5;52;-23.0803838965248;-52.46121403699921
411845;16;1;9;-24.62596686784375;-54.22626291995625
411850;803;7;107;-26.22569955678005;-52.674459949306474
411860;20;0;9;-26.196164312026315;-50.92616436656316
411870;21;0;9;-26.04867892191;-50.806061146705005
411880;45;1;9;-23.91471440367381;-52.34294363063809
411885;15;0;9;-23.78040706923077;-53.388368161538466
411890;33;1;10;-23.802312358906452;-53.67992363742258
411900;20;1;8;-25.8177491466;-53.742876674294735
411910;46;2;13;-26.122809343144446;-49.40697815038445
411915;240;2;48;-25.43346227149398;-49.184312979841664
411920;22;1;5;-23.765147836495455;-50.05165120785455
411925;8;0;3;-26.0329767542375;-53.485175594687504
411930;77;2;22;-25.721945442792187;-51.64418571132969
411940;99;0;17;-24.532243783484702;-49.93843496882823
411950;111;1;38;-25.436998553999032;-49.09183288917379
411960;126;1;33;-24.751422211664757;-51.76397155376311
411965;4;0;2;-23.232434853375;-51.584973517975
411970;7;0;3;-23.04122170607143;-52.92273619347143
411980;47;1;15;-25.650205390243904;-53.68685818536585
411990;1564;11;109;-25.09460826509274;-50.15740653897298
411995;88;0;14;-25.662177488348778;-48.46676221934634
412000;28;1;10;-22.75562764224286;-51.378161874557144
412010;12;0;6;-25.546986158663632;-49.896714731881815
412015;5;0;3;-25.56948572;-52.420941240000005
412020;6;1;4;-22.787977800000004;-53.25476948333334
412030;11;0;5;-26.179230865555557;-51.24300556666667
412033;11;1;6;-23.039954296959998;-51.44311107404
412035;31;1;5;-26.020221902914283;-53.736084214878574
412040;13;1;4;-23.27632857859231;-52.151888684284614
412050;28;1;5;-22.859595204847828;-51.02965770959131
412060;135;2;32;-25.203605011052982;-50.99135292287164
412065;8;0;4;-24.27828507142857;-53.11012671428572
412070;27;1;3;-23.56838573658095;-49.91307888711905
412080;52;0;18;-25.368409111658824;-49.07073788192353
412085;25;1;3;-24.57201707932857;-53.97628431512857
412090;99;2;31;-25.450697333119997;-52.90845665478666
412100;23;1;5;-23.091402083330436;-53.48889553006956
412110;21;1;3;-23.85106151986316;-52.13201149321579
412120;36;1;14;-25.87634140118214;-49.50989195526072
412125;9;0;4;-25.11954198078889;-54.02801426104444
412130;14;0;4;-23.06861231147857;-50.91410696436429
412135;8;0;4;-24.30988984695714;-52.95423797198571
412140;103;3;24;-25.76723891089697;-53.532409853096965
412150;46;1;16;-25.62796985440909;-50.68326821695227
412160;21;0;3;-26.15698928006842;-52.971492722926314
412170;79;1;18;-24.645427810080328;-50.85880212341475
412175;12;0;5;-25.68609066380909;-51.93614138035455
412180;40;1;8;-23.195714442747366;-49.76306959661053
412190;40;1;7;-23.407909862655;-50.3588695141825
412200;56;1;12;-25.722011551748146;-50.80380076227407
412210;11;0;4;-23.767040923563638;-51.41383474522727
412215;17;0;10;-25.4897375734125;-52.53371243676875
412217;11;0;4;-24.319136110745454;-51.30989198921818
412220;51;1;20;-25.178083342014002;-49.321830811222
412230;117;1;22;-26.100598898119298;-49.78985277682193
412240;198;3;29;-23.31042587489255;-51.37229912024893
412250;49;3;8;-24.59436533990222;-52.270855662453336
412260;36;1;8;-23.420140710425002;-52.77422132484167
412265;15;3;8;-24.252841983466666;-51.248516572425
412270;18;0;6;-23.323728455435294;-51.555202436270584
412280;17;1;6;-26.16442732897692;-53.37276082343846
412290;9;1;4;-23.60758003757778;-49.639069744000004
412300;63;2;11;-25.783528946430188;-53.30970775840943
412310;11;1;4;-23.25205777091;-50.42959710668
412320;7;0;4;-23.517511402071428;-50.78577525795714
412330;28;1;9;-22.978726298342306;-53.30435719016538
412340;40;1;11;-23.039543600034285;-51.81195009226572
412350;109;6;29;-24.860517000307524;-54.32659400351721
412360;5;0;3;-22.63851766666667;-51.90312
412370;29;1;6;-23.007999718429627;-53.198258458666665
412380;43;1;10;-25.819262254102327;-53.47826370855814
412382;10;1;5;-25.4110205065125;-53.5706180333875
412385;15;0;10;-24.94264078808;-51.86570611524667
412390;27;1;9;-23.12804000144;-50.527048686979995
412395;11;0;3;-23.10891671;-53.106684727
412400;12;1;5;-23.758056977725;-49.629704535975
412402;21;0;12;-25.057626424547617;-53.61874040365238
412405;60;0;15;-25.440086537155768;-54.40217804353654
412410;234;2;29;-23.295735858253476;-50.074150091286086
412420;6;1;3;-22.740508685833333;-52.34231471500001
412430;4;1;3;-23.49277575;-50.642703499999996
412440;79;1;20;-26.06953170373944;-53.722829273178874
412450;18;1;5;-22.694145787271427;-51.79458482812857
412460;12;0;6;-23.31370241;-52.475835110000006
412470;28;0;8;-23.669810829353573;-50.7183976682
412480;66;0;12;-25.793762287017742;-52.72900782014678
412490;10;1;4;-22.5801955;-52.229049599999996
412500;34;1;6;-23.99360661414194;-51.8208966122742
412510;34;1;10;-25.67381387975;-50.2978425676647
412520;42;1;13;-25.70345355743415;-52.91650934779024
412530;17;1;5;-23.4325818515;-52.29373047129333
412535;27;1;13;-23.78606823076923;-53.93593592307692
412540;13;1;7;-23.922511185161536;-49.658131754699994
412545;9;1;5;-24.835467831885715;-53.921358467314285
412550;746;4;61;-25.54035067583253;-49.19435067653706
412555;3;0;2;-23.396504333333336;-52.646397
412560;152;1;26;-25.87520066206857;-50.39096048150072
412570;81;4;23;-25.344460779354055;-54.24083882088108
412575;16;1;10;-24.876616271778573;-53.851221101578574
412580;27;1;7;-23.86521155319231;-51.857991429838464
412590;7;0;3;-22.807463566666666;-53.213997000000006
412600;16;0;5;-23.465890978875;-50.7618844104875
412610;13;0;7;-23.53546811236667;-52.59008109568333
412620;19;1;8;-23.903257614233336;-50.584532191866664
412625;146;2;25;-23.43868278327206;-51.87419269131618
412627;11;0;5;-25.689291454545454;-52.61641345454545
412630;32;1;15;-24.131268149710714;-49.464679891667856
412635;6;0;3;-25.38599133763333;-54.05237489378334
412640;18;1;8;-23.02769700420588;-50.822348076094116
412650;38;1;8;-23.060716305379998;-51.04044856661429
412660;80;1;15;-23.686131518244444;-49.82676082390139
412665;16;0;7;-25.70373900406923;-52.71529608943077
412667;25;1;7;-23.744915657704347;-51.07679705550435
412670;13;1;6;-23.197042916238463;-52.49132454879231
412680;46;1;12;-23.728585495312196;-52.86079969106098
412690;15;0;6;-23.384734796138464;-53.0554366299
412700;32;1;12;-25.37314249596129;-50.43693487901613
412710;384;5;30;-24.325868410431116;-50.61891656171835
412720;63;2;20;-23.76761073351579;-52.4467863204
412730;49;1;8;-22.72346948065778;-52.623104205446666
412740;72;1;11;-24.171132112903226;-54.09195665483871
412750;44;1;10;-24.55589018731724;-50.44345509672069
412760;37;1;13;-25.921772935694445;-49.167456828580555
412770;900;8;74;-24.72697304117596;-53.74302656430519
412780;25;1;8;-23.76386426622353;-49.96242097948235
412785;46;1;10;-25.42620183096667;-53.190760329622215
412788;10;1;6;-24.97618512697778;-49.07039091076667
412790;21;1;8;-23.85161537512353;-52.8307412543647
412795;29;1;6;-24.59196811927917;-53.50862793080416
412796;53;1;11;-25.036212332197294;-51.531236312591886
412800;131;3;34;-24.542078899457376;-52.990838187675415
412810;1004;9;107;-23.762274018730658;-53.31135502869677
412820;314;2;42;-26.228072054297222;-51.087751977723265
412830;4;0;2;-23.084491885374998;-52.15658885355
412840;31;1;5;-23.203765610032;-50.796393751332
412850;52;1;14;-23.846009354789363;-49.7763449146
412853;20;0;5;-24.22123354627222;-50.23719775343889
412855;22;1;10;-25.060626408165;-53.884766701474994
412860;51;1;7;-25.876553314995746;-52.91305527348298
412862;5;0;4;-23.489271402700002;-53.751332319339994
412863;18;0;5;-24.612665753575;-49.40238691065
412865;12;0;3;-25.38173125610909;-52.20285230324546
412870;12;0;5;-26.27299686518182;-52.789279578545454
412880;8;0;4;-23.7263844824875;-53.5576592203875
420005;9;0;6;-27.61105677777778;-51.021816333333334
420010;82;1;17;-26.570720366053248;-52.32230825657013
420020;38;1;11;-27.413223990897365;-49.828832179307895
420030;10;0;4;-27.26424524847;-49.7096165638
420040;37;1;14;-27.00050005643889;-51.555144935849995
420050;14;0;8;-27.06312300992308;-52.95004473006923
420055;13;0;3;-26.879807082499998;-52.85898647605
420060;12;0;8;-27.702634080425;-48.83827914898333
420070;27;0;11;-27.69426328222174;-49.346050983473916
420075;8;0;3;-27.43932634405;-51.909152393887496
420080;22;0;9;-26.503854969615;-53.27072858717501
420090;21;1;8;-27.569751737236846;-49.008095891205265
420100;34;1;9;-27.68964992522903;-51.12592594502903
420110;21;2;9;-27.902068383309523;-49.12778870460953
420120;43;1;13;-27.517431864754762;-48.76893508206428
420125;28;0;17;-27.03645661439259;-49.387828463425926
420127;16;1;9;-27.159002350386668;-52.14689620562
420130;69;1;28;-26.400907680568185;-48.76098206045151
420140;519;2;50;-28.939989535996013;-49.48592878803716
420150;27;1;18;-28.264620053396154;-49.01868589632308
420160;23;1;7;-26.931889792309523;-51.338366161928576
420165;4;0;1;-27.0735095;-52.45877325
420170;34;0;11;-26.95891396187419;-49.37680988306451
420180;6;0;3;-27.42064254983333;-49.78284821585
420190;20;1;8;-27.320566528500002;-49.635528883899994
420195;32;0;12;-28.99006930598276;-49.42219612278621
420200;1023;10;64;-26.985541476526908;-48.63694555618618
420205;21;0;11;-26.459466808935;-48.63104288849
420207;37;0;21;-29.15764832065278;-49.59211884618889
420208;6;0;3;-26.769012316783332;-53.638977964949994
420209;5;0;4;-26.653752912679998;-53.43889474868
420210;119;0;34;-26.645243746508257;-48.69199126414771
420213;26;0;8;-26.29730774780435;-50.465797183682604
420215;10;0;3;-26.842754656430003;-53.57684679882
420220;31;1;16;-26.77939667718276;-49.37725185403448
420230;209;1;55;-27.499575864315535;-48.65321361364223
420240;1770;18;165;-26.91357637481563;-49.07263285438258
420243;22;1;9;-27.745078158526315;-49.94086923552105
420245;92;0;23;-27.155756299395456;-48.506826790163636
420250;16;0;5;-28.339711908753845;-49.62549394283846
420253;9;0;5;-26.736443307155557;-52.39308320581111
420257;8;0;6;-26.69301152344286;-53.095209262714285
420260;39;1;8;-27.798267061351613;-49.50320961774516
420270;15;0;9;-27.198306963253334;-49.07665675878666
420280;185;2;49;-28.273972874695552;-49.16391465624944
420285;16;0;6;-27.358511995053846;-49.885151738969235
420287;8;0;5;-27.314663262499998;-50.8386660875
420290;600;11;80;-27.100802134975403;-48.91567944504919
420300;397;5;56;-26.77607824293747;-51.0166912339562
420310;28;1;13;-27.075317634285188;-53.24838699762592
420315;11;0;7;-26.60650232343;-51.11199172507
420320;231;1;38;-27.022950591492826;-48.656266999334534
420325;7;0;4;-27.937512458942855;-50.51214480464286
420330;28;1;10;-26.19146686578077;-49.26553433181539
420340;27;1;9;-27.8674348605;-50.73905199504231
420350;37;2;13;-26.396222934603227;-53.079015988616135
420360;172;1;41;-27.40000425857083;-51.22453608627143
420370;24;1;12;-27.26081415629167;-48.77465837102083
420380;325;1;37;-26.181457791050935;-50.39398236205248
420390;139;2;19;-27.348229949045653;-51.61404442975724
420395;61;0;28;-28.445817095779308;-48.957489796327586
420400;52;0;10;-27.069462518586;-51.660851569518
420410;21;1;8;-27.162444653344444;-52.87865442854444
420415;8;0;4;-27.6331969206;-51.33590756945
420417;14;0;4;-27.79815215614286;-50.87246958193572
420419;6;0;2;-27.585395489566668;-49.55982484221666
420420;1453;9;154;-27.090879188615364;-52.61817551285263
420425;94;0;31;-28.603088402156523;-49.328545229882614
420430;456;4;75;-27.229876817829613;-52.02497153598314
420435;12;0;8;-26.980976234554547;-52.617429957945454
420440;43;1;9;-26.90617322719474;-52.70311449247632
420445;11;0;2;-26.515028220530002;-52.6656032956
420450;51;0;16;-26.42840767663261;-49.243161098884784
420455;66;1;9;-27.58639815456508;-50.36231131145556
420460;1240;9;200;-28.67701223393024;-49.36903782411832
420470;58;1;14;-26.89301811135306;-53.17081009080612
420475;10;0;5;-26.9727474178;-53.09305394743333
420480;303;1;32;-27.288612631079037;-50.580545830285224
420490;35;1;14;-26.825112334540623;-53.5016219939375
420500;65;1;16;-26.262551744601723;-53.63544839381379
420510;13;0;3;-26.986955192480004;-49.73001491119
420515;7;0;4;-26.718910788814288;-49.47952258747143
420517;8;0;3;-26.891072323533333;-52.73198062325
420519;9;0;4;-28.98480679795;-49.642897601525
420520;16;1;3;-27.278492747253335;-51.44214677810667
420530;50;1;19;-26.850288465326088;-52.259045137165224
420535;5;0;4;-26.77813288062;-53.34795864674
420540;3309;50;171;-27.58417173845137;-48.53577017238847
420543;12;0;3;-26.647749383333334;-52.793106099999996
420545;63;0;30;-28.75686823602;-49.478562633795
420550;212;3;36;-27.02607383742452;-50.92589519656202
420555;2;0;2;-27.174373699999997;-50.81007635
420560;10;0;6;-26.4558115867625;-52.6875681255625
420570;87;0;33;-28.03294495026744;-48.62815802964302
420580;61;2;32;-26.025835857701786;-48.860805540598214
420590;199;1;55;-26.927680443836703;-48.953814049978725
420600;31;0;10;-27.374033506666667;-48.56824251
420610;25;0;11;-28.210349677058332;-49.21955855621667
420620;44;0;17;-28.33622027316818;-49.04253605971137
420630;69;0;18;-27.089238059217912;-48.977839896391046
420640;50;1;13;-26.599872258995;-53.520701230505
420650;118;1;33;-26.47442877716491;-48.996864022944735
420660;23;1;8;-26.392253069075004;-53.52816372387
420665;13;0;3;-27.115616524866667;-52.778507180875
420670;58;0;21;-27.173280519008774;-51.49439464871228
420675;8;0;6;-27.182531720075;-51.2358031159875
420680;11;1;5;-27.092458119539998;-51.36567583512
420690;78;1;21;-27.05590051985;-49.52734586096572
420700;255;2;54;-28.717802446134186;-49.2988918731453
420710;41;0;16;-26.895596627578378;-48.82917219981081
420720;42;1;11;-28.3111117747625;-48.824343818696875
420730;196;1;53;-28.234157290727932;-48.67694455262961
420740;21;0;9;-27.49362439967619;-49.42128771439047
420750;264;3;54;-26.89703873166166;-49.23825500259091
420757;13;0;5;-27.001121511610002;-51.24978125603
420760;17;1;11;-27.401533418556248;-51.7730418448375
420765;55;1;19;-26.984177026772223;-53.531318835633336
420768;20;0;10;-26.647746533023533;-52.45686636945294
420770;25;1;9;-27.12751262631579;-52.19405871052631
420775;15;0;5;-26.826983375964286;-53.28349004802857
420780;45;0;17;-27.023511512686365;-51.89995826232955
420785;10;0;6;-26.655921799122222;-52.89256675558889
420790;35;1;15;-26.258000664975757;-50.79118841903636
420800;60;1;13;-27.275616489510345;-52.33953573534138
420810;85;0;17;-26.34533321365625;-49.90608265869875
420820;1770;2;127;-26.915004148170883;-48.6787571434855
420830;551;5;53;-27.122647867139552;-48.607249759032086
420840;59;1;21;-27.173173500507144;-53.71418378400536
420845;67;0;25;-26.08313914216212;-48.610345792772726
420850;128;2;22;-27.4195795763088;-49.59660046822
420860;16;1;6;-27.17477257860714;-51.73683187465
420870;38;1;14;-29.007810392230553;-49.778767056338886
420880;102;1;25;-28.632274432469696;-49.0343338376697
420890;978;5;99;-26.492114195773134;-49.0832907656932
420895;8;0;6;-26.72172724445;-52.860444188125
420900;496;4;58;-27.175050189060546;-51.512173303807096
420910;2202;20;164;-26.297817296762844;-48.849454903737445
420915;21;0;5;-26.957343406631576;-49.62533562243158
420917;4;0;2;-26.399574730375;-52.727547436975
420920;8;0;2;-27.261577857142857;-51.55744071428571
420930;1647;7;176;-27.81331483965907;-50.32743746317037
420940;135;1;38;-28.474570681421802;-48.78422350294286
420945;4;0;2;-26.85865771;-52.569054365175
420950;37;0;8;-27.22102077987941;-49.73191874928235
420960;43;1;14;-28.3930446856025;-49.3979673294575
420970;24;1;7;-26.929709377683334;-50.69841399243333
420980;11;0;5;-27.490126357772727;-49.2767755008
420985;17;1;5;-27.052329845875;-52.08265885980625
420990;31;0;14;-27.16209892867143;-49.53527218802857
421000;57;1;16;-26.71487821836;-48.912605662174
421003;23;1;7;-27.131000774609998;-51.468856347780005
421005;8;0;6;-26.846030118199998;-51.3604860162875
421010;316;2;42;-26.12324694836634;-49.818401258824835
421020;13;0;5;-27.2978989527;-49.083053368872726
421030;18;1;6;-26.36549449156875;-50.33118886813125
421040;18;0;7;-28.849245428905558;-49.45179585342778
421050;184;1;35;-26.76823882687485;-53.181908042144315
421055;4;0;2;-26.801595289875003;-52.627522036049996
421060;68;1;22;-26.61027284589375;-49.002580247525
421070;9;0;7;-26.480968408133336;-51.15655153856667
421080;41;1;13;-28.837810788737144;-49.633318628022856
421085;7;0;3;-27.2035350905;-50.07175240785715
421090;20;1;9;-26.778366655926316;-53.05607602144737
421100;69;1;23;-27.09934671458125;-53.40395457638906
421105;34;1;13;-27.223061936864706;-50.95535866585
421110;29;1;12;-26.468884176044444;-50.23337550943334
421120;53;1;22;-28.647115615123077;-49.2210799248077
421125;15;0;6;-28.80274998552308;-49.71576762936154
421130;254;1;43;-26.882296192570205;-48.65846996602857
421140;25;1;5;-26.90249236117222;-52.90328743189444
421145;18;0;5;-26.940501190909092;-52.81393485454546
421150;45;1;18;-27.286960830293182;-48.93741982972272
421160;66;1;29;-28.65266337905484;-49.504016713272584
421165;4;0;4;-26.446599964275002;-52.833160758025
421170;147;1;34;-28.34202992535211;-49.29283228943662
421175;94;1;16;-27.503116099175;-50.116352415185716
421180;26;0;10;-27.346682670716;-51.615716165632
421185;8;0;7;-26.693470603057143;-52.310235604528565
421187;6;0;4;-27.254998075433335;-52.50024190891667
421189;9;0;5;-27.924825600277778;-50.10096096887778
421190;513;2;59;-27.650001824984905;-48.67024395126608
421200;30;1;10;-26.35152149161364;-53.28392838776363
421205;12;0;6;-27.5544709715;-50.15897610895001
421210;70;1;16;-27.073958591178787;-53.160372666719695
421220;46;1;15;-26.406782885727907;-50.14161597639534
421223;12;0;5;-26.62186363281818;-53.66997609953636
421225;19;0;11;-29.307598520835292;-49.70554510349412
421227;18;0;9;-26.77578368488125;-52.06275669518125
421230;19;0;6;-27.96602787940526;-48.68319057754737
421240;19;0;9;-28.417930601944445;-49.19203019914445
421250;92;1;24;-26.78241397748095;-48.63966763516667
421260;17;1;9;-27.372894223388236;-51.90482318541177
421265;25;0;14;-28.442641659350002;-49.034499921644446
421270;18;1;7;-27.52913671096;-49.69434582094
421280;116;0;29;-26.760718406515092;-48.678341078652835
421290;193;1;29;-26.84906898282069;-52.98898322738678
421300;13;0;4;-27.047860757908335;-51.230073948825
421310;21;0;5;-27.421790428057143;-51.770410936719045
421315;20;0;5;-27.069460500795003;-52.864332305415
421320;177;1;32;-26.73804084904817;-49.17285126170549
421330;24;1;5;-27.46122221835909;-50.38050691170909
421335;13;0;7;-27.161577468461537;-50.46819231957692
421340;43;1;18;-26.871029960087803;-52.01669772009024
421350;118;0;32;-27.156355284192372;-48.57099029836187
421360;224;1;39;-26.241590050510947;-51.08149391608706
421370;65;1;14;-27.258600119824138;-49.94031145291207
421380;32;1;11;-29.19237384219375;-49.95285016395
421390;8;0;4;-27.2202230611125;-51.80877378495
421400;67;1;13;-27.04745592506129;-49.628379592582256
421410;9;0;3;-27.2780603347;-49.39139585866667
421415;9;0;6;-26.4322040272;-53.56898885558889
421420;60;1;18;-26.72970989797843;-52.719936619388235
421430;13;0;5;-27.672206169584612;-49.022569100023084
421440;22;0;9;-26.898186527657145;-51.07675849879048
421450;19;1;7;-26.94159009143684;-50.13642563638421
421460;27;1;9;-27.194099578773915;-49.796732052943476
421470;37;1;16;-26.734174922155557;-49.270741825075
421480;587;2;64;-27.217512990385053;-49.6423196612
421490;17;1;7;-28.13548784419375;-49.10599257514375
421500;144;1;36;-26.262312305892742;-49.529064776430644
421505;11;0;5;-27.863120608545454;-49.781974219809086
421507;18;0;11;-27.064773628664707;-53.32679491774118
421510;41;0;12;-26.913449357444442;-49.36052963733611
421520;19;0;9;-26.6782581371;-53.31832031681428
421530;39;1;12;-26.98265896894857;-50.003761562237145
421535;5;0;2;-26.60745504102;-53.058544510679994
421540;25;0;6;-26.906068190000003;-51.406513495
421545;22;0;13;-28.653472359442855;-49.11846609467619
421550;42;2;18;-26.942390947460975;-50.41584185325366
421555;7;0;4;-26.939379219333333;-53.61747498141667
421560;5;0;4;-28.038536664859997;-49.12841924292
421565;41;0;17;-29.13332500463947;-49.71933724357631
421567;15;0;6;-26.75413707102143;-50.00898643522142
421568;4;0;2;-26.61789026935;-53.1994324462
421569;8;0;7;-26.6337773303125;-52.67670638
421570;88;2;25;-27.68777832820723;-48.77477818245542
421575;5;0;4;-26.473637958;-52.9658103837
421580;330;3;57;-26.246074655223303;-49.38668488767508
421590;20;1;8;-27.872270880514996;-48.921849242705
421600;51;1;14;-27.079060043411765;-53.00618613136078
421605;10;0;6;-27.271170734290003;-50.44021221575
421610;52;0;9;-26.55950351475909;-52.535811064813636
421620;197;2;43;-26.244258459746707;-48.617708955581435
421625;23;1;8;-27.097387900195237;-53.59451028227619
421630;101;1;24;-27.282513044251044;-48.85304772412187
421635;14;0;6;-26.605109452271428;-48.77644024446429
421640;21;0;10;-29.219029928399998;-49.80702804533333
421650;128;1;19;-28.289385393653912;-49.93324928448957
421660;807;8;87;-27.58866887824429;-48.62362478644403
421670;53;1;13;-26.454751374475;-53.50035222568125
421680;20;1;3;-27.6592286960625;-50.58016666699375
421690;175;1;32;-26.35974303732174;-52.84955610261491
421700;45;0;14;-28.32686643387209;-49.17699526732326
421710;17;0;7;-28.157127478188237;-48.97844159319412
421715;9;0;6;-26.692227107344443;-53.25472966665556
421720;432;4;87;-26.727131450725775;-53.520453257254175
421725;14;1;7;-27.568338271992854;-48.71214247199286
421730;49;1;7;-26.91653024150909;-52.998415444425
421740;41;0;20;-26.411826013505266;-49.07330685250526
421750;110;1;26;-27.157418352847117;-52.3115881493673
421755;21;0;4;-26.727129414773685;-53.04449867933158
421760;31;0;13;-28.599780766200002;-49.42912690779333
421770;108;1;33;-29.108621023196037;-49.63338192361684
421775;7;0;3;-26.73939794047143;-52.967373899057144
421780;99;1;23;-27.116825722382977;-50.00452023217234
421790;30;2;12;-27.10326065384815;-51.24615303312593
421795;6;0;3;-26.689129984183335;-53.15229644205001
421800;168;1;33;-27.242016602067686;-48.63988770061159
421810;19;1;13;-28.82771678321765;-49.853891741347056
421820;253;3;44;-26.826631536780507;-49.27137687316017
421825;10;0;7;-26.6161747037;-50.67749656158889
421830;45;1;23;-26.12905713422619;-50.32005755464285
421835;12;0;5;-28.512183571658337;-49.461197459850005
421840;22;1;13;-28.562793062114284;-49.14677205291905
421850;43;1;10;-26.998595348919444;-51.4110103024
421860;41;2;7;-27.301639108523684;-49.795727899752634
421870;724;3;83;-28.473823781979462;-49.008741673192354
421875;27;1;8;-26.971133327765383;-53.63694674768846
421880;71;1;24;-28.923505869412306;-49.685083665486154
421885;12;0;5;-26.763202432980002;-52.85186282225
421890;54;1;12;-28.006832702729167;-49.59068127595625
421895;11;0;4;-27.95383695117273;-49.87537569906363
421900;101;1;32;-28.52125379008182;-49.321303874125256
421910;20;1;8;-26.854214693394116;-52.15272590657059
421915;14;0;5;-27.49153751739231;-50.978682115323075
421917;17;0;6;-26.981844382557142;-51.757487411700005
421920;22;1;7;-27.385690062945454;-49.35813533800455
421930;466;3;50;-27.006259640194315;-51.14680288992932
421935;22;1;5;-26.881993326272724;-49.83469061641363
421940;15;2;7;-26.927429906876924;-49.80592347617692
421950;475;2;45;-26.88166853717539;-52.405576642044295
421960;21;0;8;-27.06133061254375;-52.33988065356875
421970;143;2;34;-26.90181277175076;-52.5128815686053
421985;13;0;3;-27.452281470684618;-51.552410318623075
422000;36;0;14;-28.81952046808611;-49.241990153316664
430003;6;1;4;-31.835180880883332;-54.14695181366667
430005;16;0;3;-28.183296597125;-52.0408587679
430010;44;1;9;-29.641752208792685;-53.24994265990001
430020;26;1;9;-28.237892434805;-53.764402891710006
430030;21;1;6;-27.630691295238098;-54.74269431904762
430040;256;2;40;-29.784839478658547;-55.789391372525216
430045;24;0;6;-27.83104136219048;-54.055216468823815
430047;7;0;5;-28.10681285212857;-52.908932481
430050;17;1;10;-27.24789694117647;-53.04132411764706
430055;11;0;4;-28.77578938449091;-52.991188163163635
430057;9;0;2;-29.3850758122;-51.31100675887143
430060;179;1;46;-30.004037883967626;-51.07641258282138
430063;14;0;6;-30.867577363608333;-52.26184347795
430064;20;1;11;-27.362706269134996;-53.18070165409999
430066;4;0;2;-28.567483;-51.51608
430070;42;2;11;-28.97090280104167;-52.00960129346111
430080;87;1;9;-28.85757017382;-51.2834880998175
430085;20;0;3;-30.90394300333;-51.508907287659994
430087;10;0;8;-29.619500488844444;-50.92690620037778
430090;18;2;6;-27.40311440478125;-52.31968464419375
430100;87;1;17;-29.402235003580234;-51.94968195980814
430105;34;0;11;-29.54133256108485;-49.88839466948787
430107;6;0;4;-31.444195329333336;-52.42275151503333
430110;34;0;11;-30.08882512387742;-51.731259740370966
430120;57;1;10;-29.3306282171;-53.09008512212916
430130;49;1;11;-32.23318139398139;-53.07276071776278
430140;37;1;12;-28.9338407484;-52.181975442682855
430150;26;1;8;-28.515335329376924;-53.99130885692693
430155;8;0;5;-27.697461250525;-52.049306991
430160;434;3;53;-31.32415616852214;-54.10792322186034
430163;37;0;11;-30.237188893571425;-50.22581383014572
430165;13;0;8;-29.37585933751667;-51.500200259066666
430170;21;1;6;-27.621311142817646;-52.377735463876476
430175;9;0;4;-30.392467106700003;-51.75627031874444
430180;31;0;5;-27.722784621253332;-51.46693967868
430185;7;0;3;-27.198050014285712;-53.72833264285714
430187;10;0;7;-30.207379771630002;-57.555172852190005
430190;35;1;15;-30.300259620062963;-51.31811574829259
430192;4;0;3;-27.410510633824998;-52.4133077213
430195;8;0;4;-27.924480898125;-53.039889291875
430200;34;0;9;-29.094488348600002;-52.58260642939697
430205;6;0;3;-27.4988011752;-52.62280771353333
430210;599;1;57;-29.168422434098222;-51.515112000710324
430215;14;0;7;-27.6274601281;-53.29063300275
430220;56;1;9;-27.669516357545454;-54.11009133205227
430222;7;0;3;-28.56773912462857;-53.805863335714285
430223;5;0;2;-28.819557188174997;-53.390241406499996
430225;7;0;2;-29.343095081;-51.67072108975
430230;46;1;12;-28.685129431886047;-50.431626751425576
430235;47;1;15;-29.490421853233332;-51.35464176363111
430237;6;0;5;-27.549614003800002;-53.86570775721666
430240;48;1;11;-29.604317560163636;-51.9377258948909
430245;20;1;7;-29.302140324330004;-52.429812983934994
430250;26;0;8;-28.702469610616;-54.938933575948006
430258;4;0;1;-28.373873110475;-53.756253719325
430260;9;1;4;-27.61597830182222;-53.73731876352222
430265;21;0;5;-29.55137244720526;-51.59709755913158
430270;56;0;18;-30.121182986417647;-51.960350250529416
430280;82;1;20;-30.51652588767286;-53.49559452685143
430290;44;2;12;-29.884838980124393;-54.828498620002435
430300;391;2;59;-30.044550098968408;-52.89562787281979
430310;344;2;49;-29.94941547976854;-51.09631682234769
430320;26;0;8;-27.768435419132;-51.6940300259
430330;22;1;7;-28.289799788340908;-54.637474230259095
430340;24;1;7;-27.269539400777273;-53.44056670235
430350;717;2;66;-30.833886015211043;-51.81103850568677
430355;14;0;7;-28.595973771276924;-52.20207185243077
430360;21;2;13;-29.05154623046875;-50.1433676800125
430367;10;0;6;-28.79440713508889;-51.0548836031
430370;34;1;4;-27.990797422872728;-54.83409336975455
430380;16;1;5;-27.7173135165375;-52.6242241978625
430390;194;1;38;-29.678873243850557;-51.05929855339611
430400;9;1;5;-27.67664079365;-53.8063336420375
430410;18;0;8;-28.88592703308125;-52.999682686775
430420;84;1;23;-29.671842409994596;-52.78942217406892
430430;28;1;7;-27.950935298872;-54.75265882058
430435;35;0;12;-31.561040433778125;-53.686682867612504
430440;153;1;26;-29.33586126406294;-50.77529988092168
430450;99;1;25;-31.374717105864892;-52.68656223237234
430460;1057;7;105;-29.917995922327023;-51.180085454161244
430461;7;0;3;-29.3204538511;-52.225034220433336
430462;10;0;4;-28.125909475;-51.39338205
430463;221;1;27;-29.744845621572278;-50.01561472455075
430465;7;0;3;-28.933141395085716;-54.57030562387143
430466;26;0;14;-31.768987009470834;-52.483137394433335
430467;14;0;6;-30.149756840446155;-50.51159744992307
430468;21;0;9;-29.685996668115003;-51.319475037489994
430469;9;0;3;-29.270106860985717;-51.989036957014285
430470;468;2;51;-28.28483643183266;-52.79025467922882
430471;8;0;6;-29.78249702857143;-50.42189872857143
430480;147;1;11;-29.297518905835506;-51.50232621940363
430485;3;0;3;-27.716001899600002;-51.9146454617
430490;66;1;9;-28.621914640822414;-51.948974278805174
430495;9;0;7;-28.269765139877777;-51.68905353903333
430500;12;0;5;-28.250474836;-54.01391674492727
430510;1911;8;107;-29.16331531170738;-51.18011963104995
430511;6;0;5;-27.76129541264;-52.0001648634
430512;10;0;4;-31.8321504107125;-52.8247487966125
430513;15;1;9;-29.655869691941664;-52.93920913409167
430515;15;0;5;-27.611423023907143;-53.167294603107145
430517;29;0;6;-30.596027510527588;-51.74742111926551
430520;99;1;11;-28.146107429882612;-54.74082039683261
430530;32;1;13;-28.051301959290626;-53.06010107117188
430535;122;3;28;-29.88011478245517;-51.57275565276638
430537;7;0;3;-27.953258082257143;-52.01244639701429
430540;22;1;9;-27.88646402043809;-53.94025292316666
430543;11;0;7;-33.635044;-53.439320599999995
430544;20;0;4;-30.752972179877776;-51.98023700528889
430545;23;0;10;-30.179796512369563;-50.22137836081305
430550;22;0;7;-28.34801730526316;-51.879902972284206
430558;6;0;3;-29.388135;-51.869264
430560;15;0;4;-28.510869045458335;-52.98774400399167
430570;11;1;7;-28.20755479412;-53.49096693314
430580;33;1;10;-27.735194307393105;-52.99207382250345
430583;3;0;2;-29.1782158481;-52.09468018366667
430585;10;0;7;-28.124143571428572;-52.777007857142856
430587;7;0;5;-28.384671985714284;-54.07004538571429
430590;28;1;9;-27.721289258085715;-53.70349096611072
430593;3;0;2;-29.365955575666664;-51.642139227099996
430595;14;0;2;-28.99283934747778;-51.692575051333336
430597;8;0;4;-28.1284926849;-52.279150576585714
430600;46;3;15;-27.496572850033335;-54.09756523022052
430605;35;0;10;-30.99649995374412;-52.05306322212942
430607;13;0;5;-27.44982230276154;-53.247316564476925
430610;322;4;55;-28.641645118888214;-53.60117496778552
430613;4;0;2;-27.66950993333333;-52.649692188766664
430620;26;1;7;-29.51244751836316;-51.98379875421579
430630;13;1;6;-28.38763664006154;-51.84747773817692
430632;9;0;6;-27.26654048888889;-53.86232713333333
430635;7;0;2;-28.22491695076;-55.04772506168
430637;10;0;4;-29.71998805143;-54.189049312689995
430640;182;4;26;-29.58882499864743;-51.08786885631029
430642;6;0;2;-27.65843431175;-53.52841149611667
430645;22;1;8;-28.993801791045;-51.80152176394
430650;36;2;19;-30.70142935350303;-52.17260712474243
430655;3;0;2;-29.369724897266668;-49.84905749563333
430660;132;1;19;-30.982962446550808;-54.66847260744435
430670;12;0;3;-29.512344222072727;-53.21750736778181
430673;22;0;6;-27.5076128214;-54.35725597228947
430675;7;0;4;-29.101807142857144;-51.98344555714285
430676;66;0;21;-29.993429556959324;-51.336701123659324
430680;195;2;33;-29.231882732861827;-51.87790958833763
430690;70;1;18;-30.54312773978281;-52.52376885218594
430692;9;1;6;-27.69285;-52.92362285714285
430693;26;0;9;-28.362110131895452;-54.27114062342727
430695;16;0;3;-27.52713983677692;-52.73108921551538
430697;3;0;2;-27.839979;-52.290608666666664
430700;662;4;35;-27.620982571744314;-52.27913052437216
430705;8;0;5;-28.49788427858333;-52.572750443366665
430710;21;1;4;-32.025906800222224;-53.38963985442778
430720;9;0;4;-27.391267315075;-52.5698458501625
430730;19;0;13;-27.55042554912105;-53.50935435674737
430740;15;0;3;-28.056059004793333;-51.19127297401334
430745;6;0;4;-27.361914233333334;-53.98981130000001
430750;93;1;13;-28.7310797559;-52.8451912461
430755;16;1;7;-27.91382874416875;-52.25401723649375
430760;119;1;23;-29.652967795132454;-51.17216322142193
430770;309;3;44;-29.84903922109204;-51.16890700480968
430780;158;2;27;-29.49942830684258;-51.96496722092323
430781;10;0;6;-29.20478198931;-53.166434986190005
430783;8;0;3;-28.526308222566666;-54.145625023466664
430786;11;0;4;-28.881540472309094;-51.702304643299996
430790;277;2;35;-29.22621631558736;-51.34707940474535
430800;59;2;9;-29.575782264811114;-53.44412118376667
430805;3;0;2;-27.424622856633334;-52.67422766123334
430807;12;0;2;-29.592702777875;-51.82684641620833
430810;102;1;14;-29.453131858174697;-51.304243801883125
430820;251;1;26;-29.03113507038984;-51.182509925519106
430825;5;0;2;-27.856294444640003;-52.07785771254
430830;21;0;9;-28.98548226410625;-52.3539737563125
430840;21;1;6;-29.996141346215;-53.503620497715
430843;3;0;2;-29.382608232899997;-52.096976637833336
430845;18;1;6;-28.808833814688235;-53.22487168002941
430850;259;2;36;-27.358205267008437;-53.39281444880201
430860;209;1;15;-29.253246073602927;-51.53831670902927
430865;21;0;5;-28.19633415115625;-55.62089146496875
430870;30;1;6;-27.58778913762069;-52.09873399161379
430880;17;0;9;-29.89242494962941;-51.80425144097647
430885;8;0;4;-28.431249736457143;-52.03584510792857
430890;88;1;15;-27.88454598059873;-52.22319773857722
430900;68;1;26;-28.03097623539375;-54.346404676326564
430905;14;0;6;-29.881545292953845;-50.778405455953845
430910;417;3;44;-29.379955394150624;-50.87308960486484
430912;6;0;5;-27.444690636783335;-52.917619966800004
430915;7;0;2;-29.26990766934286;-52.578297600657145
430920;731;1;74;-29.93435679675325;-50.99811513446215
430925;13;1;5;-28.540800538233334;-51.690524788855555
430930;284;2;34;-30.102290553169517;-51.323708990749445
430940;200;1;20;-28.847291319269022;-51.8899441512799
430950;34;1;9;-28.145237067585185;-54.55956245747037
430955;16;0;4;-29.55011659698;-51.423843383779996
430957;7;0;4;-29.3563478395;-52.50357172414285
430960;88;1;15;-27.67321562740595;-54.351195656502384
430965;5;0;4;-31.4045450143;-53.86686658468
430970;24;1;4;-27.563402761405268;-53.977280817421054
430975;10;0;6;-29.42014998486;-53.13221657991001
430980;35;0;7;-28.059486075948573;-51.853869873228575
430990;33;0;9;-28.370862239861538;-51.63834208565769
430995;10;0;5;-28.624849275;-52.5154573
431000;172;1;23;-28.631278599276875;-53.091527812515004
431010;195;2;23;-29.57429849572967;-50.796859881514834
431020;524;3;68;-28.348008471845972;-53.942742280807664
431030;26;1;4;-28.962710818308334;-52.085475449537505
431033;48;0;21;-29.940327198413332;-50.11792431004223
431036;10;0;6;-29.3518675269875;-51.7736574489625
431040;33;0;8;-27.90707376386129;-54.1483208306
431041;10;0;6;-27.88196815;-54.01880007
431043;18;0;4;-28.777235556833332;-51.284225992833335
431046;3;0;3;-27.93683672655;-52.42688316155
431050;19;1;8;-27.194029322389472;-53.25384444318947
431053;19;0;3;-29.60427483843684;-53.76189463832632
431055;7;0;3;-28.6557048;-55.20956825
431057;6;0;2;-28.7787847209;-52.17200420486
431060;125;1;24;-29.129625661390435;-56.55367078935652
431065;6;0;4;-29.493287160479998;-50.10215105626
431070;10;0;3;-27.36939010628;-52.458122820049994
431075;11;0;5;-29.522330215022222;-53.58260038562222
431080;76;1;18;-29.60085871109275;-51.16307459965073
431085;23;1;4;-27.633309870588235;-53.27472551176471
431087;3;0;2;-29.034296610499997;-53.05659770966667
431090;9;1;6;-27.686627507957144;-52.50518399625714
431100;72;1;24;-32.56306267988985;-53.37623184070435
431110;33;1;10;-29.49855524151724;-54.69010837117241
431112;11;0;7;-28.873093195854548;-50.391972990254544
431113;6;0;4;-29.28864980505;-54.2228232216
431115;18;0;5;-28.64804003102;-54.11218405866
431120;68;1;19;-29.232250376193335;-53.682168627111665
431123;4;0;2;-29.492633012266666;-53.015739207366664
431125;8;0;5;-29.22996668382857;-52.78651905992857
431127;6;0;3;-28.57112199166667;-52.845848935566664
431130;158;1;28;-28.210797645820513;-51.522639145672436
431140;710;3;76;-29.458952481468465;-51.96855564521321
431142;7;0;3;-27.690158051771427;-53.18112590344286
431150;28;1;9;-30.811530576124;-53.912958055952004
431160;16;0;9;-27.597491292133334;-53.075240212000004
431162;11;0;6;-29.5979119005;-51.20863054665454
431164;3;0;1;-29.466283933333333;-51.20010679999999
431170;31;0;8;-27.5613693558;-51.657767202574995
431171;15;0;5;-29.088977806185714;-55.93758081050714
431173;9;0;5;-29.2203981373125;-49.9511801191
431175;36;0;9;-29.57807090988182;-55.47341698691364
431177;10;0;9;-29.67970209976;-50.20517907222
431179;11;0;2;-29.55199703586;-51.55401858355
431180;273;4;33;-28.483154194052123;-52.15625374910502
431190;20;1;5;-27.46231931808421;-51.911137141852635
431198;5;0;4;-30.35504264524;-51.583760671920004
431200;5;2;5;-27.352419296675002;-52.147911831775
431205;21;1;10;-29.318074049280952;-52.104460626323814
431210;17;1;7;-29.563266485235715;-54.448927634207145
431213;4;0;2;-28.279139287799996;-52.195107110200006
431215;8;0;5;-29.5264881092875;-52.130533978325
431217;10;0;5;-28.239029845766666;-54.57511764991667
431220;21;1;5;-27.63396427647;-51.80324618727
431225;9;0;8;-30.13421904357778;-52.04531375495556
431230;13;0;5;-27.492185278222223;-53.69056969578889
431235;13;0;3;-28.65241526449091;-52.0747660767
431237;4;0;4;-28.663240432225003;-50.7739470899
431238;10;0;3;-29.1574292840125;-51.6387860070125
431240;475;2;31;-29.683134515983877;-51.456468803091944
431242;13;0;4;-28.693821808983333;-52.66665913219166
431244;8;0;3;-29.364856577912498;-49.9304044703125
431245;26;0;7;-31.59941816253077;-52.61913618523077
431247;11;0;4;-29.53973322060909;-51.07967008336364
431250;32;0;13;-31.08238159498276;-50.90001861621379
431260;22;1;12;-29.166143663499998;-51.872034731840905
431261;4;0;2;-28.316936654475;-51.182897418850004
431262;8;0;3;-28.331868100585716;-51.76382416638571
431265;98;2;17;-28.460251289600002;-52.819243591509995
431267;6;0;2;-28.500147137566668;-52.430534879683336
431270;35;1;10;-27.360302040813334;-52.77313965623
431275;6;0;5;-28.67770011276667;-52.16528573076667
431280;26;0;8;-28.660153799854168;-51.7474856523375
431290;53;1;10;-28.727851925683336;-51.70412870761667
431295;7;0;6;-27.991410675785716;-52.98077152012858
431300;19;1;9;-29.214640230121052;-52.02429960314737
431301;11;0;6;-27.609352549999997;-54.107470490909094
431303;9;0;5;-29.408638844444447;-54.82823110333334
431306;35;0;13;-29.579321595018182;-50.906265214845455
431308;7;0;1;-29.027526158199997;-51.30422937933999
431310;25;1;9;-29.471754487499997;-53.46615562083333
431320;139;1;18;-29.3764815858125;-51.11082520405703
431330;250;1;24;-28.78352455850917;-51.60987954268471
431333;11;0;4;-28.084263419227273;-53.70591325491819
431335;10;0;2;-28.9892273473;-51.40734672545
431337;73;0;16;-29.86106020125303;-51.27343602297727
431339;15;0;3;-29.73668436684286;-52.96383151357857
431340;912;7;63;-29.68512694535438;-51.12473044985092
431342;15;0;4;-27.55184417835;-54.5088340768
431344;14;0;7;-27.563463451123077;-53.18446896217692
431346;9;0;4;-27.714997943611113;-53.10421908721111
431349;20;0;6;-27.90830410605294;-53.11261570922353
431350;233;1;40;-29.887501320102913;-50.26180201267864
431360;21;1;4;-27.70801236705714;-51.768239132742856
431365;21;1;12;-30.305326342894737;-50.43967616208948
431370;166;1;44;-27.90288583616443;-53.314957470759055
431380;47;1;9;-27.353954535678263;-53.558403258308694
431390;197;1;53;-28.294838639829166;-53.50233678883154
431395;17;0;13;-30.21558358489375;-52.36873542889375
431400;50;1;11;-28.59563600178913;-51.787644463723915
431402;18;1;7;-29.7239711524875;-53.173638013625
431403;11;0;4;-29.636388222154547;-51.40040573319091
431405;82;1;21;-29.6307522250726;-50.834265863257535
431406;7;0;4;-29.4437830581;-52.94828412752857
431407;20;0;5;-29.746142457073333;-52.27822268368
431410;1526;8;96;-28.25722907134867;-52.40758730194724
431413;4;0;3;-27.70354355;-52.423270825
431415;20;1;12;-29.550798228594445;-51.742572555066666
431417;5;1;4;-31.732285349999998;-53.58323945
431420;17;1;6;-31.822439043333336;-52.9185361606
431430;12;1;6;-28.422437755041667;-53.654739650783334
431440;1903;8;95;-31.71987935629859;-52.347449359712876
431442;8;0;4;-29.454036810971427;-51.12667818717143
431445;11;0;3;-27.511263232727273;-53.20818007818182
431446;4;0;2;-27.875756541075;-51.171065568925
431447;18;1;7;-29.34307947272857;-53.330722584557144
431449;11;0;4;-27.21077723167273;-53.61490449913637
431450;40;1;11;-31.574039853192104;-53.38399355393685
431454;19;0;1;-29.224710251978948;-51.43236340938421
431455;8;0;4;-28.0395069391;-55.1955674502875
431460;34;1;14;-31.441202501538708;-53.10187060387097
431470;30;1;11;-27.331688781763333;-53.06373255399
431475;8;0;2;-29.446492226614286;-51.66855304292857
431477;11;0;5;-28.05942775606667;-52.67788859918889
431478;3;0;2;-27.65774821786667;-52.497943181433335
431480;156;1;20;-29.695218596514668;-51.234235788112
431490;9965;34;337;-30.03935216021994;-51.20058760571848
431500;20;1;9;-27.85295854927895;-55.01833166361579
431505;10;0;2;-27.5798538346125;-54.6603085602125
431507;4;0;3;-27.7347935545;-54.900467991824996
431510;51;1;14;-27.94260556976744;-55.200827869767444
431513;3;0;3;-28.866478466666667;-52.27540426666667
431514;7;0;4;-29.524217583333336;-51.18301468333333
431515;16;1;6;-29.2412275647;-52.316894867340004
431517;5;0;1;-28.758352952633334;-51.4733507487
431520;11;1;4;-29.003993867010003;-52.148768266859996
431530;77;1;22;-30.382525156324323;-56.45489198242568
431531;3;0;2;-27.8217617;-52.440198933333335
431532;7;0;2;-29.352528994316668;-54.06943917275
431535;21;1;4;-28.745874312285004;-53.098984481195
431540;28;1;7;-27.656183179460715;-53.64299097691072
431545;10;0;4;-29.11146468776;-52.07164256908
431550;45;1;17;-29.81013512598205;-53.37132317237949
431555;3;0;3;-27.301942751933336;-52.8400744873
431560;782;6;76;-32.05292035632107;-52.116963406434515
431570;110;1;23;-29.97717146442;-52.378753281525995
431575;10;1;4;-29.641323888266665;-50.4582090763
431580;36;1;11;-29.28601685945625;-51.87146336515937
431590;56;1;17;-27.47246170514423;-53.169128172646154
431595;10;0;2;-28.23618692;-54.833063100000004
431600;39;1;12;-29.651163288816665;-50.575681199325
431610;34;3;16;-27.775228844754544;-52.80786258647879
431620;14;1;7;-27.801091124407694;-52.88132813141538
431630;36;1;7;-28.124162557043334;-55.03400401639333
431640;114;2;22;-30.254049935047167;-54.91754768971604
431642;11;0;5;-27.7077310533875;-53.1361508011875
431643;6;0;3;-28.39164572345;-53.09832546978333
431645;40;1;14;-29.0888133780641;-53.21085095292308
431647;18;0;4;-28.10782051214375;-54.838334771712496
431650;36;1;9;-29.446883400672;-51.516880241308
431660;116;1;17;-27.94702604772072;-51.81214499922522
431670;32;1;9;-28.36899127384643;-53.253718392425
431673;4;0;3;-28.163413383974998;-51.9294788358
431675;24;0;5;-29.466692748063636;-52.09131921442727
431680;960;3;134;-29.715238544115124;-52.42652511144309
431690;1334;12;79;-29.69121614127103;-53.80473812459195
431695;17;0;3;-29.495659320675;-50.9883620688
431697;6;0;2;-30.338171575100002;-54.08036851948333
431700;18;1;8;-30.84338145579167;-53.159656965716664
431710;273;3;39;-30.888883891630268;-55.53305175335364
431720;375;3;55;-27.865553636416127;-54.477146401256455
431725;4;0;3;-29.169537029466664;-51.73614289223334
431730;90;1;26;-33.51930463501609;-53.35616579884597
431740;276;2;34;-29.19198346082;-54.8662239754248
431750;745;4;40;-28.301729042721302;-54.26800969334233
431755;8;0;2;-28.4967844609875;-52.0257408404625
431760;115;2;15;-29.829425498829906;-50.52035068782149
431770;36;0;11;-28.503815664785293;-55.262295769317646
431775;8;0;2;-28.39739587385;-52.691780551633336
431780;50;1;17;-27.719939906375558;-53.64963249849334
431790;81;1;13;-27.820633503493152;-54.67139109802466
431795;13;0;3;-27.877194071807693;-51.62375540814616
431800;258;1;52;-28.657374040245347;-56.00732432044494
431805;8;0;4;-28.530693088125;-51.888992198625
431810;41;1;13;-29.554653259002702;-55.12689776255676
431820;52;1;19;-29.426833999684444;-50.57957587338444
431830;161;1;29;-30.33839530654177;-54.32193804525063
431840;100;1;16;-29.97681461245376;-51.72358324686774
431842;17;0;5;-27.82142530649333;-51.82805238901334
431843;10;1;4;-29.6226704331875;-53.4566709100625
431844;11;0;5;-28.505664164580004;-51.68638170445
431845;9;0;3;-27.7794795310375;-53.1186513099375
431846;9;0;6;-29.0437001368;-52.29486058255556
431848;13;0;4;-29.52287486277;-51.24758025999999
431849;19;0;3;-27.66065359846875;-54.075455912675
431850;44;0;16;-31.98576673939318;-51.997798827943186
431860;66;2;10;-27.772327242603335;-51.596374418145004
431861;14;0;3;-29.534457120136366;-51.48342097567272
431862;21;0;5;-28.705260076594737;-50.01867311385789
431870;682;2;75;-29.7637520325273;-51.145296032205124
431880;104;2;30;-31.346508881454348;-51.99197458999022
431890;172;1;22;-28.404715518740236;-54.955441418914205
431900;108;1;36;-28.971437617845716;-51.06789403779619
431910;23;1;10;-27.7079788;-53.96447346666666
431912;8;0;2;-29.533903133214288;-53.85411232997143
431915;40;1;12;-28.554308768473533;-54.54388769223823
431920;13;0;6;-28.177218825784617;-55.27466434071538
431930;17;1;2;-28.01381514710588;-54.95058836512353
431935;15;0;3;-29.418995315866667;-51.51423297458334
431936;9;0;3;-27.773239683333333;-53.247647721300005
431937;9;0;3;-28.1231284685;-54.8896550248875
431940;53;1;16;-29.619350879411762;-54.18167048441176
431950;79;1;11;-29.588726363514283;-51.36905658445857
431960;57;1;18;-30.169677089503775;-53.58077414209057
431970;12;0;5;-27.55857704665;-52.533357938275
431971;10;0;5;-29.04553276315;-51.770375291625
431973;7;0;3;-27.810980149914286;-53.91901940015714
431975;8;0;2;-29.3715815365;-51.3754298703
431980;39;1;15;-29.690401909679412;-54.68473530026765
431990;233;2;24;-29.639591213961843;-51.00700255596227
432000;383;1;51;-29.825783965800003;-51.14787782795664
432010;134;1;20;-27.9462920474521;-52.925104253679834
432020;72;1;16;-27.48085593756471;-53.40274704210883
432023;8;0;3;-27.57135641625;-53.85253797625
432026;19;0;11;-29.314964988161112;-52.976719910461114
432030;19;1;5;-28.630901162706667;-52.958100413139995
432032;7;0;1;-28.031084972400002;-54.545661168071426
432035;18;0;10;-30.611474774770585;-51.58175842961176
432040;181;1;29;-28.713966341966664;-51.930140056938896
432045;10;1;2;-29.38537150061;-52.268251542200005
432050;21;0;6;-27.989347091728572;-52.25889980854762
432055;50;0;7;-30.46197247437347;-51.602866001928575
432057;5;0;3;-28.1321418416;-54.463824480775
432060;14;1;5;-27.432791627383335;-52.110841408275
432065;7;0;2;-29.641827143271428;-53.585000937000004
432067;21;1;13;-29.457121776190476;-52.5741316047619
432070;105;3;28;-29.415103049793753;-53.026716911961465
432080;163;1;31;-28.8277197606875;-52.51338608840066
432085;19;0;3;-29.67903923663889;-51.71375952550555
432090;186;1;16;-28.071196809079442;-52.01876744867334
432100;53;1;11;-28.608223984164706;-52.87034910806862
432110;68;0;11;-30.670684006060657;-51.405516773875405
432120;160;1;24;-29.64709364453245;-50.778935180113905
432130;106;2;26;-29.787175882623472;-51.85630573304184
432132;12;0;5;-27.399764531191664;-53.467651239108335
432135;13;0;3;-31.272733788888885;-51.191121877777775
432140;84;1;16;-27.371263900000002;-53.7581026145975
432143;35;0;7;-29.58612493939394;-50.07200118181818
432145;185;1;20;-29.480470481174997;-51.81016387243239
432146;6;0;4;-28.5753874;-52.5971854
432147;11;0;5;-27.36991957619;-54.10991505567
432149;9;0;3;-29.4776169885875;-54.22681305115
432150;221;1;26;-29.338598665226634;-49.73621004438317
432160;178;2;30;-29.9817166648052;-50.139986358873415
432162;7;0;4;-29.318936525420003;-52.06619182424
432163;11;0;7;-27.503419922154546;-52.152324651181814
432166;27;0;8;-29.454106841274076;-49.924220232277776
432170;75;1;13;-29.51331998802817;-50.76787159694226
432180;199;1;23;-27.77568097811598;-54.23690123719537
432183;5;0;3;-29.537983247939998;-50.06322097778
432185;9;0;7;-27.6040128604875;-52.8342287324125
432190;169;1;25;-27.45664109395669;-53.9310044881102
432195;19;1;8;-27.522187911994443;-52.895474731327774
432200;90;1;22;-29.924648862934568;-51.68682126190493
432210;34;1;11;-27.65810377921724;-54.44075457671379
432215;9;0;4;-29.115259328;-52.946739397
432218;10;0;2;-27.922987895322223;-51.53932100956667
432220;65;1;16;-29.080520776903224;-53.83798389656129
432225;20;0;5;-29.48075452253333;-51.42079069070556
432230;50;1;12;-27.760213366316666;-54.48169915639762
432232;7;0;6;-31.41902342857143;-52.18725071428571
432234;3;0;2;-28.04471359765;-54.6808910429
432235;5;0;2;-28.76812387;-52.02170949753333
432237;6;0;2;-29.048178275599998;-55.15142127706667
432240;488;1;49;-29.754178459661148;-57.08202250275872
432250;365;2;56;-28.527207726985793;-50.91887585039638
432252;6;0;2;-29.784054397600002;-52.18308813676666
432253;23;1;10;-29.613113220709092;-52.68163332602273
432254;28;0;4;-29.390138478069996;-51.25543456808
432255;8;0;2;-28.477387000000004;-51.84487633333333
432260;420;1;61;-29.60194300284257;-52.2138481639209
432270;107;1;24;-29.715709050365348;-52.505688178988116
432280;231;3;19;-28.933035409740178;-51.54988350545625
432285;6;0;3;-29.068930800833332;-51.85937723008334
432290;21;1;5;-27.5701455496;-52.02026705963888
432300;242;1;54;-30.083164323164755;-51.051497813432164
432310;7;0;6;-27.171938405071426;-53.4006694385
432320;15;0;5;-28.56411705012;-52.775575460380004
432330;18;0;3;-28.843754629966668;-51.54103659101666
432335;5;0;2;-28.106148720199997;-52.14069417774
432340;15;0;7;-28.535706318506666;-52.15399533708
432345;9;0;3;-30.34480977777778;-53.882649444444446
432350;14;0;5;-27.368722223157143;-53.49333693495714
432360;10;0;3;-28.80789324385;-51.78335753695
432370;4;0;3;-27.286805124525;-53.703000002825
432375;8;0;4;-28.35621192345;-54.499663232225004
432377;7;0;2;-29.42486777082857;-51.76636346747143
432380;61;1;13;-29.789537806461666;-50.04621402313167
500020;50;1;12;-20.468998358556096;-52.82852403632439
500025;21;0;5;-18.326365736725002;-53.709965820585
500060;136;2;23;-23.106991282618182;-55.219817218921214
500070;38;1;16;-20.471465343783333;-55.77473765426111
500080;27;1;8;-22.195021932379166;-52.691490494575
500085;35;1;7;-22.148525666666668;-53.800194784848486
500090;24;1;8;-22.188086654554166;-55.93509182384167
500100;111;4;23;-20.10265124903204;-51.10925699790292
500110;168;3;44;-20.453437123395364;-55.77718663420994
500124;20;1;11;-22.783788904557895;-55.51686473103685
500150;20;1;8;-19.89693517069375;-54.3552343530375
500190;82;2;24;-21.718434657927027;-52.41799649392973
500200;36;1;12;-22.296667591503333;-53.268906529616665
500210;60;1;14;-22.109577801101786;-56.52712740306786
500215;29;1;11;-20.57618404528261;-56.649311128856525
500220;54;1;14;-21.122406785893478;-56.456513964893475
500230;49;1;15;-21.259350473197436;-52.05205012837179
500240;85;1;23;-22.6278826946;-54.826804507575
500260;51;1;17;-19.5252018715;-54.04075466477234
500270;2965;49;191;-20.459768624053513;-54.60325879627259
500280;15;1;12;-22.01101848606;-57.02983661370667
500290;135;2;29;-19.118826252703936;-51.732876310488976
500295;154;3;23;-18.797810512628573;-52.620997725725715
500310;11;0;9;-19.79531834918889;-54.79019135342222
500315;26;1;9;-23.262379591483334;-55.5212661847625
500320;246;5;59;-19.00804923680928;-57.64879770011012
500325;96;6;22;-18.52615029780345;-53.15711992723793
500330;113;3;26;-18.387450077584763;-54.5307836617181
500345;64;1;15;-22.278075632027416;-54.220535138324195
500348;24;1;9;-20.660598539800002;-55.28608145399583
500350;17;0;8;-22.04598054125625;-54.6077379681375
500370;1183;12;100;-22.223799008235186;-54.80861765492763
500375;39;1;11;-23.77924815053158;-54.27987405846843
500380;89;2;15;-22.37390882467927;-54.50137114581098
500390;10;1;6;-18.679197883433332;-53.64077352164444
500400;57;1;9;-22.41129224357818;-54.228953768132726
500410;23;1;7;-21.441227476366667;-56.15631645682381
500430;36;1;14;-23.673655916902856;-54.56584655677429
500440;53;1;14;-19.719787526957894;-51.91835515861315
500450;46;1;22;-22.083406321465908;-54.77821605691591
500460;31;1;13;-23.478074596156667;-54.18289463338667
500470;151;1;19;-22.30369284400922;-53.81379291479007
500480;11;0;6;-23.88307786618;-54.42275379683
500490;6;0;4;-20.508056666666665;-54.27776383333333
500500;93;1;27;-21.425288746072617;-56.26212615358571
500510;16;1;9;-22.48581613021875;-54.27610100356875
500515;17;1;7;-22.83349895162353;-54.59186606076471
500520;31;1;13;-19.007696775635715;-57.60062028896071
500525;20;1;9;-22.584643488335292;-55.20284473354706
500540;120;1;43;-21.61571712658198;-55.17423443192612
500560;68;2;17;-20.246925150826087;-56.377049610580436
500568;57;1;16;-23.930783060219607;-54.286232071213725
500570;224;3;58;-23.068315152334147;-54.190477406139024
500580;31;2;13;-21.149768284135998;-55.832872993408
500600;54;1;15;-21.43693176802;-54.35319769613
500620;266;4;38;-22.23960167105796;-53.345823050408164
500625;11;1;6;-22.629377330209998;-53.82475312701
500627;22;0;11;-19.017973810526318;-53.00292792105263
500630;211;2;32;-19.67401022595098;-51.19182533362892
500635;33;1;13;-23.87952020457;-55.42387614595334
500640;19;1;6;-18.10510921570588;-54.55040467918235
500660;222;4;59;-22.51578754631596;-55.7180506060061
500690;25;1;12;-21.672742373600002;-57.8524554065
500710;80;1;16;-20.433550477144735;-53.7288760786579
500720;159;1;25;-21.79874693982905;-54.54559748746757
500730;18;1;6;-19.44766324870769;-54.98801608307693
500740;59;1;15;-18.923761593816668;-54.83447948736458
500750;13;1;3;-19.925125718327273;-54.857572021690906
500755;28;1;8;-21.302356910304763;-52.81070300232857
500769;113;2;31;-19.39488407685464;-54.573433838303096
500770;24;2;7;-23.976953532528572;-55.04100717853809
500780;33;2;15;-20.355417894207694;-51.435513357557696
500790;107;1;41;-20.91480665124851;-54.954853058270295
500793;69;1;14;-17.589635197337877;-54.75305065078939
500795;24;1;6;-23.626452037656524;-55.006718794286954
500797;12;1;5;-22.489335061549998;-53.35227283646666
500800;41;1;13;-20.459522440971796;-54.896211584199996
500830;510;10;54;-20.766293228847562;-51.68683518429593
500840;20;1;8;-22.423792356673683;-54.44055878182105
510010;13;0;5;-15.193993899761539;-56.366991666215384
510020;129;3;29;-14.055400185636364;-52.17279871130248
510025;345;6;66;-9.880571435968882;-56.09062153391843
510030;51;3;18;-17.328165577133333;-53.22592492567843
510035;29;0;9;-11.673890475123077;-51.37914012415769
510040;24;1;11;-16.945519583333333;-53.542922624999996
510050;19;0;11;-14.614143742611112;-56.56685626807222
510060;34;1;9;-17.834495783245163;-53.28014717819678
510080;27;1;11;-9.556052922222223;-57.409249037037036
510100;15;0;8;-15.735498393621429;-51.83521874147143
510120;5;0;4;-16.85886395272;-53.03407259338
510125;62;1;17;-15.470105599607693;-58.34978514719615
510130;46;1;14;-14.458155359365911;-56.843745442175006
510140;73;2;24;-10.176457718205084;-59.455848549544065
510160;23;1;12;-16.313575571594445;-56.002556333550004
510170;108;2;26;-15.06573840206699;-57.18415341638641
510180;316;3;52;-15.871278305107358;-52.28069683238863
510183;14;0;7;-13.499928031814287;-55.08404220852857
510185;26;0;12;-12.188832988251999;-51.523576475572
510190;67;1;16;-12.048447925777966;-58.041867957203394
510250;344;5;76;-16.060299265238342;-57.68426964447453
510260;28;1;14;-14.446516259325;-52.86647351920357
510263;163;5;31;-13.644968711036645;-57.900271009157144
510267;193;2;38;-15.546980467096132;-55.168619482744745
510268;52;1;13;-13.808950711244231;-59.20533338120962
510269;17;0;8;-11.052888719994117;-51.83168907376471
510270;110;3;27;-13.54396238653458;-52.25059249435608
510279;36;1;17;-9.974784213430302;-55.81899444566061
510285;28;0;11;-11.12565346676087;-58.604791044239136
510300;45;0;15;-15.403834357866668;-55.68874996207778
510305;32;1;18;-11.505155369706667;-54.88001365149667
510310;27;1;9;-14.386940106248149;-51.00495559407778
510320;139;3;30;-10.78675662295224;-55.457645467965676
510325;54;5;17;-9.45163690522449;-59.227220558465305
510330;88;1;21;-13.622494673142354;-59.78029663431411
510335;112;2;35;-10.643404147651852;-51.5752772251287
510336;21;0;8;-14.540583344129413;-59.50893637369412
510337;25;1;13;-9.8676332877375;-58.594956540541666
510340;2791;39;232;-15.597282023159805;-56.091521297084576
510343;10;0;7;-15.60560963728;-57.909328319020005
510345;22;1;9;-14.728161943090475;-57.04041426410952
510350;95;1;47;-14.398489587332184;-56.43834115873333
510360;15;2;11;-15.810529304078571;-54.92074913212857
510370;36;0;12;-12.376832293348388;-54.91202776469032
510380;10;0;7;-15.447398180030001;-58.73822105333001
510385;52;1;10;-13.205735497714583;-53.19898042441875
510390;20;1;9;-15.6643179256;-52.87501023936111
510395;12;1;6;-15.746421725080001;-58.34567258891
510410;115;2;31;-9.941040370654129;-54.913936095522935
510420;29;2;12;-16.349075917934485;-53.77703804809655
510450;8;0;8;-15.49495725745;-58.575081696625
510452;26;0;11;-12.23983066471923;-56.13475847702693
510454;23;0;12;-12.224995359795653;-56.65017169176087
510455;17;1;8;-11.014556895852941;-55.247869273282355
510460;50;2;20;-17.207291715948937;-54.1525473009617
510480;95;2;26;-15.963522127561797;-54.96949995527303
510490;17;0;13;-15.256582385029413;-56.51759507142353
510500;34;1;12;-15.335260090186207;-58.86963667262759
510510;149;3;33;-11.242307473283562;-57.51521892732603
510515;184;3;50;-11.418902452803897;-58.76662652466883
510517;47;1;13;-10.322625823781395;-58.47648745273023
510520;27;3;17;-16.090954677892;-54.876808495548005
510523;14;0;8;-15.362522049153846;-58.05579201173077
510525;416;2;63;-13.069992928138083;-55.92090533441839
510530;11;0;4;-11.225917952727274;-50.66792129118182
510550;34;1;27;-15.013912094026471;-59.94185898603235
510558;28;1;14;-11.102217864418519;-54.50701914327037
510560;75;2;17;-10.16709524681507;-54.928738024287675
510562;135;2;22;-15.674342874589394;-58.09484261745606
510590;58;2;16;-14.707757556233929;-56.29891642159107
510600;18;1;13;-14.443910796952942;-56.73520612644118
510610;12;1;8;-15.79766971465;-56.32909083650833
510615;44;1;13;-9.842078345385366;-57.85227029556097
510617;15;1;7;-13.987792565764286;-51.795243980064285
510618;16;0;10;-14.475382993725;-59.58830348004375
510619;14;0;6;-10.850115127321429;-55.17937223681429
510620;22;1;8;-14.932678458253333;-54.97518329332
510621;37;1;17;-10.620143967624243;-55.75676011391212
510622;308;2;57;-13.82478529427073;-56.09202763540314
510623;56;2;19;-14.780854037593878;-57.29034679558775
510624;47;0;23;-13.009584512589475;-55.158809757565784
510625;67;3;25;-14.666220897030769;-52.35475477805693
510626;24;0;12;-9.966050655654545;-55.19450935115455
510627;21;1;12;-11.41067824813158;-57.338397434278946
510628;21;1;12;-14.923867417809523;-53.01963151321428
510629;41;1;14;-9.66908242622973;-56.480675624356756
510630;55;2;22;-14.369928644960376;-54.06186505220377
510631;9;0;6;-12.291900166788889;-50.96766251978889
510637;45;1;12;-16.623832769236365;-54.46365028455227
510642;90;1;27;-10.253701914170001;-54.872529777232224
510645;13;0;7;-14.661255825041666;-54.778830526458336
510650;46;1;27;-16.24189096322222;-56.63704295495334
510665;16;0;11;-15.91054053419375;-52.26054081693125
510670;11;1;6;-16.85535111789091;-52.8363149068
510675;175;2;59;-15.23345192616279;-59.33530544651163
510677;21;1;16;-10.881768081294117;-51.635068895335294
510680;23;1;13;-11.53881605524;-57.374311927789996
510682;26;0;12;-15.856022209717391;-58.54516067042174
510685;15;0;7;-15.362351775919999;-57.20674426118
510700;31;1;17;-15.826280923573334;-54.38873984995
510704;301;4;58;-15.551861145214048;-54.302722940671906
510706;81;2;20;-12.558686078184811;-52.25607487902278
510710;78;2;21;-15.6256163165125;-58.179249125015275
510715;7;0;4;-15.116582666666668;-58.38317333333333
510718;48;1;15;-12.939753364106819;-51.81908224190682
510719;15;1;8;-16.49247282857143;-52.70470025087143
510720;14;1;6;-15.240454500535716;-58.11329215435715
510724;25;0;11;-11.979118991829168;-55.27901422320833
510726;10;0;6;-14.47966243466;-57.031784534450004
510729;4;0;3;-16.465177161825;-54.25362397705
510730;56;2;22;-13.449846427321818;-56.72264793680546
510735;12;2;8;-10.803220797409091;-52.65912196469091
510740;8;0;5;-16.0024068180625;-54.9171062161
510757;16;0;8;-10.81561493528;-61.41942026810667
510760;1160;7;122;-16.45812162073487;-54.62488694096896
510770;37;2;27;-14.831354258055882;-56.42917882760883
510774;11;0;8;-10.154405881627271;-52.39130973815455
510775;15;1;7;-15.16418809246;-58.17713171022667
510776;16;0;10;-13.82634643394375;-55.2812845042875
510777;22;1;13;-10.527950086223528;-50.674684499964705
510779;15;0;7;-14.782093086666666;-53.59632772
510780;29;2;13;-15.939102871303845;-55.98674321403462
510785;41;1;14;-11.562708791942105;-50.77748070608947
510787;143;2;23;-13.5007792507625;-58.813099411223526
510788;11;0;4;-12.090051125445454;-51.39881818085455
510790;956;7;114;-11.856659921730564;-55.50889818014952
510792;599;5;106;-12.546050056152813;-55.72524364866733
510794;45;2;13;-11.16491775675135;-56.55634773904054
510795;468;10;77;-14.635156596355435;-57.47580322559196
510800;49;1;17;-12.772614601664445;-56.53655604654889
510805;31;1;11;-10.584742998280646;-55.120556546087094
510810;9;1;4;-16.056726377966665;-53.54844639285555
510820;18;1;10;-16.21589660547647;-52.58569488197647
510830;20;0;10;-11.53134562422;-54.369616328575
510835;14;0;9;-15.314613969857144;-59.07612675407143
510840;392;15;69;-15.651016374965682;-56.13178002230348
510850;42;1;13;-12.286891780853658;-55.304004014417075
510860;50;2;17;-10.017885832608696;-51.11696094673913
510880;20;0;10;-10.30974196807143;-55.40391427108572
510885;9;0;7;-14.365433165422221;-56.971364826077775
510890;16;0;8;-12.937404884225;-57.122529793
510895;26;1;11;-9.922201686956521;-57.48368530434782
520005;27;0;17;-16.762277787651854;-49.43719041722222
520010;32;0;11;-16.171884880374073;-48.72784021624815
520013;45;3;11;-17.40196757325385;-50.37180399154615
520015;4;1;2;-16.415915249999998;-50.168724749999996
520017;12;0;4;-14.980653163500001;-47.803840446883335
520020;4;0;4;-18.073836425;-48.762261575
520025;163;4;54;-15.74114603774;-48.282450098000005
520030;61;2;20;-16.068345148343333;-48.511892845765004
520050;7;1;3;-17.720898118483333;-49.4769342013
520055;16;1;9;-14.19679798578125;-49.3384236482
520060;25;1;7;-14.139252271571427;-47.53302326481904
520080;25;1;8;-14.482216353495835;-46.49956426588333
520082;7;0;4;-13.929399190216666;-49.36533894748334
520085;11;2;4;-16.25581485301;-49.98308526559
520090;5;1;3;-16.564339401399998;-51.210725503975
520110;767;28;138;-16.324837276992657;-48.953534864788786
520120;3;0;2;-18.337222012166666;-48.2191836834
520130;48;1;18;-16.456346736195556;-49.95945467264001
520140;488;15;140;-16.778379707094093;-49.272793735263924
520145;8;0;4;-18.287989;-51.14625525
520150;7;1;4;-19.160969585714287;-51.850265885714286
520160;16;1;6;-16.358117373606667;-49.67994285656667
520170;34;1;17;-15.905085184039393;-52.24327899982424
520180;16;0;10;-16.91533578731875;-49.45048362399375
520215;9;1;7;-15.092853291144444;-50.630780262955554
520235;6;1;4;-16.380267514483332;-51.564474587633335
520250;17;1;7;-14.920176265723528;-51.08113415792353
520260;12;0;6;-16.682678447733334;-50.45365448160833
520280;5;1;3;-16.46585073306;-49.75755289054
520310;15;0;9;-16.216066896053334;-52.53218964616667
520320;16;1;8;-14.989942069425;-48.92451009845625
520330;65;1;27;-16.970272453513115;-48.953479795757374
520340;22;2;7;-16.20211211658;-52.173622120215
520350;65;1;13;-18.21747753818226;-49.735340520622586
520355;12;0;6;-16.617765443291667;-48.96259724620833
520357;6;0;4;-13.635081783333334;-49.81420023333334
520360;12;0;5;-16.419063345483334;-49.391320404891665
520380;21;1;7;-15.245019785019048;-51.164099916299996
520390;17;1;8;-18.136177667464704;-49.042291220017646
520393;10;1;3;-16.18045118851;-50.43202320505
520396;4;0;1;-14.437765661;-46.374924480925
520400;16;1;7;-15.803833215406666;-46.92723986998
520410;32;1;14;-18.75932024031379;-50.942973216737926
520420;5;0;3;-16.66729492684;-50.64457411432
520425;23;1;9;-18.49391903966522;-49.507856350408694
520430;34;3;16;-18.575523719733333;-51.124916486990905
520440;26;2;12;-16.94174155315;-51.83854753219166
520450;250;9;66;-17.752113410413994;-48.631935205693004
520455;4;0;2;-16.714617137766666;-48.99956703186667
520460;5;0;3;-16.764633586739997;-49.69385149568
520465;11;1;6;-13.789905125081818;-48.56780022517273
520470;31;0;12;-14.254818372654839;-49.110621202638704
520480;17;1;6;-17.635066276259998;-47.778905390860004
520485;11;0;7;-16.29452868402;-49.09138009416
520490;29;3;13;-13.023877448275863;-46.839678827586205
520495;7;1;6;-14.2723093244;-49.6576002585
520500;21;1;10;-15.35977138975;-49.707390580555
520505;7;1;4;-18.088974274742856;-50.22857898478571
520510;700;6;61;-18.166399152983235;-47.945396812520734
520520;13;1;7;-16.447794936976923;-49.49455824021538
520530;11;1;8;-13.772555760989999;-47.458972513679996
520540;282;13;67;-15.27702913779182;-49.592870340986245
520545;22;1;11;-16.972889489;-49.77464700288
520547;27;1;9;-18.393955754913044;-52.66878641233913
520549;68;4;39;-16.11216461739394;-47.920415940639394
520551;39;2;21;-15.77076681043846;-48.67433131610513
520552;9;1;5;-14.10443719835;-48.0644363310125
520570;8;1;3;-16.2971701920125;-50.55356937275
520580;20;3;7;-15.923761531915;-48.809987395655
520590;15;1;6;-18.14228796772;-48.56280635369333
520620;128;2;40;-16.714216497065323;-47.614194871537904
520630;18;1;5;-17.199063060144443;-48.70682890471111
520640;65;3;15;-14.535425220128813;-49.98181964892034
520650;13;1;8;-17.287579033823075;-49.378891078776924
520660;6;1;4;-18.265581807649998;-48.1492923252
520670;5;1;3;-14.56252538112;-46.17434620856
520680;17;1;6;-16.2540272082;-49.36576113255294
520690;3;0;3;-18.152784374933333;-47.56142377853333
520710;7;1;3;-16.235829130466666;-51.258448465516665
520725;11;1;8;-16.721134772163637;-52.31527314992727
520735;17;1;8;-17.42597173052857;-49.6625102443
520740;33;1;8;-17.29703175;-49.795828378125
520750;6;1;5;-13.8711069461;-49.07127073823333
520753;12;1;4;-15.452931601975001;-50.341785115616666
520760;12;1;6;-16.17812612810909;-50.79184237579091
520780;25;1;11;-16.585788277054167;-50.29894303455416
520790;16;0;8;-14.454006640253334;-47.01792913408
520800;215;9;38;-15.540683786440594;-47.33012975866931
520810;9;1;7;-13.652002951750001;-48.8792047695625
520815;13;0;6;-16.471047563866666;-48.651534318925
520830;12;1;8;-13.29143964314;-46.41635644124
520840;38;1;20;-16.507425642030555;-49.020490076372226
520850;8;1;6;-18.1340242407125;-48.0855214742375
520860;175;6;56;-15.306745117391515;-49.18644715937697
520870;5134;148;425;-16.685256579733345;-49.26739248899323
520880;77;2;34;-16.516193454123375;-49.41868894246624
520890;57;2;32;-15.949385583656603;-50.15062041513396
520910;204;6;34;-18.013564394800515;-49.37356408279175
520915;11;0;5;-18.440255585281818;-50.13628592437272
520920;25;0;14;-16.842547616824998;-49.541635578383335
520929;5;0;4;-15.630523369639999;-50.02831874194
520940;4;0;3;-13.937987690149999;-46.47925436495
520945;5;0;5;-14.73050918366;-49.70548989866
520960;14;1;3;-15.721685552042857;-49.82780320915714
520970;47;1;21;-16.965584669780853;-49.23513630744893
520980;9;1;4;-14.720735297833333;-49.469402244433326
520990;20;1;7;-14.0847470373375;-46.62640336900625
520993;12;0;8;-18.48917053999091;-49.98850861809091
520995;30;2;14;-17.163161824113793;-49.98353003485517
521000;140;6;42;-16.362704507672262;-49.508625076991976
521010;160;7;41;-17.68040037949098;-48.15198546986166
521015;4;0;3;-15.1528625721;-49.667791448875
521020;113;4;26;-16.436234944482884;-51.133066286463965
521030;6;1;4;-16.317396436899998;-50.9043402672
521040;109;2;32;-16.026450905370094;-49.76695931941401
521056;10;0;5;-15.921805798155553;-49.60644651236666
521060;21;1;9;-15.76133482147143;-49.633381203638095
521080;10;1;6;-19.067421475355555;-51.54898093001111
521090;55;2;15;-14.955945903054001;-49.54878136469
521100;13;1;7;-15.822945415776925;-50.610129601261534
521120;66;3;11;-15.554748048260938;-49.94666621900625
521130;26;1;14;-18.764694275568;-51.344892710244004
521140;14;1;8;-16.20415064743077;-49.614689663623075
521150;701;6;97;-18.422105912440337;-49.200930185072544
521160;8;1;3;-16.5889255275;-50.872448358525
521170;9;1;6;-17.0298466488;-50.16188366074285
521180;86;2;33;-15.745083791708975;-49.330472519230774
521190;435;4;51;-17.88361054271103;-51.72194127729951
521200;5;1;4;-16.18474583786;-50.95553827284
521205;4;0;2;-15.9534512053;-49.377112063075
521210;21;2;10;-17.81205769037619;-49.62925056859523
521220;61;3;19;-15.867596008807142;-50.89176717243929
521225;6;0;1;-19.184021074049998;-51.39907108643334
521230;12;1;7;-16.604907412458335;-48.765170657166664
521250;453;7;61;-16.232069785812897;-47.94524797456787
521260;8;1;3;-17.2195964941875;-49.4625324754625
521270;10;1;6;-14.49025609423;-46.11626029015
521280;33;2;11;-14.01633904118387;-49.184555767535485
521290;5;1;4;-17.9825277743;-48.64290827093333
521295;10;1;7;-15.447198978200001;-50.7238906388
521300;21;1;9;-17.97289846433;-50.338302127265
521305;4;0;2;-15.06016404455;-48.163588482
521308;43;3;13;-13.519512465;-48.2194298575
521310;240;6;57;-17.572291280546782;-52.55956381174807
521340;6;0;3;-16.529220820916667;-50.73553919793333
521350;11;1;5;-13.271168735463636;-46.873990343054544
521370;17;1;7;-15.976508552033332;-51.44795783648
521375;29;1;13;-17.450727572807143;-51.174910015775005
521377;9;0;3;-13.298872317433332;-48.66906182392222
521380;129;3;35;-17.73510970583145;-49.108889673341125
521385;7;1;3;-15.317191683685715;-50.057021041
521390;10;1;7;-16.1268929222875;-50.208309600537504
521400;37;1;11;-14.74914285616389;-50.56985378264722
521405;6;1;3;-13.771586083333332;-50.28215941666667
521410;11;1;6;-13.7233639039625;-49.2746751623375
521440;20;1;9;-16.545076383715788;-49.87757052620526
521450;54;1;23;-16.407223094148076;-49.219532970874994
521460;101;3;24;-14.47415416478617;-48.458909641070214
521470;7;0;3;-15.2628657575;-50.17391588337143
521480;9;0;5;-18.060545461622223;-48.25827442057778
521483;20;1;10;-14.07406848371111;-50.372586851600005
521486;11;0;8;-15.13987716828;-49.55885920916
521487;3;0;2;-14.288304535066667;-49.390726658999995
521490;6;0;2;-13.791755926783333;-46.914035081866665
521500;16;1;12;-16.443105614307143;-49.317501397121426
521520;5;1;3;-16.0411482807;-50.69930362702
521523;77;1;37;-16.062492899020288;-48.04997064145652
521525;10;0;7;-13.24156321438;-49.50405067205
521530;46;1;15;-17.024156545619565;-48.28748504189131
521540;9;0;5;-16.2186605818;-49.197152256988886
521550;14;1;5;-18.217507491338463;-47.82909400187692
521560;36;1;17;-15.221412037819444;-48.28502773238889
521565;3;1;3;-16.7455975;-51.5293606
521570;61;2;24;-16.80362412103051;-49.92993239718983
521580;9;1;4;-17.32462290338889;-48.42595916468889
521590;15;1;7;-16.786259925819998;-50.165494436546666
521600;7;0;7;-18.190606623466667;-49.371751497949994
521630;23;1;8;-18.90961967915238;-50.65535927355714
521640;31;1;16;-16.969647284841937;-50.46414761584838
521645;9;0;5;-17.52842338391111;-52.06435741486666
521680;20;1;6;-16.09684052111667;-49.33768925106111
521690;6;0;3;-14.764573537066667;-49.57759784605
521710;76;2;22;-17.305983276253333;-49.027857988479994
521720;23;1;8;-16.42971046917826;-51.791014173747826
521730;57;1;15;-15.858962800842857;-48.989248433585715
521740;133;1;16;-17.300157353916667;-48.28344103375
521760;103;4;41;-15.446862268466326;-47.61586104637653
521770;62;2;22;-17.457072391352458;-49.404833178572126
521800;124;3;47;-13.4602575727;-49.15093593175772
521805;11;1;5;-17.81255165785;-50.16447544327
521810;6;1;4;-17.355751262516666;-52.67859379681667
521830;66;3;29;-14.09708412647541;-46.37049911844426
521839;11;0;4;-17.25090283799091;-49.24193843277272
521850;210;4;52;-18.45526995001921;-50.45123644140837
521860;36;1;10;-15.312491120708572;-49.584510281445716
521870;10;0;3;-15.44936911346;-49.51119910653
521878;14;1;8;-17.77412884337143;-48.77183835217143
521880;1734;13;129;-17.79624018580248;-50.929036402357816
521890;58;3;21;-15.168098951982458;-49.814368854966666
521900;23;1;12;-16.20154775733125;-50.311096588325
521910;17;1;4;-16.57475409489375;-49.68121134178125
521920;5;1;3;-17.30450296096;-48.502933488580005
521925;6;1;5;-15.769054935833333;-51.103339307316666
521930;101;4;29;-17.812218125675788;-50.59708656008842
521935;4;0;3;-15.31395183635;-49.412746131425
521940;7;0;3;-17.32567440165;-53.20476679548333
521945;6;0;2;-15.04331233486;-49.09334303472
521950;12;1;6;-16.08018646705;-49.4919440166
521960;8;1;4;-13.7126246362625;-49.0147607823625
521970;16;1;9;-14.43597138658;-49.70516443575333
521971;9;0;4;-17.559288388755554;-50.63606699618889
521973;13;1;5;-16.48784977699091;-49.311680537
521975;60;1;21;-15.955885966642374;-48.260069619489826
521980;12;1;8;-13.427436117074999;-46.3333915919
521990;10;1;8;-15.93370875327;-49.26065927927
522000;15;1;8;-14.70465205967857;-47.50809150081428
522005;8;0;5;-16.814918662075;-50.409277975575
522010;115;3;34;-16.521685850441965;-50.37319533790893
522015;12;1;5;-14.862559613741666;-49.329889389449995
522020;57;3;14;-13.283416146196428;-50.16584033400893
522026;9;1;3;-17.056766297455553;-48.66456500193333
522028;4;0;2;-15.350453740675;-49.817311404925
522040;75;1;20;-18.995008720530553;-50.54990908558611
522045;212;2;82;-16.699759633960678;-49.10703064731554
522050;17;1;11;-18.29807521457647;-51.94967633957647
522060;45;1;18;-16.667957831709092;-48.61667963426817
522068;7;1;4;-14.481262350971429;-46.47187675747143
522070;5;0;3;-14.76773899156;-46.24369418622
522100;9;2;6;-16.05343820287778;-49.601350793622224
522108;9;0;5;-13.735834476475;-47.2507061102125
522119;20;0;7;-16.47187990719;-49.092890464739995
522130;10;0;5;-18.35643158684;-47.7829832034
522140;170;6;65;-16.647040232272328;-49.465259915579246
522145;11;1;4;-13.509559177518183;-48.743441964590914
522150;12;1;8;-16.611666995416666;-50.134064605491666
522155;10;1;4;-17.85281788888889;-50.303874255555556
522157;8;0;3;-14.2371767086125;-49.9365176492125
522160;164;4;53;-14.547010470021018;-49.13196039652293
522170;30;3;13;-15.503132650789654;-49.676304568975866
522180;8;0;4;-17.4653069710875;-48.2017669826625
522185;166;4;56;-16.075165742500623;-47.986489842335
522190;9;0;7;-17.055989344;-49.6285924918125
522200;30;2;15;-16.745959610225924;-48.51508747748889
522205;23;2;10;-17.734642843;-49.80593701371363
522220;7;1;4;-15.036131566249999;-47.053940892233335
522230;6;0;5;-15.4585599;-48.8856884
530010;12194;136;522;-15.804025973001306;-47.93155092147281
530020;2;0;0;;
530040;62;0;1;;
530050;27;0;0;;
530060;39;0;0;;
530070;15;0;0;;
530080;7;0;0;;
530090;15;0;0;;
530100;2;0;0;;
530120;4;0;0;;
530130;24;0;0;;
530135;3;0;0;;
530150;1;0;0;;
530170;105;0;0;;
530180;34;0;0;;
